17/03/16 17:47:25 INFO executor.CoarseGrainedExecutorBackend: Registered signal handlers for [TERM, HUP, INT]
17/03/16 17:47:25 INFO spark.SecurityManager: Changing view acls to: yarn,curi
17/03/16 17:47:25 INFO spark.SecurityManager: Changing modify acls to: yarn,curi
17/03/16 17:47:25 INFO spark.SecurityManager: SecurityManager: authentication disabled; ui acls disabled; users with view permissions: Set(yarn, curi); users with modify permissions: Set(yarn, curi)
17/03/16 17:47:26 INFO spark.SecurityManager: Changing view acls to: yarn,curi
17/03/16 17:47:26 INFO spark.SecurityManager: Changing modify acls to: yarn,curi
17/03/16 17:47:26 INFO spark.SecurityManager: SecurityManager: authentication disabled; ui acls disabled; users with view permissions: Set(yarn, curi); users with modify permissions: Set(yarn, curi)
17/03/16 17:47:26 INFO slf4j.Slf4jLogger: Slf4jLogger started
17/03/16 17:47:26 INFO Remoting: Starting remoting
17/03/16 17:47:26 INFO Remoting: Remoting started; listening on addresses :[akka.tcp://sparkExecutorActorSystem@mesos-slave-20:56595]
17/03/16 17:47:26 INFO util.Utils: Successfully started service 'sparkExecutorActorSystem' on port 56595.
17/03/16 17:47:27 INFO storage.DiskBlockManager: Created local directory at /opt/hdfs/nodemanager/usercache/curi/appcache/application_1485248649253_0030/blockmgr-dbadb016-8ec2-4b50-88c0-1f6b09059045
17/03/16 17:47:27 INFO storage.MemoryStore: MemoryStore started with capacity 14.2 GB
17/03/16 17:47:27 INFO executor.CoarseGrainedExecutorBackend: Connecting to driver: spark://CoarseGrainedScheduler@10.10.34.38:36751
17/03/16 17:47:27 INFO executor.CoarseGrainedExecutorBackend: Successfully registered with driver
17/03/16 17:47:27 INFO executor.Executor: Starting executor ID 1 on host mesos-slave-20
17/03/16 17:47:27 INFO util.Utils: Successfully started service 'org.apache.spark.network.netty.NettyBlockTransferService' on port 33550.
17/03/16 17:47:27 INFO netty.NettyBlockTransferService: Server created on 33550
17/03/16 17:47:27 INFO storage.BlockManagerMaster: Trying to register BlockManager
17/03/16 17:47:27 INFO storage.BlockManagerMaster: Registered BlockManager
17/03/16 17:47:28 INFO executor.CoarseGrainedExecutorBackend: Got assigned task 1
17/03/16 17:47:28 INFO executor.Executor: Running task 1.0 in stage 0.0 (TID 1)
17/03/16 17:47:28 INFO broadcast.TorrentBroadcast: Started reading broadcast variable 1
17/03/16 17:47:28 INFO storage.MemoryStore: Block broadcast_1_piece0 stored as bytes in memory (estimated size 3.7 KB, free 3.7 KB)
17/03/16 17:47:28 INFO broadcast.TorrentBroadcast: Reading broadcast variable 1 took 108 ms
17/03/16 17:47:28 INFO storage.MemoryStore: Block broadcast_1 stored as values in memory (estimated size 6.0 KB, free 9.7 KB)
17/03/16 17:47:28 INFO rdd.HadoopRDD: Input split: hdfs://10.10.34.11:9000/user/niuxy/com-amazon.ungraph.txt:6292942+6292942
17/03/16 17:47:28 INFO broadcast.TorrentBroadcast: Started reading broadcast variable 0
17/03/16 17:47:28 INFO storage.MemoryStore: Block broadcast_0_piece0 stored as bytes in memory (estimated size 21.4 KB, free 31.1 KB)
17/03/16 17:47:28 INFO broadcast.TorrentBroadcast: Reading broadcast variable 0 took 16 ms
17/03/16 17:47:28 INFO storage.MemoryStore: Block broadcast_0 stored as values in memory (estimated size 281.6 KB, free 312.8 KB)
17/03/16 17:47:29 INFO Configuration.deprecation: mapred.tip.id is deprecated. Instead, use mapreduce.task.id
17/03/16 17:47:29 INFO Configuration.deprecation: mapred.task.id is deprecated. Instead, use mapreduce.task.attempt.id
17/03/16 17:47:29 INFO Configuration.deprecation: mapred.task.is.map is deprecated. Instead, use mapreduce.task.ismap
17/03/16 17:47:29 INFO Configuration.deprecation: mapred.task.partition is deprecated. Instead, use mapreduce.task.partition
17/03/16 17:47:29 INFO Configuration.deprecation: mapred.job.id is deprecated. Instead, use mapreduce.job.id
17/03/16 17:47:33 INFO python.PythonRunner: Times: total = 3733, boot = 1201, init = 113, finish = 2419
17/03/16 17:47:33 INFO executor.Executor: Finished task 1.0 in stage 0.0 (TID 1). 14372091 bytes result sent to driver
17/03/16 17:55:04 INFO executor.CoarseGrainedExecutorBackend: Got assigned task 3
17/03/16 17:55:04 INFO executor.Executor: Running task 1.0 in stage 1.0 (TID 3)
17/03/16 17:55:04 INFO broadcast.TorrentBroadcast: Started reading broadcast variable 3
17/03/16 17:55:04 INFO executor.CoarseGrainedExecutorBackend: Got assigned task 9
17/03/16 17:55:04 INFO executor.Executor: Running task 7.0 in stage 1.0 (TID 9)
17/03/16 17:55:04 INFO executor.CoarseGrainedExecutorBackend: Got assigned task 15
17/03/16 17:55:04 INFO executor.Executor: Running task 13.0 in stage 1.0 (TID 15)
17/03/16 17:55:04 INFO executor.CoarseGrainedExecutorBackend: Got assigned task 21
17/03/16 17:55:04 INFO executor.Executor: Running task 19.0 in stage 1.0 (TID 21)
17/03/16 17:55:04 INFO executor.CoarseGrainedExecutorBackend: Got assigned task 27
17/03/16 17:55:04 INFO executor.Executor: Running task 25.0 in stage 1.0 (TID 27)
17/03/16 17:55:04 INFO executor.CoarseGrainedExecutorBackend: Got assigned task 33
17/03/16 17:55:04 INFO executor.Executor: Running task 31.0 in stage 1.0 (TID 33)
17/03/16 17:55:04 INFO executor.CoarseGrainedExecutorBackend: Got assigned task 39
17/03/16 17:55:04 INFO executor.Executor: Running task 37.0 in stage 1.0 (TID 39)
17/03/16 17:55:04 INFO executor.CoarseGrainedExecutorBackend: Got assigned task 45
17/03/16 17:55:04 INFO storage.MemoryStore: Block broadcast_3_piece0 stored as bytes in memory (estimated size 5.4 KB, free 308.5 KB)
17/03/16 17:55:04 INFO executor.Executor: Running task 43.0 in stage 1.0 (TID 45)
17/03/16 17:55:04 INFO broadcast.TorrentBroadcast: Reading broadcast variable 3 took 59 ms
17/03/16 17:55:04 INFO storage.MemoryStore: Block broadcast_3 stored as values in memory (estimated size 8.6 KB, free 317.1 KB)
17/03/16 17:55:04 INFO broadcast.TorrentBroadcast: Started reading broadcast variable 2
17/03/16 17:55:04 INFO storage.MemoryStore: Block broadcast_2_piece92 stored as bytes in memory (estimated size 4.0 MB, free 4.3 MB)
17/03/16 17:55:04 INFO storage.MemoryStore: Block broadcast_2_piece46 stored as bytes in memory (estimated size 4.0 MB, free 8.3 MB)
17/03/16 17:55:04 INFO storage.MemoryStore: Block broadcast_2_piece61 stored as bytes in memory (estimated size 4.0 MB, free 12.3 MB)
17/03/16 17:55:04 INFO storage.MemoryStore: Block broadcast_2_piece82 stored as bytes in memory (estimated size 4.0 MB, free 16.3 MB)
17/03/16 17:55:05 INFO storage.MemoryStore: Block broadcast_2_piece11 stored as bytes in memory (estimated size 4.0 MB, free 20.3 MB)
17/03/16 17:55:05 INFO storage.MemoryStore: Block broadcast_2_piece89 stored as bytes in memory (estimated size 4.0 MB, free 24.3 MB)
17/03/16 17:55:05 INFO storage.MemoryStore: Block broadcast_2_piece25 stored as bytes in memory (estimated size 4.0 MB, free 28.3 MB)
17/03/16 17:55:05 INFO storage.MemoryStore: Block broadcast_2_piece99 stored as bytes in memory (estimated size 4.0 MB, free 32.3 MB)
17/03/16 17:55:05 INFO storage.MemoryStore: Block broadcast_2_piece67 stored as bytes in memory (estimated size 4.0 MB, free 36.3 MB)
17/03/16 17:55:05 INFO storage.MemoryStore: Block broadcast_2_piece4 stored as bytes in memory (estimated size 4.0 MB, free 40.3 MB)
17/03/16 17:55:05 INFO storage.MemoryStore: Block broadcast_2_piece5 stored as bytes in memory (estimated size 4.0 MB, free 44.3 MB)
17/03/16 17:55:05 INFO storage.MemoryStore: Block broadcast_2_piece101 stored as bytes in memory (estimated size 4.0 MB, free 48.3 MB)
17/03/16 17:55:05 INFO storage.MemoryStore: Block broadcast_2_piece72 stored as bytes in memory (estimated size 4.0 MB, free 52.3 MB)
17/03/16 17:55:05 INFO storage.MemoryStore: Block broadcast_2_piece54 stored as bytes in memory (estimated size 4.0 MB, free 56.3 MB)
17/03/16 17:55:05 INFO storage.MemoryStore: Block broadcast_2_piece76 stored as bytes in memory (estimated size 4.0 MB, free 60.3 MB)
17/03/16 17:55:05 INFO storage.MemoryStore: Block broadcast_2_piece44 stored as bytes in memory (estimated size 4.0 MB, free 64.3 MB)
17/03/16 17:55:05 INFO storage.MemoryStore: Block broadcast_2_piece36 stored as bytes in memory (estimated size 4.0 MB, free 68.3 MB)
17/03/16 17:55:05 INFO storage.MemoryStore: Block broadcast_2_piece21 stored as bytes in memory (estimated size 4.0 MB, free 72.3 MB)
17/03/16 17:55:05 INFO storage.MemoryStore: Block broadcast_2_piece83 stored as bytes in memory (estimated size 4.0 MB, free 76.3 MB)
17/03/16 17:55:05 INFO storage.MemoryStore: Block broadcast_2_piece66 stored as bytes in memory (estimated size 4.0 MB, free 80.3 MB)
17/03/16 17:55:05 INFO storage.MemoryStore: Block broadcast_2_piece6 stored as bytes in memory (estimated size 4.0 MB, free 84.3 MB)
17/03/16 17:55:05 INFO storage.MemoryStore: Block broadcast_2_piece35 stored as bytes in memory (estimated size 4.0 MB, free 88.3 MB)
17/03/16 17:55:05 INFO storage.MemoryStore: Block broadcast_2_piece80 stored as bytes in memory (estimated size 4.0 MB, free 92.3 MB)
17/03/16 17:55:05 INFO storage.MemoryStore: Block broadcast_2_piece47 stored as bytes in memory (estimated size 4.0 MB, free 96.3 MB)
17/03/16 17:55:05 INFO storage.MemoryStore: Block broadcast_2_piece91 stored as bytes in memory (estimated size 4.0 MB, free 100.3 MB)
17/03/16 17:55:05 INFO storage.MemoryStore: Block broadcast_2_piece93 stored as bytes in memory (estimated size 4.0 MB, free 104.3 MB)
17/03/16 17:55:05 INFO storage.MemoryStore: Block broadcast_2_piece12 stored as bytes in memory (estimated size 4.0 MB, free 108.3 MB)
17/03/16 17:55:05 INFO storage.MemoryStore: Block broadcast_2_piece48 stored as bytes in memory (estimated size 4.0 MB, free 112.3 MB)
17/03/16 17:55:05 INFO storage.MemoryStore: Block broadcast_2_piece77 stored as bytes in memory (estimated size 4.0 MB, free 116.3 MB)
17/03/16 17:55:05 INFO storage.MemoryStore: Block broadcast_2_piece86 stored as bytes in memory (estimated size 4.0 MB, free 120.3 MB)
17/03/16 17:55:05 INFO storage.MemoryStore: Block broadcast_2_piece14 stored as bytes in memory (estimated size 4.0 MB, free 124.3 MB)
17/03/16 17:55:05 INFO storage.MemoryStore: Block broadcast_2_piece105 stored as bytes in memory (estimated size 838.9 KB, free 125.1 MB)
17/03/16 17:55:05 INFO storage.MemoryStore: Block broadcast_2_piece49 stored as bytes in memory (estimated size 4.0 MB, free 129.1 MB)
17/03/16 17:55:05 INFO storage.MemoryStore: Block broadcast_2_piece51 stored as bytes in memory (estimated size 4.0 MB, free 133.1 MB)
17/03/16 17:55:05 INFO storage.MemoryStore: Block broadcast_2_piece19 stored as bytes in memory (estimated size 4.0 MB, free 137.1 MB)
17/03/16 17:55:05 INFO storage.MemoryStore: Block broadcast_2_piece24 stored as bytes in memory (estimated size 4.0 MB, free 141.1 MB)
17/03/16 17:55:05 INFO storage.MemoryStore: Block broadcast_2_piece8 stored as bytes in memory (estimated size 4.0 MB, free 145.1 MB)
17/03/16 17:55:05 INFO storage.MemoryStore: Block broadcast_2_piece37 stored as bytes in memory (estimated size 4.0 MB, free 149.1 MB)
17/03/16 17:55:05 INFO storage.MemoryStore: Block broadcast_2_piece78 stored as bytes in memory (estimated size 4.0 MB, free 153.1 MB)
17/03/16 17:55:05 INFO storage.MemoryStore: Block broadcast_2_piece9 stored as bytes in memory (estimated size 4.0 MB, free 157.1 MB)
17/03/16 17:55:05 INFO storage.MemoryStore: Block broadcast_2_piece7 stored as bytes in memory (estimated size 4.0 MB, free 161.1 MB)
17/03/16 17:55:05 INFO storage.MemoryStore: Block broadcast_2_piece84 stored as bytes in memory (estimated size 4.0 MB, free 165.1 MB)
17/03/16 17:55:05 INFO storage.MemoryStore: Block broadcast_2_piece17 stored as bytes in memory (estimated size 4.0 MB, free 169.1 MB)
17/03/16 17:55:06 INFO storage.MemoryStore: Block broadcast_2_piece3 stored as bytes in memory (estimated size 4.0 MB, free 173.1 MB)
17/03/16 17:55:06 INFO storage.MemoryStore: Block broadcast_2_piece55 stored as bytes in memory (estimated size 4.0 MB, free 177.1 MB)
17/03/16 17:55:06 INFO storage.MemoryStore: Block broadcast_2_piece73 stored as bytes in memory (estimated size 4.0 MB, free 181.1 MB)
17/03/16 17:55:06 INFO storage.MemoryStore: Block broadcast_2_piece95 stored as bytes in memory (estimated size 4.0 MB, free 185.1 MB)
17/03/16 17:55:06 INFO storage.MemoryStore: Block broadcast_2_piece18 stored as bytes in memory (estimated size 4.0 MB, free 189.1 MB)
17/03/16 17:55:06 INFO storage.MemoryStore: Block broadcast_2_piece56 stored as bytes in memory (estimated size 4.0 MB, free 193.1 MB)
17/03/16 17:55:06 INFO storage.MemoryStore: Block broadcast_2_piece62 stored as bytes in memory (estimated size 4.0 MB, free 197.1 MB)
17/03/16 17:55:06 INFO storage.MemoryStore: Block broadcast_2_piece57 stored as bytes in memory (estimated size 4.0 MB, free 201.1 MB)
17/03/16 17:55:06 INFO storage.MemoryStore: Block broadcast_2_piece40 stored as bytes in memory (estimated size 4.0 MB, free 205.1 MB)
17/03/16 17:55:06 INFO storage.MemoryStore: Block broadcast_2_piece32 stored as bytes in memory (estimated size 4.0 MB, free 209.1 MB)
17/03/16 17:55:06 INFO storage.MemoryStore: Block broadcast_2_piece85 stored as bytes in memory (estimated size 4.0 MB, free 213.1 MB)
17/03/16 17:55:06 INFO storage.MemoryStore: Block broadcast_2_piece64 stored as bytes in memory (estimated size 4.0 MB, free 217.1 MB)
17/03/16 17:55:06 INFO storage.MemoryStore: Block broadcast_2_piece96 stored as bytes in memory (estimated size 4.0 MB, free 221.1 MB)
17/03/16 17:55:06 INFO storage.MemoryStore: Block broadcast_2_piece15 stored as bytes in memory (estimated size 4.0 MB, free 225.1 MB)
17/03/16 17:55:06 INFO storage.MemoryStore: Block broadcast_2_piece98 stored as bytes in memory (estimated size 4.0 MB, free 229.1 MB)
17/03/16 17:55:06 INFO storage.MemoryStore: Block broadcast_2_piece16 stored as bytes in memory (estimated size 4.0 MB, free 233.1 MB)
17/03/16 17:55:06 INFO storage.MemoryStore: Block broadcast_2_piece97 stored as bytes in memory (estimated size 4.0 MB, free 237.1 MB)
17/03/16 17:55:06 INFO storage.MemoryStore: Block broadcast_2_piece63 stored as bytes in memory (estimated size 4.0 MB, free 241.1 MB)
17/03/16 17:55:06 INFO storage.MemoryStore: Block broadcast_2_piece53 stored as bytes in memory (estimated size 4.0 MB, free 245.1 MB)
17/03/16 17:55:06 INFO storage.MemoryStore: Block broadcast_2_piece103 stored as bytes in memory (estimated size 4.0 MB, free 249.1 MB)
17/03/16 17:55:06 INFO storage.MemoryStore: Block broadcast_2_piece59 stored as bytes in memory (estimated size 4.0 MB, free 253.1 MB)
17/03/16 17:55:06 INFO storage.MemoryStore: Block broadcast_2_piece102 stored as bytes in memory (estimated size 4.0 MB, free 257.1 MB)
17/03/16 17:55:06 INFO storage.MemoryStore: Block broadcast_2_piece43 stored as bytes in memory (estimated size 4.0 MB, free 261.1 MB)
17/03/16 17:55:06 INFO storage.MemoryStore: Block broadcast_2_piece60 stored as bytes in memory (estimated size 4.0 MB, free 265.1 MB)
17/03/16 17:55:06 INFO storage.MemoryStore: Block broadcast_2_piece41 stored as bytes in memory (estimated size 4.0 MB, free 269.1 MB)
17/03/16 17:55:06 INFO storage.MemoryStore: Block broadcast_2_piece65 stored as bytes in memory (estimated size 4.0 MB, free 273.1 MB)
17/03/16 17:55:06 INFO storage.MemoryStore: Block broadcast_2_piece0 stored as bytes in memory (estimated size 4.0 MB, free 277.1 MB)
17/03/16 17:55:06 INFO storage.MemoryStore: Block broadcast_2_piece10 stored as bytes in memory (estimated size 4.0 MB, free 281.1 MB)
17/03/16 17:55:06 INFO storage.MemoryStore: Block broadcast_2_piece13 stored as bytes in memory (estimated size 4.0 MB, free 285.1 MB)
17/03/16 17:55:06 INFO storage.MemoryStore: Block broadcast_2_piece20 stored as bytes in memory (estimated size 4.0 MB, free 289.1 MB)
17/03/16 17:55:06 INFO storage.MemoryStore: Block broadcast_2_piece42 stored as bytes in memory (estimated size 4.0 MB, free 293.1 MB)
17/03/16 17:55:06 INFO storage.MemoryStore: Block broadcast_2_piece68 stored as bytes in memory (estimated size 4.0 MB, free 297.1 MB)
17/03/16 17:55:06 INFO storage.MemoryStore: Block broadcast_2_piece23 stored as bytes in memory (estimated size 4.0 MB, free 301.1 MB)
17/03/16 17:55:06 INFO storage.MemoryStore: Block broadcast_2_piece104 stored as bytes in memory (estimated size 4.0 MB, free 305.1 MB)
17/03/16 17:55:06 INFO storage.MemoryStore: Block broadcast_2_piece22 stored as bytes in memory (estimated size 4.0 MB, free 309.1 MB)
17/03/16 17:55:06 INFO storage.MemoryStore: Block broadcast_2_piece94 stored as bytes in memory (estimated size 4.0 MB, free 313.1 MB)
17/03/16 17:55:06 INFO storage.MemoryStore: Block broadcast_2_piece34 stored as bytes in memory (estimated size 4.0 MB, free 317.1 MB)
17/03/16 17:55:06 INFO storage.MemoryStore: Block broadcast_2_piece38 stored as bytes in memory (estimated size 4.0 MB, free 321.1 MB)
17/03/16 17:55:07 INFO storage.MemoryStore: Block broadcast_2_piece74 stored as bytes in memory (estimated size 4.0 MB, free 325.1 MB)
17/03/16 17:55:07 INFO storage.MemoryStore: Block broadcast_2_piece26 stored as bytes in memory (estimated size 4.0 MB, free 329.1 MB)
17/03/16 17:55:07 INFO storage.MemoryStore: Block broadcast_2_piece88 stored as bytes in memory (estimated size 4.0 MB, free 333.1 MB)
17/03/16 17:55:07 INFO storage.MemoryStore: Block broadcast_2_piece1 stored as bytes in memory (estimated size 4.0 MB, free 337.1 MB)
17/03/16 17:55:07 INFO storage.MemoryStore: Block broadcast_2_piece39 stored as bytes in memory (estimated size 4.0 MB, free 341.1 MB)
17/03/16 17:55:07 INFO storage.MemoryStore: Block broadcast_2_piece90 stored as bytes in memory (estimated size 4.0 MB, free 345.1 MB)
17/03/16 17:55:07 INFO storage.MemoryStore: Block broadcast_2_piece50 stored as bytes in memory (estimated size 4.0 MB, free 349.1 MB)
17/03/16 17:55:07 INFO storage.MemoryStore: Block broadcast_2_piece70 stored as bytes in memory (estimated size 4.0 MB, free 353.1 MB)
17/03/16 17:55:07 INFO storage.MemoryStore: Block broadcast_2_piece69 stored as bytes in memory (estimated size 4.0 MB, free 357.1 MB)
17/03/16 17:55:07 INFO storage.MemoryStore: Block broadcast_2_piece87 stored as bytes in memory (estimated size 4.0 MB, free 361.1 MB)
17/03/16 17:55:07 INFO storage.MemoryStore: Block broadcast_2_piece81 stored as bytes in memory (estimated size 4.0 MB, free 365.1 MB)
17/03/16 17:55:07 INFO storage.MemoryStore: Block broadcast_2_piece2 stored as bytes in memory (estimated size 4.0 MB, free 369.1 MB)
17/03/16 17:55:07 INFO storage.MemoryStore: Block broadcast_2_piece100 stored as bytes in memory (estimated size 4.0 MB, free 373.1 MB)
17/03/16 17:55:07 INFO storage.MemoryStore: Block broadcast_2_piece28 stored as bytes in memory (estimated size 4.0 MB, free 377.1 MB)
17/03/16 17:55:07 INFO storage.MemoryStore: Block broadcast_2_piece27 stored as bytes in memory (estimated size 4.0 MB, free 381.1 MB)
17/03/16 17:55:07 INFO storage.MemoryStore: Block broadcast_2_piece31 stored as bytes in memory (estimated size 4.0 MB, free 385.1 MB)
17/03/16 17:55:07 INFO storage.MemoryStore: Block broadcast_2_piece71 stored as bytes in memory (estimated size 4.0 MB, free 389.1 MB)
17/03/16 17:55:07 INFO storage.MemoryStore: Block broadcast_2_piece45 stored as bytes in memory (estimated size 4.0 MB, free 393.1 MB)
17/03/16 17:55:07 INFO storage.MemoryStore: Block broadcast_2_piece75 stored as bytes in memory (estimated size 4.0 MB, free 397.1 MB)
17/03/16 17:55:07 INFO storage.MemoryStore: Block broadcast_2_piece52 stored as bytes in memory (estimated size 4.0 MB, free 401.1 MB)
17/03/16 17:55:07 INFO storage.MemoryStore: Block broadcast_2_piece58 stored as bytes in memory (estimated size 4.0 MB, free 405.1 MB)
17/03/16 17:55:07 INFO storage.MemoryStore: Block broadcast_2_piece33 stored as bytes in memory (estimated size 4.0 MB, free 409.1 MB)
17/03/16 17:55:07 INFO storage.MemoryStore: Block broadcast_2_piece30 stored as bytes in memory (estimated size 4.0 MB, free 413.1 MB)
17/03/16 17:55:07 INFO storage.MemoryStore: Block broadcast_2_piece79 stored as bytes in memory (estimated size 4.0 MB, free 417.1 MB)
17/03/16 17:55:07 INFO storage.MemoryStore: Block broadcast_2_piece29 stored as bytes in memory (estimated size 4.0 MB, free 421.1 MB)
17/03/16 17:55:07 INFO broadcast.TorrentBroadcast: Reading broadcast variable 2 took 2722 ms
17/03/16 17:55:12 INFO storage.MemoryStore: Block broadcast_2 stored as values in memory (estimated size 384.0 B, free 421.1 MB)
17/03/16 17:55:20 INFO python.PythonRunner: Times: total = 15455, boot = 9, init = 7608, finish = 7838
17/03/16 17:55:20 INFO python.PythonRunner: Times: total = 15517, boot = 25, init = 7588, finish = 7904
17/03/16 17:55:20 INFO python.PythonRunner: Times: total = 15537, boot = 12, init = 7604, finish = 7921
17/03/16 17:55:20 INFO python.PythonRunner: Times: total = 15558, boot = 16, init = 7600, finish = 7942
17/03/16 17:55:20 INFO python.PythonRunner: Times: total = 15569, boot = 22, init = 7592, finish = 7955
17/03/16 17:55:20 INFO executor.Executor: Finished task 43.0 in stage 1.0 (TID 45). 1274 bytes result sent to driver
17/03/16 17:55:20 INFO python.PythonRunner: Times: total = 15630, boot = 19, init = 7596, finish = 8015
17/03/16 17:55:20 INFO executor.Executor: Finished task 13.0 in stage 1.0 (TID 15). 1274 bytes result sent to driver
17/03/16 17:55:20 INFO executor.Executor: Finished task 25.0 in stage 1.0 (TID 27). 1274 bytes result sent to driver
17/03/16 17:55:20 INFO executor.Executor: Finished task 37.0 in stage 1.0 (TID 39). 1274 bytes result sent to driver
17/03/16 17:55:20 INFO executor.Executor: Finished task 19.0 in stage 1.0 (TID 21). 1274 bytes result sent to driver
17/03/16 17:55:20 INFO executor.Executor: Finished task 7.0 in stage 1.0 (TID 9). 1274 bytes result sent to driver
17/03/16 17:55:20 INFO python.PythonRunner: Times: total = 15821, boot = 4, init = 7608, finish = 8209
17/03/16 17:55:20 INFO python.PythonRunner: Times: total = 15829, boot = 6, init = 7613, finish = 8210
17/03/16 17:55:20 INFO executor.Executor: Finished task 1.0 in stage 1.0 (TID 3). 1274 bytes result sent to driver
17/03/16 17:55:20 INFO executor.Executor: Finished task 31.0 in stage 1.0 (TID 33). 1274 bytes result sent to driver
17/03/16 17:55:27 INFO executor.CoarseGrainedExecutorBackend: Got assigned task 50
17/03/16 17:55:27 INFO executor.Executor: Running task 0.0 in stage 2.0 (TID 50)
17/03/16 17:55:27 INFO executor.CoarseGrainedExecutorBackend: Got assigned task 56
17/03/16 17:55:27 INFO executor.Executor: Running task 6.0 in stage 2.0 (TID 56)
17/03/16 17:55:27 INFO executor.CoarseGrainedExecutorBackend: Got assigned task 62
17/03/16 17:55:27 INFO executor.Executor: Running task 12.0 in stage 2.0 (TID 62)
17/03/16 17:55:27 INFO spark.MapOutputTrackerWorker: Updating epoch to 1 and clearing cache
17/03/16 17:55:27 INFO executor.CoarseGrainedExecutorBackend: Got assigned task 68
17/03/16 17:55:27 INFO executor.Executor: Running task 18.0 in stage 2.0 (TID 68)
17/03/16 17:55:27 INFO broadcast.TorrentBroadcast: Started reading broadcast variable 4
17/03/16 17:55:27 INFO executor.CoarseGrainedExecutorBackend: Got assigned task 74
17/03/16 17:55:27 INFO executor.Executor: Running task 24.0 in stage 2.0 (TID 74)
17/03/16 17:55:27 INFO executor.CoarseGrainedExecutorBackend: Got assigned task 80
17/03/16 17:55:27 INFO executor.Executor: Running task 30.0 in stage 2.0 (TID 80)
17/03/16 17:55:27 INFO executor.CoarseGrainedExecutorBackend: Got assigned task 86
17/03/16 17:55:27 INFO executor.Executor: Running task 36.0 in stage 2.0 (TID 86)
17/03/16 17:55:27 INFO executor.CoarseGrainedExecutorBackend: Got assigned task 92
17/03/16 17:55:27 INFO executor.Executor: Running task 42.0 in stage 2.0 (TID 92)
17/03/16 17:55:27 INFO storage.MemoryStore: Block broadcast_4_piece0 stored as bytes in memory (estimated size 3.3 KB, free 421.1 MB)
17/03/16 17:55:27 INFO broadcast.TorrentBroadcast: Reading broadcast variable 4 took 14 ms
17/03/16 17:55:27 INFO storage.MemoryStore: Block broadcast_4 stored as values in memory (estimated size 5.3 KB, free 421.1 MB)
17/03/16 17:55:27 INFO spark.MapOutputTrackerWorker: Don't have map outputs for shuffle 0, fetching them
17/03/16 17:55:27 INFO spark.MapOutputTrackerWorker: Don't have map outputs for shuffle 0, fetching them
17/03/16 17:55:27 INFO spark.MapOutputTrackerWorker: Don't have map outputs for shuffle 0, fetching them
17/03/16 17:55:27 INFO spark.MapOutputTrackerWorker: Don't have map outputs for shuffle 0, fetching them
17/03/16 17:55:27 INFO spark.MapOutputTrackerWorker: Don't have map outputs for shuffle 0, fetching them
17/03/16 17:55:27 INFO spark.MapOutputTrackerWorker: Don't have map outputs for shuffle 0, fetching them
17/03/16 17:55:27 INFO spark.MapOutputTrackerWorker: Don't have map outputs for shuffle 0, fetching them
17/03/16 17:55:27 INFO spark.MapOutputTrackerWorker: Don't have map outputs for shuffle 0, fetching them
17/03/16 17:55:27 INFO spark.MapOutputTrackerWorker: Doing the fetch; tracker endpoint = NettyRpcEndpointRef(spark://MapOutputTracker@10.10.34.38:36751)
17/03/16 17:55:27 INFO spark.MapOutputTrackerWorker: Got the output locations
17/03/16 17:55:27 INFO storage.ShuffleBlockFetcherIterator: Getting 48 non-empty blocks out of 48 blocks
17/03/16 17:55:27 INFO storage.ShuffleBlockFetcherIterator: Getting 48 non-empty blocks out of 48 blocks
17/03/16 17:55:27 INFO storage.ShuffleBlockFetcherIterator: Getting 48 non-empty blocks out of 48 blocks
17/03/16 17:55:27 INFO storage.ShuffleBlockFetcherIterator: Getting 48 non-empty blocks out of 48 blocks
17/03/16 17:55:27 INFO storage.ShuffleBlockFetcherIterator: Getting 48 non-empty blocks out of 48 blocks
17/03/16 17:55:27 INFO storage.ShuffleBlockFetcherIterator: Getting 48 non-empty blocks out of 48 blocks
17/03/16 17:55:27 INFO storage.ShuffleBlockFetcherIterator: Getting 48 non-empty blocks out of 48 blocks
17/03/16 17:55:27 INFO storage.ShuffleBlockFetcherIterator: Getting 48 non-empty blocks out of 48 blocks
17/03/16 17:55:27 INFO storage.ShuffleBlockFetcherIterator: Started 5 remote fetches in 7 ms
17/03/16 17:55:27 INFO storage.ShuffleBlockFetcherIterator: Started 6 remote fetches in 15 ms
17/03/16 17:55:27 INFO storage.ShuffleBlockFetcherIterator: Started 7 remote fetches in 16 ms
17/03/16 17:55:27 INFO storage.ShuffleBlockFetcherIterator: Started 7 remote fetches in 14 ms
17/03/16 17:55:27 INFO storage.ShuffleBlockFetcherIterator: Started 7 remote fetches in 10 ms
17/03/16 17:55:27 INFO storage.ShuffleBlockFetcherIterator: Started 6 remote fetches in 8 ms
17/03/16 17:55:27 INFO storage.ShuffleBlockFetcherIterator: Started 7 remote fetches in 14 ms
17/03/16 17:55:27 INFO storage.ShuffleBlockFetcherIterator: Started 8 remote fetches in 13 ms
17/03/16 17:55:28 INFO python.PythonRunner: Times: total = 997, boot = -6631, init = 6641, finish = 987
17/03/16 17:55:28 INFO python.PythonRunner: Times: total = 999, boot = -6443, init = 6452, finish = 990
17/03/16 17:55:28 INFO python.PythonRunner: Times: total = 1003, boot = -6815, init = 6821, finish = 997
17/03/16 17:55:28 INFO executor.Executor: Finished task 18.0 in stage 2.0 (TID 68). 9551024 bytes result sent to driver
17/03/16 17:55:28 INFO executor.Executor: Finished task 6.0 in stage 2.0 (TID 56). 9568059 bytes result sent to driver
17/03/16 17:55:28 INFO python.PythonRunner: Times: total = 1027, boot = -6721, init = 6727, finish = 1021
17/03/16 17:55:28 INFO executor.Executor: Finished task 0.0 in stage 2.0 (TID 50). 9572270 bytes result sent to driver
17/03/16 17:55:28 INFO executor.Executor: Finished task 30.0 in stage 2.0 (TID 80). 9570867 bytes result sent to driver
17/03/16 17:55:28 INFO python.PythonRunner: Times: total = 1051, boot = -6710, init = 6718, finish = 1043
17/03/16 17:55:28 INFO executor.Executor: Finished task 42.0 in stage 2.0 (TID 92). 9560341 bytes result sent to driver
17/03/16 17:55:28 INFO python.PythonRunner: Times: total = 1251, boot = -6700, init = 6713, finish = 1238
17/03/16 17:55:28 INFO executor.Executor: Finished task 36.0 in stage 2.0 (TID 86). 9544571 bytes result sent to driver
17/03/16 17:55:28 INFO python.PythonRunner: Times: total = 1414, boot = -6442, init = 6451, finish = 1405
17/03/16 17:55:28 INFO executor.Executor: Finished task 12.0 in stage 2.0 (TID 62). 9535346 bytes result sent to driver
17/03/16 17:55:28 INFO python.PythonRunner: Times: total = 1493, boot = -6753, init = 6759, finish = 1487
17/03/16 17:55:28 INFO executor.Executor: Finished task 24.0 in stage 2.0 (TID 74). 9567192 bytes result sent to driver
17/03/16 17:55:32 INFO storage.BlockManager: Removing RDD 3
17/03/16 17:55:32 INFO storage.BlockManager: Removing RDD 8
17/03/16 18:02:48 INFO executor.CoarseGrainedExecutorBackend: Got assigned task 101
17/03/16 18:02:48 INFO executor.Executor: Running task 3.0 in stage 3.0 (TID 101)
17/03/16 18:02:48 INFO executor.CoarseGrainedExecutorBackend: Got assigned task 107
17/03/16 18:02:48 INFO executor.Executor: Running task 9.0 in stage 3.0 (TID 107)
17/03/16 18:02:48 INFO broadcast.TorrentBroadcast: Started reading broadcast variable 6
17/03/16 18:02:48 INFO executor.CoarseGrainedExecutorBackend: Got assigned task 113
17/03/16 18:02:48 INFO executor.Executor: Running task 15.0 in stage 3.0 (TID 113)
17/03/16 18:02:48 INFO executor.CoarseGrainedExecutorBackend: Got assigned task 119
17/03/16 18:02:48 INFO executor.Executor: Running task 21.0 in stage 3.0 (TID 119)
17/03/16 18:02:48 INFO executor.CoarseGrainedExecutorBackend: Got assigned task 125
17/03/16 18:02:48 INFO executor.Executor: Running task 27.0 in stage 3.0 (TID 125)
17/03/16 18:02:48 INFO executor.CoarseGrainedExecutorBackend: Got assigned task 131
17/03/16 18:02:48 INFO executor.Executor: Running task 33.0 in stage 3.0 (TID 131)
17/03/16 18:02:48 INFO executor.CoarseGrainedExecutorBackend: Got assigned task 137
17/03/16 18:02:48 INFO executor.Executor: Running task 39.0 in stage 3.0 (TID 137)
17/03/16 18:02:48 INFO executor.CoarseGrainedExecutorBackend: Got assigned task 143
17/03/16 18:02:48 INFO executor.Executor: Running task 45.0 in stage 3.0 (TID 143)
17/03/16 18:02:48 INFO storage.MemoryStore: Block broadcast_6_piece0 stored as bytes in memory (estimated size 5.4 KB, free 421.1 MB)
17/03/16 18:02:48 INFO broadcast.TorrentBroadcast: Reading broadcast variable 6 took 27 ms
17/03/16 18:02:48 INFO storage.MemoryStore: Block broadcast_6 stored as values in memory (estimated size 8.6 KB, free 421.1 MB)
17/03/16 18:02:48 INFO broadcast.TorrentBroadcast: Started reading broadcast variable 5
17/03/16 18:02:48 INFO storage.MemoryStore: Block broadcast_5_piece58 stored as bytes in memory (estimated size 4.0 MB, free 425.1 MB)
17/03/16 18:02:48 INFO storage.MemoryStore: Block broadcast_5_piece49 stored as bytes in memory (estimated size 4.0 MB, free 429.1 MB)
17/03/16 18:02:48 INFO storage.MemoryStore: Block broadcast_5_piece87 stored as bytes in memory (estimated size 4.0 MB, free 433.1 MB)
17/03/16 18:02:48 INFO storage.MemoryStore: Block broadcast_5_piece24 stored as bytes in memory (estimated size 4.0 MB, free 437.1 MB)
17/03/16 18:02:48 INFO storage.MemoryStore: Block broadcast_5_piece95 stored as bytes in memory (estimated size 4.0 MB, free 441.1 MB)
17/03/16 18:02:48 INFO storage.MemoryStore: Block broadcast_5_piece62 stored as bytes in memory (estimated size 4.0 MB, free 445.1 MB)
17/03/16 18:02:48 INFO storage.MemoryStore: Block broadcast_5_piece92 stored as bytes in memory (estimated size 4.0 MB, free 449.1 MB)
17/03/16 18:02:48 INFO storage.MemoryStore: Block broadcast_5_piece10 stored as bytes in memory (estimated size 4.0 MB, free 453.1 MB)
17/03/16 18:02:48 INFO storage.MemoryStore: Block broadcast_5_piece30 stored as bytes in memory (estimated size 4.0 MB, free 457.1 MB)
17/03/16 18:02:48 INFO storage.MemoryStore: Block broadcast_5_piece36 stored as bytes in memory (estimated size 4.0 MB, free 461.1 MB)
17/03/16 18:02:48 INFO storage.MemoryStore: Block broadcast_5_piece60 stored as bytes in memory (estimated size 4.0 MB, free 465.1 MB)
17/03/16 18:02:48 INFO storage.MemoryStore: Block broadcast_5_piece18 stored as bytes in memory (estimated size 4.0 MB, free 469.1 MB)
17/03/16 18:02:48 INFO storage.MemoryStore: Block broadcast_5_piece39 stored as bytes in memory (estimated size 4.0 MB, free 473.1 MB)
17/03/16 18:02:48 INFO storage.MemoryStore: Block broadcast_5_piece45 stored as bytes in memory (estimated size 4.0 MB, free 477.1 MB)
17/03/16 18:02:48 INFO storage.MemoryStore: Block broadcast_5_piece40 stored as bytes in memory (estimated size 4.0 MB, free 481.1 MB)
17/03/16 18:02:48 INFO storage.MemoryStore: Block broadcast_5_piece28 stored as bytes in memory (estimated size 4.0 MB, free 485.1 MB)
17/03/16 18:02:48 INFO storage.MemoryStore: Block broadcast_5_piece55 stored as bytes in memory (estimated size 4.0 MB, free 489.1 MB)
17/03/16 18:02:48 INFO storage.MemoryStore: Block broadcast_5_piece93 stored as bytes in memory (estimated size 4.0 MB, free 493.1 MB)
17/03/16 18:02:48 INFO storage.MemoryStore: Block broadcast_5_piece52 stored as bytes in memory (estimated size 4.0 MB, free 497.1 MB)
17/03/16 18:02:48 INFO storage.MemoryStore: Block broadcast_5_piece79 stored as bytes in memory (estimated size 4.0 MB, free 501.1 MB)
17/03/16 18:02:48 INFO storage.MemoryStore: Block broadcast_5_piece78 stored as bytes in memory (estimated size 4.0 MB, free 505.1 MB)
17/03/16 18:02:48 INFO storage.MemoryStore: Block broadcast_5_piece67 stored as bytes in memory (estimated size 4.0 MB, free 509.1 MB)
17/03/16 18:02:48 INFO storage.MemoryStore: Block broadcast_5_piece100 stored as bytes in memory (estimated size 4.0 MB, free 513.1 MB)
17/03/16 18:02:48 INFO storage.MemoryStore: Block broadcast_5_piece85 stored as bytes in memory (estimated size 4.0 MB, free 517.1 MB)
17/03/16 18:02:48 INFO storage.MemoryStore: Block broadcast_5_piece8 stored as bytes in memory (estimated size 4.0 MB, free 521.1 MB)
17/03/16 18:02:48 INFO storage.MemoryStore: Block broadcast_5_piece50 stored as bytes in memory (estimated size 4.0 MB, free 525.1 MB)
17/03/16 18:02:48 INFO storage.MemoryStore: Block broadcast_5_piece54 stored as bytes in memory (estimated size 4.0 MB, free 529.1 MB)
17/03/16 18:02:48 INFO storage.MemoryStore: Block broadcast_5_piece97 stored as bytes in memory (estimated size 4.0 MB, free 533.1 MB)
17/03/16 18:02:48 INFO storage.MemoryStore: Block broadcast_5_piece96 stored as bytes in memory (estimated size 4.0 MB, free 537.1 MB)
17/03/16 18:02:48 INFO storage.MemoryStore: Block broadcast_5_piece29 stored as bytes in memory (estimated size 4.0 MB, free 541.1 MB)
17/03/16 18:02:48 INFO storage.MemoryStore: Block broadcast_5_piece1 stored as bytes in memory (estimated size 4.0 MB, free 545.1 MB)
17/03/16 18:02:48 INFO storage.MemoryStore: Block broadcast_5_piece81 stored as bytes in memory (estimated size 4.0 MB, free 549.1 MB)
17/03/16 18:02:48 INFO storage.MemoryStore: Block broadcast_5_piece82 stored as bytes in memory (estimated size 4.0 MB, free 553.1 MB)
17/03/16 18:02:48 INFO storage.MemoryStore: Block broadcast_5_piece65 stored as bytes in memory (estimated size 4.0 MB, free 557.1 MB)
17/03/16 18:02:49 INFO storage.MemoryStore: Block broadcast_5_piece34 stored as bytes in memory (estimated size 4.0 MB, free 561.1 MB)
17/03/16 18:02:49 INFO storage.MemoryStore: Block broadcast_5_piece46 stored as bytes in memory (estimated size 4.0 MB, free 565.1 MB)
17/03/16 18:02:49 INFO storage.MemoryStore: Block broadcast_5_piece66 stored as bytes in memory (estimated size 4.0 MB, free 569.1 MB)
17/03/16 18:02:49 INFO storage.MemoryStore: Block broadcast_5_piece37 stored as bytes in memory (estimated size 4.0 MB, free 573.1 MB)
17/03/16 18:02:49 INFO storage.MemoryStore: Block broadcast_5_piece4 stored as bytes in memory (estimated size 4.0 MB, free 577.1 MB)
17/03/16 18:02:49 INFO storage.MemoryStore: Block broadcast_5_piece101 stored as bytes in memory (estimated size 4.0 MB, free 581.1 MB)
17/03/16 18:02:49 INFO storage.MemoryStore: Block broadcast_5_piece43 stored as bytes in memory (estimated size 4.0 MB, free 585.1 MB)
17/03/16 18:02:49 INFO storage.MemoryStore: Block broadcast_5_piece22 stored as bytes in memory (estimated size 4.0 MB, free 589.1 MB)
17/03/16 18:02:49 INFO storage.MemoryStore: Block broadcast_5_piece42 stored as bytes in memory (estimated size 4.0 MB, free 593.1 MB)
17/03/16 18:02:49 INFO storage.MemoryStore: Block broadcast_5_piece72 stored as bytes in memory (estimated size 4.0 MB, free 597.1 MB)
17/03/16 18:02:49 INFO storage.MemoryStore: Block broadcast_5_piece21 stored as bytes in memory (estimated size 4.0 MB, free 601.1 MB)
17/03/16 18:02:49 INFO storage.MemoryStore: Block broadcast_5_piece32 stored as bytes in memory (estimated size 4.0 MB, free 605.1 MB)
17/03/16 18:02:49 INFO storage.MemoryStore: Block broadcast_5_piece63 stored as bytes in memory (estimated size 4.0 MB, free 609.1 MB)
17/03/16 18:02:49 INFO storage.MemoryStore: Block broadcast_5_piece56 stored as bytes in memory (estimated size 4.0 MB, free 613.1 MB)
17/03/16 18:02:49 INFO storage.MemoryStore: Block broadcast_5_piece99 stored as bytes in memory (estimated size 4.0 MB, free 617.1 MB)
17/03/16 18:02:49 INFO storage.MemoryStore: Block broadcast_5_piece20 stored as bytes in memory (estimated size 4.0 MB, free 621.1 MB)
17/03/16 18:02:49 INFO storage.MemoryStore: Block broadcast_5_piece25 stored as bytes in memory (estimated size 4.0 MB, free 625.1 MB)
17/03/16 18:02:49 INFO storage.MemoryStore: Block broadcast_5_piece0 stored as bytes in memory (estimated size 4.0 MB, free 629.1 MB)
17/03/16 18:02:49 INFO storage.MemoryStore: Block broadcast_5_piece74 stored as bytes in memory (estimated size 4.0 MB, free 633.1 MB)
17/03/16 18:02:49 INFO storage.MemoryStore: Block broadcast_5_piece51 stored as bytes in memory (estimated size 4.0 MB, free 637.1 MB)
17/03/16 18:02:49 INFO storage.MemoryStore: Block broadcast_5_piece71 stored as bytes in memory (estimated size 4.0 MB, free 641.1 MB)
17/03/16 18:02:49 INFO storage.MemoryStore: Block broadcast_5_piece6 stored as bytes in memory (estimated size 4.0 MB, free 645.1 MB)
17/03/16 18:02:49 INFO storage.MemoryStore: Block broadcast_5_piece15 stored as bytes in memory (estimated size 4.0 MB, free 649.1 MB)
17/03/16 18:02:49 INFO storage.MemoryStore: Block broadcast_5_piece98 stored as bytes in memory (estimated size 4.0 MB, free 653.1 MB)
17/03/16 18:02:49 INFO storage.MemoryStore: Block broadcast_5_piece59 stored as bytes in memory (estimated size 4.0 MB, free 657.1 MB)
17/03/16 18:02:49 INFO storage.MemoryStore: Block broadcast_5_piece57 stored as bytes in memory (estimated size 4.0 MB, free 661.1 MB)
17/03/16 18:02:49 INFO storage.MemoryStore: Block broadcast_5_piece64 stored as bytes in memory (estimated size 4.0 MB, free 665.1 MB)
17/03/16 18:02:49 INFO storage.MemoryStore: Block broadcast_5_piece33 stored as bytes in memory (estimated size 4.0 MB, free 669.1 MB)
17/03/16 18:02:49 INFO storage.MemoryStore: Block broadcast_5_piece35 stored as bytes in memory (estimated size 4.0 MB, free 673.1 MB)
17/03/16 18:02:49 INFO storage.MemoryStore: Block broadcast_5_piece61 stored as bytes in memory (estimated size 4.0 MB, free 677.1 MB)
17/03/16 18:02:49 INFO storage.MemoryStore: Block broadcast_5_piece48 stored as bytes in memory (estimated size 4.0 MB, free 681.1 MB)
17/03/16 18:02:49 INFO storage.MemoryStore: Block broadcast_5_piece88 stored as bytes in memory (estimated size 4.0 MB, free 685.1 MB)
17/03/16 18:02:49 INFO storage.MemoryStore: Block broadcast_5_piece90 stored as bytes in memory (estimated size 4.0 MB, free 689.1 MB)
17/03/16 18:02:49 INFO storage.MemoryStore: Block broadcast_5_piece68 stored as bytes in memory (estimated size 4.0 MB, free 693.1 MB)
17/03/16 18:02:49 INFO storage.MemoryStore: Block broadcast_5_piece31 stored as bytes in memory (estimated size 4.0 MB, free 697.1 MB)
17/03/16 18:02:49 INFO storage.MemoryStore: Block broadcast_5_piece2 stored as bytes in memory (estimated size 4.0 MB, free 701.1 MB)
17/03/16 18:02:49 INFO storage.MemoryStore: Block broadcast_5_piece69 stored as bytes in memory (estimated size 4.0 MB, free 705.1 MB)
17/03/16 18:02:49 INFO storage.MemoryStore: Block broadcast_5_piece14 stored as bytes in memory (estimated size 4.0 MB, free 709.1 MB)
17/03/16 18:02:49 INFO storage.MemoryStore: Block broadcast_5_piece70 stored as bytes in memory (estimated size 4.0 MB, free 713.1 MB)
17/03/16 18:02:49 INFO storage.MemoryStore: Block broadcast_5_piece26 stored as bytes in memory (estimated size 4.0 MB, free 717.1 MB)
17/03/16 18:02:49 INFO storage.MemoryStore: Block broadcast_5_piece17 stored as bytes in memory (estimated size 4.0 MB, free 721.1 MB)
17/03/16 18:02:49 INFO storage.MemoryStore: Block broadcast_5_piece38 stored as bytes in memory (estimated size 4.0 MB, free 725.1 MB)
17/03/16 18:02:49 INFO storage.MemoryStore: Block broadcast_5_piece94 stored as bytes in memory (estimated size 4.0 MB, free 729.1 MB)
17/03/16 18:02:49 INFO storage.MemoryStore: Block broadcast_5_piece13 stored as bytes in memory (estimated size 4.0 MB, free 733.1 MB)
17/03/16 18:02:49 INFO storage.MemoryStore: Block broadcast_5_piece84 stored as bytes in memory (estimated size 4.0 MB, free 737.1 MB)
17/03/16 18:02:49 INFO storage.MemoryStore: Block broadcast_5_piece89 stored as bytes in memory (estimated size 4.0 MB, free 741.1 MB)
17/03/16 18:02:49 INFO storage.MemoryStore: Block broadcast_5_piece73 stored as bytes in memory (estimated size 4.0 MB, free 745.1 MB)
17/03/16 18:02:49 INFO storage.MemoryStore: Block broadcast_5_piece75 stored as bytes in memory (estimated size 4.0 MB, free 749.1 MB)
17/03/16 18:02:49 INFO storage.MemoryStore: Block broadcast_5_piece91 stored as bytes in memory (estimated size 4.0 MB, free 753.1 MB)
17/03/16 18:02:49 INFO storage.MemoryStore: Block broadcast_5_piece102 stored as bytes in memory (estimated size 4.0 MB, free 757.1 MB)
17/03/16 18:02:50 INFO storage.MemoryStore: Block broadcast_5_piece9 stored as bytes in memory (estimated size 4.0 MB, free 761.1 MB)
17/03/16 18:02:50 INFO storage.MemoryStore: Block broadcast_5_piece53 stored as bytes in memory (estimated size 4.0 MB, free 765.1 MB)
17/03/16 18:02:50 INFO storage.MemoryStore: Block broadcast_5_piece7 stored as bytes in memory (estimated size 4.0 MB, free 769.1 MB)
17/03/16 18:02:50 INFO storage.MemoryStore: Block broadcast_5_piece16 stored as bytes in memory (estimated size 4.0 MB, free 773.1 MB)
17/03/16 18:02:50 INFO storage.MemoryStore: Block broadcast_5_piece12 stored as bytes in memory (estimated size 4.0 MB, free 777.1 MB)
17/03/16 18:02:50 INFO storage.MemoryStore: Block broadcast_5_piece103 stored as bytes in memory (estimated size 2.9 MB, free 780.0 MB)
17/03/16 18:02:50 INFO storage.MemoryStore: Block broadcast_5_piece86 stored as bytes in memory (estimated size 4.0 MB, free 784.0 MB)
17/03/16 18:02:50 INFO storage.MemoryStore: Block broadcast_5_piece19 stored as bytes in memory (estimated size 4.0 MB, free 788.0 MB)
17/03/16 18:02:50 INFO storage.MemoryStore: Block broadcast_5_piece3 stored as bytes in memory (estimated size 4.0 MB, free 792.0 MB)
17/03/16 18:02:50 INFO storage.MemoryStore: Block broadcast_5_piece83 stored as bytes in memory (estimated size 4.0 MB, free 796.0 MB)
17/03/16 18:02:50 INFO storage.MemoryStore: Block broadcast_5_piece47 stored as bytes in memory (estimated size 4.0 MB, free 800.0 MB)
17/03/16 18:02:50 INFO storage.MemoryStore: Block broadcast_5_piece41 stored as bytes in memory (estimated size 4.0 MB, free 804.0 MB)
17/03/16 18:02:50 INFO storage.MemoryStore: Block broadcast_5_piece76 stored as bytes in memory (estimated size 4.0 MB, free 808.0 MB)
17/03/16 18:02:50 INFO storage.MemoryStore: Block broadcast_5_piece27 stored as bytes in memory (estimated size 4.0 MB, free 812.0 MB)
17/03/16 18:02:50 INFO storage.MemoryStore: Block broadcast_5_piece77 stored as bytes in memory (estimated size 4.0 MB, free 816.0 MB)
17/03/16 18:02:50 INFO storage.MemoryStore: Block broadcast_5_piece44 stored as bytes in memory (estimated size 4.0 MB, free 820.0 MB)
17/03/16 18:02:50 INFO storage.MemoryStore: Block broadcast_5_piece11 stored as bytes in memory (estimated size 4.0 MB, free 824.0 MB)
17/03/16 18:02:50 INFO storage.MemoryStore: Block broadcast_5_piece5 stored as bytes in memory (estimated size 4.0 MB, free 828.0 MB)
17/03/16 18:02:50 INFO storage.MemoryStore: Block broadcast_5_piece80 stored as bytes in memory (estimated size 4.0 MB, free 832.0 MB)
17/03/16 18:02:50 INFO storage.MemoryStore: Block broadcast_5_piece23 stored as bytes in memory (estimated size 4.0 MB, free 836.0 MB)
17/03/16 18:02:50 INFO broadcast.TorrentBroadcast: Reading broadcast variable 5 took 2212 ms
17/03/16 18:02:57 INFO storage.MemoryStore: Block broadcast_5 stored as values in memory (estimated size 384.0 B, free 836.0 MB)
17/03/16 18:03:06 INFO python.PythonRunner: Times: total = 17928, boot = 17, init = 9681, finish = 8230
17/03/16 18:03:06 INFO executor.Executor: Finished task 9.0 in stage 3.0 (TID 107). 1274 bytes result sent to driver
17/03/16 18:03:06 INFO python.PythonRunner: Times: total = 18106, boot = 12, init = 9693, finish = 8401
17/03/16 18:03:06 INFO python.PythonRunner: Times: total = 18126, boot = 9, init = 9696, finish = 8421
17/03/16 18:03:06 INFO python.PythonRunner: Times: total = 18130, boot = 15, init = 9689, finish = 8426
17/03/16 18:03:06 INFO python.PythonRunner: Times: total = 18214, boot = 3, init = 9699, finish = 8512
17/03/16 18:03:06 INFO executor.Executor: Finished task 27.0 in stage 3.0 (TID 125). 1274 bytes result sent to driver
17/03/16 18:03:06 INFO executor.Executor: Finished task 39.0 in stage 3.0 (TID 137). 1274 bytes result sent to driver
17/03/16 18:03:06 INFO executor.Executor: Finished task 33.0 in stage 3.0 (TID 131). 1274 bytes result sent to driver
17/03/16 18:03:06 INFO python.PythonRunner: Times: total = 18277, boot = 19, init = 9685, finish = 8573
17/03/16 18:03:06 INFO executor.Executor: Finished task 3.0 in stage 3.0 (TID 101). 1274 bytes result sent to driver
17/03/16 18:03:06 INFO executor.Executor: Finished task 45.0 in stage 3.0 (TID 143). 1274 bytes result sent to driver
17/03/16 18:03:06 INFO python.PythonRunner: Times: total = 18404, boot = 4, init = 9701, finish = 8699
17/03/16 18:03:06 INFO python.PythonRunner: Times: total = 18421, boot = 23, init = 9676, finish = 8722
17/03/16 18:03:06 INFO executor.Executor: Finished task 21.0 in stage 3.0 (TID 119). 1274 bytes result sent to driver
17/03/16 18:03:06 INFO executor.Executor: Finished task 15.0 in stage 3.0 (TID 113). 1274 bytes result sent to driver
17/03/16 18:03:14 INFO executor.CoarseGrainedExecutorBackend: Got assigned task 148
17/03/16 18:03:14 INFO executor.Executor: Running task 2.0 in stage 4.0 (TID 148)
17/03/16 18:03:14 INFO executor.CoarseGrainedExecutorBackend: Got assigned task 154
17/03/16 18:03:14 INFO executor.Executor: Running task 8.0 in stage 4.0 (TID 154)
17/03/16 18:03:14 INFO executor.CoarseGrainedExecutorBackend: Got assigned task 160
17/03/16 18:03:14 INFO executor.Executor: Running task 14.0 in stage 4.0 (TID 160)
17/03/16 18:03:14 INFO executor.CoarseGrainedExecutorBackend: Got assigned task 166
17/03/16 18:03:14 INFO executor.Executor: Running task 20.0 in stage 4.0 (TID 166)
17/03/16 18:03:14 INFO executor.CoarseGrainedExecutorBackend: Got assigned task 172
17/03/16 18:03:14 INFO spark.MapOutputTrackerWorker: Updating epoch to 2 and clearing cache
17/03/16 18:03:14 INFO executor.Executor: Running task 26.0 in stage 4.0 (TID 172)
17/03/16 18:03:14 INFO executor.CoarseGrainedExecutorBackend: Got assigned task 178
17/03/16 18:03:14 INFO executor.Executor: Running task 32.0 in stage 4.0 (TID 178)
17/03/16 18:03:14 INFO executor.CoarseGrainedExecutorBackend: Got assigned task 184
17/03/16 18:03:14 INFO executor.Executor: Running task 38.0 in stage 4.0 (TID 184)
17/03/16 18:03:14 INFO executor.CoarseGrainedExecutorBackend: Got assigned task 190
17/03/16 18:03:14 INFO broadcast.TorrentBroadcast: Started reading broadcast variable 7
17/03/16 18:03:14 INFO executor.Executor: Running task 44.0 in stage 4.0 (TID 190)
17/03/16 18:03:14 INFO storage.MemoryStore: Block broadcast_7_piece0 stored as bytes in memory (estimated size 3.3 KB, free 836.0 MB)
17/03/16 18:03:14 INFO broadcast.TorrentBroadcast: Reading broadcast variable 7 took 21 ms
17/03/16 18:03:14 INFO storage.MemoryStore: Block broadcast_7 stored as values in memory (estimated size 5.3 KB, free 836.0 MB)
17/03/16 18:03:14 INFO spark.MapOutputTrackerWorker: Don't have map outputs for shuffle 1, fetching them
17/03/16 18:03:14 INFO spark.MapOutputTrackerWorker: Doing the fetch; tracker endpoint = NettyRpcEndpointRef(spark://MapOutputTracker@10.10.34.38:36751)
17/03/16 18:03:14 INFO spark.MapOutputTrackerWorker: Don't have map outputs for shuffle 1, fetching them
17/03/16 18:03:14 INFO spark.MapOutputTrackerWorker: Don't have map outputs for shuffle 1, fetching them
17/03/16 18:03:14 INFO spark.MapOutputTrackerWorker: Don't have map outputs for shuffle 1, fetching them
17/03/16 18:03:14 INFO spark.MapOutputTrackerWorker: Don't have map outputs for shuffle 1, fetching them
17/03/16 18:03:14 INFO spark.MapOutputTrackerWorker: Don't have map outputs for shuffle 1, fetching them
17/03/16 18:03:14 INFO spark.MapOutputTrackerWorker: Don't have map outputs for shuffle 1, fetching them
17/03/16 18:03:14 INFO spark.MapOutputTrackerWorker: Don't have map outputs for shuffle 1, fetching them
17/03/16 18:03:14 INFO spark.MapOutputTrackerWorker: Got the output locations
17/03/16 18:03:14 INFO storage.ShuffleBlockFetcherIterator: Getting 48 non-empty blocks out of 48 blocks
17/03/16 18:03:14 INFO storage.ShuffleBlockFetcherIterator: Getting 48 non-empty blocks out of 48 blocks
17/03/16 18:03:14 INFO storage.ShuffleBlockFetcherIterator: Getting 48 non-empty blocks out of 48 blocks
17/03/16 18:03:14 INFO storage.ShuffleBlockFetcherIterator: Started 5 remote fetches in 5 ms
17/03/16 18:03:14 INFO storage.ShuffleBlockFetcherIterator: Started 7 remote fetches in 5 ms
17/03/16 18:03:14 INFO storage.ShuffleBlockFetcherIterator: Getting 48 non-empty blocks out of 48 blocks
17/03/16 18:03:14 INFO storage.ShuffleBlockFetcherIterator: Getting 48 non-empty blocks out of 48 blocks
17/03/16 18:03:14 INFO storage.ShuffleBlockFetcherIterator: Started 8 remote fetches in 5 ms
17/03/16 18:03:14 INFO storage.ShuffleBlockFetcherIterator: Getting 48 non-empty blocks out of 48 blocks
17/03/16 18:03:14 INFO storage.ShuffleBlockFetcherIterator: Getting 48 non-empty blocks out of 48 blocks
17/03/16 18:03:14 INFO storage.ShuffleBlockFetcherIterator: Started 5 remote fetches in 5 ms
17/03/16 18:03:14 INFO storage.ShuffleBlockFetcherIterator: Started 6 remote fetches in 4 ms
17/03/16 18:03:14 INFO storage.ShuffleBlockFetcherIterator: Started 6 remote fetches in 3 ms
17/03/16 18:03:14 INFO storage.ShuffleBlockFetcherIterator: Getting 48 non-empty blocks out of 48 blocks
17/03/16 18:03:14 INFO storage.ShuffleBlockFetcherIterator: Started 7 remote fetches in 5 ms
17/03/16 18:03:14 INFO storage.ShuffleBlockFetcherIterator: Started 5 remote fetches in 5 ms
17/03/16 18:03:15 INFO python.PythonRunner: Times: total = 833, boot = -8184, init = 8188, finish = 829
17/03/16 18:03:15 INFO executor.Executor: Finished task 38.0 in stage 4.0 (TID 184). 9562384 bytes result sent to driver
17/03/16 18:03:15 INFO python.PythonRunner: Times: total = 900, boot = -8348, init = 8352, finish = 896
17/03/16 18:03:15 INFO python.PythonRunner: Times: total = 900, boot = -8328, init = 8332, finish = 896
17/03/16 18:03:15 INFO executor.Executor: Finished task 26.0 in stage 4.0 (TID 172). 9574584 bytes result sent to driver
17/03/16 18:03:15 INFO executor.Executor: Finished task 44.0 in stage 4.0 (TID 190). 9554073 bytes result sent to driver
17/03/16 18:03:15 INFO python.PythonRunner: Times: total = 926, boot = -8521, init = 8525, finish = 922
17/03/16 18:03:15 INFO python.PythonRunner: Times: total = 928, boot = -8237, init = 8241, finish = 924
17/03/16 18:03:15 INFO executor.Executor: Finished task 2.0 in stage 4.0 (TID 148). 9567345 bytes result sent to driver
17/03/16 18:03:15 INFO python.PythonRunner: Times: total = 969, boot = -8329, init = 8332, finish = 966
17/03/16 18:03:15 INFO python.PythonRunner: Times: total = 1045, boot = -8043, init = 8047, finish = 1041
17/03/16 18:03:15 INFO executor.Executor: Finished task 14.0 in stage 4.0 (TID 160). 9545774 bytes result sent to driver
17/03/16 18:03:15 INFO executor.Executor: Finished task 32.0 in stage 4.0 (TID 178). 9560553 bytes result sent to driver
17/03/16 18:03:15 INFO executor.Executor: Finished task 8.0 in stage 4.0 (TID 154). 9557578 bytes result sent to driver
17/03/16 18:03:15 INFO python.PythonRunner: Times: total = 1086, boot = -8050, init = 8053, finish = 1083
17/03/16 18:03:15 INFO executor.Executor: Finished task 20.0 in stage 4.0 (TID 166). 9537986 bytes result sent to driver
17/03/16 18:03:19 INFO storage.BlockManager: Removing RDD 9
17/03/16 18:03:19 INFO storage.BlockManager: Removing RDD 14
17/03/16 18:10:35 INFO executor.CoarseGrainedExecutorBackend: Got assigned task 196
17/03/16 18:10:35 INFO executor.Executor: Running task 2.0 in stage 5.0 (TID 196)
17/03/16 18:10:35 INFO executor.CoarseGrainedExecutorBackend: Got assigned task 202
17/03/16 18:10:35 INFO broadcast.TorrentBroadcast: Started reading broadcast variable 9
17/03/16 18:10:35 INFO executor.Executor: Running task 8.0 in stage 5.0 (TID 202)
17/03/16 18:10:35 INFO executor.CoarseGrainedExecutorBackend: Got assigned task 208
17/03/16 18:10:35 INFO executor.Executor: Running task 14.0 in stage 5.0 (TID 208)
17/03/16 18:10:35 INFO executor.CoarseGrainedExecutorBackend: Got assigned task 214
17/03/16 18:10:35 INFO executor.Executor: Running task 20.0 in stage 5.0 (TID 214)
17/03/16 18:10:35 INFO executor.CoarseGrainedExecutorBackend: Got assigned task 220
17/03/16 18:10:35 INFO executor.Executor: Running task 26.0 in stage 5.0 (TID 220)
17/03/16 18:10:35 INFO storage.MemoryStore: Block broadcast_9_piece0 stored as bytes in memory (estimated size 5.4 KB, free 836.0 MB)
17/03/16 18:10:35 INFO executor.CoarseGrainedExecutorBackend: Got assigned task 226
17/03/16 18:10:35 INFO executor.Executor: Running task 32.0 in stage 5.0 (TID 226)
17/03/16 18:10:35 INFO executor.CoarseGrainedExecutorBackend: Got assigned task 232
17/03/16 18:10:35 INFO executor.Executor: Running task 38.0 in stage 5.0 (TID 232)
17/03/16 18:10:35 INFO broadcast.TorrentBroadcast: Reading broadcast variable 9 took 18 ms
17/03/16 18:10:35 INFO executor.CoarseGrainedExecutorBackend: Got assigned task 238
17/03/16 18:10:35 INFO storage.MemoryStore: Block broadcast_9 stored as values in memory (estimated size 8.6 KB, free 836.0 MB)
17/03/16 18:10:35 INFO executor.Executor: Running task 44.0 in stage 5.0 (TID 238)
17/03/16 18:10:35 INFO broadcast.TorrentBroadcast: Started reading broadcast variable 8
17/03/16 18:10:35 INFO storage.MemoryStore: Block broadcast_8_piece93 stored as bytes in memory (estimated size 4.0 MB, free 840.0 MB)
17/03/16 18:10:35 INFO storage.MemoryStore: Block broadcast_8_piece29 stored as bytes in memory (estimated size 4.0 MB, free 844.0 MB)
17/03/16 18:10:35 INFO storage.MemoryStore: Block broadcast_8_piece60 stored as bytes in memory (estimated size 4.0 MB, free 848.0 MB)
17/03/16 18:10:35 INFO storage.MemoryStore: Block broadcast_8_piece46 stored as bytes in memory (estimated size 4.0 MB, free 852.0 MB)
17/03/16 18:10:35 INFO storage.MemoryStore: Block broadcast_8_piece36 stored as bytes in memory (estimated size 4.0 MB, free 856.0 MB)
17/03/16 18:10:35 INFO storage.MemoryStore: Block broadcast_8_piece58 stored as bytes in memory (estimated size 4.0 MB, free 860.0 MB)
17/03/16 18:10:35 INFO storage.MemoryStore: Block broadcast_8_piece99 stored as bytes in memory (estimated size 4.0 MB, free 864.0 MB)
17/03/16 18:10:35 INFO storage.MemoryStore: Block broadcast_8_piece100 stored as bytes in memory (estimated size 4.0 MB, free 868.0 MB)
17/03/16 18:10:35 INFO storage.MemoryStore: Block broadcast_8_piece96 stored as bytes in memory (estimated size 4.0 MB, free 872.0 MB)
17/03/16 18:10:35 INFO storage.MemoryStore: Block broadcast_8_piece61 stored as bytes in memory (estimated size 4.0 MB, free 876.0 MB)
17/03/16 18:10:35 INFO storage.MemoryStore: Block broadcast_8_piece8 stored as bytes in memory (estimated size 4.0 MB, free 880.0 MB)
17/03/16 18:10:35 INFO storage.MemoryStore: Block broadcast_8_piece101 stored as bytes in memory (estimated size 4.0 MB, free 884.0 MB)
17/03/16 18:10:35 INFO storage.MemoryStore: Block broadcast_8_piece4 stored as bytes in memory (estimated size 4.0 MB, free 888.0 MB)
17/03/16 18:10:35 INFO storage.MemoryStore: Block broadcast_8_piece11 stored as bytes in memory (estimated size 4.0 MB, free 892.0 MB)
17/03/16 18:10:35 INFO storage.MemoryStore: Block broadcast_8_piece12 stored as bytes in memory (estimated size 4.0 MB, free 896.0 MB)
17/03/16 18:10:35 INFO storage.MemoryStore: Block broadcast_8_piece76 stored as bytes in memory (estimated size 4.0 MB, free 900.0 MB)
17/03/16 18:10:35 INFO storage.MemoryStore: Block broadcast_8_piece14 stored as bytes in memory (estimated size 4.0 MB, free 904.0 MB)
17/03/16 18:10:35 INFO storage.MemoryStore: Block broadcast_8_piece5 stored as bytes in memory (estimated size 4.0 MB, free 908.0 MB)
17/03/16 18:10:35 INFO storage.MemoryStore: Block broadcast_8_piece20 stored as bytes in memory (estimated size 4.0 MB, free 912.0 MB)
17/03/16 18:10:35 INFO storage.MemoryStore: Block broadcast_8_piece17 stored as bytes in memory (estimated size 4.0 MB, free 916.0 MB)
17/03/16 18:10:35 INFO storage.MemoryStore: Block broadcast_8_piece67 stored as bytes in memory (estimated size 4.0 MB, free 920.0 MB)
17/03/16 18:10:35 INFO storage.MemoryStore: Block broadcast_8_piece39 stored as bytes in memory (estimated size 4.0 MB, free 924.0 MB)
17/03/16 18:10:35 INFO storage.MemoryStore: Block broadcast_8_piece34 stored as bytes in memory (estimated size 4.0 MB, free 928.0 MB)
17/03/16 18:10:36 INFO storage.MemoryStore: Block broadcast_8_piece47 stored as bytes in memory (estimated size 4.0 MB, free 932.0 MB)
17/03/16 18:10:36 INFO storage.MemoryStore: Block broadcast_8_piece98 stored as bytes in memory (estimated size 4.0 MB, free 936.0 MB)
17/03/16 18:10:36 INFO storage.MemoryStore: Block broadcast_8_piece41 stored as bytes in memory (estimated size 4.0 MB, free 940.0 MB)
17/03/16 18:10:36 INFO storage.MemoryStore: Block broadcast_8_piece103 stored as bytes in memory (estimated size 2.9 MB, free 942.9 MB)
17/03/16 18:10:36 INFO storage.MemoryStore: Block broadcast_8_piece7 stored as bytes in memory (estimated size 4.0 MB, free 946.9 MB)
17/03/16 18:10:36 INFO storage.MemoryStore: Block broadcast_8_piece56 stored as bytes in memory (estimated size 4.0 MB, free 950.9 MB)
17/03/16 18:10:36 INFO storage.MemoryStore: Block broadcast_8_piece81 stored as bytes in memory (estimated size 4.0 MB, free 954.9 MB)
17/03/16 18:10:36 INFO storage.MemoryStore: Block broadcast_8_piece65 stored as bytes in memory (estimated size 4.0 MB, free 958.9 MB)
17/03/16 18:10:36 INFO storage.MemoryStore: Block broadcast_8_piece71 stored as bytes in memory (estimated size 4.0 MB, free 962.9 MB)
17/03/16 18:10:36 INFO storage.MemoryStore: Block broadcast_8_piece35 stored as bytes in memory (estimated size 4.0 MB, free 966.9 MB)
17/03/16 18:10:36 INFO storage.MemoryStore: Block broadcast_8_piece53 stored as bytes in memory (estimated size 4.0 MB, free 970.9 MB)
17/03/16 18:10:36 INFO storage.MemoryStore: Block broadcast_8_piece9 stored as bytes in memory (estimated size 4.0 MB, free 974.9 MB)
17/03/16 18:10:36 INFO storage.MemoryStore: Block broadcast_8_piece10 stored as bytes in memory (estimated size 4.0 MB, free 978.9 MB)
17/03/16 18:10:36 INFO storage.MemoryStore: Block broadcast_8_piece54 stored as bytes in memory (estimated size 4.0 MB, free 982.9 MB)
17/03/16 18:10:36 INFO storage.MemoryStore: Block broadcast_8_piece2 stored as bytes in memory (estimated size 4.0 MB, free 986.9 MB)
17/03/16 18:10:36 INFO storage.MemoryStore: Block broadcast_8_piece30 stored as bytes in memory (estimated size 4.0 MB, free 990.9 MB)
17/03/16 18:10:36 INFO storage.MemoryStore: Block broadcast_8_piece23 stored as bytes in memory (estimated size 4.0 MB, free 994.9 MB)
17/03/16 18:10:36 INFO storage.MemoryStore: Block broadcast_8_piece79 stored as bytes in memory (estimated size 4.0 MB, free 998.9 MB)
17/03/16 18:10:36 INFO storage.MemoryStore: Block broadcast_8_piece63 stored as bytes in memory (estimated size 4.0 MB, free 1002.9 MB)
17/03/16 18:10:36 INFO storage.MemoryStore: Block broadcast_8_piece72 stored as bytes in memory (estimated size 4.0 MB, free 1006.9 MB)
17/03/16 18:10:36 INFO storage.MemoryStore: Block broadcast_8_piece78 stored as bytes in memory (estimated size 4.0 MB, free 1010.9 MB)
17/03/16 18:10:36 INFO storage.MemoryStore: Block broadcast_8_piece87 stored as bytes in memory (estimated size 4.0 MB, free 1014.9 MB)
17/03/16 18:10:36 INFO storage.MemoryStore: Block broadcast_8_piece92 stored as bytes in memory (estimated size 4.0 MB, free 1018.9 MB)
17/03/16 18:10:36 INFO storage.MemoryStore: Block broadcast_8_piece70 stored as bytes in memory (estimated size 4.0 MB, free 1022.9 MB)
17/03/16 18:10:36 INFO storage.MemoryStore: Block broadcast_8_piece6 stored as bytes in memory (estimated size 4.0 MB, free 1026.9 MB)
17/03/16 18:10:36 INFO storage.MemoryStore: Block broadcast_8_piece77 stored as bytes in memory (estimated size 4.0 MB, free 1030.9 MB)
17/03/16 18:10:36 INFO storage.MemoryStore: Block broadcast_8_piece51 stored as bytes in memory (estimated size 4.0 MB, free 1034.9 MB)
17/03/16 18:10:36 INFO storage.MemoryStore: Block broadcast_8_piece15 stored as bytes in memory (estimated size 4.0 MB, free 1038.9 MB)
17/03/16 18:10:36 INFO storage.MemoryStore: Block broadcast_8_piece16 stored as bytes in memory (estimated size 4.0 MB, free 1042.9 MB)
17/03/16 18:10:36 INFO storage.MemoryStore: Block broadcast_8_piece69 stored as bytes in memory (estimated size 4.0 MB, free 1046.9 MB)
17/03/16 18:10:36 INFO storage.MemoryStore: Block broadcast_8_piece52 stored as bytes in memory (estimated size 4.0 MB, free 1050.9 MB)
17/03/16 18:10:36 INFO storage.MemoryStore: Block broadcast_8_piece57 stored as bytes in memory (estimated size 4.0 MB, free 1054.9 MB)
17/03/16 18:10:36 INFO storage.MemoryStore: Block broadcast_8_piece89 stored as bytes in memory (estimated size 4.0 MB, free 1058.9 MB)
17/03/16 18:10:36 INFO storage.MemoryStore: Block broadcast_8_piece26 stored as bytes in memory (estimated size 4.0 MB, free 1062.9 MB)
17/03/16 18:10:36 INFO storage.MemoryStore: Block broadcast_8_piece90 stored as bytes in memory (estimated size 4.0 MB, free 1066.9 MB)
17/03/16 18:10:36 INFO storage.MemoryStore: Block broadcast_8_piece3 stored as bytes in memory (estimated size 4.0 MB, free 1070.9 MB)
17/03/16 18:10:36 INFO storage.MemoryStore: Block broadcast_8_piece25 stored as bytes in memory (estimated size 4.0 MB, free 1074.9 MB)
17/03/16 18:10:36 INFO storage.MemoryStore: Block broadcast_8_piece40 stored as bytes in memory (estimated size 4.0 MB, free 1078.9 MB)
17/03/16 18:10:36 INFO storage.MemoryStore: Block broadcast_8_piece83 stored as bytes in memory (estimated size 4.0 MB, free 1082.9 MB)
17/03/16 18:10:36 INFO storage.MemoryStore: Block broadcast_8_piece86 stored as bytes in memory (estimated size 4.0 MB, free 1086.9 MB)
17/03/16 18:10:36 INFO storage.MemoryStore: Block broadcast_8_piece28 stored as bytes in memory (estimated size 4.0 MB, free 1090.9 MB)
17/03/16 18:10:36 INFO storage.MemoryStore: Block broadcast_8_piece37 stored as bytes in memory (estimated size 4.0 MB, free 1094.9 MB)
17/03/16 18:10:36 INFO storage.MemoryStore: Block broadcast_8_piece59 stored as bytes in memory (estimated size 4.0 MB, free 1098.9 MB)
17/03/16 18:10:36 INFO storage.MemoryStore: Block broadcast_8_piece27 stored as bytes in memory (estimated size 4.0 MB, free 1102.9 MB)
17/03/16 18:10:36 INFO storage.MemoryStore: Block broadcast_8_piece64 stored as bytes in memory (estimated size 4.0 MB, free 1106.9 MB)
17/03/16 18:10:36 INFO storage.MemoryStore: Block broadcast_8_piece31 stored as bytes in memory (estimated size 4.0 MB, free 1110.9 MB)
17/03/16 18:10:36 INFO storage.MemoryStore: Block broadcast_8_piece91 stored as bytes in memory (estimated size 4.0 MB, free 1114.9 MB)
17/03/16 18:10:37 INFO storage.MemoryStore: Block broadcast_8_piece102 stored as bytes in memory (estimated size 4.0 MB, free 1118.9 MB)
17/03/16 18:10:37 INFO storage.MemoryStore: Block broadcast_8_piece66 stored as bytes in memory (estimated size 4.0 MB, free 1122.9 MB)
17/03/16 18:10:37 INFO storage.MemoryStore: Block broadcast_8_piece33 stored as bytes in memory (estimated size 4.0 MB, free 1126.9 MB)
17/03/16 18:10:37 INFO storage.MemoryStore: Block broadcast_8_piece55 stored as bytes in memory (estimated size 4.0 MB, free 1130.9 MB)
17/03/16 18:10:37 INFO storage.MemoryStore: Block broadcast_8_piece97 stored as bytes in memory (estimated size 4.0 MB, free 1134.9 MB)
17/03/16 18:10:37 INFO storage.MemoryStore: Block broadcast_8_piece24 stored as bytes in memory (estimated size 4.0 MB, free 1138.9 MB)
17/03/16 18:10:37 INFO storage.MemoryStore: Block broadcast_8_piece88 stored as bytes in memory (estimated size 4.0 MB, free 1142.9 MB)
17/03/16 18:10:37 INFO storage.MemoryStore: Block broadcast_8_piece85 stored as bytes in memory (estimated size 4.0 MB, free 1146.9 MB)
17/03/16 18:10:37 INFO storage.MemoryStore: Block broadcast_8_piece45 stored as bytes in memory (estimated size 4.0 MB, free 1150.9 MB)
17/03/16 18:10:37 INFO storage.MemoryStore: Block broadcast_8_piece50 stored as bytes in memory (estimated size 4.0 MB, free 1154.9 MB)
17/03/16 18:10:37 INFO storage.MemoryStore: Block broadcast_8_piece38 stored as bytes in memory (estimated size 4.0 MB, free 1158.9 MB)
17/03/16 18:10:37 INFO storage.MemoryStore: Block broadcast_8_piece94 stored as bytes in memory (estimated size 4.0 MB, free 1162.9 MB)
17/03/16 18:10:37 INFO storage.MemoryStore: Block broadcast_8_piece75 stored as bytes in memory (estimated size 4.0 MB, free 1166.9 MB)
17/03/16 18:10:37 INFO storage.MemoryStore: Block broadcast_8_piece68 stored as bytes in memory (estimated size 4.0 MB, free 1170.9 MB)
17/03/16 18:10:37 INFO storage.MemoryStore: Block broadcast_8_piece32 stored as bytes in memory (estimated size 4.0 MB, free 1174.9 MB)
17/03/16 18:10:37 INFO storage.MemoryStore: Block broadcast_8_piece48 stored as bytes in memory (estimated size 4.0 MB, free 1178.9 MB)
17/03/16 18:10:37 INFO storage.MemoryStore: Block broadcast_8_piece82 stored as bytes in memory (estimated size 4.0 MB, free 1182.9 MB)
17/03/16 18:10:37 INFO storage.MemoryStore: Block broadcast_8_piece13 stored as bytes in memory (estimated size 4.0 MB, free 1186.9 MB)
17/03/16 18:10:37 INFO storage.MemoryStore: Block broadcast_8_piece21 stored as bytes in memory (estimated size 4.0 MB, free 1190.9 MB)
17/03/16 18:10:37 INFO storage.MemoryStore: Block broadcast_8_piece95 stored as bytes in memory (estimated size 4.0 MB, free 1194.9 MB)
17/03/16 18:10:37 INFO storage.MemoryStore: Block broadcast_8_piece43 stored as bytes in memory (estimated size 4.0 MB, free 1198.9 MB)
17/03/16 18:10:37 INFO storage.MemoryStore: Block broadcast_8_piece80 stored as bytes in memory (estimated size 4.0 MB, free 1202.9 MB)
17/03/16 18:10:37 INFO storage.MemoryStore: Block broadcast_8_piece1 stored as bytes in memory (estimated size 4.0 MB, free 1206.9 MB)
17/03/16 18:10:37 INFO storage.MemoryStore: Block broadcast_8_piece73 stored as bytes in memory (estimated size 4.0 MB, free 1210.9 MB)
17/03/16 18:10:37 INFO storage.MemoryStore: Block broadcast_8_piece49 stored as bytes in memory (estimated size 4.0 MB, free 1214.9 MB)
17/03/16 18:10:37 INFO storage.MemoryStore: Block broadcast_8_piece22 stored as bytes in memory (estimated size 4.0 MB, free 1218.9 MB)
17/03/16 18:10:37 INFO storage.MemoryStore: Block broadcast_8_piece44 stored as bytes in memory (estimated size 4.0 MB, free 1222.9 MB)
17/03/16 18:10:37 INFO storage.MemoryStore: Block broadcast_8_piece0 stored as bytes in memory (estimated size 4.0 MB, free 1226.9 MB)
17/03/16 18:10:37 INFO storage.MemoryStore: Block broadcast_8_piece84 stored as bytes in memory (estimated size 4.0 MB, free 1230.9 MB)
17/03/16 18:10:37 INFO storage.MemoryStore: Block broadcast_8_piece42 stored as bytes in memory (estimated size 4.0 MB, free 1234.9 MB)
17/03/16 18:10:37 INFO storage.MemoryStore: Block broadcast_8_piece18 stored as bytes in memory (estimated size 4.0 MB, free 1238.9 MB)
17/03/16 18:10:37 INFO storage.MemoryStore: Block broadcast_8_piece19 stored as bytes in memory (estimated size 4.0 MB, free 1242.9 MB)
17/03/16 18:10:37 INFO storage.MemoryStore: Block broadcast_8_piece62 stored as bytes in memory (estimated size 4.0 MB, free 1246.9 MB)
17/03/16 18:10:37 INFO storage.MemoryStore: Block broadcast_8_piece74 stored as bytes in memory (estimated size 4.0 MB, free 1250.9 MB)
17/03/16 18:10:37 INFO broadcast.TorrentBroadcast: Reading broadcast variable 8 took 2354 ms
17/03/16 18:10:45 INFO storage.MemoryStore: Block broadcast_8 stored as values in memory (estimated size 384.0 B, free 1250.9 MB)
17/03/16 18:10:52 INFO python.PythonRunner: Times: total = 17274, boot = 21, init = 9770, finish = 7483
17/03/16 18:10:52 INFO python.PythonRunner: Times: total = 17311, boot = 24, init = 9766, finish = 7521
17/03/16 18:10:52 INFO executor.Executor: Finished task 32.0 in stage 5.0 (TID 226). 1274 bytes result sent to driver
17/03/16 18:10:52 INFO executor.Executor: Finished task 38.0 in stage 5.0 (TID 232). 1274 bytes result sent to driver
17/03/16 18:10:52 INFO python.PythonRunner: Times: total = 17495, boot = 7, init = 9785, finish = 7703
17/03/16 18:10:52 INFO python.PythonRunner: Times: total = 17520, boot = 14, init = 9778, finish = 7728
17/03/16 18:10:52 INFO python.PythonRunner: Times: total = 17531, boot = 17, init = 9774, finish = 7740
17/03/16 18:10:52 INFO python.PythonRunner: Times: total = 17554, boot = 4, init = 9789, finish = 7761
17/03/16 18:10:52 INFO python.PythonRunner: Times: total = 17571, boot = 4, init = 9786, finish = 7781
17/03/16 18:10:52 INFO python.PythonRunner: Times: total = 17574, boot = 11, init = 9781, finish = 7782
17/03/16 18:10:52 INFO executor.Executor: Finished task 8.0 in stage 5.0 (TID 202). 1274 bytes result sent to driver
17/03/16 18:10:52 INFO executor.Executor: Finished task 20.0 in stage 5.0 (TID 214). 1274 bytes result sent to driver
17/03/16 18:10:52 INFO executor.Executor: Finished task 26.0 in stage 5.0 (TID 220). 1274 bytes result sent to driver
17/03/16 18:10:52 INFO executor.Executor: Finished task 44.0 in stage 5.0 (TID 238). 1274 bytes result sent to driver
17/03/16 18:10:52 INFO executor.Executor: Finished task 14.0 in stage 5.0 (TID 208). 1274 bytes result sent to driver
17/03/16 18:10:52 INFO executor.Executor: Finished task 2.0 in stage 5.0 (TID 196). 1274 bytes result sent to driver
17/03/16 18:11:10 INFO executor.CoarseGrainedExecutorBackend: Got assigned task 246
17/03/16 18:11:10 INFO executor.Executor: Running task 4.0 in stage 6.0 (TID 246)
17/03/16 18:11:10 INFO executor.CoarseGrainedExecutorBackend: Got assigned task 252
17/03/16 18:11:10 INFO executor.Executor: Running task 10.0 in stage 6.0 (TID 252)
17/03/16 18:11:10 INFO executor.CoarseGrainedExecutorBackend: Got assigned task 258
17/03/16 18:11:10 INFO executor.CoarseGrainedExecutorBackend: Got assigned task 264
17/03/16 18:11:10 INFO executor.Executor: Running task 16.0 in stage 6.0 (TID 258)
17/03/16 18:11:10 INFO executor.CoarseGrainedExecutorBackend: Got assigned task 270
17/03/16 18:11:10 INFO spark.MapOutputTrackerWorker: Updating epoch to 3 and clearing cache
17/03/16 18:11:10 INFO executor.Executor: Running task 22.0 in stage 6.0 (TID 264)
17/03/16 18:11:10 INFO executor.Executor: Running task 28.0 in stage 6.0 (TID 270)
17/03/16 18:11:10 INFO executor.CoarseGrainedExecutorBackend: Got assigned task 276
17/03/16 18:11:10 INFO executor.Executor: Running task 34.0 in stage 6.0 (TID 276)
17/03/16 18:11:10 INFO executor.CoarseGrainedExecutorBackend: Got assigned task 282
17/03/16 18:11:10 INFO broadcast.TorrentBroadcast: Started reading broadcast variable 10
17/03/16 18:11:10 INFO executor.CoarseGrainedExecutorBackend: Got assigned task 288
17/03/16 18:11:10 INFO executor.Executor: Running task 40.0 in stage 6.0 (TID 282)
17/03/16 18:11:10 INFO executor.Executor: Running task 46.0 in stage 6.0 (TID 288)
17/03/16 18:11:10 INFO storage.MemoryStore: Block broadcast_10_piece0 stored as bytes in memory (estimated size 3.3 KB, free 1250.9 MB)
17/03/16 18:11:10 INFO broadcast.TorrentBroadcast: Reading broadcast variable 10 took 10 ms
17/03/16 18:11:10 INFO storage.MemoryStore: Block broadcast_10 stored as values in memory (estimated size 5.3 KB, free 1250.9 MB)
17/03/16 18:11:10 INFO spark.MapOutputTrackerWorker: Don't have map outputs for shuffle 2, fetching them
17/03/16 18:11:10 INFO spark.MapOutputTrackerWorker: Don't have map outputs for shuffle 2, fetching them
17/03/16 18:11:10 INFO spark.MapOutputTrackerWorker: Doing the fetch; tracker endpoint = NettyRpcEndpointRef(spark://MapOutputTracker@10.10.34.38:36751)
17/03/16 18:11:10 INFO spark.MapOutputTrackerWorker: Don't have map outputs for shuffle 2, fetching them
17/03/16 18:11:10 INFO spark.MapOutputTrackerWorker: Don't have map outputs for shuffle 2, fetching them
17/03/16 18:11:10 INFO spark.MapOutputTrackerWorker: Don't have map outputs for shuffle 2, fetching them
17/03/16 18:11:10 INFO spark.MapOutputTrackerWorker: Don't have map outputs for shuffle 2, fetching them
17/03/16 18:11:10 INFO spark.MapOutputTrackerWorker: Don't have map outputs for shuffle 2, fetching them
17/03/16 18:11:10 INFO spark.MapOutputTrackerWorker: Don't have map outputs for shuffle 2, fetching them
17/03/16 18:11:10 INFO spark.MapOutputTrackerWorker: Got the output locations
17/03/16 18:11:10 INFO storage.ShuffleBlockFetcherIterator: Getting 48 non-empty blocks out of 48 blocks
17/03/16 18:11:10 INFO storage.ShuffleBlockFetcherIterator: Getting 48 non-empty blocks out of 48 blocks
17/03/16 18:11:10 INFO storage.ShuffleBlockFetcherIterator: Getting 48 non-empty blocks out of 48 blocks
17/03/16 18:11:10 INFO storage.ShuffleBlockFetcherIterator: Started 8 remote fetches in 5 ms
17/03/16 18:11:10 INFO storage.ShuffleBlockFetcherIterator: Getting 48 non-empty blocks out of 48 blocks
17/03/16 18:11:10 INFO storage.ShuffleBlockFetcherIterator: Getting 48 non-empty blocks out of 48 blocks
17/03/16 18:11:10 INFO storage.ShuffleBlockFetcherIterator: Started 6 remote fetches in 4 ms
17/03/16 18:11:10 INFO storage.ShuffleBlockFetcherIterator: Started 6 remote fetches in 6 ms
17/03/16 18:11:10 INFO storage.ShuffleBlockFetcherIterator: Started 5 remote fetches in 4 ms
17/03/16 18:11:10 INFO storage.ShuffleBlockFetcherIterator: Getting 48 non-empty blocks out of 48 blocks
17/03/16 18:11:10 INFO storage.ShuffleBlockFetcherIterator: Started 7 remote fetches in 4 ms
17/03/16 18:11:10 INFO storage.ShuffleBlockFetcherIterator: Getting 48 non-empty blocks out of 48 blocks
17/03/16 18:11:10 INFO storage.ShuffleBlockFetcherIterator: Getting 48 non-empty blocks out of 48 blocks
17/03/16 18:11:10 INFO storage.ShuffleBlockFetcherIterator: Started 6 remote fetches in 5 ms
17/03/16 18:11:10 INFO storage.ShuffleBlockFetcherIterator: Started 6 remote fetches in 4 ms
17/03/16 18:11:10 INFO storage.ShuffleBlockFetcherIterator: Started 6 remote fetches in 7 ms
17/03/16 18:11:11 INFO python.PythonRunner: Times: total = 914, boot = -18037, init = 18042, finish = 909
17/03/16 18:11:11 INFO python.PythonRunner: Times: total = 924, boot = -18299, init = 18303, finish = 920
17/03/16 18:11:11 INFO python.PythonRunner: Times: total = 919, boot = -18005, init = 18022, finish = 902
17/03/16 18:11:11 INFO executor.Executor: Finished task 28.0 in stage 6.0 (TID 270). 9557467 bytes result sent to driver
17/03/16 18:11:11 INFO executor.Executor: Finished task 46.0 in stage 6.0 (TID 288). 9551755 bytes result sent to driver
17/03/16 18:11:11 INFO executor.Executor: Finished task 16.0 in stage 6.0 (TID 258). 9550981 bytes result sent to driver
17/03/16 18:11:11 INFO python.PythonRunner: Times: total = 961, boot = -18081, init = 18088, finish = 954
17/03/16 18:11:11 INFO executor.Executor: Finished task 4.0 in stage 6.0 (TID 246). 9565917 bytes result sent to driver
17/03/16 18:11:11 INFO python.PythonRunner: Times: total = 980, boot = -18017, init = 18020, finish = 977
17/03/16 18:11:11 INFO python.PythonRunner: Times: total = 987, boot = -18057, init = 18070, finish = 974
17/03/16 18:11:11 INFO python.PythonRunner: Times: total = 991, boot = -18266, init = 18276, finish = 981
17/03/16 18:11:11 INFO executor.Executor: Finished task 22.0 in stage 6.0 (TID 264). 9565627 bytes result sent to driver
17/03/16 18:11:11 INFO executor.Executor: Finished task 40.0 in stage 6.0 (TID 282). 9562311 bytes result sent to driver
17/03/16 18:11:11 INFO executor.Executor: Finished task 34.0 in stage 6.0 (TID 276). 9560170 bytes result sent to driver
17/03/16 18:11:11 INFO python.PythonRunner: Times: total = 1020, boot = -18014, init = 18017, finish = 1017
17/03/16 18:11:11 INFO executor.Executor: Finished task 10.0 in stage 6.0 (TID 252). 9558686 bytes result sent to driver
17/03/16 18:11:15 INFO storage.BlockManager: Removing RDD 15
17/03/16 18:11:15 INFO storage.BlockManager: Removing RDD 20
17/03/16 18:18:32 INFO executor.CoarseGrainedExecutorBackend: Got assigned task 290
17/03/16 18:18:32 INFO executor.Executor: Running task 0.0 in stage 7.0 (TID 290)
17/03/16 18:18:32 INFO executor.CoarseGrainedExecutorBackend: Got assigned task 296
17/03/16 18:18:32 INFO broadcast.TorrentBroadcast: Started reading broadcast variable 12
17/03/16 18:18:32 INFO executor.Executor: Running task 6.0 in stage 7.0 (TID 296)
17/03/16 18:18:32 INFO executor.CoarseGrainedExecutorBackend: Got assigned task 302
17/03/16 18:18:32 INFO executor.Executor: Running task 12.0 in stage 7.0 (TID 302)
17/03/16 18:18:32 INFO executor.CoarseGrainedExecutorBackend: Got assigned task 308
17/03/16 18:18:32 INFO executor.Executor: Running task 18.0 in stage 7.0 (TID 308)
17/03/16 18:18:32 INFO executor.CoarseGrainedExecutorBackend: Got assigned task 314
17/03/16 18:18:32 INFO executor.Executor: Running task 24.0 in stage 7.0 (TID 314)
17/03/16 18:18:32 INFO executor.CoarseGrainedExecutorBackend: Got assigned task 320
17/03/16 18:18:32 INFO executor.Executor: Running task 30.0 in stage 7.0 (TID 320)
17/03/16 18:18:32 INFO storage.MemoryStore: Block broadcast_12_piece0 stored as bytes in memory (estimated size 5.4 KB, free 415.2 MB)
17/03/16 18:18:32 INFO executor.CoarseGrainedExecutorBackend: Got assigned task 326
17/03/16 18:18:32 INFO executor.Executor: Running task 36.0 in stage 7.0 (TID 326)
17/03/16 18:18:32 INFO executor.CoarseGrainedExecutorBackend: Got assigned task 332
17/03/16 18:18:32 INFO executor.Executor: Running task 42.0 in stage 7.0 (TID 332)
17/03/16 18:18:32 INFO broadcast.TorrentBroadcast: Reading broadcast variable 12 took 18 ms
17/03/16 18:18:32 INFO storage.MemoryStore: Block broadcast_12 stored as values in memory (estimated size 8.6 KB, free 415.2 MB)
17/03/16 18:18:32 INFO broadcast.TorrentBroadcast: Started reading broadcast variable 11
17/03/16 18:18:32 INFO storage.MemoryStore: Block broadcast_11_piece39 stored as bytes in memory (estimated size 4.0 MB, free 419.2 MB)
17/03/16 18:18:32 INFO storage.MemoryStore: Block broadcast_11_piece102 stored as bytes in memory (estimated size 4.0 MB, free 423.2 MB)
17/03/16 18:18:32 INFO storage.MemoryStore: Block broadcast_11_piece52 stored as bytes in memory (estimated size 4.0 MB, free 427.2 MB)
17/03/16 18:18:32 INFO storage.MemoryStore: Block broadcast_11_piece33 stored as bytes in memory (estimated size 4.0 MB, free 431.2 MB)
17/03/16 18:18:32 INFO storage.MemoryStore: Block broadcast_11_piece100 stored as bytes in memory (estimated size 4.0 MB, free 435.2 MB)
17/03/16 18:18:32 INFO storage.MemoryStore: Block broadcast_11_piece2 stored as bytes in memory (estimated size 4.0 MB, free 439.2 MB)
17/03/16 18:18:32 INFO storage.MemoryStore: Block broadcast_11_piece58 stored as bytes in memory (estimated size 4.0 MB, free 443.2 MB)
17/03/16 18:18:32 INFO storage.MemoryStore: Block broadcast_11_piece99 stored as bytes in memory (estimated size 4.0 MB, free 447.2 MB)
17/03/16 18:18:32 INFO storage.MemoryStore: Block broadcast_11_piece101 stored as bytes in memory (estimated size 4.0 MB, free 451.2 MB)
17/03/16 18:18:32 INFO storage.MemoryStore: Block broadcast_11_piece9 stored as bytes in memory (estimated size 4.0 MB, free 455.2 MB)
17/03/16 18:18:32 INFO storage.MemoryStore: Block broadcast_11_piece56 stored as bytes in memory (estimated size 4.0 MB, free 459.2 MB)
17/03/16 18:18:32 INFO storage.MemoryStore: Block broadcast_11_piece15 stored as bytes in memory (estimated size 4.0 MB, free 463.2 MB)
17/03/16 18:18:32 INFO storage.MemoryStore: Block broadcast_11_piece41 stored as bytes in memory (estimated size 4.0 MB, free 467.2 MB)
17/03/16 18:18:32 INFO storage.MemoryStore: Block broadcast_11_piece45 stored as bytes in memory (estimated size 4.0 MB, free 471.2 MB)
17/03/16 18:18:32 INFO storage.MemoryStore: Block broadcast_11_piece44 stored as bytes in memory (estimated size 4.0 MB, free 475.2 MB)
17/03/16 18:18:32 INFO storage.MemoryStore: Block broadcast_11_piece25 stored as bytes in memory (estimated size 4.0 MB, free 479.2 MB)
17/03/16 18:18:32 INFO storage.MemoryStore: Block broadcast_11_piece80 stored as bytes in memory (estimated size 4.0 MB, free 483.2 MB)
17/03/16 18:18:32 INFO storage.MemoryStore: Block broadcast_11_piece43 stored as bytes in memory (estimated size 4.0 MB, free 487.2 MB)
17/03/16 18:18:32 INFO storage.MemoryStore: Block broadcast_11_piece68 stored as bytes in memory (estimated size 4.0 MB, free 491.2 MB)
17/03/16 18:18:32 INFO storage.MemoryStore: Block broadcast_11_piece31 stored as bytes in memory (estimated size 4.0 MB, free 495.2 MB)
17/03/16 18:18:32 INFO storage.MemoryStore: Block broadcast_11_piece94 stored as bytes in memory (estimated size 4.0 MB, free 499.2 MB)
17/03/16 18:18:32 INFO storage.MemoryStore: Block broadcast_11_piece96 stored as bytes in memory (estimated size 4.0 MB, free 503.2 MB)
17/03/16 18:18:32 INFO storage.MemoryStore: Block broadcast_11_piece1 stored as bytes in memory (estimated size 4.0 MB, free 507.2 MB)
17/03/16 18:18:32 INFO storage.MemoryStore: Block broadcast_11_piece98 stored as bytes in memory (estimated size 4.0 MB, free 511.2 MB)
17/03/16 18:18:32 INFO storage.MemoryStore: Block broadcast_11_piece54 stored as bytes in memory (estimated size 4.0 MB, free 515.2 MB)
17/03/16 18:18:32 INFO storage.MemoryStore: Block broadcast_11_piece34 stored as bytes in memory (estimated size 4.0 MB, free 519.2 MB)
17/03/16 18:18:32 INFO storage.MemoryStore: Block broadcast_11_piece7 stored as bytes in memory (estimated size 4.0 MB, free 523.2 MB)
17/03/16 18:18:32 INFO storage.MemoryStore: Block broadcast_11_piece51 stored as bytes in memory (estimated size 4.0 MB, free 527.2 MB)
17/03/16 18:18:33 INFO storage.MemoryStore: Block broadcast_11_piece74 stored as bytes in memory (estimated size 4.0 MB, free 531.2 MB)
17/03/16 18:18:33 INFO storage.MemoryStore: Block broadcast_11_piece0 stored as bytes in memory (estimated size 4.0 MB, free 535.2 MB)
17/03/16 18:18:33 INFO storage.MemoryStore: Block broadcast_11_piece55 stored as bytes in memory (estimated size 4.0 MB, free 539.2 MB)
17/03/16 18:18:33 INFO storage.MemoryStore: Block broadcast_11_piece75 stored as bytes in memory (estimated size 4.0 MB, free 543.2 MB)
17/03/16 18:18:33 INFO storage.MemoryStore: Block broadcast_11_piece13 stored as bytes in memory (estimated size 4.0 MB, free 547.2 MB)
17/03/16 18:18:33 INFO storage.MemoryStore: Block broadcast_11_piece20 stored as bytes in memory (estimated size 4.0 MB, free 551.2 MB)
17/03/16 18:18:33 INFO storage.MemoryStore: Block broadcast_11_piece69 stored as bytes in memory (estimated size 4.0 MB, free 555.2 MB)
17/03/16 18:18:33 INFO storage.MemoryStore: Block broadcast_11_piece12 stored as bytes in memory (estimated size 4.0 MB, free 559.2 MB)
17/03/16 18:18:33 INFO storage.MemoryStore: Block broadcast_11_piece66 stored as bytes in memory (estimated size 4.0 MB, free 563.2 MB)
17/03/16 18:18:33 INFO storage.MemoryStore: Block broadcast_11_piece79 stored as bytes in memory (estimated size 4.0 MB, free 567.2 MB)
17/03/16 18:18:33 INFO storage.MemoryStore: Block broadcast_11_piece40 stored as bytes in memory (estimated size 4.0 MB, free 571.2 MB)
17/03/16 18:18:33 INFO storage.MemoryStore: Block broadcast_11_piece82 stored as bytes in memory (estimated size 4.0 MB, free 575.2 MB)
17/03/16 18:18:33 INFO storage.MemoryStore: Block broadcast_11_piece89 stored as bytes in memory (estimated size 4.0 MB, free 579.2 MB)
17/03/16 18:18:33 INFO storage.MemoryStore: Block broadcast_11_piece19 stored as bytes in memory (estimated size 4.0 MB, free 583.2 MB)
17/03/16 18:18:33 INFO storage.MemoryStore: Block broadcast_11_piece30 stored as bytes in memory (estimated size 4.0 MB, free 587.2 MB)
17/03/16 18:18:33 INFO storage.MemoryStore: Block broadcast_11_piece32 stored as bytes in memory (estimated size 4.0 MB, free 591.2 MB)
17/03/16 18:18:33 INFO storage.MemoryStore: Block broadcast_11_piece65 stored as bytes in memory (estimated size 4.0 MB, free 595.2 MB)
17/03/16 18:18:33 INFO storage.MemoryStore: Block broadcast_11_piece11 stored as bytes in memory (estimated size 4.0 MB, free 599.2 MB)
17/03/16 18:18:33 INFO storage.MemoryStore: Block broadcast_11_piece70 stored as bytes in memory (estimated size 4.0 MB, free 603.2 MB)
17/03/16 18:18:33 INFO storage.MemoryStore: Block broadcast_11_piece88 stored as bytes in memory (estimated size 4.0 MB, free 607.2 MB)
17/03/16 18:18:33 INFO storage.MemoryStore: Block broadcast_11_piece81 stored as bytes in memory (estimated size 4.0 MB, free 611.2 MB)
17/03/16 18:18:33 INFO storage.MemoryStore: Block broadcast_11_piece91 stored as bytes in memory (estimated size 4.0 MB, free 615.2 MB)
17/03/16 18:18:33 INFO storage.MemoryStore: Block broadcast_11_piece71 stored as bytes in memory (estimated size 4.0 MB, free 619.2 MB)
17/03/16 18:18:33 INFO storage.MemoryStore: Block broadcast_11_piece86 stored as bytes in memory (estimated size 4.0 MB, free 623.2 MB)
17/03/16 18:18:33 INFO storage.MemoryStore: Block broadcast_11_piece84 stored as bytes in memory (estimated size 4.0 MB, free 627.2 MB)
17/03/16 18:18:33 INFO storage.MemoryStore: Block broadcast_11_piece61 stored as bytes in memory (estimated size 4.0 MB, free 631.2 MB)
17/03/16 18:18:33 INFO storage.MemoryStore: Block broadcast_11_piece26 stored as bytes in memory (estimated size 4.0 MB, free 635.2 MB)
17/03/16 18:18:33 INFO storage.MemoryStore: Block broadcast_11_piece62 stored as bytes in memory (estimated size 4.0 MB, free 639.2 MB)
17/03/16 18:18:33 INFO storage.MemoryStore: Block broadcast_11_piece42 stored as bytes in memory (estimated size 4.0 MB, free 643.2 MB)
17/03/16 18:18:33 INFO storage.MemoryStore: Block broadcast_11_piece22 stored as bytes in memory (estimated size 4.0 MB, free 647.2 MB)
17/03/16 18:18:33 INFO storage.MemoryStore: Block broadcast_11_piece37 stored as bytes in memory (estimated size 4.0 MB, free 651.2 MB)
17/03/16 18:18:33 INFO storage.MemoryStore: Block broadcast_11_piece90 stored as bytes in memory (estimated size 4.0 MB, free 655.2 MB)
17/03/16 18:18:33 INFO storage.MemoryStore: Block broadcast_11_piece5 stored as bytes in memory (estimated size 4.0 MB, free 659.2 MB)
17/03/16 18:18:33 INFO storage.MemoryStore: Block broadcast_11_piece95 stored as bytes in memory (estimated size 4.0 MB, free 663.2 MB)
17/03/16 18:18:33 INFO storage.MemoryStore: Block broadcast_11_piece3 stored as bytes in memory (estimated size 4.0 MB, free 667.2 MB)
17/03/16 18:18:33 INFO storage.MemoryStore: Block broadcast_11_piece77 stored as bytes in memory (estimated size 4.0 MB, free 671.2 MB)
17/03/16 18:18:33 INFO storage.MemoryStore: Block broadcast_11_piece67 stored as bytes in memory (estimated size 4.0 MB, free 675.2 MB)
17/03/16 18:18:33 INFO storage.MemoryStore: Block broadcast_11_piece14 stored as bytes in memory (estimated size 4.0 MB, free 679.2 MB)
17/03/16 18:18:33 INFO storage.MemoryStore: Block broadcast_11_piece64 stored as bytes in memory (estimated size 4.0 MB, free 683.2 MB)
17/03/16 18:18:33 INFO storage.MemoryStore: Block broadcast_11_piece10 stored as bytes in memory (estimated size 4.0 MB, free 687.2 MB)
17/03/16 18:18:33 INFO storage.MemoryStore: Block broadcast_11_piece6 stored as bytes in memory (estimated size 4.0 MB, free 691.2 MB)
17/03/16 18:18:33 INFO storage.MemoryStore: Block broadcast_11_piece59 stored as bytes in memory (estimated size 4.0 MB, free 695.2 MB)
17/03/16 18:18:33 INFO storage.MemoryStore: Block broadcast_11_piece17 stored as bytes in memory (estimated size 4.0 MB, free 699.2 MB)
17/03/16 18:18:33 INFO storage.MemoryStore: Block broadcast_11_piece49 stored as bytes in memory (estimated size 4.0 MB, free 703.2 MB)
17/03/16 18:18:33 INFO storage.MemoryStore: Block broadcast_11_piece35 stored as bytes in memory (estimated size 4.0 MB, free 707.2 MB)
17/03/16 18:18:33 INFO storage.MemoryStore: Block broadcast_11_piece48 stored as bytes in memory (estimated size 4.0 MB, free 711.2 MB)
17/03/16 18:18:33 INFO storage.MemoryStore: Block broadcast_11_piece76 stored as bytes in memory (estimated size 4.0 MB, free 715.2 MB)
17/03/16 18:18:34 INFO storage.MemoryStore: Block broadcast_11_piece85 stored as bytes in memory (estimated size 4.0 MB, free 719.2 MB)
17/03/16 18:18:34 INFO storage.MemoryStore: Block broadcast_11_piece73 stored as bytes in memory (estimated size 4.0 MB, free 723.2 MB)
17/03/16 18:18:34 INFO storage.MemoryStore: Block broadcast_11_piece24 stored as bytes in memory (estimated size 4.0 MB, free 727.2 MB)
17/03/16 18:18:34 INFO storage.MemoryStore: Block broadcast_11_piece50 stored as bytes in memory (estimated size 4.0 MB, free 731.2 MB)
17/03/16 18:18:34 INFO storage.MemoryStore: Block broadcast_11_piece4 stored as bytes in memory (estimated size 4.0 MB, free 735.2 MB)
17/03/16 18:18:34 INFO storage.MemoryStore: Block broadcast_11_piece29 stored as bytes in memory (estimated size 4.0 MB, free 739.2 MB)
17/03/16 18:18:34 INFO storage.MemoryStore: Block broadcast_11_piece18 stored as bytes in memory (estimated size 4.0 MB, free 743.2 MB)
17/03/16 18:18:34 INFO storage.MemoryStore: Block broadcast_11_piece63 stored as bytes in memory (estimated size 4.0 MB, free 747.2 MB)
17/03/16 18:18:34 INFO storage.MemoryStore: Block broadcast_11_piece60 stored as bytes in memory (estimated size 4.0 MB, free 751.2 MB)
17/03/16 18:18:34 INFO storage.MemoryStore: Block broadcast_11_piece87 stored as bytes in memory (estimated size 4.0 MB, free 755.2 MB)
17/03/16 18:18:34 INFO storage.MemoryStore: Block broadcast_11_piece83 stored as bytes in memory (estimated size 4.0 MB, free 759.2 MB)
17/03/16 18:18:34 INFO storage.MemoryStore: Block broadcast_11_piece16 stored as bytes in memory (estimated size 4.0 MB, free 763.2 MB)
17/03/16 18:18:34 INFO storage.MemoryStore: Block broadcast_11_piece8 stored as bytes in memory (estimated size 4.0 MB, free 767.2 MB)
17/03/16 18:18:34 INFO storage.MemoryStore: Block broadcast_11_piece38 stored as bytes in memory (estimated size 4.0 MB, free 771.2 MB)
17/03/16 18:18:34 INFO storage.MemoryStore: Block broadcast_11_piece21 stored as bytes in memory (estimated size 4.0 MB, free 775.2 MB)
17/03/16 18:18:34 INFO storage.MemoryStore: Block broadcast_11_piece93 stored as bytes in memory (estimated size 4.0 MB, free 779.2 MB)
17/03/16 18:18:34 INFO storage.MemoryStore: Block broadcast_11_piece23 stored as bytes in memory (estimated size 4.0 MB, free 783.2 MB)
17/03/16 18:18:34 INFO storage.MemoryStore: Block broadcast_11_piece97 stored as bytes in memory (estimated size 4.0 MB, free 787.2 MB)
17/03/16 18:18:34 INFO storage.MemoryStore: Block broadcast_11_piece36 stored as bytes in memory (estimated size 4.0 MB, free 791.2 MB)
17/03/16 18:18:34 INFO storage.MemoryStore: Block broadcast_11_piece92 stored as bytes in memory (estimated size 4.0 MB, free 795.2 MB)
17/03/16 18:18:34 INFO storage.MemoryStore: Block broadcast_11_piece78 stored as bytes in memory (estimated size 4.0 MB, free 799.2 MB)
17/03/16 18:18:34 INFO storage.MemoryStore: Block broadcast_11_piece28 stored as bytes in memory (estimated size 4.0 MB, free 803.2 MB)
17/03/16 18:18:34 INFO storage.MemoryStore: Block broadcast_11_piece103 stored as bytes in memory (estimated size 2.6 MB, free 805.8 MB)
17/03/16 18:18:34 INFO storage.MemoryStore: Block broadcast_11_piece46 stored as bytes in memory (estimated size 4.0 MB, free 809.8 MB)
17/03/16 18:18:34 INFO storage.MemoryStore: Block broadcast_11_piece47 stored as bytes in memory (estimated size 4.0 MB, free 813.8 MB)
17/03/16 18:18:34 INFO storage.MemoryStore: Block broadcast_11_piece72 stored as bytes in memory (estimated size 4.0 MB, free 817.8 MB)
17/03/16 18:18:34 INFO storage.MemoryStore: Block broadcast_11_piece57 stored as bytes in memory (estimated size 4.0 MB, free 821.8 MB)
17/03/16 18:18:34 INFO storage.MemoryStore: Block broadcast_11_piece53 stored as bytes in memory (estimated size 4.0 MB, free 825.8 MB)
17/03/16 18:18:34 INFO storage.MemoryStore: Block broadcast_11_piece27 stored as bytes in memory (estimated size 4.0 MB, free 829.8 MB)
17/03/16 18:18:34 INFO broadcast.TorrentBroadcast: Reading broadcast variable 11 took 2215 ms
17/03/16 18:18:42 INFO storage.MemoryStore: Block broadcast_11 stored as values in memory (estimated size 384.0 B, free 829.8 MB)
17/03/16 18:18:49 INFO python.PythonRunner: Times: total = 17650, boot = 4, init = 10127, finish = 7519
17/03/16 18:18:50 INFO executor.Executor: Finished task 0.0 in stage 7.0 (TID 290). 1274 bytes result sent to driver
17/03/16 18:18:50 INFO python.PythonRunner: Times: total = 17804, boot = 15, init = 10117, finish = 7672
17/03/16 18:18:50 INFO python.PythonRunner: Times: total = 17826, boot = 12, init = 10121, finish = 7693
17/03/16 18:18:50 INFO python.PythonRunner: Times: total = 17844, boot = 5, init = 10129, finish = 7710
17/03/16 18:18:50 INFO python.PythonRunner: Times: total = 17871, boot = 20, init = 10108, finish = 7743
17/03/16 18:18:50 INFO python.PythonRunner: Times: total = 17901, boot = 28, init = 10100, finish = 7773
17/03/16 18:18:50 INFO executor.Executor: Finished task 36.0 in stage 7.0 (TID 326). 1274 bytes result sent to driver
17/03/16 18:18:50 INFO executor.Executor: Finished task 30.0 in stage 7.0 (TID 320). 1274 bytes result sent to driver
17/03/16 18:18:50 INFO executor.Executor: Finished task 6.0 in stage 7.0 (TID 296). 1274 bytes result sent to driver
17/03/16 18:18:50 INFO executor.Executor: Finished task 24.0 in stage 7.0 (TID 314). 1274 bytes result sent to driver
17/03/16 18:18:50 INFO executor.Executor: Finished task 12.0 in stage 7.0 (TID 302). 1274 bytes result sent to driver
17/03/16 18:18:50 INFO python.PythonRunner: Times: total = 18048, boot = 20, init = 10112, finish = 7916
17/03/16 18:18:50 INFO python.PythonRunner: Times: total = 18051, boot = 8, init = 10125, finish = 7918
17/03/16 18:18:50 INFO executor.Executor: Finished task 42.0 in stage 7.0 (TID 332). 1274 bytes result sent to driver
17/03/16 18:18:50 INFO executor.Executor: Finished task 18.0 in stage 7.0 (TID 308). 1274 bytes result sent to driver
17/03/16 18:19:04 INFO executor.CoarseGrainedExecutorBackend: Got assigned task 338
17/03/16 18:19:04 INFO executor.Executor: Running task 0.0 in stage 8.0 (TID 338)
17/03/16 18:19:04 INFO executor.CoarseGrainedExecutorBackend: Got assigned task 344
17/03/16 18:19:04 INFO executor.Executor: Running task 6.0 in stage 8.0 (TID 344)
17/03/16 18:19:04 INFO executor.CoarseGrainedExecutorBackend: Got assigned task 350
17/03/16 18:19:04 INFO executor.Executor: Running task 12.0 in stage 8.0 (TID 350)
17/03/16 18:19:04 INFO executor.CoarseGrainedExecutorBackend: Got assigned task 356
17/03/16 18:19:04 INFO spark.MapOutputTrackerWorker: Updating epoch to 4 and clearing cache
17/03/16 18:19:04 INFO executor.Executor: Running task 18.0 in stage 8.0 (TID 356)
17/03/16 18:19:04 INFO executor.CoarseGrainedExecutorBackend: Got assigned task 362
17/03/16 18:19:04 INFO broadcast.TorrentBroadcast: Started reading broadcast variable 13
17/03/16 18:19:04 INFO executor.CoarseGrainedExecutorBackend: Got assigned task 368
17/03/16 18:19:04 INFO executor.Executor: Running task 24.0 in stage 8.0 (TID 362)
17/03/16 18:19:04 INFO executor.Executor: Running task 30.0 in stage 8.0 (TID 368)
17/03/16 18:19:04 INFO executor.CoarseGrainedExecutorBackend: Got assigned task 374
17/03/16 18:19:04 INFO executor.Executor: Running task 36.0 in stage 8.0 (TID 374)
17/03/16 18:19:04 INFO executor.CoarseGrainedExecutorBackend: Got assigned task 380
17/03/16 18:19:04 INFO executor.Executor: Running task 42.0 in stage 8.0 (TID 380)
17/03/16 18:19:04 INFO storage.MemoryStore: Block broadcast_13_piece0 stored as bytes in memory (estimated size 3.3 KB, free 829.8 MB)
17/03/16 18:19:04 INFO broadcast.TorrentBroadcast: Reading broadcast variable 13 took 10 ms
17/03/16 18:19:04 INFO storage.MemoryStore: Block broadcast_13 stored as values in memory (estimated size 5.3 KB, free 829.8 MB)
17/03/16 18:19:04 INFO spark.MapOutputTrackerWorker: Don't have map outputs for shuffle 3, fetching them
17/03/16 18:19:04 INFO spark.MapOutputTrackerWorker: Doing the fetch; tracker endpoint = NettyRpcEndpointRef(spark://MapOutputTracker@10.10.34.38:36751)
17/03/16 18:19:04 INFO spark.MapOutputTrackerWorker: Don't have map outputs for shuffle 3, fetching them
17/03/16 18:19:04 INFO spark.MapOutputTrackerWorker: Don't have map outputs for shuffle 3, fetching them
17/03/16 18:19:04 INFO spark.MapOutputTrackerWorker: Don't have map outputs for shuffle 3, fetching them
17/03/16 18:19:04 INFO spark.MapOutputTrackerWorker: Don't have map outputs for shuffle 3, fetching them
17/03/16 18:19:04 INFO spark.MapOutputTrackerWorker: Don't have map outputs for shuffle 3, fetching them
17/03/16 18:19:04 INFO spark.MapOutputTrackerWorker: Don't have map outputs for shuffle 3, fetching them
17/03/16 18:19:04 INFO spark.MapOutputTrackerWorker: Don't have map outputs for shuffle 3, fetching them
17/03/16 18:19:04 INFO spark.MapOutputTrackerWorker: Got the output locations
17/03/16 18:19:04 INFO storage.ShuffleBlockFetcherIterator: Getting 48 non-empty blocks out of 48 blocks
17/03/16 18:19:04 INFO storage.ShuffleBlockFetcherIterator: Getting 48 non-empty blocks out of 48 blocks
17/03/16 18:19:04 INFO storage.ShuffleBlockFetcherIterator: Getting 48 non-empty blocks out of 48 blocks
17/03/16 18:19:04 INFO storage.ShuffleBlockFetcherIterator: Getting 48 non-empty blocks out of 48 blocks
17/03/16 18:19:04 INFO storage.ShuffleBlockFetcherIterator: Getting 48 non-empty blocks out of 48 blocks
17/03/16 18:19:04 INFO storage.ShuffleBlockFetcherIterator: Started 6 remote fetches in 6 ms
17/03/16 18:19:04 INFO storage.ShuffleBlockFetcherIterator: Started 7 remote fetches in 6 ms
17/03/16 18:19:04 INFO storage.ShuffleBlockFetcherIterator: Started 6 remote fetches in 4 ms
17/03/16 18:19:04 INFO storage.ShuffleBlockFetcherIterator: Getting 48 non-empty blocks out of 48 blocks
17/03/16 18:19:04 INFO storage.ShuffleBlockFetcherIterator: Started 6 remote fetches in 6 ms
17/03/16 18:19:04 INFO storage.ShuffleBlockFetcherIterator: Getting 48 non-empty blocks out of 48 blocks
17/03/16 18:19:04 INFO storage.ShuffleBlockFetcherIterator: Started 8 remote fetches in 5 ms
17/03/16 18:19:04 INFO storage.ShuffleBlockFetcherIterator: Getting 48 non-empty blocks out of 48 blocks
17/03/16 18:19:04 INFO storage.ShuffleBlockFetcherIterator: Started 8 remote fetches in 6 ms
17/03/16 18:19:04 INFO storage.ShuffleBlockFetcherIterator: Started 7 remote fetches in 5 ms
17/03/16 18:19:04 INFO storage.ShuffleBlockFetcherIterator: Started 6 remote fetches in 6 ms
17/03/16 18:19:05 INFO python.PythonRunner: Times: total = 875, boot = -14285, init = 14290, finish = 870
17/03/16 18:19:05 INFO executor.Executor: Finished task 24.0 in stage 8.0 (TID 362). 9573518 bytes result sent to driver
17/03/16 18:19:05 INFO python.PythonRunner: Times: total = 936, boot = -14340, init = 14349, finish = 927
17/03/16 18:19:05 INFO executor.Executor: Finished task 30.0 in stage 8.0 (TID 368). 9557484 bytes result sent to driver
17/03/16 18:19:05 INFO python.PythonRunner: Times: total = 964, boot = -14321, init = 14324, finish = 961
17/03/16 18:19:05 INFO python.PythonRunner: Times: total = 988, boot = -14361, init = 14368, finish = 981
17/03/16 18:19:05 INFO executor.Executor: Finished task 36.0 in stage 8.0 (TID 374). 9563641 bytes result sent to driver
17/03/16 18:19:05 INFO python.PythonRunner: Times: total = 999, boot = -14119, init = 14145, finish = 973
17/03/16 18:19:05 INFO executor.Executor: Finished task 42.0 in stage 8.0 (TID 380). 9552198 bytes result sent to driver
17/03/16 18:19:05 INFO executor.Executor: Finished task 12.0 in stage 8.0 (TID 350). 9550069 bytes result sent to driver
17/03/16 18:19:05 INFO python.PythonRunner: Times: total = 1032, boot = -14517, init = 14524, finish = 1025
17/03/16 18:19:05 INFO executor.Executor: Finished task 0.0 in stage 8.0 (TID 338). 9563705 bytes result sent to driver
17/03/16 18:19:05 INFO python.PythonRunner: Times: total = 1045, boot = -14115, init = 14121, finish = 1039
17/03/16 18:19:05 INFO python.PythonRunner: Times: total = 1051, boot = -14259, init = 14270, finish = 1040
17/03/16 18:19:05 INFO executor.Executor: Finished task 6.0 in stage 8.0 (TID 344). 9554238 bytes result sent to driver
17/03/16 18:19:05 INFO executor.Executor: Finished task 18.0 in stage 8.0 (TID 356). 9542759 bytes result sent to driver
17/03/16 18:19:09 INFO storage.BlockManager: Removing RDD 21
17/03/16 18:19:09 INFO storage.BlockManager: Removing RDD 26
17/03/16 18:26:23 INFO executor.CoarseGrainedExecutorBackend: Got assigned task 389
17/03/16 18:26:23 INFO executor.Executor: Running task 3.0 in stage 9.0 (TID 389)
17/03/16 18:26:23 INFO broadcast.TorrentBroadcast: Started reading broadcast variable 15
17/03/16 18:26:23 INFO executor.CoarseGrainedExecutorBackend: Got assigned task 395
17/03/16 18:26:23 INFO executor.Executor: Running task 9.0 in stage 9.0 (TID 395)
17/03/16 18:26:23 INFO executor.CoarseGrainedExecutorBackend: Got assigned task 401
17/03/16 18:26:23 INFO executor.Executor: Running task 15.0 in stage 9.0 (TID 401)
17/03/16 18:26:23 INFO executor.CoarseGrainedExecutorBackend: Got assigned task 407
17/03/16 18:26:23 INFO executor.Executor: Running task 21.0 in stage 9.0 (TID 407)
17/03/16 18:26:23 INFO executor.CoarseGrainedExecutorBackend: Got assigned task 413
17/03/16 18:26:23 INFO executor.Executor: Running task 27.0 in stage 9.0 (TID 413)
17/03/16 18:26:23 INFO executor.CoarseGrainedExecutorBackend: Got assigned task 419
17/03/16 18:26:23 INFO executor.Executor: Running task 33.0 in stage 9.0 (TID 419)
17/03/16 18:26:23 INFO executor.CoarseGrainedExecutorBackend: Got assigned task 425
17/03/16 18:26:23 INFO executor.Executor: Running task 39.0 in stage 9.0 (TID 425)
17/03/16 18:26:23 INFO executor.CoarseGrainedExecutorBackend: Got assigned task 431
17/03/16 18:26:23 INFO executor.Executor: Running task 45.0 in stage 9.0 (TID 431)
17/03/16 18:26:23 INFO storage.MemoryStore: Block broadcast_15_piece0 stored as bytes in memory (estimated size 5.4 KB, free 829.8 MB)
17/03/16 18:26:23 INFO broadcast.TorrentBroadcast: Reading broadcast variable 15 took 25 ms
17/03/16 18:26:23 INFO storage.MemoryStore: Block broadcast_15 stored as values in memory (estimated size 8.6 KB, free 829.8 MB)
17/03/16 18:26:23 INFO broadcast.TorrentBroadcast: Started reading broadcast variable 14
17/03/16 18:26:23 INFO storage.MemoryStore: Block broadcast_14_piece38 stored as bytes in memory (estimated size 4.0 MB, free 833.8 MB)
17/03/16 18:26:23 INFO storage.MemoryStore: Block broadcast_14_piece90 stored as bytes in memory (estimated size 4.0 MB, free 837.8 MB)
17/03/16 18:26:23 INFO storage.MemoryStore: Block broadcast_14_piece66 stored as bytes in memory (estimated size 4.0 MB, free 841.8 MB)
17/03/16 18:26:23 INFO storage.MemoryStore: Block broadcast_14_piece69 stored as bytes in memory (estimated size 4.0 MB, free 845.8 MB)
17/03/16 18:26:23 INFO storage.MemoryStore: Block broadcast_14_piece98 stored as bytes in memory (estimated size 4.0 MB, free 849.8 MB)
17/03/16 18:26:24 INFO storage.MemoryStore: Block broadcast_14_piece44 stored as bytes in memory (estimated size 4.0 MB, free 853.8 MB)
17/03/16 18:26:24 INFO storage.MemoryStore: Block broadcast_14_piece14 stored as bytes in memory (estimated size 4.0 MB, free 857.8 MB)
17/03/16 18:26:24 INFO storage.MemoryStore: Block broadcast_14_piece65 stored as bytes in memory (estimated size 4.0 MB, free 861.8 MB)
17/03/16 18:26:24 INFO storage.MemoryStore: Block broadcast_14_piece50 stored as bytes in memory (estimated size 4.0 MB, free 865.8 MB)
17/03/16 18:26:24 INFO storage.MemoryStore: Block broadcast_14_piece77 stored as bytes in memory (estimated size 4.0 MB, free 869.8 MB)
17/03/16 18:26:24 INFO storage.MemoryStore: Block broadcast_14_piece67 stored as bytes in memory (estimated size 4.0 MB, free 873.8 MB)
17/03/16 18:26:24 INFO storage.MemoryStore: Block broadcast_14_piece49 stored as bytes in memory (estimated size 4.0 MB, free 877.8 MB)
17/03/16 18:26:24 INFO storage.MemoryStore: Block broadcast_14_piece58 stored as bytes in memory (estimated size 4.0 MB, free 881.8 MB)
17/03/16 18:26:24 INFO storage.MemoryStore: Block broadcast_14_piece34 stored as bytes in memory (estimated size 4.0 MB, free 885.8 MB)
17/03/16 18:26:24 INFO storage.MemoryStore: Block broadcast_14_piece87 stored as bytes in memory (estimated size 4.0 MB, free 889.8 MB)
17/03/16 18:26:24 INFO storage.MemoryStore: Block broadcast_14_piece12 stored as bytes in memory (estimated size 4.0 MB, free 893.8 MB)
17/03/16 18:26:24 INFO storage.MemoryStore: Block broadcast_14_piece81 stored as bytes in memory (estimated size 4.0 MB, free 897.8 MB)
17/03/16 18:26:24 INFO storage.MemoryStore: Block broadcast_14_piece68 stored as bytes in memory (estimated size 4.0 MB, free 901.8 MB)
17/03/16 18:26:24 INFO storage.MemoryStore: Block broadcast_14_piece78 stored as bytes in memory (estimated size 4.0 MB, free 905.8 MB)
17/03/16 18:26:24 INFO storage.MemoryStore: Block broadcast_14_piece72 stored as bytes in memory (estimated size 4.0 MB, free 909.8 MB)
17/03/16 18:26:24 INFO storage.MemoryStore: Block broadcast_14_piece24 stored as bytes in memory (estimated size 4.0 MB, free 913.8 MB)
17/03/16 18:26:24 INFO storage.MemoryStore: Block broadcast_14_piece4 stored as bytes in memory (estimated size 4.0 MB, free 917.8 MB)
17/03/16 18:26:24 INFO storage.MemoryStore: Block broadcast_14_piece54 stored as bytes in memory (estimated size 4.0 MB, free 921.8 MB)
17/03/16 18:26:24 INFO storage.MemoryStore: Block broadcast_14_piece76 stored as bytes in memory (estimated size 4.0 MB, free 925.8 MB)
17/03/16 18:26:24 INFO storage.MemoryStore: Block broadcast_14_piece99 stored as bytes in memory (estimated size 4.0 MB, free 929.8 MB)
17/03/16 18:26:24 INFO storage.MemoryStore: Block broadcast_14_piece73 stored as bytes in memory (estimated size 4.0 MB, free 933.8 MB)
17/03/16 18:26:24 INFO storage.MemoryStore: Block broadcast_14_piece51 stored as bytes in memory (estimated size 4.0 MB, free 937.8 MB)
17/03/16 18:26:24 INFO storage.MemoryStore: Block broadcast_14_piece75 stored as bytes in memory (estimated size 4.0 MB, free 941.8 MB)
17/03/16 18:26:24 INFO storage.MemoryStore: Block broadcast_14_piece42 stored as bytes in memory (estimated size 4.0 MB, free 945.8 MB)
17/03/16 18:26:24 INFO storage.MemoryStore: Block broadcast_14_piece96 stored as bytes in memory (estimated size 4.0 MB, free 949.8 MB)
17/03/16 18:26:24 INFO storage.MemoryStore: Block broadcast_14_piece7 stored as bytes in memory (estimated size 4.0 MB, free 953.8 MB)
17/03/16 18:26:24 INFO storage.MemoryStore: Block broadcast_14_piece45 stored as bytes in memory (estimated size 4.0 MB, free 957.8 MB)
17/03/16 18:26:24 INFO storage.MemoryStore: Block broadcast_14_piece59 stored as bytes in memory (estimated size 4.0 MB, free 961.8 MB)
17/03/16 18:26:24 INFO storage.MemoryStore: Block broadcast_14_piece57 stored as bytes in memory (estimated size 4.0 MB, free 965.8 MB)
17/03/16 18:26:24 INFO storage.MemoryStore: Block broadcast_14_piece43 stored as bytes in memory (estimated size 4.0 MB, free 969.8 MB)
17/03/16 18:26:24 INFO storage.MemoryStore: Block broadcast_14_piece71 stored as bytes in memory (estimated size 4.0 MB, free 973.8 MB)
17/03/16 18:26:24 INFO storage.MemoryStore: Block broadcast_14_piece94 stored as bytes in memory (estimated size 4.0 MB, free 977.8 MB)
17/03/16 18:26:24 INFO storage.MemoryStore: Block broadcast_14_piece25 stored as bytes in memory (estimated size 4.0 MB, free 981.8 MB)
17/03/16 18:26:24 INFO storage.MemoryStore: Block broadcast_14_piece92 stored as bytes in memory (estimated size 4.0 MB, free 985.8 MB)
17/03/16 18:26:24 INFO storage.MemoryStore: Block broadcast_14_piece9 stored as bytes in memory (estimated size 4.0 MB, free 989.8 MB)
17/03/16 18:26:24 INFO storage.MemoryStore: Block broadcast_14_piece35 stored as bytes in memory (estimated size 4.0 MB, free 993.8 MB)
17/03/16 18:26:24 INFO storage.MemoryStore: Block broadcast_14_piece88 stored as bytes in memory (estimated size 4.0 MB, free 997.8 MB)
17/03/16 18:26:24 INFO storage.MemoryStore: Block broadcast_14_piece39 stored as bytes in memory (estimated size 4.0 MB, free 1001.8 MB)
17/03/16 18:26:24 INFO storage.MemoryStore: Block broadcast_14_piece3 stored as bytes in memory (estimated size 4.0 MB, free 1005.8 MB)
17/03/16 18:26:24 INFO storage.MemoryStore: Block broadcast_14_piece56 stored as bytes in memory (estimated size 4.0 MB, free 1009.8 MB)
17/03/16 18:26:24 INFO storage.MemoryStore: Block broadcast_14_piece10 stored as bytes in memory (estimated size 4.0 MB, free 1013.8 MB)
17/03/16 18:26:24 INFO storage.MemoryStore: Block broadcast_14_piece53 stored as bytes in memory (estimated size 4.0 MB, free 1017.8 MB)
17/03/16 18:26:24 INFO storage.MemoryStore: Block broadcast_14_piece79 stored as bytes in memory (estimated size 4.0 MB, free 1021.8 MB)
17/03/16 18:26:24 INFO storage.MemoryStore: Block broadcast_14_piece52 stored as bytes in memory (estimated size 4.0 MB, free 1025.8 MB)
17/03/16 18:26:24 INFO storage.MemoryStore: Block broadcast_14_piece63 stored as bytes in memory (estimated size 4.0 MB, free 1029.8 MB)
17/03/16 18:26:24 INFO storage.MemoryStore: Block broadcast_14_piece1 stored as bytes in memory (estimated size 4.0 MB, free 1033.8 MB)
17/03/16 18:26:25 INFO storage.MemoryStore: Block broadcast_14_piece55 stored as bytes in memory (estimated size 4.0 MB, free 1037.8 MB)
17/03/16 18:26:25 INFO storage.MemoryStore: Block broadcast_14_piece62 stored as bytes in memory (estimated size 4.0 MB, free 1041.8 MB)
17/03/16 18:26:25 INFO storage.MemoryStore: Block broadcast_14_piece102 stored as bytes in memory (estimated size 4.0 MB, free 1045.8 MB)
17/03/16 18:26:25 INFO storage.MemoryStore: Block broadcast_14_piece19 stored as bytes in memory (estimated size 4.0 MB, free 1049.8 MB)
17/03/16 18:26:25 INFO storage.MemoryStore: Block broadcast_14_piece2 stored as bytes in memory (estimated size 4.0 MB, free 1053.8 MB)
17/03/16 18:26:25 INFO storage.MemoryStore: Block broadcast_14_piece30 stored as bytes in memory (estimated size 4.0 MB, free 1057.8 MB)
17/03/16 18:26:25 INFO storage.MemoryStore: Block broadcast_14_piece11 stored as bytes in memory (estimated size 4.0 MB, free 1061.8 MB)
17/03/16 18:26:25 INFO storage.MemoryStore: Block broadcast_14_piece29 stored as bytes in memory (estimated size 4.0 MB, free 1065.8 MB)
17/03/16 18:26:25 INFO storage.MemoryStore: Block broadcast_14_piece26 stored as bytes in memory (estimated size 4.0 MB, free 1069.8 MB)
17/03/16 18:26:25 INFO storage.MemoryStore: Block broadcast_14_piece74 stored as bytes in memory (estimated size 4.0 MB, free 1073.8 MB)
17/03/16 18:26:25 INFO storage.MemoryStore: Block broadcast_14_piece40 stored as bytes in memory (estimated size 4.0 MB, free 1077.8 MB)
17/03/16 18:26:25 INFO storage.MemoryStore: Block broadcast_14_piece60 stored as bytes in memory (estimated size 4.0 MB, free 1081.8 MB)
17/03/16 18:26:25 INFO storage.MemoryStore: Block broadcast_14_piece0 stored as bytes in memory (estimated size 4.0 MB, free 1085.8 MB)
17/03/16 18:26:25 INFO storage.MemoryStore: Block broadcast_14_piece15 stored as bytes in memory (estimated size 4.0 MB, free 1089.8 MB)
17/03/16 18:26:25 INFO storage.MemoryStore: Block broadcast_14_piece47 stored as bytes in memory (estimated size 4.0 MB, free 1093.8 MB)
17/03/16 18:26:25 INFO storage.MemoryStore: Block broadcast_14_piece13 stored as bytes in memory (estimated size 4.0 MB, free 1097.8 MB)
17/03/16 18:26:25 INFO storage.MemoryStore: Block broadcast_14_piece27 stored as bytes in memory (estimated size 4.0 MB, free 1101.8 MB)
17/03/16 18:26:25 INFO storage.MemoryStore: Block broadcast_14_piece100 stored as bytes in memory (estimated size 4.0 MB, free 1105.8 MB)
17/03/16 18:26:25 INFO storage.MemoryStore: Block broadcast_14_piece91 stored as bytes in memory (estimated size 4.0 MB, free 1109.8 MB)
17/03/16 18:26:25 INFO storage.MemoryStore: Block broadcast_14_piece21 stored as bytes in memory (estimated size 4.0 MB, free 1113.8 MB)
17/03/16 18:26:25 INFO storage.MemoryStore: Block broadcast_14_piece46 stored as bytes in memory (estimated size 4.0 MB, free 1117.8 MB)
17/03/16 18:26:25 INFO storage.MemoryStore: Block broadcast_14_piece41 stored as bytes in memory (estimated size 4.0 MB, free 1121.8 MB)
17/03/16 18:26:25 INFO storage.MemoryStore: Block broadcast_14_piece6 stored as bytes in memory (estimated size 4.0 MB, free 1125.8 MB)
17/03/16 18:26:25 INFO storage.MemoryStore: Block broadcast_14_piece103 stored as bytes in memory (estimated size 2.3 MB, free 1128.1 MB)
17/03/16 18:26:25 INFO storage.MemoryStore: Block broadcast_14_piece64 stored as bytes in memory (estimated size 4.0 MB, free 1132.1 MB)
17/03/16 18:26:25 INFO storage.MemoryStore: Block broadcast_14_piece17 stored as bytes in memory (estimated size 4.0 MB, free 1136.1 MB)
17/03/16 18:26:25 INFO storage.MemoryStore: Block broadcast_14_piece80 stored as bytes in memory (estimated size 4.0 MB, free 1140.1 MB)
17/03/16 18:26:25 INFO storage.MemoryStore: Block broadcast_14_piece37 stored as bytes in memory (estimated size 4.0 MB, free 1144.1 MB)
17/03/16 18:26:25 INFO storage.MemoryStore: Block broadcast_14_piece36 stored as bytes in memory (estimated size 4.0 MB, free 1148.1 MB)
17/03/16 18:26:25 INFO storage.MemoryStore: Block broadcast_14_piece89 stored as bytes in memory (estimated size 4.0 MB, free 1152.1 MB)
17/03/16 18:26:25 INFO storage.MemoryStore: Block broadcast_14_piece83 stored as bytes in memory (estimated size 4.0 MB, free 1156.1 MB)
17/03/16 18:26:25 INFO storage.MemoryStore: Block broadcast_14_piece32 stored as bytes in memory (estimated size 4.0 MB, free 1160.1 MB)
17/03/16 18:26:25 INFO storage.MemoryStore: Block broadcast_14_piece5 stored as bytes in memory (estimated size 4.0 MB, free 1164.1 MB)
17/03/16 18:26:25 INFO storage.MemoryStore: Block broadcast_14_piece70 stored as bytes in memory (estimated size 4.0 MB, free 1168.1 MB)
17/03/16 18:26:25 INFO storage.MemoryStore: Block broadcast_14_piece16 stored as bytes in memory (estimated size 4.0 MB, free 1172.1 MB)
17/03/16 18:26:25 INFO storage.MemoryStore: Block broadcast_14_piece61 stored as bytes in memory (estimated size 4.0 MB, free 1176.1 MB)
17/03/16 18:26:25 INFO storage.MemoryStore: Block broadcast_14_piece22 stored as bytes in memory (estimated size 4.0 MB, free 1180.1 MB)
17/03/16 18:26:25 INFO storage.MemoryStore: Block broadcast_14_piece84 stored as bytes in memory (estimated size 4.0 MB, free 1184.1 MB)
17/03/16 18:26:25 INFO storage.MemoryStore: Block broadcast_14_piece82 stored as bytes in memory (estimated size 4.0 MB, free 1188.1 MB)
17/03/16 18:26:25 INFO storage.MemoryStore: Block broadcast_14_piece18 stored as bytes in memory (estimated size 4.0 MB, free 1192.1 MB)
17/03/16 18:26:25 INFO storage.MemoryStore: Block broadcast_14_piece101 stored as bytes in memory (estimated size 4.0 MB, free 1196.1 MB)
17/03/16 18:26:25 INFO storage.MemoryStore: Block broadcast_14_piece48 stored as bytes in memory (estimated size 4.0 MB, free 1200.1 MB)
17/03/16 18:26:25 INFO storage.MemoryStore: Block broadcast_14_piece85 stored as bytes in memory (estimated size 4.0 MB, free 1204.1 MB)
17/03/16 18:26:25 INFO storage.MemoryStore: Block broadcast_14_piece31 stored as bytes in memory (estimated size 4.0 MB, free 1208.1 MB)
17/03/16 18:26:25 INFO storage.MemoryStore: Block broadcast_14_piece97 stored as bytes in memory (estimated size 4.0 MB, free 1212.1 MB)
17/03/16 18:26:25 INFO storage.MemoryStore: Block broadcast_14_piece93 stored as bytes in memory (estimated size 4.0 MB, free 1216.1 MB)
17/03/16 18:26:25 INFO storage.MemoryStore: Block broadcast_14_piece33 stored as bytes in memory (estimated size 4.0 MB, free 1220.1 MB)
17/03/16 18:26:25 INFO storage.MemoryStore: Block broadcast_14_piece95 stored as bytes in memory (estimated size 4.0 MB, free 1224.1 MB)
17/03/16 18:26:25 INFO storage.MemoryStore: Block broadcast_14_piece86 stored as bytes in memory (estimated size 4.0 MB, free 1228.1 MB)
17/03/16 18:26:25 INFO storage.MemoryStore: Block broadcast_14_piece23 stored as bytes in memory (estimated size 4.0 MB, free 1232.1 MB)
17/03/16 18:26:25 INFO storage.MemoryStore: Block broadcast_14_piece8 stored as bytes in memory (estimated size 4.0 MB, free 1236.1 MB)
17/03/16 18:26:25 INFO storage.MemoryStore: Block broadcast_14_piece20 stored as bytes in memory (estimated size 4.0 MB, free 1240.1 MB)
17/03/16 18:26:25 INFO storage.MemoryStore: Block broadcast_14_piece28 stored as bytes in memory (estimated size 4.0 MB, free 1244.1 MB)
17/03/16 18:26:25 INFO broadcast.TorrentBroadcast: Reading broadcast variable 14 took 2085 ms
17/03/16 18:26:33 INFO storage.MemoryStore: Block broadcast_14 stored as values in memory (estimated size 384.0 B, free 1244.1 MB)
17/03/16 18:26:41 INFO python.PythonRunner: Times: total = 17778, boot = 3, init = 9383, finish = 8392
17/03/16 18:26:41 INFO executor.Executor: Finished task 9.0 in stage 9.0 (TID 395). 1274 bytes result sent to driver
17/03/16 18:26:41 INFO python.PythonRunner: Times: total = 17875, boot = 3, init = 9381, finish = 8491
17/03/16 18:26:41 INFO python.PythonRunner: Times: total = 17883, boot = 6, init = 9379, finish = 8498
17/03/16 18:26:41 INFO python.PythonRunner: Times: total = 17947, boot = 18, init = 9367, finish = 8562
17/03/16 18:26:41 INFO python.PythonRunner: Times: total = 17961, boot = 25, init = 9360, finish = 8576
17/03/16 18:26:41 INFO executor.Executor: Finished task 15.0 in stage 9.0 (TID 401). 1274 bytes result sent to driver
17/03/16 18:26:41 INFO executor.Executor: Finished task 3.0 in stage 9.0 (TID 389). 1274 bytes result sent to driver
17/03/16 18:26:41 INFO executor.Executor: Finished task 33.0 in stage 9.0 (TID 419). 1274 bytes result sent to driver
17/03/16 18:26:41 INFO executor.Executor: Finished task 45.0 in stage 9.0 (TID 431). 1274 bytes result sent to driver
17/03/16 18:26:41 INFO python.PythonRunner: Times: total = 18085, boot = 22, init = 9363, finish = 8700
17/03/16 18:26:42 INFO python.PythonRunner: Times: total = 18150, boot = 15, init = 9371, finish = 8764
17/03/16 18:26:42 INFO executor.Executor: Finished task 39.0 in stage 9.0 (TID 425). 1274 bytes result sent to driver
17/03/16 18:26:42 INFO python.PythonRunner: Times: total = 18161, boot = 11, init = 9374, finish = 8776
17/03/16 18:26:42 INFO executor.Executor: Finished task 27.0 in stage 9.0 (TID 413). 1274 bytes result sent to driver
17/03/16 18:26:42 INFO executor.Executor: Finished task 21.0 in stage 9.0 (TID 407). 1274 bytes result sent to driver
17/03/16 18:26:58 INFO executor.CoarseGrainedExecutorBackend: Got assigned task 434
17/03/16 18:26:58 INFO executor.Executor: Running task 0.0 in stage 10.0 (TID 434)
17/03/16 18:26:58 INFO executor.CoarseGrainedExecutorBackend: Got assigned task 440
17/03/16 18:26:58 INFO executor.Executor: Running task 6.0 in stage 10.0 (TID 440)
17/03/16 18:26:58 INFO executor.CoarseGrainedExecutorBackend: Got assigned task 446
17/03/16 18:26:58 INFO executor.Executor: Running task 12.0 in stage 10.0 (TID 446)
17/03/16 18:26:58 INFO spark.MapOutputTrackerWorker: Updating epoch to 5 and clearing cache
17/03/16 18:26:58 INFO executor.CoarseGrainedExecutorBackend: Got assigned task 452
17/03/16 18:26:58 INFO executor.CoarseGrainedExecutorBackend: Got assigned task 458
17/03/16 18:26:58 INFO executor.Executor: Running task 18.0 in stage 10.0 (TID 452)
17/03/16 18:26:58 INFO executor.Executor: Running task 24.0 in stage 10.0 (TID 458)
17/03/16 18:26:58 INFO executor.CoarseGrainedExecutorBackend: Got assigned task 464
17/03/16 18:26:58 INFO broadcast.TorrentBroadcast: Started reading broadcast variable 16
17/03/16 18:26:58 INFO executor.Executor: Running task 30.0 in stage 10.0 (TID 464)
17/03/16 18:26:58 INFO executor.CoarseGrainedExecutorBackend: Got assigned task 470
17/03/16 18:26:58 INFO executor.CoarseGrainedExecutorBackend: Got assigned task 476
17/03/16 18:26:58 INFO executor.Executor: Running task 36.0 in stage 10.0 (TID 470)
17/03/16 18:26:58 INFO executor.Executor: Running task 42.0 in stage 10.0 (TID 476)
17/03/16 18:26:58 INFO storage.MemoryStore: Block broadcast_16_piece0 stored as bytes in memory (estimated size 3.3 KB, free 1244.1 MB)
17/03/16 18:26:58 INFO broadcast.TorrentBroadcast: Reading broadcast variable 16 took 10 ms
17/03/16 18:26:58 INFO storage.MemoryStore: Block broadcast_16 stored as values in memory (estimated size 5.3 KB, free 1244.1 MB)
17/03/16 18:26:58 INFO spark.MapOutputTrackerWorker: Don't have map outputs for shuffle 4, fetching them
17/03/16 18:26:58 INFO spark.MapOutputTrackerWorker: Doing the fetch; tracker endpoint = NettyRpcEndpointRef(spark://MapOutputTracker@10.10.34.38:36751)
17/03/16 18:26:58 INFO spark.MapOutputTrackerWorker: Don't have map outputs for shuffle 4, fetching them
17/03/16 18:26:58 INFO spark.MapOutputTrackerWorker: Don't have map outputs for shuffle 4, fetching them
17/03/16 18:26:58 INFO spark.MapOutputTrackerWorker: Don't have map outputs for shuffle 4, fetching them
17/03/16 18:26:58 INFO spark.MapOutputTrackerWorker: Don't have map outputs for shuffle 4, fetching them
17/03/16 18:26:58 INFO spark.MapOutputTrackerWorker: Don't have map outputs for shuffle 4, fetching them
17/03/16 18:26:58 INFO spark.MapOutputTrackerWorker: Don't have map outputs for shuffle 4, fetching them
17/03/16 18:26:58 INFO spark.MapOutputTrackerWorker: Don't have map outputs for shuffle 4, fetching them
17/03/16 18:26:58 INFO spark.MapOutputTrackerWorker: Got the output locations
17/03/16 18:26:58 INFO storage.ShuffleBlockFetcherIterator: Getting 48 non-empty blocks out of 48 blocks
17/03/16 18:26:58 INFO storage.ShuffleBlockFetcherIterator: Getting 48 non-empty blocks out of 48 blocks
17/03/16 18:26:58 INFO storage.ShuffleBlockFetcherIterator: Getting 48 non-empty blocks out of 48 blocks
17/03/16 18:26:58 INFO storage.ShuffleBlockFetcherIterator: Getting 48 non-empty blocks out of 48 blocks
17/03/16 18:26:58 INFO storage.ShuffleBlockFetcherIterator: Started 7 remote fetches in 5 ms
17/03/16 18:26:58 INFO storage.ShuffleBlockFetcherIterator: Getting 48 non-empty blocks out of 48 blocks
17/03/16 18:26:58 INFO storage.ShuffleBlockFetcherIterator: Started 7 remote fetches in 3 ms
17/03/16 18:26:58 INFO storage.ShuffleBlockFetcherIterator: Getting 48 non-empty blocks out of 48 blocks
17/03/16 18:26:58 INFO storage.ShuffleBlockFetcherIterator: Started 8 remote fetches in 6 ms
17/03/16 18:26:58 INFO storage.ShuffleBlockFetcherIterator: Getting 48 non-empty blocks out of 48 blocks
17/03/16 18:26:58 INFO storage.ShuffleBlockFetcherIterator: Started 7 remote fetches in 5 ms
17/03/16 18:26:58 INFO storage.ShuffleBlockFetcherIterator: Started 7 remote fetches in 4 ms
17/03/16 18:26:58 INFO storage.ShuffleBlockFetcherIterator: Started 6 remote fetches in 3 ms
17/03/16 18:26:58 INFO storage.ShuffleBlockFetcherIterator: Getting 48 non-empty blocks out of 48 blocks
17/03/16 18:26:58 INFO storage.ShuffleBlockFetcherIterator: Started 8 remote fetches in 6 ms
17/03/16 18:26:58 INFO storage.ShuffleBlockFetcherIterator: Started 7 remote fetches in 6 ms
17/03/16 18:26:59 INFO python.PythonRunner: Times: total = 830, boot = -17083, init = 17086, finish = 827
17/03/16 18:26:59 INFO executor.Executor: Finished task 18.0 in stage 10.0 (TID 452). 9559069 bytes result sent to driver
17/03/16 18:26:59 INFO python.PythonRunner: Times: total = 856, boot = -16891, init = 16914, finish = 833
17/03/16 18:26:59 INFO executor.Executor: Finished task 12.0 in stage 10.0 (TID 446). 9553366 bytes result sent to driver
17/03/16 18:26:59 INFO python.PythonRunner: Times: total = 911, boot = -17157, init = 17161, finish = 907
17/03/16 18:26:59 INFO python.PythonRunner: Times: total = 915, boot = -16967, init = 16973, finish = 909
17/03/16 18:26:59 INFO executor.Executor: Finished task 42.0 in stage 10.0 (TID 476). 9572537 bytes result sent to driver
17/03/16 18:26:59 INFO executor.Executor: Finished task 6.0 in stage 10.0 (TID 440). 9557133 bytes result sent to driver
17/03/16 18:26:59 INFO python.PythonRunner: Times: total = 966, boot = -17094, init = 17098, finish = 962
17/03/16 18:26:59 INFO executor.Executor: Finished task 24.0 in stage 10.0 (TID 458). 9557803 bytes result sent to driver
17/03/16 18:26:59 INFO python.PythonRunner: Times: total = 1038, boot = -16890, init = 16906, finish = 1022
17/03/16 18:26:59 INFO executor.Executor: Finished task 30.0 in stage 10.0 (TID 464). 9558676 bytes result sent to driver
17/03/16 18:27:00 INFO python.PythonRunner: Times: total = 1542, boot = -17161, init = 17165, finish = 1538
17/03/16 18:27:00 INFO python.PythonRunner: Times: total = 1557, boot = -17259, init = 17263, finish = 1553
17/03/16 18:27:00 INFO executor.Executor: Finished task 36.0 in stage 10.0 (TID 470). 9535884 bytes result sent to driver
17/03/16 18:27:00 INFO executor.Executor: Finished task 0.0 in stage 10.0 (TID 434). 9547530 bytes result sent to driver
17/03/16 18:27:03 INFO storage.BlockManager: Removing RDD 27
17/03/16 18:27:03 INFO storage.BlockManager: Removing RDD 32
17/03/16 18:34:18 INFO executor.CoarseGrainedExecutorBackend: Got assigned task 486
17/03/16 18:34:18 INFO executor.Executor: Running task 4.0 in stage 11.0 (TID 486)
17/03/16 18:34:18 INFO broadcast.TorrentBroadcast: Started reading broadcast variable 18
17/03/16 18:34:18 INFO executor.CoarseGrainedExecutorBackend: Got assigned task 492
17/03/16 18:34:18 INFO executor.Executor: Running task 10.0 in stage 11.0 (TID 492)
17/03/16 18:34:18 INFO executor.CoarseGrainedExecutorBackend: Got assigned task 498
17/03/16 18:34:18 INFO executor.Executor: Running task 16.0 in stage 11.0 (TID 498)
17/03/16 18:34:18 INFO executor.CoarseGrainedExecutorBackend: Got assigned task 504
17/03/16 18:34:18 INFO executor.Executor: Running task 22.0 in stage 11.0 (TID 504)
17/03/16 18:34:18 INFO executor.CoarseGrainedExecutorBackend: Got assigned task 510
17/03/16 18:34:18 INFO executor.Executor: Running task 28.0 in stage 11.0 (TID 510)
17/03/16 18:34:18 INFO executor.CoarseGrainedExecutorBackend: Got assigned task 516
17/03/16 18:34:18 INFO executor.Executor: Running task 34.0 in stage 11.0 (TID 516)
17/03/16 18:34:18 INFO storage.MemoryStore: Block broadcast_18_piece0 stored as bytes in memory (estimated size 5.4 KB, free 1244.1 MB)
17/03/16 18:34:18 INFO executor.CoarseGrainedExecutorBackend: Got assigned task 522
17/03/16 18:34:18 INFO executor.Executor: Running task 40.0 in stage 11.0 (TID 522)
17/03/16 18:34:18 INFO broadcast.TorrentBroadcast: Reading broadcast variable 18 took 25 ms
17/03/16 18:34:18 INFO executor.CoarseGrainedExecutorBackend: Got assigned task 528
17/03/16 18:34:18 INFO storage.MemoryStore: Block broadcast_18 stored as values in memory (estimated size 8.6 KB, free 1244.1 MB)
17/03/16 18:34:18 INFO executor.Executor: Running task 46.0 in stage 11.0 (TID 528)
17/03/16 18:34:18 INFO broadcast.TorrentBroadcast: Started reading broadcast variable 17
17/03/16 18:34:18 INFO storage.MemoryStore: Block broadcast_17_piece76 stored as bytes in memory (estimated size 4.0 MB, free 1248.1 MB)
17/03/16 18:34:18 INFO storage.MemoryStore: Block broadcast_17_piece7 stored as bytes in memory (estimated size 4.0 MB, free 1252.1 MB)
17/03/16 18:34:18 INFO storage.MemoryStore: Block broadcast_17_piece31 stored as bytes in memory (estimated size 4.0 MB, free 1256.1 MB)
17/03/16 18:34:18 INFO storage.MemoryStore: Block broadcast_17_piece28 stored as bytes in memory (estimated size 4.0 MB, free 1260.1 MB)
17/03/16 18:34:18 INFO storage.MemoryStore: Block broadcast_17_piece0 stored as bytes in memory (estimated size 4.0 MB, free 1264.1 MB)
17/03/16 18:34:18 INFO storage.MemoryStore: Block broadcast_17_piece69 stored as bytes in memory (estimated size 4.0 MB, free 1268.1 MB)
17/03/16 18:34:18 INFO storage.MemoryStore: Block broadcast_17_piece44 stored as bytes in memory (estimated size 4.0 MB, free 1272.1 MB)
17/03/16 18:34:18 INFO storage.MemoryStore: Block broadcast_17_piece57 stored as bytes in memory (estimated size 4.0 MB, free 1276.1 MB)
17/03/16 18:34:18 INFO storage.MemoryStore: Block broadcast_17_piece74 stored as bytes in memory (estimated size 4.0 MB, free 1280.1 MB)
17/03/16 18:34:18 INFO storage.MemoryStore: Block broadcast_17_piece102 stored as bytes in memory (estimated size 4.0 MB, free 1284.1 MB)
17/03/16 18:34:18 INFO storage.MemoryStore: Block broadcast_17_piece27 stored as bytes in memory (estimated size 4.0 MB, free 1288.1 MB)
17/03/16 18:34:18 INFO storage.MemoryStore: Block broadcast_17_piece68 stored as bytes in memory (estimated size 4.0 MB, free 1292.1 MB)
17/03/16 18:34:18 INFO storage.MemoryStore: Block broadcast_17_piece82 stored as bytes in memory (estimated size 4.0 MB, free 1296.1 MB)
17/03/16 18:34:18 INFO storage.MemoryStore: Block broadcast_17_piece92 stored as bytes in memory (estimated size 4.0 MB, free 1300.1 MB)
17/03/16 18:34:18 INFO storage.MemoryStore: Block broadcast_17_piece73 stored as bytes in memory (estimated size 4.0 MB, free 1304.1 MB)
17/03/16 18:34:18 INFO storage.MemoryStore: Block broadcast_17_piece71 stored as bytes in memory (estimated size 4.0 MB, free 1308.1 MB)
17/03/16 18:34:18 INFO storage.MemoryStore: Block broadcast_17_piece10 stored as bytes in memory (estimated size 4.0 MB, free 1312.1 MB)
17/03/16 18:34:18 INFO storage.MemoryStore: Block broadcast_17_piece81 stored as bytes in memory (estimated size 4.0 MB, free 1316.1 MB)
17/03/16 18:34:18 INFO storage.MemoryStore: Block broadcast_17_piece88 stored as bytes in memory (estimated size 4.0 MB, free 1320.1 MB)
17/03/16 18:34:19 INFO storage.MemoryStore: Block broadcast_17_piece39 stored as bytes in memory (estimated size 4.0 MB, free 1324.1 MB)
17/03/16 18:34:19 INFO storage.MemoryStore: Block broadcast_17_piece43 stored as bytes in memory (estimated size 4.0 MB, free 1328.1 MB)
17/03/16 18:34:19 INFO storage.MemoryStore: Block broadcast_17_piece40 stored as bytes in memory (estimated size 4.0 MB, free 1332.1 MB)
17/03/16 18:34:19 INFO storage.MemoryStore: Block broadcast_17_piece78 stored as bytes in memory (estimated size 4.0 MB, free 1336.1 MB)
17/03/16 18:34:19 INFO storage.MemoryStore: Block broadcast_17_piece32 stored as bytes in memory (estimated size 4.0 MB, free 1340.1 MB)
17/03/16 18:34:19 INFO storage.MemoryStore: Block broadcast_17_piece65 stored as bytes in memory (estimated size 4.0 MB, free 1344.1 MB)
17/03/16 18:34:19 INFO storage.MemoryStore: Block broadcast_17_piece17 stored as bytes in memory (estimated size 4.0 MB, free 1348.1 MB)
17/03/16 18:34:19 INFO storage.MemoryStore: Block broadcast_17_piece18 stored as bytes in memory (estimated size 4.0 MB, free 1352.1 MB)
17/03/16 18:34:19 INFO storage.MemoryStore: Block broadcast_17_piece86 stored as bytes in memory (estimated size 4.0 MB, free 1356.1 MB)
17/03/16 18:34:19 INFO storage.MemoryStore: Block broadcast_17_piece84 stored as bytes in memory (estimated size 4.0 MB, free 1360.1 MB)
17/03/16 18:34:19 INFO storage.MemoryStore: Block broadcast_17_piece91 stored as bytes in memory (estimated size 4.0 MB, free 1364.1 MB)
17/03/16 18:34:19 INFO storage.MemoryStore: Block broadcast_17_piece35 stored as bytes in memory (estimated size 4.0 MB, free 1368.1 MB)
17/03/16 18:34:19 INFO storage.MemoryStore: Block broadcast_17_piece58 stored as bytes in memory (estimated size 4.0 MB, free 1372.1 MB)
17/03/16 18:34:19 INFO storage.MemoryStore: Block broadcast_17_piece20 stored as bytes in memory (estimated size 4.0 MB, free 1376.1 MB)
17/03/16 18:34:19 INFO storage.MemoryStore: Block broadcast_17_piece46 stored as bytes in memory (estimated size 4.0 MB, free 1380.1 MB)
17/03/16 18:34:19 INFO storage.MemoryStore: Block broadcast_17_piece53 stored as bytes in memory (estimated size 4.0 MB, free 1384.1 MB)
17/03/16 18:34:19 INFO storage.MemoryStore: Block broadcast_17_piece61 stored as bytes in memory (estimated size 4.0 MB, free 1388.1 MB)
17/03/16 18:34:19 INFO storage.MemoryStore: Block broadcast_17_piece2 stored as bytes in memory (estimated size 4.0 MB, free 1392.1 MB)
17/03/16 18:34:19 INFO storage.MemoryStore: Block broadcast_17_piece64 stored as bytes in memory (estimated size 4.0 MB, free 1396.1 MB)
17/03/16 18:34:19 INFO storage.MemoryStore: Block broadcast_17_piece96 stored as bytes in memory (estimated size 4.0 MB, free 1400.1 MB)
17/03/16 18:34:19 INFO storage.MemoryStore: Block broadcast_17_piece47 stored as bytes in memory (estimated size 4.0 MB, free 1404.1 MB)
17/03/16 18:34:19 INFO storage.MemoryStore: Block broadcast_17_piece23 stored as bytes in memory (estimated size 4.0 MB, free 1408.1 MB)
17/03/16 18:34:19 INFO storage.MemoryStore: Block broadcast_17_piece24 stored as bytes in memory (estimated size 4.0 MB, free 1412.1 MB)
17/03/16 18:34:19 INFO storage.MemoryStore: Block broadcast_17_piece83 stored as bytes in memory (estimated size 4.0 MB, free 1416.1 MB)
17/03/16 18:34:19 INFO storage.MemoryStore: Block broadcast_17_piece49 stored as bytes in memory (estimated size 4.0 MB, free 1420.1 MB)
17/03/16 18:34:19 INFO storage.MemoryStore: Block broadcast_17_piece89 stored as bytes in memory (estimated size 4.0 MB, free 1424.1 MB)
17/03/16 18:34:19 INFO storage.MemoryStore: Block broadcast_17_piece60 stored as bytes in memory (estimated size 4.0 MB, free 1428.1 MB)
17/03/16 18:34:19 INFO storage.MemoryStore: Block broadcast_17_piece25 stored as bytes in memory (estimated size 4.0 MB, free 1432.1 MB)
17/03/16 18:34:19 INFO storage.MemoryStore: Block broadcast_17_piece37 stored as bytes in memory (estimated size 4.0 MB, free 1436.1 MB)
17/03/16 18:34:19 INFO storage.MemoryStore: Block broadcast_17_piece30 stored as bytes in memory (estimated size 4.0 MB, free 1440.1 MB)
17/03/16 18:34:19 INFO storage.MemoryStore: Block broadcast_17_piece72 stored as bytes in memory (estimated size 4.0 MB, free 1444.1 MB)
17/03/16 18:34:19 INFO storage.MemoryStore: Block broadcast_17_piece38 stored as bytes in memory (estimated size 4.0 MB, free 1448.1 MB)
17/03/16 18:34:19 INFO storage.MemoryStore: Block broadcast_17_piece16 stored as bytes in memory (estimated size 4.0 MB, free 1452.1 MB)
17/03/16 18:34:19 INFO storage.MemoryStore: Block broadcast_17_piece13 stored as bytes in memory (estimated size 4.0 MB, free 1456.1 MB)
17/03/16 18:34:19 INFO storage.MemoryStore: Block broadcast_17_piece79 stored as bytes in memory (estimated size 4.0 MB, free 1460.1 MB)
17/03/16 18:34:19 INFO storage.MemoryStore: Block broadcast_17_piece45 stored as bytes in memory (estimated size 4.0 MB, free 1464.1 MB)
17/03/16 18:34:19 INFO storage.MemoryStore: Block broadcast_17_piece4 stored as bytes in memory (estimated size 4.0 MB, free 1468.1 MB)
17/03/16 18:34:19 INFO storage.MemoryStore: Block broadcast_17_piece56 stored as bytes in memory (estimated size 4.0 MB, free 1472.1 MB)
17/03/16 18:34:19 INFO storage.MemoryStore: Block broadcast_17_piece98 stored as bytes in memory (estimated size 4.0 MB, free 1476.1 MB)
17/03/16 18:34:19 INFO storage.MemoryStore: Block broadcast_17_piece26 stored as bytes in memory (estimated size 4.0 MB, free 1480.1 MB)
17/03/16 18:34:19 INFO storage.MemoryStore: Block broadcast_17_piece67 stored as bytes in memory (estimated size 4.0 MB, free 1484.1 MB)
17/03/16 18:34:19 INFO storage.MemoryStore: Block broadcast_17_piece54 stored as bytes in memory (estimated size 4.0 MB, free 1488.1 MB)
17/03/16 18:34:19 INFO storage.MemoryStore: Block broadcast_17_piece63 stored as bytes in memory (estimated size 4.0 MB, free 1492.1 MB)
17/03/16 18:34:19 INFO storage.MemoryStore: Block broadcast_17_piece5 stored as bytes in memory (estimated size 4.0 MB, free 1496.1 MB)
17/03/16 18:34:19 INFO storage.MemoryStore: Block broadcast_17_piece101 stored as bytes in memory (estimated size 4.0 MB, free 1500.1 MB)
17/03/16 18:34:19 INFO storage.MemoryStore: Block broadcast_17_piece11 stored as bytes in memory (estimated size 4.0 MB, free 1504.1 MB)
17/03/16 18:34:19 INFO storage.MemoryStore: Block broadcast_17_piece87 stored as bytes in memory (estimated size 4.0 MB, free 1508.1 MB)
17/03/16 18:34:19 INFO storage.MemoryStore: Block broadcast_17_piece94 stored as bytes in memory (estimated size 4.0 MB, free 1512.1 MB)
17/03/16 18:34:19 INFO storage.MemoryStore: Block broadcast_17_piece103 stored as bytes in memory (estimated size 2031.4 KB, free 1514.0 MB)
17/03/16 18:34:19 INFO storage.MemoryStore: Block broadcast_17_piece9 stored as bytes in memory (estimated size 4.0 MB, free 1518.0 MB)
17/03/16 18:34:19 INFO storage.MemoryStore: Block broadcast_17_piece48 stored as bytes in memory (estimated size 4.0 MB, free 1522.0 MB)
17/03/16 18:34:19 INFO storage.MemoryStore: Block broadcast_17_piece70 stored as bytes in memory (estimated size 4.0 MB, free 1526.0 MB)
17/03/16 18:34:19 INFO storage.MemoryStore: Block broadcast_17_piece12 stored as bytes in memory (estimated size 4.0 MB, free 1530.0 MB)
17/03/16 18:34:19 INFO storage.MemoryStore: Block broadcast_17_piece14 stored as bytes in memory (estimated size 4.0 MB, free 1534.0 MB)
17/03/16 18:34:20 INFO storage.MemoryStore: Block broadcast_17_piece3 stored as bytes in memory (estimated size 4.0 MB, free 1538.0 MB)
17/03/16 18:34:20 INFO storage.MemoryStore: Block broadcast_17_piece51 stored as bytes in memory (estimated size 4.0 MB, free 1542.0 MB)
17/03/16 18:34:20 INFO storage.MemoryStore: Block broadcast_17_piece85 stored as bytes in memory (estimated size 4.0 MB, free 1546.0 MB)
17/03/16 18:34:20 INFO storage.MemoryStore: Block broadcast_17_piece29 stored as bytes in memory (estimated size 4.0 MB, free 1550.0 MB)
17/03/16 18:34:20 INFO storage.MemoryStore: Block broadcast_17_piece19 stored as bytes in memory (estimated size 4.0 MB, free 1554.0 MB)
17/03/16 18:34:20 INFO storage.MemoryStore: Block broadcast_17_piece100 stored as bytes in memory (estimated size 4.0 MB, free 1558.0 MB)
17/03/16 18:34:20 INFO storage.MemoryStore: Block broadcast_17_piece22 stored as bytes in memory (estimated size 4.0 MB, free 1562.0 MB)
17/03/16 18:34:20 INFO storage.MemoryStore: Block broadcast_17_piece59 stored as bytes in memory (estimated size 4.0 MB, free 1566.0 MB)
17/03/16 18:34:20 INFO storage.MemoryStore: Block broadcast_17_piece90 stored as bytes in memory (estimated size 4.0 MB, free 1570.0 MB)
17/03/16 18:34:20 INFO storage.MemoryStore: Block broadcast_17_piece80 stored as bytes in memory (estimated size 4.0 MB, free 1574.0 MB)
17/03/16 18:34:20 INFO storage.MemoryStore: Block broadcast_17_piece52 stored as bytes in memory (estimated size 4.0 MB, free 1578.0 MB)
17/03/16 18:34:20 INFO storage.MemoryStore: Block broadcast_17_piece62 stored as bytes in memory (estimated size 4.0 MB, free 1582.0 MB)
17/03/16 18:34:20 INFO storage.MemoryStore: Block broadcast_17_piece95 stored as bytes in memory (estimated size 4.0 MB, free 1586.0 MB)
17/03/16 18:34:20 INFO storage.MemoryStore: Block broadcast_17_piece15 stored as bytes in memory (estimated size 4.0 MB, free 1590.0 MB)
17/03/16 18:34:20 INFO storage.MemoryStore: Block broadcast_17_piece77 stored as bytes in memory (estimated size 4.0 MB, free 1594.0 MB)
17/03/16 18:34:20 INFO storage.MemoryStore: Block broadcast_17_piece41 stored as bytes in memory (estimated size 4.0 MB, free 1598.0 MB)
17/03/16 18:34:20 INFO storage.MemoryStore: Block broadcast_17_piece55 stored as bytes in memory (estimated size 4.0 MB, free 1602.0 MB)
17/03/16 18:34:20 INFO storage.MemoryStore: Block broadcast_17_piece33 stored as bytes in memory (estimated size 4.0 MB, free 1606.0 MB)
17/03/16 18:34:20 INFO storage.MemoryStore: Block broadcast_17_piece42 stored as bytes in memory (estimated size 4.0 MB, free 1610.0 MB)
17/03/16 18:34:20 INFO storage.MemoryStore: Block broadcast_17_piece66 stored as bytes in memory (estimated size 4.0 MB, free 1614.0 MB)
17/03/16 18:34:20 INFO storage.MemoryStore: Block broadcast_17_piece1 stored as bytes in memory (estimated size 4.0 MB, free 1618.0 MB)
17/03/16 18:34:20 INFO storage.MemoryStore: Block broadcast_17_piece6 stored as bytes in memory (estimated size 4.0 MB, free 1622.0 MB)
17/03/16 18:34:20 INFO storage.MemoryStore: Block broadcast_17_piece50 stored as bytes in memory (estimated size 4.0 MB, free 1626.0 MB)
17/03/16 18:34:20 INFO storage.MemoryStore: Block broadcast_17_piece75 stored as bytes in memory (estimated size 4.0 MB, free 1630.0 MB)
17/03/16 18:34:20 INFO storage.MemoryStore: Block broadcast_17_piece34 stored as bytes in memory (estimated size 4.0 MB, free 1634.0 MB)
17/03/16 18:34:20 INFO storage.MemoryStore: Block broadcast_17_piece21 stored as bytes in memory (estimated size 4.0 MB, free 1638.0 MB)
17/03/16 18:34:20 INFO storage.MemoryStore: Block broadcast_17_piece36 stored as bytes in memory (estimated size 4.0 MB, free 1642.0 MB)
17/03/16 18:34:20 INFO storage.MemoryStore: Block broadcast_17_piece99 stored as bytes in memory (estimated size 4.0 MB, free 1646.0 MB)
17/03/16 18:34:20 INFO storage.MemoryStore: Block broadcast_17_piece93 stored as bytes in memory (estimated size 4.0 MB, free 1650.0 MB)
17/03/16 18:34:20 INFO storage.MemoryStore: Block broadcast_17_piece8 stored as bytes in memory (estimated size 4.0 MB, free 1654.0 MB)
17/03/16 18:34:20 INFO storage.MemoryStore: Block broadcast_17_piece97 stored as bytes in memory (estimated size 4.0 MB, free 1658.0 MB)
17/03/16 18:34:20 INFO broadcast.TorrentBroadcast: Reading broadcast variable 17 took 2096 ms
17/03/16 18:34:28 INFO storage.MemoryStore: Block broadcast_17 stored as values in memory (estimated size 384.0 B, free 1658.0 MB)
17/03/16 18:34:36 INFO python.PythonRunner: Times: total = 17657, boot = 10, init = 10131, finish = 7516
17/03/16 18:34:36 INFO executor.Executor: Finished task 16.0 in stage 11.0 (TID 498). 1274 bytes result sent to driver
17/03/16 18:34:36 INFO python.PythonRunner: Times: total = 17818, boot = 4, init = 10137, finish = 7677
17/03/16 18:34:36 INFO python.PythonRunner: Times: total = 17832, boot = 4, init = 10139, finish = 7689
17/03/16 18:34:36 INFO python.PythonRunner: Times: total = 17846, boot = 14, init = 10127, finish = 7705
17/03/16 18:34:36 INFO python.PythonRunner: Times: total = 17869, boot = 21, init = 10120, finish = 7728
17/03/16 18:34:36 INFO python.PythonRunner: Times: total = 17887, boot = 17, init = 10124, finish = 7746
17/03/16 18:34:36 INFO executor.Executor: Finished task 22.0 in stage 11.0 (TID 504). 1274 bytes result sent to driver
17/03/16 18:34:36 INFO executor.Executor: Finished task 46.0 in stage 11.0 (TID 528). 1274 bytes result sent to driver
17/03/16 18:34:36 INFO executor.Executor: Finished task 4.0 in stage 11.0 (TID 486). 1274 bytes result sent to driver
17/03/16 18:34:36 INFO executor.Executor: Finished task 28.0 in stage 11.0 (TID 510). 1274 bytes result sent to driver
17/03/16 18:34:36 INFO executor.Executor: Finished task 34.0 in stage 11.0 (TID 516). 1274 bytes result sent to driver
17/03/16 18:34:36 INFO python.PythonRunner: Times: total = 18062, boot = 7, init = 10135, finish = 7920
17/03/16 18:34:36 INFO python.PythonRunner: Times: total = 18094, boot = 25, init = 10115, finish = 7954
17/03/16 18:34:36 INFO executor.Executor: Finished task 10.0 in stage 11.0 (TID 492). 1274 bytes result sent to driver
17/03/16 18:34:36 INFO executor.Executor: Finished task 40.0 in stage 11.0 (TID 522). 1274 bytes result sent to driver
17/03/16 18:34:53 INFO executor.CoarseGrainedExecutorBackend: Got assigned task 530
17/03/16 18:34:53 INFO executor.Executor: Running task 0.0 in stage 12.0 (TID 530)
17/03/16 18:34:53 INFO executor.CoarseGrainedExecutorBackend: Got assigned task 536
17/03/16 18:34:53 INFO executor.Executor: Running task 6.0 in stage 12.0 (TID 536)
17/03/16 18:34:53 INFO executor.CoarseGrainedExecutorBackend: Got assigned task 542
17/03/16 18:34:53 INFO executor.Executor: Running task 12.0 in stage 12.0 (TID 542)
17/03/16 18:34:53 INFO executor.CoarseGrainedExecutorBackend: Got assigned task 548
17/03/16 18:34:53 INFO spark.MapOutputTrackerWorker: Updating epoch to 6 and clearing cache
17/03/16 18:34:53 INFO executor.Executor: Running task 18.0 in stage 12.0 (TID 548)
17/03/16 18:34:53 INFO executor.CoarseGrainedExecutorBackend: Got assigned task 554
17/03/16 18:34:53 INFO broadcast.TorrentBroadcast: Started reading broadcast variable 19
17/03/16 18:34:53 INFO executor.Executor: Running task 24.0 in stage 12.0 (TID 554)
17/03/16 18:34:53 INFO executor.CoarseGrainedExecutorBackend: Got assigned task 560
17/03/16 18:34:53 INFO executor.CoarseGrainedExecutorBackend: Got assigned task 566
17/03/16 18:34:53 INFO executor.Executor: Running task 30.0 in stage 12.0 (TID 560)
17/03/16 18:34:53 INFO executor.Executor: Running task 36.0 in stage 12.0 (TID 566)
17/03/16 18:34:53 INFO executor.CoarseGrainedExecutorBackend: Got assigned task 572
17/03/16 18:34:53 INFO executor.Executor: Running task 42.0 in stage 12.0 (TID 572)
17/03/16 18:34:53 INFO storage.MemoryStore: Block broadcast_19_piece0 stored as bytes in memory (estimated size 3.3 KB, free 1658.0 MB)
17/03/16 18:34:53 INFO broadcast.TorrentBroadcast: Reading broadcast variable 19 took 8 ms
17/03/16 18:34:53 INFO storage.MemoryStore: Block broadcast_19 stored as values in memory (estimated size 5.3 KB, free 1658.1 MB)
17/03/16 18:34:53 INFO spark.MapOutputTrackerWorker: Don't have map outputs for shuffle 5, fetching them
17/03/16 18:34:53 INFO spark.MapOutputTrackerWorker: Doing the fetch; tracker endpoint = NettyRpcEndpointRef(spark://MapOutputTracker@10.10.34.38:36751)
17/03/16 18:34:53 INFO spark.MapOutputTrackerWorker: Don't have map outputs for shuffle 5, fetching them
17/03/16 18:34:53 INFO spark.MapOutputTrackerWorker: Don't have map outputs for shuffle 5, fetching them
17/03/16 18:34:53 INFO spark.MapOutputTrackerWorker: Don't have map outputs for shuffle 5, fetching them
17/03/16 18:34:53 INFO spark.MapOutputTrackerWorker: Don't have map outputs for shuffle 5, fetching them
17/03/16 18:34:53 INFO spark.MapOutputTrackerWorker: Don't have map outputs for shuffle 5, fetching them
17/03/16 18:34:53 INFO spark.MapOutputTrackerWorker: Don't have map outputs for shuffle 5, fetching them
17/03/16 18:34:53 INFO spark.MapOutputTrackerWorker: Got the output locations
17/03/16 18:34:53 INFO storage.ShuffleBlockFetcherIterator: Getting 48 non-empty blocks out of 48 blocks
17/03/16 18:34:53 INFO storage.ShuffleBlockFetcherIterator: Getting 48 non-empty blocks out of 48 blocks
17/03/16 18:34:53 INFO storage.ShuffleBlockFetcherIterator: Getting 48 non-empty blocks out of 48 blocks
17/03/16 18:34:53 INFO storage.ShuffleBlockFetcherIterator: Getting 48 non-empty blocks out of 48 blocks
17/03/16 18:34:53 INFO storage.ShuffleBlockFetcherIterator: Started 7 remote fetches in 4 ms
17/03/16 18:34:53 INFO storage.ShuffleBlockFetcherIterator: Getting 48 non-empty blocks out of 48 blocks
17/03/16 18:34:53 INFO storage.ShuffleBlockFetcherIterator: Started 6 remote fetches in 5 ms
17/03/16 18:34:53 INFO storage.ShuffleBlockFetcherIterator: Getting 48 non-empty blocks out of 48 blocks
17/03/16 18:34:53 INFO storage.ShuffleBlockFetcherIterator: Getting 48 non-empty blocks out of 48 blocks
17/03/16 18:34:53 INFO storage.ShuffleBlockFetcherIterator: Started 6 remote fetches in 3 ms
17/03/16 18:34:53 INFO storage.ShuffleBlockFetcherIterator: Started 7 remote fetches in 4 ms
17/03/16 18:34:53 INFO storage.ShuffleBlockFetcherIterator: Started 6 remote fetches in 7 ms
17/03/16 18:34:53 INFO storage.ShuffleBlockFetcherIterator: Getting 48 non-empty blocks out of 48 blocks
17/03/16 18:34:53 INFO storage.ShuffleBlockFetcherIterator: Started 7 remote fetches in 4 ms
17/03/16 18:34:53 INFO storage.ShuffleBlockFetcherIterator: Started 7 remote fetches in 5 ms
17/03/16 18:34:53 INFO storage.ShuffleBlockFetcherIterator: Started 6 remote fetches in 5 ms
17/03/16 18:34:54 INFO python.PythonRunner: Times: total = 895, boot = -17822, init = 17825, finish = 892
17/03/16 18:34:54 INFO executor.Executor: Finished task 42.0 in stage 12.0 (TID 572). 9568524 bytes result sent to driver
17/03/16 18:34:54 INFO python.PythonRunner: Times: total = 969, boot = -17650, init = 17654, finish = 965
17/03/16 18:34:54 INFO python.PythonRunner: Times: total = 980, boot = -17627, init = 17631, finish = 976
17/03/16 18:34:54 INFO executor.Executor: Finished task 6.0 in stage 12.0 (TID 536). 9560028 bytes result sent to driver
17/03/16 18:34:54 INFO python.PythonRunner: Times: total = 993, boot = -17421, init = 17425, finish = 989
17/03/16 18:34:54 INFO executor.Executor: Finished task 36.0 in stage 12.0 (TID 566). 9568560 bytes result sent to driver
17/03/16 18:34:54 INFO executor.Executor: Finished task 18.0 in stage 12.0 (TID 548). 9569065 bytes result sent to driver
17/03/16 18:34:54 INFO python.PythonRunner: Times: total = 1017, boot = -17617, init = 17623, finish = 1011
17/03/16 18:34:54 INFO python.PythonRunner: Times: total = 1032, boot = -17390, init = 17404, finish = 1018
17/03/16 18:34:55 INFO executor.Executor: Finished task 30.0 in stage 12.0 (TID 560). 9557645 bytes result sent to driver
17/03/16 18:34:55 INFO executor.Executor: Finished task 12.0 in stage 12.0 (TID 542). 9558858 bytes result sent to driver
17/03/16 18:34:55 INFO python.PythonRunner: Times: total = 1084, boot = -17589, init = 17592, finish = 1081
17/03/16 18:34:55 INFO executor.Executor: Finished task 24.0 in stage 12.0 (TID 554). 9556547 bytes result sent to driver
17/03/16 18:34:55 INFO python.PythonRunner: Times: total = 1114, boot = -17666, init = 17671, finish = 1109
17/03/16 18:34:55 INFO executor.Executor: Finished task 0.0 in stage 12.0 (TID 530). 9553247 bytes result sent to driver
17/03/16 18:34:58 INFO storage.BlockManager: Removing RDD 33
17/03/16 18:34:58 INFO storage.BlockManager: Removing RDD 38
17/03/16 18:42:13 INFO executor.CoarseGrainedExecutorBackend: Got assigned task 579
17/03/16 18:42:13 INFO executor.Executor: Running task 1.0 in stage 13.0 (TID 579)
17/03/16 18:42:13 INFO broadcast.TorrentBroadcast: Started reading broadcast variable 21
17/03/16 18:42:13 INFO executor.CoarseGrainedExecutorBackend: Got assigned task 585
17/03/16 18:42:13 INFO executor.Executor: Running task 7.0 in stage 13.0 (TID 585)
17/03/16 18:42:13 INFO executor.CoarseGrainedExecutorBackend: Got assigned task 591
17/03/16 18:42:13 INFO executor.Executor: Running task 13.0 in stage 13.0 (TID 591)
17/03/16 18:42:13 INFO executor.CoarseGrainedExecutorBackend: Got assigned task 597
17/03/16 18:42:13 INFO executor.Executor: Running task 19.0 in stage 13.0 (TID 597)
17/03/16 18:42:13 INFO executor.CoarseGrainedExecutorBackend: Got assigned task 603
17/03/16 18:42:13 INFO executor.Executor: Running task 25.0 in stage 13.0 (TID 603)
17/03/16 18:42:13 INFO executor.CoarseGrainedExecutorBackend: Got assigned task 609
17/03/16 18:42:13 INFO executor.Executor: Running task 31.0 in stage 13.0 (TID 609)
17/03/16 18:42:13 INFO executor.CoarseGrainedExecutorBackend: Got assigned task 615
17/03/16 18:42:13 INFO executor.Executor: Running task 37.0 in stage 13.0 (TID 615)
17/03/16 18:42:13 INFO storage.MemoryStore: Block broadcast_21_piece0 stored as bytes in memory (estimated size 5.4 KB, free 1658.0 MB)
17/03/16 18:42:13 INFO executor.CoarseGrainedExecutorBackend: Got assigned task 621
17/03/16 18:42:13 INFO executor.Executor: Running task 43.0 in stage 13.0 (TID 621)
17/03/16 18:42:13 INFO broadcast.TorrentBroadcast: Reading broadcast variable 21 took 18 ms
17/03/16 18:42:13 INFO storage.MemoryStore: Block broadcast_21 stored as values in memory (estimated size 8.6 KB, free 1658.1 MB)
17/03/16 18:42:13 INFO broadcast.TorrentBroadcast: Started reading broadcast variable 20
17/03/16 18:42:13 INFO storage.MemoryStore: Block broadcast_20_piece32 stored as bytes in memory (estimated size 4.0 MB, free 1662.1 MB)
17/03/16 18:42:13 INFO storage.MemoryStore: Block broadcast_20_piece11 stored as bytes in memory (estimated size 4.0 MB, free 1666.1 MB)
17/03/16 18:42:13 INFO storage.MemoryStore: Block broadcast_20_piece9 stored as bytes in memory (estimated size 4.0 MB, free 1670.1 MB)
17/03/16 18:42:13 INFO storage.MemoryStore: Block broadcast_20_piece81 stored as bytes in memory (estimated size 4.0 MB, free 1674.1 MB)
17/03/16 18:42:13 INFO storage.MemoryStore: Block broadcast_20_piece54 stored as bytes in memory (estimated size 4.0 MB, free 1678.1 MB)
17/03/16 18:42:14 INFO storage.MemoryStore: Block broadcast_20_piece2 stored as bytes in memory (estimated size 4.0 MB, free 1682.1 MB)
17/03/16 18:42:14 INFO storage.MemoryStore: Block broadcast_20_piece41 stored as bytes in memory (estimated size 4.0 MB, free 1686.1 MB)
17/03/16 18:42:14 INFO storage.MemoryStore: Block broadcast_20_piece64 stored as bytes in memory (estimated size 4.0 MB, free 1690.1 MB)
17/03/16 18:42:14 INFO storage.MemoryStore: Block broadcast_20_piece5 stored as bytes in memory (estimated size 4.0 MB, free 1694.1 MB)
17/03/16 18:42:14 INFO storage.MemoryStore: Block broadcast_20_piece47 stored as bytes in memory (estimated size 4.0 MB, free 1698.1 MB)
17/03/16 18:42:14 INFO storage.MemoryStore: Block broadcast_20_piece21 stored as bytes in memory (estimated size 4.0 MB, free 1702.1 MB)
17/03/16 18:42:14 INFO storage.MemoryStore: Block broadcast_20_piece99 stored as bytes in memory (estimated size 4.0 MB, free 1706.1 MB)
17/03/16 18:42:14 INFO storage.MemoryStore: Block broadcast_20_piece36 stored as bytes in memory (estimated size 4.0 MB, free 1710.1 MB)
17/03/16 18:42:14 INFO storage.MemoryStore: Block broadcast_20_piece15 stored as bytes in memory (estimated size 4.0 MB, free 1714.1 MB)
17/03/16 18:42:14 INFO storage.MemoryStore: Block broadcast_20_piece24 stored as bytes in memory (estimated size 4.0 MB, free 1718.1 MB)
17/03/16 18:42:14 INFO storage.MemoryStore: Block broadcast_20_piece100 stored as bytes in memory (estimated size 4.0 MB, free 1722.1 MB)
17/03/16 18:42:14 INFO storage.MemoryStore: Block broadcast_20_piece78 stored as bytes in memory (estimated size 4.0 MB, free 1726.1 MB)
17/03/16 18:42:14 INFO storage.MemoryStore: Block broadcast_20_piece96 stored as bytes in memory (estimated size 4.0 MB, free 1730.1 MB)
17/03/16 18:42:14 INFO storage.MemoryStore: Block broadcast_20_piece51 stored as bytes in memory (estimated size 4.0 MB, free 1734.1 MB)
17/03/16 18:42:14 INFO storage.MemoryStore: Block broadcast_20_piece39 stored as bytes in memory (estimated size 4.0 MB, free 1738.1 MB)
17/03/16 18:42:14 INFO storage.MemoryStore: Block broadcast_20_piece75 stored as bytes in memory (estimated size 4.0 MB, free 1742.1 MB)
17/03/16 18:42:14 INFO storage.MemoryStore: Block broadcast_20_piece57 stored as bytes in memory (estimated size 4.0 MB, free 1746.1 MB)
17/03/16 18:42:14 INFO storage.MemoryStore: Block broadcast_20_piece38 stored as bytes in memory (estimated size 4.0 MB, free 1750.1 MB)
17/03/16 18:42:14 INFO storage.MemoryStore: Block broadcast_20_piece31 stored as bytes in memory (estimated size 4.0 MB, free 1754.1 MB)
17/03/16 18:42:14 INFO storage.MemoryStore: Block broadcast_20_piece10 stored as bytes in memory (estimated size 4.0 MB, free 1758.1 MB)
17/03/16 18:42:14 INFO storage.MemoryStore: Block broadcast_20_piece37 stored as bytes in memory (estimated size 4.0 MB, free 1762.1 MB)
17/03/16 18:42:14 INFO storage.MemoryStore: Block broadcast_20_piece62 stored as bytes in memory (estimated size 4.0 MB, free 1766.1 MB)
17/03/16 18:42:14 INFO storage.MemoryStore: Block broadcast_20_piece80 stored as bytes in memory (estimated size 4.0 MB, free 1770.1 MB)
17/03/16 18:42:14 INFO storage.MemoryStore: Block broadcast_20_piece53 stored as bytes in memory (estimated size 4.0 MB, free 1774.1 MB)
17/03/16 18:42:14 INFO storage.MemoryStore: Block broadcast_20_piece82 stored as bytes in memory (estimated size 4.0 MB, free 1778.1 MB)
17/03/16 18:42:14 INFO storage.MemoryStore: Block broadcast_20_piece13 stored as bytes in memory (estimated size 4.0 MB, free 1782.1 MB)
17/03/16 18:42:14 INFO storage.MemoryStore: Block broadcast_20_piece49 stored as bytes in memory (estimated size 4.0 MB, free 1786.1 MB)
17/03/16 18:42:14 INFO storage.MemoryStore: Block broadcast_20_piece50 stored as bytes in memory (estimated size 4.0 MB, free 1790.1 MB)
17/03/16 18:42:14 INFO storage.MemoryStore: Block broadcast_20_piece35 stored as bytes in memory (estimated size 4.0 MB, free 1794.1 MB)
17/03/16 18:42:14 INFO storage.MemoryStore: Block broadcast_20_piece74 stored as bytes in memory (estimated size 4.0 MB, free 1798.1 MB)
17/03/16 18:42:14 INFO storage.MemoryStore: Block broadcast_20_piece34 stored as bytes in memory (estimated size 4.0 MB, free 1802.1 MB)
17/03/16 18:42:14 INFO storage.MemoryStore: Block broadcast_20_piece12 stored as bytes in memory (estimated size 4.0 MB, free 1806.1 MB)
17/03/16 18:42:14 INFO storage.MemoryStore: Block broadcast_20_piece48 stored as bytes in memory (estimated size 4.0 MB, free 1810.1 MB)
17/03/16 18:42:14 INFO storage.MemoryStore: Block broadcast_20_piece16 stored as bytes in memory (estimated size 4.0 MB, free 1814.1 MB)
17/03/16 18:42:14 INFO storage.MemoryStore: Block broadcast_20_piece69 stored as bytes in memory (estimated size 4.0 MB, free 1818.1 MB)
17/03/16 18:42:14 INFO storage.MemoryStore: Block broadcast_20_piece0 stored as bytes in memory (estimated size 4.0 MB, free 1822.1 MB)
17/03/16 18:42:14 INFO storage.MemoryStore: Block broadcast_20_piece72 stored as bytes in memory (estimated size 4.0 MB, free 1826.1 MB)
17/03/16 18:42:14 INFO storage.MemoryStore: Block broadcast_20_piece93 stored as bytes in memory (estimated size 4.0 MB, free 1830.1 MB)
17/03/16 18:42:14 INFO storage.MemoryStore: Block broadcast_20_piece25 stored as bytes in memory (estimated size 4.0 MB, free 1834.1 MB)
17/03/16 18:42:14 INFO storage.MemoryStore: Block broadcast_20_piece61 stored as bytes in memory (estimated size 4.0 MB, free 1838.1 MB)
17/03/16 18:42:14 INFO storage.MemoryStore: Block broadcast_20_piece6 stored as bytes in memory (estimated size 4.0 MB, free 1842.1 MB)
17/03/16 18:42:14 INFO storage.MemoryStore: Block broadcast_20_piece45 stored as bytes in memory (estimated size 4.0 MB, free 1846.1 MB)
17/03/16 18:42:14 INFO storage.MemoryStore: Block broadcast_20_piece8 stored as bytes in memory (estimated size 4.0 MB, free 1850.1 MB)
17/03/16 18:42:14 INFO storage.MemoryStore: Block broadcast_20_piece67 stored as bytes in memory (estimated size 4.0 MB, free 1854.1 MB)
17/03/16 18:42:14 INFO storage.MemoryStore: Block broadcast_20_piece83 stored as bytes in memory (estimated size 4.0 MB, free 1858.1 MB)
17/03/16 18:42:15 INFO storage.MemoryStore: Block broadcast_20_piece66 stored as bytes in memory (estimated size 4.0 MB, free 1862.1 MB)
17/03/16 18:42:15 INFO storage.MemoryStore: Block broadcast_20_piece33 stored as bytes in memory (estimated size 4.0 MB, free 1866.1 MB)
17/03/16 18:42:15 INFO storage.MemoryStore: Block broadcast_20_piece40 stored as bytes in memory (estimated size 4.0 MB, free 1870.1 MB)
17/03/16 18:42:15 INFO storage.MemoryStore: Block broadcast_20_piece22 stored as bytes in memory (estimated size 4.0 MB, free 1874.1 MB)
17/03/16 18:42:15 INFO storage.MemoryStore: Block broadcast_20_piece19 stored as bytes in memory (estimated size 4.0 MB, free 1878.1 MB)
17/03/16 18:42:15 INFO storage.MemoryStore: Block broadcast_20_piece56 stored as bytes in memory (estimated size 4.0 MB, free 1882.1 MB)
17/03/16 18:42:15 INFO storage.MemoryStore: Block broadcast_20_piece85 stored as bytes in memory (estimated size 4.0 MB, free 1886.1 MB)
17/03/16 18:42:15 INFO storage.MemoryStore: Block broadcast_20_piece101 stored as bytes in memory (estimated size 4.0 MB, free 1890.1 MB)
17/03/16 18:42:15 INFO storage.MemoryStore: Block broadcast_20_piece76 stored as bytes in memory (estimated size 4.0 MB, free 1894.1 MB)
17/03/16 18:42:15 INFO storage.MemoryStore: Block broadcast_20_piece43 stored as bytes in memory (estimated size 4.0 MB, free 1898.1 MB)
17/03/16 18:42:15 INFO storage.MemoryStore: Block broadcast_20_piece59 stored as bytes in memory (estimated size 4.0 MB, free 1902.1 MB)
17/03/16 18:42:15 INFO storage.MemoryStore: Block broadcast_20_piece46 stored as bytes in memory (estimated size 4.0 MB, free 1906.1 MB)
17/03/16 18:42:15 INFO storage.MemoryStore: Block broadcast_20_piece87 stored as bytes in memory (estimated size 4.0 MB, free 1910.1 MB)
17/03/16 18:42:15 INFO storage.MemoryStore: Block broadcast_20_piece20 stored as bytes in memory (estimated size 4.0 MB, free 1914.1 MB)
17/03/16 18:42:15 INFO storage.MemoryStore: Block broadcast_20_piece7 stored as bytes in memory (estimated size 4.0 MB, free 1918.1 MB)
17/03/16 18:42:15 INFO storage.MemoryStore: Block broadcast_20_piece28 stored as bytes in memory (estimated size 4.0 MB, free 1922.1 MB)
17/03/16 18:42:15 INFO storage.MemoryStore: Block broadcast_20_piece23 stored as bytes in memory (estimated size 4.0 MB, free 1926.1 MB)
17/03/16 18:42:15 INFO storage.MemoryStore: Block broadcast_20_piece90 stored as bytes in memory (estimated size 4.0 MB, free 1930.1 MB)
17/03/16 18:42:15 INFO storage.MemoryStore: Block broadcast_20_piece89 stored as bytes in memory (estimated size 4.0 MB, free 1934.1 MB)
17/03/16 18:42:15 INFO storage.MemoryStore: Block broadcast_20_piece44 stored as bytes in memory (estimated size 4.0 MB, free 1938.1 MB)
17/03/16 18:42:15 INFO storage.MemoryStore: Block broadcast_20_piece77 stored as bytes in memory (estimated size 4.0 MB, free 1942.1 MB)
17/03/16 18:42:15 INFO storage.MemoryStore: Block broadcast_20_piece71 stored as bytes in memory (estimated size 4.0 MB, free 1946.1 MB)
17/03/16 18:42:15 INFO storage.MemoryStore: Block broadcast_20_piece52 stored as bytes in memory (estimated size 4.0 MB, free 1950.1 MB)
17/03/16 18:42:15 INFO storage.MemoryStore: Block broadcast_20_piece60 stored as bytes in memory (estimated size 4.0 MB, free 1954.1 MB)
17/03/16 18:42:15 INFO storage.MemoryStore: Block broadcast_20_piece26 stored as bytes in memory (estimated size 4.0 MB, free 1958.1 MB)
17/03/16 18:42:15 INFO storage.MemoryStore: Block broadcast_20_piece65 stored as bytes in memory (estimated size 4.0 MB, free 1962.1 MB)
17/03/16 18:42:15 INFO storage.MemoryStore: Block broadcast_20_piece3 stored as bytes in memory (estimated size 4.0 MB, free 1966.1 MB)
17/03/16 18:42:15 INFO storage.MemoryStore: Block broadcast_20_piece84 stored as bytes in memory (estimated size 4.0 MB, free 1970.1 MB)
17/03/16 18:42:15 INFO storage.MemoryStore: Block broadcast_20_piece14 stored as bytes in memory (estimated size 4.0 MB, free 1974.1 MB)
17/03/16 18:42:15 INFO storage.MemoryStore: Block broadcast_20_piece88 stored as bytes in memory (estimated size 4.0 MB, free 1978.1 MB)
17/03/16 18:42:15 INFO storage.MemoryStore: Block broadcast_20_piece27 stored as bytes in memory (estimated size 4.0 MB, free 1982.1 MB)
17/03/16 18:42:15 INFO storage.MemoryStore: Block broadcast_20_piece103 stored as bytes in memory (estimated size 1787.6 KB, free 1983.8 MB)
17/03/16 18:42:15 INFO storage.MemoryStore: Block broadcast_20_piece17 stored as bytes in memory (estimated size 4.0 MB, free 1987.8 MB)
17/03/16 18:42:15 INFO storage.MemoryStore: Block broadcast_20_piece1 stored as bytes in memory (estimated size 4.0 MB, free 1991.8 MB)
17/03/16 18:42:15 INFO storage.MemoryStore: Block broadcast_20_piece58 stored as bytes in memory (estimated size 4.0 MB, free 1995.8 MB)
17/03/16 18:42:15 INFO storage.MemoryStore: Block broadcast_20_piece29 stored as bytes in memory (estimated size 4.0 MB, free 1999.8 MB)
17/03/16 18:42:15 INFO storage.MemoryStore: Block broadcast_20_piece98 stored as bytes in memory (estimated size 4.0 MB, free 2003.8 MB)
17/03/16 18:42:15 INFO storage.MemoryStore: Block broadcast_20_piece18 stored as bytes in memory (estimated size 4.0 MB, free 2007.8 MB)
17/03/16 18:42:15 INFO storage.MemoryStore: Block broadcast_20_piece55 stored as bytes in memory (estimated size 4.0 MB, free 2011.8 MB)
17/03/16 18:42:15 INFO storage.MemoryStore: Block broadcast_20_piece97 stored as bytes in memory (estimated size 4.0 MB, free 2015.8 MB)
17/03/16 18:42:15 INFO storage.MemoryStore: Block broadcast_20_piece95 stored as bytes in memory (estimated size 4.0 MB, free 2019.8 MB)
17/03/16 18:42:15 INFO storage.MemoryStore: Block broadcast_20_piece92 stored as bytes in memory (estimated size 4.0 MB, free 2023.8 MB)
17/03/16 18:42:15 INFO storage.MemoryStore: Block broadcast_20_piece102 stored as bytes in memory (estimated size 4.0 MB, free 2027.8 MB)
17/03/16 18:42:15 INFO storage.MemoryStore: Block broadcast_20_piece94 stored as bytes in memory (estimated size 4.0 MB, free 2031.8 MB)
17/03/16 18:42:15 INFO storage.MemoryStore: Block broadcast_20_piece63 stored as bytes in memory (estimated size 4.0 MB, free 2035.8 MB)
17/03/16 18:42:15 INFO storage.MemoryStore: Block broadcast_20_piece91 stored as bytes in memory (estimated size 4.0 MB, free 2039.8 MB)
17/03/16 18:42:15 INFO storage.MemoryStore: Block broadcast_20_piece86 stored as bytes in memory (estimated size 4.0 MB, free 2043.8 MB)
17/03/16 18:42:15 INFO storage.MemoryStore: Block broadcast_20_piece68 stored as bytes in memory (estimated size 4.0 MB, free 2047.8 MB)
17/03/16 18:42:15 INFO storage.MemoryStore: Block broadcast_20_piece79 stored as bytes in memory (estimated size 4.0 MB, free 2.0 GB)
17/03/16 18:42:15 INFO storage.MemoryStore: Block broadcast_20_piece73 stored as bytes in memory (estimated size 4.0 MB, free 2.0 GB)
17/03/16 18:42:15 INFO storage.MemoryStore: Block broadcast_20_piece42 stored as bytes in memory (estimated size 4.0 MB, free 2.0 GB)
17/03/16 18:42:15 INFO storage.MemoryStore: Block broadcast_20_piece30 stored as bytes in memory (estimated size 4.0 MB, free 2.0 GB)
17/03/16 18:42:15 INFO storage.MemoryStore: Block broadcast_20_piece4 stored as bytes in memory (estimated size 4.0 MB, free 2.0 GB)
17/03/16 18:42:15 INFO storage.MemoryStore: Block broadcast_20_piece70 stored as bytes in memory (estimated size 4.0 MB, free 2.0 GB)
17/03/16 18:42:15 INFO broadcast.TorrentBroadcast: Reading broadcast variable 20 took 2069 ms
17/03/16 18:42:23 INFO storage.MemoryStore: Block broadcast_20 stored as values in memory (estimated size 384.0 B, free 2.0 GB)
17/03/16 18:42:31 INFO python.PythonRunner: Times: total = 17484, boot = 14, init = 9979, finish = 7491
17/03/16 18:42:31 INFO executor.Executor: Finished task 25.0 in stage 13.0 (TID 603). 1274 bytes result sent to driver
17/03/16 18:42:31 INFO python.PythonRunner: Times: total = 17734, boot = 25, init = 9967, finish = 7742
17/03/16 18:42:31 INFO python.PythonRunner: Times: total = 17743, boot = 11, init = 9983, finish = 7749
17/03/16 18:42:31 INFO python.PythonRunner: Times: total = 17739, boot = 4, init = 9990, finish = 7745
17/03/16 18:42:31 INFO python.PythonRunner: Times: total = 17758, boot = 22, init = 9971, finish = 7765
17/03/16 18:42:31 INFO python.PythonRunner: Times: total = 17757, boot = 19, init = 9974, finish = 7764
17/03/16 18:42:31 INFO python.PythonRunner: Times: total = 17817, boot = 4, init = 9988, finish = 7825
17/03/16 18:42:31 INFO executor.Executor: Finished task 43.0 in stage 13.0 (TID 621). 1274 bytes result sent to driver
17/03/16 18:42:31 INFO executor.Executor: Finished task 19.0 in stage 13.0 (TID 597). 1274 bytes result sent to driver
17/03/16 18:42:31 INFO executor.Executor: Finished task 7.0 in stage 13.0 (TID 585). 1274 bytes result sent to driver
17/03/16 18:42:31 INFO executor.Executor: Finished task 37.0 in stage 13.0 (TID 615). 1274 bytes result sent to driver
17/03/16 18:42:31 INFO executor.Executor: Finished task 31.0 in stage 13.0 (TID 609). 1274 bytes result sent to driver
17/03/16 18:42:31 INFO executor.Executor: Finished task 1.0 in stage 13.0 (TID 579). 1274 bytes result sent to driver
17/03/16 18:42:31 INFO python.PythonRunner: Times: total = 17963, boot = 7, init = 9986, finish = 7970
17/03/16 18:42:31 INFO executor.Executor: Finished task 13.0 in stage 13.0 (TID 591). 1274 bytes result sent to driver
17/03/16 18:42:51 INFO executor.CoarseGrainedExecutorBackend: Got assigned task 630
17/03/16 18:42:51 INFO executor.Executor: Running task 4.0 in stage 14.0 (TID 630)
17/03/16 18:42:51 INFO executor.CoarseGrainedExecutorBackend: Got assigned task 636
17/03/16 18:42:51 INFO executor.Executor: Running task 10.0 in stage 14.0 (TID 636)
17/03/16 18:42:51 INFO executor.CoarseGrainedExecutorBackend: Got assigned task 642
17/03/16 18:42:51 INFO executor.Executor: Running task 16.0 in stage 14.0 (TID 642)
17/03/16 18:42:51 INFO executor.CoarseGrainedExecutorBackend: Got assigned task 648
17/03/16 18:42:51 INFO spark.MapOutputTrackerWorker: Updating epoch to 7 and clearing cache
17/03/16 18:42:51 INFO executor.Executor: Running task 22.0 in stage 14.0 (TID 648)
17/03/16 18:42:51 INFO executor.CoarseGrainedExecutorBackend: Got assigned task 654
17/03/16 18:42:51 INFO broadcast.TorrentBroadcast: Started reading broadcast variable 22
17/03/16 18:42:51 INFO executor.CoarseGrainedExecutorBackend: Got assigned task 660
17/03/16 18:42:51 INFO executor.Executor: Running task 28.0 in stage 14.0 (TID 654)
17/03/16 18:42:51 INFO executor.Executor: Running task 34.0 in stage 14.0 (TID 660)
17/03/16 18:42:51 INFO executor.CoarseGrainedExecutorBackend: Got assigned task 666
17/03/16 18:42:51 INFO executor.Executor: Running task 40.0 in stage 14.0 (TID 666)
17/03/16 18:42:51 INFO executor.CoarseGrainedExecutorBackend: Got assigned task 672
17/03/16 18:42:51 INFO executor.Executor: Running task 46.0 in stage 14.0 (TID 672)
17/03/16 18:42:51 INFO storage.MemoryStore: Block broadcast_22_piece0 stored as bytes in memory (estimated size 3.3 KB, free 2.0 GB)
17/03/16 18:42:51 INFO broadcast.TorrentBroadcast: Reading broadcast variable 22 took 9 ms
17/03/16 18:42:51 INFO storage.MemoryStore: Block broadcast_22 stored as values in memory (estimated size 5.3 KB, free 2.0 GB)
17/03/16 18:42:51 INFO spark.MapOutputTrackerWorker: Don't have map outputs for shuffle 6, fetching them
17/03/16 18:42:51 INFO spark.MapOutputTrackerWorker: Doing the fetch; tracker endpoint = NettyRpcEndpointRef(spark://MapOutputTracker@10.10.34.38:36751)
17/03/16 18:42:51 INFO spark.MapOutputTrackerWorker: Don't have map outputs for shuffle 6, fetching them
17/03/16 18:42:51 INFO spark.MapOutputTrackerWorker: Don't have map outputs for shuffle 6, fetching them
17/03/16 18:42:51 INFO spark.MapOutputTrackerWorker: Don't have map outputs for shuffle 6, fetching them
17/03/16 18:42:51 INFO spark.MapOutputTrackerWorker: Don't have map outputs for shuffle 6, fetching them
17/03/16 18:42:51 INFO spark.MapOutputTrackerWorker: Got the output locations
17/03/16 18:42:51 INFO spark.MapOutputTrackerWorker: Don't have map outputs for shuffle 6, fetching them
17/03/16 18:42:51 INFO storage.ShuffleBlockFetcherIterator: Getting 48 non-empty blocks out of 48 blocks
17/03/16 18:42:51 INFO storage.ShuffleBlockFetcherIterator: Getting 48 non-empty blocks out of 48 blocks
17/03/16 18:42:51 INFO storage.ShuffleBlockFetcherIterator: Getting 48 non-empty blocks out of 48 blocks
17/03/16 18:42:51 INFO storage.ShuffleBlockFetcherIterator: Started 6 remote fetches in 4 ms
17/03/16 18:42:51 INFO storage.ShuffleBlockFetcherIterator: Getting 48 non-empty blocks out of 48 blocks
17/03/16 18:42:51 INFO storage.ShuffleBlockFetcherIterator: Started 8 remote fetches in 4 ms
17/03/16 18:42:51 INFO storage.ShuffleBlockFetcherIterator: Getting 48 non-empty blocks out of 48 blocks
17/03/16 18:42:51 INFO storage.ShuffleBlockFetcherIterator: Getting 48 non-empty blocks out of 48 blocks
17/03/16 18:42:51 INFO storage.ShuffleBlockFetcherIterator: Getting 48 non-empty blocks out of 48 blocks
17/03/16 18:42:51 INFO storage.ShuffleBlockFetcherIterator: Started 5 remote fetches in 5 ms
17/03/16 18:42:51 INFO storage.ShuffleBlockFetcherIterator: Started 6 remote fetches in 6 ms
17/03/16 18:42:51 INFO storage.ShuffleBlockFetcherIterator: Getting 48 non-empty blocks out of 48 blocks
17/03/16 18:42:51 INFO storage.ShuffleBlockFetcherIterator: Started 6 remote fetches in 4 ms
17/03/16 18:42:51 INFO storage.ShuffleBlockFetcherIterator: Started 8 remote fetches in 6 ms
17/03/16 18:42:51 INFO storage.ShuffleBlockFetcherIterator: Started 7 remote fetches in 6 ms
17/03/16 18:42:51 INFO storage.ShuffleBlockFetcherIterator: Started 7 remote fetches in 5 ms
17/03/16 18:42:52 INFO python.PythonRunner: Times: total = 839, boot = -20347, init = 20354, finish = 832
17/03/16 18:42:52 INFO executor.Executor: Finished task 34.0 in stage 14.0 (TID 660). 9558730 bytes result sent to driver
17/03/16 18:42:52 INFO python.PythonRunner: Times: total = 878, boot = -20364, init = 20367, finish = 875
17/03/16 18:42:52 INFO python.PythonRunner: Times: total = 898, boot = -20366, init = 20368, finish = 896
17/03/16 18:42:52 INFO executor.Executor: Finished task 16.0 in stage 14.0 (TID 642). 9574631 bytes result sent to driver
17/03/16 18:42:52 INFO executor.Executor: Finished task 10.0 in stage 14.0 (TID 636). 9552188 bytes result sent to driver
17/03/16 18:42:52 INFO python.PythonRunner: Times: total = 931, boot = -20616, init = 20620, finish = 927
17/03/16 18:42:52 INFO executor.Executor: Finished task 4.0 in stage 14.0 (TID 630). 9565524 bytes result sent to driver
17/03/16 18:42:52 INFO python.PythonRunner: Times: total = 956, boot = -20350, init = 20359, finish = 947
17/03/16 18:42:52 INFO python.PythonRunner: Times: total = 955, boot = -20348, init = 20358, finish = 945
17/03/16 18:42:52 INFO executor.Executor: Finished task 46.0 in stage 14.0 (TID 672). 9560919 bytes result sent to driver
17/03/16 18:42:52 INFO executor.Executor: Finished task 40.0 in stage 14.0 (TID 666). 9539686 bytes result sent to driver
17/03/16 18:42:53 INFO python.PythonRunner: Times: total = 1019, boot = -20149, init = 20157, finish = 1011
17/03/16 18:42:53 INFO python.PythonRunner: Times: total = 1044, boot = -20281, init = 20287, finish = 1038
17/03/16 18:42:53 INFO executor.Executor: Finished task 28.0 in stage 14.0 (TID 654). 9553884 bytes result sent to driver
17/03/16 18:42:53 INFO executor.Executor: Finished task 22.0 in stage 14.0 (TID 648). 9559982 bytes result sent to driver
17/03/16 18:42:57 INFO storage.BlockManager: Removing RDD 39
17/03/16 18:42:57 INFO storage.BlockManager: Removing RDD 44
17/03/16 18:50:13 INFO executor.CoarseGrainedExecutorBackend: Got assigned task 679
17/03/16 18:50:13 INFO executor.Executor: Running task 5.0 in stage 15.0 (TID 679)
17/03/16 18:50:13 INFO broadcast.TorrentBroadcast: Started reading broadcast variable 24
17/03/16 18:50:13 INFO executor.CoarseGrainedExecutorBackend: Got assigned task 685
17/03/16 18:50:13 INFO executor.Executor: Running task 11.0 in stage 15.0 (TID 685)
17/03/16 18:50:13 INFO executor.CoarseGrainedExecutorBackend: Got assigned task 691
17/03/16 18:50:13 INFO executor.Executor: Running task 17.0 in stage 15.0 (TID 691)
17/03/16 18:50:13 INFO executor.CoarseGrainedExecutorBackend: Got assigned task 697
17/03/16 18:50:13 INFO executor.Executor: Running task 23.0 in stage 15.0 (TID 697)
17/03/16 18:50:13 INFO executor.CoarseGrainedExecutorBackend: Got assigned task 703
17/03/16 18:50:13 INFO executor.Executor: Running task 29.0 in stage 15.0 (TID 703)
17/03/16 18:50:13 INFO executor.CoarseGrainedExecutorBackend: Got assigned task 709
17/03/16 18:50:13 INFO executor.Executor: Running task 35.0 in stage 15.0 (TID 709)
17/03/16 18:50:13 INFO executor.CoarseGrainedExecutorBackend: Got assigned task 715
17/03/16 18:50:13 INFO executor.Executor: Running task 41.0 in stage 15.0 (TID 715)
17/03/16 18:50:13 INFO executor.CoarseGrainedExecutorBackend: Got assigned task 721
17/03/16 18:50:13 INFO executor.Executor: Running task 47.0 in stage 15.0 (TID 721)
17/03/16 18:50:13 INFO storage.MemoryStore: Block broadcast_24_piece0 stored as bytes in memory (estimated size 5.4 KB, free 414.0 MB)
17/03/16 18:50:13 INFO broadcast.TorrentBroadcast: Reading broadcast variable 24 took 32 ms
17/03/16 18:50:13 INFO storage.MemoryStore: Block broadcast_24 stored as values in memory (estimated size 8.6 KB, free 414.1 MB)
17/03/16 18:50:13 INFO broadcast.TorrentBroadcast: Started reading broadcast variable 23
17/03/16 18:50:14 INFO storage.MemoryStore: Block broadcast_23_piece60 stored as bytes in memory (estimated size 4.0 MB, free 418.1 MB)
17/03/16 18:50:14 INFO storage.MemoryStore: Block broadcast_23_piece92 stored as bytes in memory (estimated size 4.0 MB, free 422.1 MB)
17/03/16 18:50:14 INFO storage.MemoryStore: Block broadcast_23_piece100 stored as bytes in memory (estimated size 4.0 MB, free 426.1 MB)
17/03/16 18:50:14 INFO storage.MemoryStore: Block broadcast_23_piece8 stored as bytes in memory (estimated size 4.0 MB, free 430.1 MB)
17/03/16 18:50:14 INFO storage.MemoryStore: Block broadcast_23_piece36 stored as bytes in memory (estimated size 4.0 MB, free 434.1 MB)
17/03/16 18:50:14 INFO storage.MemoryStore: Block broadcast_23_piece55 stored as bytes in memory (estimated size 4.0 MB, free 438.1 MB)
17/03/16 18:50:14 INFO storage.MemoryStore: Block broadcast_23_piece79 stored as bytes in memory (estimated size 4.0 MB, free 442.1 MB)
17/03/16 18:50:14 INFO storage.MemoryStore: Block broadcast_23_piece15 stored as bytes in memory (estimated size 4.0 MB, free 446.1 MB)
17/03/16 18:50:14 INFO storage.MemoryStore: Block broadcast_23_piece81 stored as bytes in memory (estimated size 4.0 MB, free 450.1 MB)
17/03/16 18:50:14 INFO storage.MemoryStore: Block broadcast_23_piece93 stored as bytes in memory (estimated size 4.0 MB, free 454.1 MB)
17/03/16 18:50:14 INFO storage.MemoryStore: Block broadcast_23_piece74 stored as bytes in memory (estimated size 4.0 MB, free 458.1 MB)
17/03/16 18:50:14 INFO storage.MemoryStore: Block broadcast_23_piece34 stored as bytes in memory (estimated size 4.0 MB, free 462.1 MB)
17/03/16 18:50:14 INFO storage.MemoryStore: Block broadcast_23_piece7 stored as bytes in memory (estimated size 4.0 MB, free 466.1 MB)
17/03/16 18:50:14 INFO storage.MemoryStore: Block broadcast_23_piece19 stored as bytes in memory (estimated size 4.0 MB, free 470.1 MB)
17/03/16 18:50:14 INFO storage.MemoryStore: Block broadcast_23_piece69 stored as bytes in memory (estimated size 4.0 MB, free 474.1 MB)
17/03/16 18:50:14 INFO storage.MemoryStore: Block broadcast_23_piece18 stored as bytes in memory (estimated size 4.0 MB, free 478.1 MB)
17/03/16 18:50:14 INFO storage.MemoryStore: Block broadcast_23_piece17 stored as bytes in memory (estimated size 4.0 MB, free 482.1 MB)
17/03/16 18:50:14 INFO storage.MemoryStore: Block broadcast_23_piece89 stored as bytes in memory (estimated size 4.0 MB, free 486.1 MB)
17/03/16 18:50:14 INFO storage.MemoryStore: Block broadcast_23_piece46 stored as bytes in memory (estimated size 4.0 MB, free 490.1 MB)
17/03/16 18:50:14 INFO storage.MemoryStore: Block broadcast_23_piece44 stored as bytes in memory (estimated size 4.0 MB, free 494.1 MB)
17/03/16 18:50:14 INFO storage.MemoryStore: Block broadcast_23_piece41 stored as bytes in memory (estimated size 4.0 MB, free 498.1 MB)
17/03/16 18:50:14 INFO storage.MemoryStore: Block broadcast_23_piece64 stored as bytes in memory (estimated size 4.0 MB, free 502.1 MB)
17/03/16 18:50:14 INFO storage.MemoryStore: Block broadcast_23_piece42 stored as bytes in memory (estimated size 4.0 MB, free 506.1 MB)
17/03/16 18:50:14 INFO storage.MemoryStore: Block broadcast_23_piece49 stored as bytes in memory (estimated size 4.0 MB, free 510.1 MB)
17/03/16 18:50:14 INFO storage.MemoryStore: Block broadcast_23_piece50 stored as bytes in memory (estimated size 4.0 MB, free 514.1 MB)
17/03/16 18:50:14 INFO storage.MemoryStore: Block broadcast_23_piece76 stored as bytes in memory (estimated size 4.0 MB, free 518.1 MB)
17/03/16 18:50:14 INFO storage.MemoryStore: Block broadcast_23_piece71 stored as bytes in memory (estimated size 4.0 MB, free 522.1 MB)
17/03/16 18:50:14 INFO storage.MemoryStore: Block broadcast_23_piece4 stored as bytes in memory (estimated size 4.0 MB, free 526.1 MB)
17/03/16 18:50:14 INFO storage.MemoryStore: Block broadcast_23_piece57 stored as bytes in memory (estimated size 4.0 MB, free 530.1 MB)
17/03/16 18:50:14 INFO storage.MemoryStore: Block broadcast_23_piece29 stored as bytes in memory (estimated size 4.0 MB, free 534.1 MB)
17/03/16 18:50:14 INFO storage.MemoryStore: Block broadcast_23_piece63 stored as bytes in memory (estimated size 4.0 MB, free 538.1 MB)
17/03/16 18:50:14 INFO storage.MemoryStore: Block broadcast_23_piece12 stored as bytes in memory (estimated size 4.0 MB, free 542.1 MB)
17/03/16 18:50:14 INFO storage.MemoryStore: Block broadcast_23_piece65 stored as bytes in memory (estimated size 4.0 MB, free 546.1 MB)
17/03/16 18:50:14 INFO storage.MemoryStore: Block broadcast_23_piece6 stored as bytes in memory (estimated size 4.0 MB, free 550.1 MB)
17/03/16 18:50:14 INFO storage.MemoryStore: Block broadcast_23_piece1 stored as bytes in memory (estimated size 4.0 MB, free 554.1 MB)
17/03/16 18:50:14 INFO storage.MemoryStore: Block broadcast_23_piece39 stored as bytes in memory (estimated size 4.0 MB, free 558.1 MB)
17/03/16 18:50:14 INFO storage.MemoryStore: Block broadcast_23_piece32 stored as bytes in memory (estimated size 4.0 MB, free 562.1 MB)
17/03/16 18:50:14 INFO storage.MemoryStore: Block broadcast_23_piece22 stored as bytes in memory (estimated size 4.0 MB, free 566.1 MB)
17/03/16 18:50:14 INFO storage.MemoryStore: Block broadcast_23_piece16 stored as bytes in memory (estimated size 4.0 MB, free 570.1 MB)
17/03/16 18:50:14 INFO storage.MemoryStore: Block broadcast_23_piece78 stored as bytes in memory (estimated size 4.0 MB, free 574.1 MB)
17/03/16 18:50:14 INFO storage.MemoryStore: Block broadcast_23_piece43 stored as bytes in memory (estimated size 4.0 MB, free 578.1 MB)
17/03/16 18:50:14 INFO storage.MemoryStore: Block broadcast_23_piece13 stored as bytes in memory (estimated size 4.0 MB, free 582.1 MB)
17/03/16 18:50:14 INFO storage.MemoryStore: Block broadcast_23_piece96 stored as bytes in memory (estimated size 4.0 MB, free 586.1 MB)
17/03/16 18:50:14 INFO storage.MemoryStore: Block broadcast_23_piece54 stored as bytes in memory (estimated size 4.0 MB, free 590.1 MB)
17/03/16 18:50:14 INFO storage.MemoryStore: Block broadcast_23_piece47 stored as bytes in memory (estimated size 4.0 MB, free 594.1 MB)
17/03/16 18:50:15 INFO storage.MemoryStore: Block broadcast_23_piece59 stored as bytes in memory (estimated size 4.0 MB, free 598.1 MB)
17/03/16 18:50:15 INFO storage.MemoryStore: Block broadcast_23_piece3 stored as bytes in memory (estimated size 4.0 MB, free 602.1 MB)
17/03/16 18:50:15 INFO storage.MemoryStore: Block broadcast_23_piece23 stored as bytes in memory (estimated size 4.0 MB, free 606.1 MB)
17/03/16 18:50:15 INFO storage.MemoryStore: Block broadcast_23_piece94 stored as bytes in memory (estimated size 4.0 MB, free 610.1 MB)
17/03/16 18:50:15 INFO storage.MemoryStore: Block broadcast_23_piece70 stored as bytes in memory (estimated size 4.0 MB, free 614.1 MB)
17/03/16 18:50:15 INFO storage.MemoryStore: Block broadcast_23_piece77 stored as bytes in memory (estimated size 4.0 MB, free 618.1 MB)
17/03/16 18:50:15 INFO storage.MemoryStore: Block broadcast_23_piece101 stored as bytes in memory (estimated size 4.0 MB, free 622.1 MB)
17/03/16 18:50:15 INFO storage.MemoryStore: Block broadcast_23_piece40 stored as bytes in memory (estimated size 4.0 MB, free 626.1 MB)
17/03/16 18:50:15 INFO storage.MemoryStore: Block broadcast_23_piece0 stored as bytes in memory (estimated size 4.0 MB, free 630.1 MB)
17/03/16 18:50:15 INFO storage.MemoryStore: Block broadcast_23_piece48 stored as bytes in memory (estimated size 4.0 MB, free 634.1 MB)
17/03/16 18:50:15 INFO storage.MemoryStore: Block broadcast_23_piece83 stored as bytes in memory (estimated size 4.0 MB, free 638.1 MB)
17/03/16 18:50:15 INFO storage.MemoryStore: Block broadcast_23_piece26 stored as bytes in memory (estimated size 4.0 MB, free 642.1 MB)
17/03/16 18:50:15 INFO storage.MemoryStore: Block broadcast_23_piece52 stored as bytes in memory (estimated size 4.0 MB, free 646.1 MB)
17/03/16 18:50:15 INFO storage.MemoryStore: Block broadcast_23_piece37 stored as bytes in memory (estimated size 4.0 MB, free 650.1 MB)
17/03/16 18:50:15 INFO storage.MemoryStore: Block broadcast_23_piece14 stored as bytes in memory (estimated size 4.0 MB, free 654.1 MB)
17/03/16 18:50:15 INFO storage.MemoryStore: Block broadcast_23_piece30 stored as bytes in memory (estimated size 4.0 MB, free 658.1 MB)
17/03/16 18:50:15 INFO storage.MemoryStore: Block broadcast_23_piece61 stored as bytes in memory (estimated size 4.0 MB, free 662.1 MB)
17/03/16 18:50:15 INFO storage.MemoryStore: Block broadcast_23_piece68 stored as bytes in memory (estimated size 4.0 MB, free 666.1 MB)
17/03/16 18:50:15 INFO storage.MemoryStore: Block broadcast_23_piece87 stored as bytes in memory (estimated size 4.0 MB, free 670.1 MB)
17/03/16 18:50:15 INFO storage.MemoryStore: Block broadcast_23_piece20 stored as bytes in memory (estimated size 4.0 MB, free 674.1 MB)
17/03/16 18:50:15 INFO storage.MemoryStore: Block broadcast_23_piece66 stored as bytes in memory (estimated size 4.0 MB, free 678.1 MB)
17/03/16 18:50:15 INFO storage.MemoryStore: Block broadcast_23_piece28 stored as bytes in memory (estimated size 4.0 MB, free 682.1 MB)
17/03/16 18:50:15 INFO storage.MemoryStore: Block broadcast_23_piece88 stored as bytes in memory (estimated size 4.0 MB, free 686.1 MB)
17/03/16 18:50:15 INFO storage.MemoryStore: Block broadcast_23_piece97 stored as bytes in memory (estimated size 4.0 MB, free 690.1 MB)
17/03/16 18:50:15 INFO storage.MemoryStore: Block broadcast_23_piece91 stored as bytes in memory (estimated size 4.0 MB, free 694.1 MB)
17/03/16 18:50:15 INFO storage.MemoryStore: Block broadcast_23_piece56 stored as bytes in memory (estimated size 4.0 MB, free 698.1 MB)
17/03/16 18:50:15 INFO storage.MemoryStore: Block broadcast_23_piece35 stored as bytes in memory (estimated size 4.0 MB, free 702.1 MB)
17/03/16 18:50:15 INFO storage.MemoryStore: Block broadcast_23_piece82 stored as bytes in memory (estimated size 4.0 MB, free 706.1 MB)
17/03/16 18:50:15 INFO storage.MemoryStore: Block broadcast_23_piece9 stored as bytes in memory (estimated size 4.0 MB, free 710.1 MB)
17/03/16 18:50:15 INFO storage.MemoryStore: Block broadcast_23_piece11 stored as bytes in memory (estimated size 4.0 MB, free 714.1 MB)
17/03/16 18:50:15 INFO storage.MemoryStore: Block broadcast_23_piece53 stored as bytes in memory (estimated size 4.0 MB, free 718.1 MB)
17/03/16 18:50:15 INFO storage.MemoryStore: Block broadcast_23_piece80 stored as bytes in memory (estimated size 4.0 MB, free 722.1 MB)
17/03/16 18:50:15 INFO storage.MemoryStore: Block broadcast_23_piece58 stored as bytes in memory (estimated size 4.0 MB, free 726.1 MB)
17/03/16 18:50:15 INFO storage.MemoryStore: Block broadcast_23_piece24 stored as bytes in memory (estimated size 4.0 MB, free 730.1 MB)
17/03/16 18:50:15 INFO storage.MemoryStore: Block broadcast_23_piece67 stored as bytes in memory (estimated size 4.0 MB, free 734.1 MB)
17/03/16 18:50:15 INFO storage.MemoryStore: Block broadcast_23_piece72 stored as bytes in memory (estimated size 4.0 MB, free 738.1 MB)
17/03/16 18:50:15 INFO storage.MemoryStore: Block broadcast_23_piece98 stored as bytes in memory (estimated size 4.0 MB, free 742.1 MB)
17/03/16 18:50:15 INFO storage.MemoryStore: Block broadcast_23_piece10 stored as bytes in memory (estimated size 4.0 MB, free 746.1 MB)
17/03/16 18:50:15 INFO storage.MemoryStore: Block broadcast_23_piece2 stored as bytes in memory (estimated size 4.0 MB, free 750.1 MB)
17/03/16 18:50:15 INFO storage.MemoryStore: Block broadcast_23_piece33 stored as bytes in memory (estimated size 4.0 MB, free 754.1 MB)
17/03/16 18:50:15 INFO storage.MemoryStore: Block broadcast_23_piece45 stored as bytes in memory (estimated size 4.0 MB, free 758.1 MB)
17/03/16 18:50:15 INFO storage.MemoryStore: Block broadcast_23_piece62 stored as bytes in memory (estimated size 4.0 MB, free 762.1 MB)
17/03/16 18:50:15 INFO storage.MemoryStore: Block broadcast_23_piece95 stored as bytes in memory (estimated size 4.0 MB, free 766.1 MB)
17/03/16 18:50:15 INFO storage.MemoryStore: Block broadcast_23_piece75 stored as bytes in memory (estimated size 4.0 MB, free 770.1 MB)
17/03/16 18:50:15 INFO storage.MemoryStore: Block broadcast_23_piece99 stored as bytes in memory (estimated size 4.0 MB, free 774.1 MB)
17/03/16 18:50:15 INFO storage.MemoryStore: Block broadcast_23_piece102 stored as bytes in memory (estimated size 4.0 MB, free 778.1 MB)
17/03/16 18:50:15 INFO storage.MemoryStore: Block broadcast_23_piece5 stored as bytes in memory (estimated size 4.0 MB, free 782.1 MB)
17/03/16 18:50:15 INFO storage.MemoryStore: Block broadcast_23_piece31 stored as bytes in memory (estimated size 4.0 MB, free 786.1 MB)
17/03/16 18:50:15 INFO storage.MemoryStore: Block broadcast_23_piece38 stored as bytes in memory (estimated size 4.0 MB, free 790.1 MB)
17/03/16 18:50:15 INFO storage.MemoryStore: Block broadcast_23_piece85 stored as bytes in memory (estimated size 4.0 MB, free 794.1 MB)
17/03/16 18:50:15 INFO storage.MemoryStore: Block broadcast_23_piece51 stored as bytes in memory (estimated size 4.0 MB, free 798.1 MB)
17/03/16 18:50:15 INFO storage.MemoryStore: Block broadcast_23_piece21 stored as bytes in memory (estimated size 4.0 MB, free 802.1 MB)
17/03/16 18:50:15 INFO storage.MemoryStore: Block broadcast_23_piece27 stored as bytes in memory (estimated size 4.0 MB, free 806.1 MB)
17/03/16 18:50:15 INFO storage.MemoryStore: Block broadcast_23_piece103 stored as bytes in memory (estimated size 1574.6 KB, free 807.6 MB)
17/03/16 18:50:15 INFO storage.MemoryStore: Block broadcast_23_piece25 stored as bytes in memory (estimated size 4.0 MB, free 811.6 MB)
17/03/16 18:50:15 INFO storage.MemoryStore: Block broadcast_23_piece86 stored as bytes in memory (estimated size 4.0 MB, free 815.6 MB)
17/03/16 18:50:15 INFO storage.MemoryStore: Block broadcast_23_piece84 stored as bytes in memory (estimated size 4.0 MB, free 819.6 MB)
17/03/16 18:50:16 INFO storage.MemoryStore: Block broadcast_23_piece90 stored as bytes in memory (estimated size 4.0 MB, free 823.6 MB)
17/03/16 18:50:16 INFO storage.MemoryStore: Block broadcast_23_piece73 stored as bytes in memory (estimated size 4.0 MB, free 827.6 MB)
17/03/16 18:50:16 INFO broadcast.TorrentBroadcast: Reading broadcast variable 23 took 2042 ms
17/03/16 18:50:24 INFO storage.MemoryStore: Block broadcast_23 stored as values in memory (estimated size 384.0 B, free 827.6 MB)
17/03/16 18:50:31 INFO python.PythonRunner: Times: total = 17703, boot = 22, init = 10162, finish = 7519
17/03/16 18:50:31 INFO executor.Executor: Finished task 41.0 in stage 15.0 (TID 715). 1274 bytes result sent to driver
17/03/16 18:50:31 INFO python.PythonRunner: Times: total = 17887, boot = 10, init = 10175, finish = 7702
17/03/16 18:50:31 INFO python.PythonRunner: Times: total = 17909, boot = 18, init = 10166, finish = 7725
17/03/16 18:50:31 INFO python.PythonRunner: Times: total = 17932, boot = 7, init = 10179, finish = 7746
17/03/16 18:50:31 INFO python.PythonRunner: Times: total = 17942, boot = 3, init = 10182, finish = 7757
17/03/16 18:50:31 INFO python.PythonRunner: Times: total = 17972, boot = 26, init = 10158, finish = 7788
17/03/16 18:50:31 INFO python.PythonRunner: Times: total = 17982, boot = 14, init = 10171, finish = 7797
17/03/16 18:50:31 INFO python.PythonRunner: Times: total = 18005, boot = 3, init = 10180, finish = 7822
17/03/16 18:50:31 INFO executor.Executor: Finished task 23.0 in stage 15.0 (TID 697). 1274 bytes result sent to driver
17/03/16 18:50:32 INFO executor.Executor: Finished task 35.0 in stage 15.0 (TID 709). 1274 bytes result sent to driver
17/03/16 18:50:32 INFO executor.Executor: Finished task 47.0 in stage 15.0 (TID 721). 1274 bytes result sent to driver
17/03/16 18:50:32 INFO executor.Executor: Finished task 29.0 in stage 15.0 (TID 703). 1274 bytes result sent to driver
17/03/16 18:50:32 INFO executor.Executor: Finished task 5.0 in stage 15.0 (TID 679). 1274 bytes result sent to driver
17/03/16 18:50:32 INFO executor.Executor: Finished task 17.0 in stage 15.0 (TID 691). 1274 bytes result sent to driver
17/03/16 18:50:32 INFO executor.Executor: Finished task 11.0 in stage 15.0 (TID 685). 1274 bytes result sent to driver
17/03/16 18:50:48 INFO executor.CoarseGrainedExecutorBackend: Got assigned task 726
17/03/16 18:50:48 INFO executor.CoarseGrainedExecutorBackend: Got assigned task 732
17/03/16 18:50:48 INFO executor.Executor: Running task 4.0 in stage 16.0 (TID 726)
17/03/16 18:50:48 INFO executor.Executor: Running task 10.0 in stage 16.0 (TID 732)
17/03/16 18:50:48 INFO executor.CoarseGrainedExecutorBackend: Got assigned task 738
17/03/16 18:50:48 INFO executor.CoarseGrainedExecutorBackend: Got assigned task 744
17/03/16 18:50:48 INFO executor.Executor: Running task 16.0 in stage 16.0 (TID 738)
17/03/16 18:50:48 INFO executor.Executor: Running task 22.0 in stage 16.0 (TID 744)
17/03/16 18:50:48 INFO spark.MapOutputTrackerWorker: Updating epoch to 8 and clearing cache
17/03/16 18:50:48 INFO executor.CoarseGrainedExecutorBackend: Got assigned task 750
17/03/16 18:50:48 INFO executor.Executor: Running task 28.0 in stage 16.0 (TID 750)
17/03/16 18:50:48 INFO executor.CoarseGrainedExecutorBackend: Got assigned task 756
17/03/16 18:50:48 INFO executor.Executor: Running task 34.0 in stage 16.0 (TID 756)
17/03/16 18:50:48 INFO executor.CoarseGrainedExecutorBackend: Got assigned task 762
17/03/16 18:50:48 INFO broadcast.TorrentBroadcast: Started reading broadcast variable 25
17/03/16 18:50:48 INFO executor.CoarseGrainedExecutorBackend: Got assigned task 768
17/03/16 18:50:48 INFO executor.Executor: Running task 40.0 in stage 16.0 (TID 762)
17/03/16 18:50:48 INFO executor.Executor: Running task 46.0 in stage 16.0 (TID 768)
17/03/16 18:50:48 INFO storage.MemoryStore: Block broadcast_25_piece0 stored as bytes in memory (estimated size 3.3 KB, free 827.6 MB)
17/03/16 18:50:48 INFO broadcast.TorrentBroadcast: Reading broadcast variable 25 took 7 ms
17/03/16 18:50:48 INFO storage.MemoryStore: Block broadcast_25 stored as values in memory (estimated size 5.3 KB, free 827.6 MB)
17/03/16 18:50:48 INFO spark.MapOutputTrackerWorker: Don't have map outputs for shuffle 7, fetching them
17/03/16 18:50:48 INFO spark.MapOutputTrackerWorker: Doing the fetch; tracker endpoint = NettyRpcEndpointRef(spark://MapOutputTracker@10.10.34.38:36751)
17/03/16 18:50:48 INFO spark.MapOutputTrackerWorker: Don't have map outputs for shuffle 7, fetching them
17/03/16 18:50:48 INFO spark.MapOutputTrackerWorker: Don't have map outputs for shuffle 7, fetching them
17/03/16 18:50:48 INFO spark.MapOutputTrackerWorker: Don't have map outputs for shuffle 7, fetching them
17/03/16 18:50:48 INFO spark.MapOutputTrackerWorker: Don't have map outputs for shuffle 7, fetching them
17/03/16 18:50:48 INFO spark.MapOutputTrackerWorker: Don't have map outputs for shuffle 7, fetching them
17/03/16 18:50:48 INFO spark.MapOutputTrackerWorker: Don't have map outputs for shuffle 7, fetching them
17/03/16 18:50:48 INFO spark.MapOutputTrackerWorker: Don't have map outputs for shuffle 7, fetching them
17/03/16 18:50:48 INFO spark.MapOutputTrackerWorker: Got the output locations
17/03/16 18:50:48 INFO storage.ShuffleBlockFetcherIterator: Getting 48 non-empty blocks out of 48 blocks
17/03/16 18:50:48 INFO storage.ShuffleBlockFetcherIterator: Getting 48 non-empty blocks out of 48 blocks
17/03/16 18:50:48 INFO storage.ShuffleBlockFetcherIterator: Getting 48 non-empty blocks out of 48 blocks
17/03/16 18:50:48 INFO storage.ShuffleBlockFetcherIterator: Getting 48 non-empty blocks out of 48 blocks
17/03/16 18:50:48 INFO storage.ShuffleBlockFetcherIterator: Started 7 remote fetches in 4 ms
17/03/16 18:50:48 INFO storage.ShuffleBlockFetcherIterator: Getting 48 non-empty blocks out of 48 blocks
17/03/16 18:50:48 INFO storage.ShuffleBlockFetcherIterator: Started 7 remote fetches in 5 ms
17/03/16 18:50:48 INFO storage.ShuffleBlockFetcherIterator: Started 5 remote fetches in 3 ms
17/03/16 18:50:48 INFO storage.ShuffleBlockFetcherIterator: Getting 48 non-empty blocks out of 48 blocks
17/03/16 18:50:48 INFO storage.ShuffleBlockFetcherIterator: Started 7 remote fetches in 5 ms
17/03/16 18:50:48 INFO storage.ShuffleBlockFetcherIterator: Getting 48 non-empty blocks out of 48 blocks
17/03/16 18:50:48 INFO storage.ShuffleBlockFetcherIterator: Started 5 remote fetches in 5 ms
17/03/16 18:50:48 INFO storage.ShuffleBlockFetcherIterator: Getting 48 non-empty blocks out of 48 blocks
17/03/16 18:50:48 INFO storage.ShuffleBlockFetcherIterator: Started 6 remote fetches in 4 ms
17/03/16 18:50:48 INFO storage.ShuffleBlockFetcherIterator: Started 7 remote fetches in 5 ms
17/03/16 18:50:48 INFO storage.ShuffleBlockFetcherIterator: Started 7 remote fetches in 5 ms
17/03/16 18:50:49 INFO python.PythonRunner: Times: total = 896, boot = -16563, init = 16567, finish = 892
17/03/16 18:50:49 INFO python.PythonRunner: Times: total = 891, boot = -16503, init = 16506, finish = 888
17/03/16 18:50:49 INFO python.PythonRunner: Times: total = 898, boot = -16483, init = 16486, finish = 895
17/03/16 18:50:49 INFO python.PythonRunner: Times: total = 909, boot = -16777, init = 16781, finish = 905
17/03/16 18:50:49 INFO executor.Executor: Finished task 28.0 in stage 16.0 (TID 750). 9577114 bytes result sent to driver
17/03/16 18:50:49 INFO executor.Executor: Finished task 34.0 in stage 16.0 (TID 756). 9568891 bytes result sent to driver
17/03/16 18:50:49 INFO executor.Executor: Finished task 16.0 in stage 16.0 (TID 738). 9565797 bytes result sent to driver
17/03/16 18:50:49 INFO executor.Executor: Finished task 10.0 in stage 16.0 (TID 732). 9561020 bytes result sent to driver
17/03/16 18:50:49 INFO python.PythonRunner: Times: total = 943, boot = -16503, init = 16507, finish = 939
17/03/16 18:50:49 INFO executor.Executor: Finished task 4.0 in stage 16.0 (TID 726). 9556671 bytes result sent to driver
17/03/16 18:50:49 INFO python.PythonRunner: Times: total = 1027, boot = -16538, init = 16555, finish = 1010
17/03/16 18:50:49 INFO executor.Executor: Finished task 22.0 in stage 16.0 (TID 744). 9553878 bytes result sent to driver
17/03/16 18:50:49 INFO python.PythonRunner: Times: total = 1132, boot = -16592, init = 16597, finish = 1127
17/03/16 18:50:49 INFO executor.Executor: Finished task 46.0 in stage 16.0 (TID 768). 9553179 bytes result sent to driver
17/03/16 18:50:49 INFO python.PythonRunner: Times: total = 1160, boot = -16547, init = 16566, finish = 1141
17/03/16 18:50:49 INFO executor.Executor: Finished task 40.0 in stage 16.0 (TID 762). 9543751 bytes result sent to driver
17/03/16 18:50:53 INFO storage.BlockManager: Removing RDD 45
17/03/16 18:50:53 INFO storage.BlockManager: Removing RDD 50
17/03/16 18:58:09 INFO executor.CoarseGrainedExecutorBackend: Got assigned task 771
17/03/16 18:58:09 INFO executor.Executor: Running task 1.0 in stage 17.0 (TID 771)
17/03/16 18:58:09 INFO broadcast.TorrentBroadcast: Started reading broadcast variable 27
17/03/16 18:58:09 INFO executor.CoarseGrainedExecutorBackend: Got assigned task 777
17/03/16 18:58:09 INFO executor.Executor: Running task 7.0 in stage 17.0 (TID 777)
17/03/16 18:58:09 INFO executor.CoarseGrainedExecutorBackend: Got assigned task 783
17/03/16 18:58:09 INFO executor.Executor: Running task 13.0 in stage 17.0 (TID 783)
17/03/16 18:58:09 INFO executor.CoarseGrainedExecutorBackend: Got assigned task 789
17/03/16 18:58:09 INFO executor.Executor: Running task 19.0 in stage 17.0 (TID 789)
17/03/16 18:58:09 INFO storage.MemoryStore: Block broadcast_27_piece0 stored as bytes in memory (estimated size 5.4 KB, free 827.6 MB)
17/03/16 18:58:09 INFO executor.CoarseGrainedExecutorBackend: Got assigned task 795
17/03/16 18:58:09 INFO executor.Executor: Running task 25.0 in stage 17.0 (TID 795)
17/03/16 18:58:09 INFO executor.CoarseGrainedExecutorBackend: Got assigned task 801
17/03/16 18:58:09 INFO executor.Executor: Running task 31.0 in stage 17.0 (TID 801)
17/03/16 18:58:09 INFO broadcast.TorrentBroadcast: Reading broadcast variable 27 took 14 ms
17/03/16 18:58:09 INFO executor.CoarseGrainedExecutorBackend: Got assigned task 807
17/03/16 18:58:09 INFO storage.MemoryStore: Block broadcast_27 stored as values in memory (estimated size 8.6 KB, free 827.6 MB)
17/03/16 18:58:09 INFO executor.Executor: Running task 37.0 in stage 17.0 (TID 807)
17/03/16 18:58:09 INFO executor.CoarseGrainedExecutorBackend: Got assigned task 813
17/03/16 18:58:09 INFO executor.Executor: Running task 43.0 in stage 17.0 (TID 813)
17/03/16 18:58:09 INFO broadcast.TorrentBroadcast: Started reading broadcast variable 26
17/03/16 18:58:09 INFO storage.MemoryStore: Block broadcast_26_piece13 stored as bytes in memory (estimated size 4.0 MB, free 831.6 MB)
17/03/16 18:58:09 INFO storage.MemoryStore: Block broadcast_26_piece101 stored as bytes in memory (estimated size 4.0 MB, free 835.6 MB)
17/03/16 18:58:09 INFO storage.MemoryStore: Block broadcast_26_piece89 stored as bytes in memory (estimated size 4.0 MB, free 839.6 MB)
17/03/16 18:58:09 INFO storage.MemoryStore: Block broadcast_26_piece91 stored as bytes in memory (estimated size 4.0 MB, free 843.6 MB)
17/03/16 18:58:09 INFO storage.MemoryStore: Block broadcast_26_piece97 stored as bytes in memory (estimated size 4.0 MB, free 847.6 MB)
17/03/16 18:58:09 INFO storage.MemoryStore: Block broadcast_26_piece72 stored as bytes in memory (estimated size 4.0 MB, free 851.6 MB)
17/03/16 18:58:09 INFO storage.MemoryStore: Block broadcast_26_piece7 stored as bytes in memory (estimated size 4.0 MB, free 855.6 MB)
17/03/16 18:58:09 INFO storage.MemoryStore: Block broadcast_26_piece44 stored as bytes in memory (estimated size 4.0 MB, free 859.6 MB)
17/03/16 18:58:09 INFO storage.MemoryStore: Block broadcast_26_piece86 stored as bytes in memory (estimated size 4.0 MB, free 863.6 MB)
17/03/16 18:58:09 INFO storage.MemoryStore: Block broadcast_26_piece42 stored as bytes in memory (estimated size 4.0 MB, free 867.6 MB)
17/03/16 18:58:09 INFO storage.MemoryStore: Block broadcast_26_piece59 stored as bytes in memory (estimated size 4.0 MB, free 871.6 MB)
17/03/16 18:58:09 INFO storage.MemoryStore: Block broadcast_26_piece48 stored as bytes in memory (estimated size 4.0 MB, free 875.6 MB)
17/03/16 18:58:09 INFO storage.MemoryStore: Block broadcast_26_piece78 stored as bytes in memory (estimated size 4.0 MB, free 879.6 MB)
17/03/16 18:58:09 INFO storage.MemoryStore: Block broadcast_26_piece80 stored as bytes in memory (estimated size 4.0 MB, free 883.6 MB)
17/03/16 18:58:09 INFO storage.MemoryStore: Block broadcast_26_piece85 stored as bytes in memory (estimated size 4.0 MB, free 887.6 MB)
17/03/16 18:58:09 INFO storage.MemoryStore: Block broadcast_26_piece82 stored as bytes in memory (estimated size 4.0 MB, free 891.6 MB)
17/03/16 18:58:09 INFO storage.MemoryStore: Block broadcast_26_piece84 stored as bytes in memory (estimated size 4.0 MB, free 895.6 MB)
17/03/16 18:58:09 INFO storage.MemoryStore: Block broadcast_26_piece63 stored as bytes in memory (estimated size 4.0 MB, free 899.6 MB)
17/03/16 18:58:09 INFO storage.MemoryStore: Block broadcast_26_piece54 stored as bytes in memory (estimated size 4.0 MB, free 903.6 MB)
17/03/16 18:58:09 INFO storage.MemoryStore: Block broadcast_26_piece29 stored as bytes in memory (estimated size 4.0 MB, free 907.6 MB)
17/03/16 18:58:09 INFO storage.MemoryStore: Block broadcast_26_piece96 stored as bytes in memory (estimated size 4.0 MB, free 911.6 MB)
17/03/16 18:58:09 INFO storage.MemoryStore: Block broadcast_26_piece55 stored as bytes in memory (estimated size 4.0 MB, free 915.6 MB)
17/03/16 18:58:09 INFO storage.MemoryStore: Block broadcast_26_piece51 stored as bytes in memory (estimated size 4.0 MB, free 919.6 MB)
17/03/16 18:58:09 INFO storage.MemoryStore: Block broadcast_26_piece41 stored as bytes in memory (estimated size 4.0 MB, free 923.6 MB)
17/03/16 18:58:09 INFO storage.MemoryStore: Block broadcast_26_piece47 stored as bytes in memory (estimated size 4.0 MB, free 927.6 MB)
17/03/16 18:58:09 INFO storage.MemoryStore: Block broadcast_26_piece83 stored as bytes in memory (estimated size 4.0 MB, free 931.6 MB)
17/03/16 18:58:09 INFO storage.MemoryStore: Block broadcast_26_piece5 stored as bytes in memory (estimated size 4.0 MB, free 935.6 MB)
17/03/16 18:58:09 INFO storage.MemoryStore: Block broadcast_26_piece69 stored as bytes in memory (estimated size 4.0 MB, free 939.6 MB)
17/03/16 18:58:09 INFO storage.MemoryStore: Block broadcast_26_piece49 stored as bytes in memory (estimated size 4.0 MB, free 943.6 MB)
17/03/16 18:58:09 INFO storage.MemoryStore: Block broadcast_26_piece40 stored as bytes in memory (estimated size 4.0 MB, free 947.6 MB)
17/03/16 18:58:09 INFO storage.MemoryStore: Block broadcast_26_piece9 stored as bytes in memory (estimated size 4.0 MB, free 951.6 MB)
17/03/16 18:58:09 INFO storage.MemoryStore: Block broadcast_26_piece16 stored as bytes in memory (estimated size 4.0 MB, free 955.6 MB)
17/03/16 18:58:09 INFO storage.MemoryStore: Block broadcast_26_piece32 stored as bytes in memory (estimated size 4.0 MB, free 959.6 MB)
17/03/16 18:58:09 INFO storage.MemoryStore: Block broadcast_26_piece98 stored as bytes in memory (estimated size 4.0 MB, free 963.6 MB)
17/03/16 18:58:09 INFO storage.MemoryStore: Block broadcast_26_piece30 stored as bytes in memory (estimated size 4.0 MB, free 967.6 MB)
17/03/16 18:58:09 INFO storage.MemoryStore: Block broadcast_26_piece24 stored as bytes in memory (estimated size 4.0 MB, free 971.6 MB)
17/03/16 18:58:09 INFO storage.MemoryStore: Block broadcast_26_piece52 stored as bytes in memory (estimated size 4.0 MB, free 975.6 MB)
17/03/16 18:58:09 INFO storage.MemoryStore: Block broadcast_26_piece1 stored as bytes in memory (estimated size 4.0 MB, free 979.6 MB)
17/03/16 18:58:09 INFO storage.MemoryStore: Block broadcast_26_piece14 stored as bytes in memory (estimated size 4.0 MB, free 983.6 MB)
17/03/16 18:58:10 INFO storage.MemoryStore: Block broadcast_26_piece93 stored as bytes in memory (estimated size 4.0 MB, free 987.6 MB)
17/03/16 18:58:10 INFO storage.MemoryStore: Block broadcast_26_piece76 stored as bytes in memory (estimated size 4.0 MB, free 991.6 MB)
17/03/16 18:58:10 INFO storage.MemoryStore: Block broadcast_26_piece23 stored as bytes in memory (estimated size 4.0 MB, free 995.6 MB)
17/03/16 18:58:10 INFO storage.MemoryStore: Block broadcast_26_piece27 stored as bytes in memory (estimated size 4.0 MB, free 999.6 MB)
17/03/16 18:58:10 INFO storage.MemoryStore: Block broadcast_26_piece10 stored as bytes in memory (estimated size 4.0 MB, free 1003.6 MB)
17/03/16 18:58:10 INFO storage.MemoryStore: Block broadcast_26_piece81 stored as bytes in memory (estimated size 4.0 MB, free 1007.6 MB)
17/03/16 18:58:10 INFO storage.MemoryStore: Block broadcast_26_piece45 stored as bytes in memory (estimated size 4.0 MB, free 1011.6 MB)
17/03/16 18:58:10 INFO storage.MemoryStore: Block broadcast_26_piece50 stored as bytes in memory (estimated size 4.0 MB, free 1015.6 MB)
17/03/16 18:58:10 INFO storage.MemoryStore: Block broadcast_26_piece99 stored as bytes in memory (estimated size 4.0 MB, free 1019.6 MB)
17/03/16 18:58:10 INFO storage.MemoryStore: Block broadcast_26_piece43 stored as bytes in memory (estimated size 4.0 MB, free 1023.6 MB)
17/03/16 18:58:10 INFO storage.MemoryStore: Block broadcast_26_piece53 stored as bytes in memory (estimated size 4.0 MB, free 1027.6 MB)
17/03/16 18:58:10 INFO storage.MemoryStore: Block broadcast_26_piece88 stored as bytes in memory (estimated size 4.0 MB, free 1031.6 MB)
17/03/16 18:58:10 INFO storage.MemoryStore: Block broadcast_26_piece35 stored as bytes in memory (estimated size 4.0 MB, free 1035.6 MB)
17/03/16 18:58:10 INFO storage.MemoryStore: Block broadcast_26_piece61 stored as bytes in memory (estimated size 4.0 MB, free 1039.6 MB)
17/03/16 18:58:10 INFO storage.MemoryStore: Block broadcast_26_piece15 stored as bytes in memory (estimated size 4.0 MB, free 1043.6 MB)
17/03/16 18:58:10 INFO storage.MemoryStore: Block broadcast_26_piece66 stored as bytes in memory (estimated size 4.0 MB, free 1047.6 MB)
17/03/16 18:58:10 INFO storage.MemoryStore: Block broadcast_26_piece68 stored as bytes in memory (estimated size 4.0 MB, free 1051.6 MB)
17/03/16 18:58:10 INFO storage.MemoryStore: Block broadcast_26_piece21 stored as bytes in memory (estimated size 4.0 MB, free 1055.6 MB)
17/03/16 18:58:10 INFO storage.MemoryStore: Block broadcast_26_piece62 stored as bytes in memory (estimated size 4.0 MB, free 1059.6 MB)
17/03/16 18:58:10 INFO storage.MemoryStore: Block broadcast_26_piece90 stored as bytes in memory (estimated size 4.0 MB, free 1063.6 MB)
17/03/16 18:58:10 INFO storage.MemoryStore: Block broadcast_26_piece18 stored as bytes in memory (estimated size 4.0 MB, free 1067.6 MB)
17/03/16 18:58:10 INFO storage.MemoryStore: Block broadcast_26_piece4 stored as bytes in memory (estimated size 4.0 MB, free 1071.6 MB)
17/03/16 18:58:10 INFO storage.MemoryStore: Block broadcast_26_piece25 stored as bytes in memory (estimated size 4.0 MB, free 1075.6 MB)
17/03/16 18:58:10 INFO storage.MemoryStore: Block broadcast_26_piece74 stored as bytes in memory (estimated size 4.0 MB, free 1079.6 MB)
17/03/16 18:58:10 INFO storage.MemoryStore: Block broadcast_26_piece31 stored as bytes in memory (estimated size 4.0 MB, free 1083.6 MB)
17/03/16 18:58:10 INFO storage.MemoryStore: Block broadcast_26_piece87 stored as bytes in memory (estimated size 4.0 MB, free 1087.6 MB)
17/03/16 18:58:10 INFO storage.MemoryStore: Block broadcast_26_piece22 stored as bytes in memory (estimated size 4.0 MB, free 1091.6 MB)
17/03/16 18:58:10 INFO storage.MemoryStore: Block broadcast_26_piece103 stored as bytes in memory (estimated size 1417.8 KB, free 1093.0 MB)
17/03/16 18:58:10 INFO storage.MemoryStore: Block broadcast_26_piece37 stored as bytes in memory (estimated size 4.0 MB, free 1097.0 MB)
17/03/16 18:58:10 INFO storage.MemoryStore: Block broadcast_26_piece70 stored as bytes in memory (estimated size 4.0 MB, free 1101.0 MB)
17/03/16 18:58:10 INFO storage.MemoryStore: Block broadcast_26_piece11 stored as bytes in memory (estimated size 4.0 MB, free 1105.0 MB)
17/03/16 18:58:10 INFO storage.MemoryStore: Block broadcast_26_piece33 stored as bytes in memory (estimated size 4.0 MB, free 1109.0 MB)
17/03/16 18:58:10 INFO storage.MemoryStore: Block broadcast_26_piece65 stored as bytes in memory (estimated size 4.0 MB, free 1113.0 MB)
17/03/16 18:58:10 INFO storage.MemoryStore: Block broadcast_26_piece56 stored as bytes in memory (estimated size 4.0 MB, free 1117.0 MB)
17/03/16 18:58:10 INFO storage.MemoryStore: Block broadcast_26_piece26 stored as bytes in memory (estimated size 4.0 MB, free 1121.0 MB)
17/03/16 18:58:10 INFO storage.MemoryStore: Block broadcast_26_piece94 stored as bytes in memory (estimated size 4.0 MB, free 1125.0 MB)
17/03/16 18:58:10 INFO storage.MemoryStore: Block broadcast_26_piece3 stored as bytes in memory (estimated size 4.0 MB, free 1129.0 MB)
17/03/16 18:58:10 INFO storage.MemoryStore: Block broadcast_26_piece2 stored as bytes in memory (estimated size 4.0 MB, free 1133.0 MB)
17/03/16 18:58:10 INFO storage.MemoryStore: Block broadcast_26_piece38 stored as bytes in memory (estimated size 4.0 MB, free 1137.0 MB)
17/03/16 18:58:10 INFO storage.MemoryStore: Block broadcast_26_piece57 stored as bytes in memory (estimated size 4.0 MB, free 1141.0 MB)
17/03/16 18:58:10 INFO storage.MemoryStore: Block broadcast_26_piece20 stored as bytes in memory (estimated size 4.0 MB, free 1145.0 MB)
17/03/16 18:58:10 INFO storage.MemoryStore: Block broadcast_26_piece73 stored as bytes in memory (estimated size 4.0 MB, free 1149.0 MB)
17/03/16 18:58:10 INFO storage.MemoryStore: Block broadcast_26_piece60 stored as bytes in memory (estimated size 4.0 MB, free 1153.0 MB)
17/03/16 18:58:10 INFO storage.MemoryStore: Block broadcast_26_piece77 stored as bytes in memory (estimated size 4.0 MB, free 1157.0 MB)
17/03/16 18:58:10 INFO storage.MemoryStore: Block broadcast_26_piece36 stored as bytes in memory (estimated size 4.0 MB, free 1161.0 MB)
17/03/16 18:58:10 INFO storage.MemoryStore: Block broadcast_26_piece46 stored as bytes in memory (estimated size 4.0 MB, free 1165.0 MB)
17/03/16 18:58:10 INFO storage.MemoryStore: Block broadcast_26_piece79 stored as bytes in memory (estimated size 4.0 MB, free 1169.0 MB)
17/03/16 18:58:10 INFO storage.MemoryStore: Block broadcast_26_piece6 stored as bytes in memory (estimated size 4.0 MB, free 1173.0 MB)
17/03/16 18:58:10 INFO storage.MemoryStore: Block broadcast_26_piece67 stored as bytes in memory (estimated size 4.0 MB, free 1177.0 MB)
17/03/16 18:58:10 INFO storage.MemoryStore: Block broadcast_26_piece34 stored as bytes in memory (estimated size 4.0 MB, free 1181.0 MB)
17/03/16 18:58:10 INFO storage.MemoryStore: Block broadcast_26_piece95 stored as bytes in memory (estimated size 4.0 MB, free 1185.0 MB)
17/03/16 18:58:10 INFO storage.MemoryStore: Block broadcast_26_piece58 stored as bytes in memory (estimated size 4.0 MB, free 1189.0 MB)
17/03/16 18:58:11 INFO storage.MemoryStore: Block broadcast_26_piece28 stored as bytes in memory (estimated size 4.0 MB, free 1193.0 MB)
17/03/16 18:58:11 INFO storage.MemoryStore: Block broadcast_26_piece8 stored as bytes in memory (estimated size 4.0 MB, free 1197.0 MB)
17/03/16 18:58:11 INFO storage.MemoryStore: Block broadcast_26_piece102 stored as bytes in memory (estimated size 4.0 MB, free 1201.0 MB)
17/03/16 18:58:11 INFO storage.MemoryStore: Block broadcast_26_piece19 stored as bytes in memory (estimated size 4.0 MB, free 1205.0 MB)
17/03/16 18:58:11 INFO storage.MemoryStore: Block broadcast_26_piece71 stored as bytes in memory (estimated size 4.0 MB, free 1209.0 MB)
17/03/16 18:58:11 INFO storage.MemoryStore: Block broadcast_26_piece12 stored as bytes in memory (estimated size 4.0 MB, free 1213.0 MB)
17/03/16 18:58:11 INFO storage.MemoryStore: Block broadcast_26_piece75 stored as bytes in memory (estimated size 4.0 MB, free 1217.0 MB)
17/03/16 18:58:11 INFO storage.MemoryStore: Block broadcast_26_piece39 stored as bytes in memory (estimated size 4.0 MB, free 1221.0 MB)
17/03/16 18:58:11 INFO storage.MemoryStore: Block broadcast_26_piece64 stored as bytes in memory (estimated size 4.0 MB, free 1225.0 MB)
17/03/16 18:58:11 INFO storage.MemoryStore: Block broadcast_26_piece100 stored as bytes in memory (estimated size 4.0 MB, free 1229.0 MB)
17/03/16 18:58:11 INFO storage.MemoryStore: Block broadcast_26_piece92 stored as bytes in memory (estimated size 4.0 MB, free 1233.0 MB)
17/03/16 18:58:11 INFO storage.MemoryStore: Block broadcast_26_piece0 stored as bytes in memory (estimated size 4.0 MB, free 1237.0 MB)
17/03/16 18:58:11 INFO storage.MemoryStore: Block broadcast_26_piece17 stored as bytes in memory (estimated size 4.0 MB, free 1241.0 MB)
17/03/16 18:58:11 INFO broadcast.TorrentBroadcast: Reading broadcast variable 26 took 2165 ms
17/03/16 18:58:17 INFO storage.MemoryStore: Block broadcast_26 stored as values in memory (estimated size 384.0 B, free 1241.0 MB)
17/03/16 18:58:25 INFO python.PythonRunner: Times: total = 16633, boot = 17, init = 8860, finish = 7756
17/03/16 18:58:25 INFO executor.Executor: Finished task 19.0 in stage 17.0 (TID 789). 1274 bytes result sent to driver
17/03/16 18:58:25 INFO python.PythonRunner: Times: total = 16776, boot = 5, init = 8873, finish = 7898
17/03/16 18:58:25 INFO python.PythonRunner: Times: total = 16788, boot = 24, init = 8847, finish = 7917
17/03/16 18:58:25 INFO python.PythonRunner: Times: total = 16816, boot = 4, init = 8871, finish = 7941
17/03/16 18:58:25 INFO python.PythonRunner: Times: total = 16844, boot = 20, init = 8856, finish = 7968
17/03/16 18:58:25 INFO executor.Executor: Finished task 37.0 in stage 17.0 (TID 807). 1274 bytes result sent to driver
17/03/16 18:58:26 INFO executor.Executor: Finished task 43.0 in stage 17.0 (TID 813). 1274 bytes result sent to driver
17/03/16 18:58:26 INFO executor.Executor: Finished task 25.0 in stage 17.0 (TID 795). 1274 bytes result sent to driver
17/03/16 18:58:26 INFO executor.Executor: Finished task 1.0 in stage 17.0 (TID 771). 1274 bytes result sent to driver
17/03/16 18:58:26 INFO python.PythonRunner: Times: total = 16988, boot = 8, init = 8870, finish = 8110
17/03/16 18:58:26 INFO python.PythonRunner: Times: total = 16995, boot = 12, init = 8865, finish = 8118
17/03/16 18:58:26 INFO python.PythonRunner: Times: total = 17033, boot = 24, init = 8852, finish = 8157
17/03/16 18:58:26 INFO executor.Executor: Finished task 7.0 in stage 17.0 (TID 777). 1274 bytes result sent to driver
17/03/16 18:58:26 INFO executor.Executor: Finished task 13.0 in stage 17.0 (TID 783). 1274 bytes result sent to driver
17/03/16 18:58:26 INFO executor.Executor: Finished task 31.0 in stage 17.0 (TID 801). 1274 bytes result sent to driver
17/03/16 18:58:45 INFO executor.CoarseGrainedExecutorBackend: Got assigned task 823
17/03/16 18:58:45 INFO executor.CoarseGrainedExecutorBackend: Got assigned task 829
17/03/16 18:58:45 INFO executor.Executor: Running task 5.0 in stage 18.0 (TID 823)
17/03/16 18:58:45 INFO executor.Executor: Running task 11.0 in stage 18.0 (TID 829)
17/03/16 18:58:45 INFO executor.CoarseGrainedExecutorBackend: Got assigned task 835
17/03/16 18:58:45 INFO executor.CoarseGrainedExecutorBackend: Got assigned task 841
17/03/16 18:58:45 INFO executor.Executor: Running task 17.0 in stage 18.0 (TID 835)
17/03/16 18:58:45 INFO executor.Executor: Running task 23.0 in stage 18.0 (TID 841)
17/03/16 18:58:45 INFO spark.MapOutputTrackerWorker: Updating epoch to 9 and clearing cache
17/03/16 18:58:45 INFO executor.CoarseGrainedExecutorBackend: Got assigned task 847
17/03/16 18:58:45 INFO executor.CoarseGrainedExecutorBackend: Got assigned task 853
17/03/16 18:58:45 INFO executor.Executor: Running task 29.0 in stage 18.0 (TID 847)
17/03/16 18:58:45 INFO executor.Executor: Running task 35.0 in stage 18.0 (TID 853)
17/03/16 18:58:45 INFO broadcast.TorrentBroadcast: Started reading broadcast variable 28
17/03/16 18:58:45 INFO executor.CoarseGrainedExecutorBackend: Got assigned task 859
17/03/16 18:58:45 INFO executor.Executor: Running task 41.0 in stage 18.0 (TID 859)
17/03/16 18:58:45 INFO executor.CoarseGrainedExecutorBackend: Got assigned task 865
17/03/16 18:58:45 INFO executor.Executor: Running task 47.0 in stage 18.0 (TID 865)
17/03/16 18:58:45 INFO storage.MemoryStore: Block broadcast_28_piece0 stored as bytes in memory (estimated size 3.3 KB, free 1241.0 MB)
17/03/16 18:58:45 INFO broadcast.TorrentBroadcast: Reading broadcast variable 28 took 7 ms
17/03/16 18:58:45 INFO storage.MemoryStore: Block broadcast_28 stored as values in memory (estimated size 5.3 KB, free 1241.0 MB)
17/03/16 18:58:45 INFO spark.MapOutputTrackerWorker: Don't have map outputs for shuffle 8, fetching them
17/03/16 18:58:45 INFO spark.MapOutputTrackerWorker: Doing the fetch; tracker endpoint = NettyRpcEndpointRef(spark://MapOutputTracker@10.10.34.38:36751)
17/03/16 18:58:45 INFO spark.MapOutputTrackerWorker: Don't have map outputs for shuffle 8, fetching them
17/03/16 18:58:45 INFO spark.MapOutputTrackerWorker: Don't have map outputs for shuffle 8, fetching them
17/03/16 18:58:45 INFO spark.MapOutputTrackerWorker: Don't have map outputs for shuffle 8, fetching them
17/03/16 18:58:45 INFO spark.MapOutputTrackerWorker: Don't have map outputs for shuffle 8, fetching them
17/03/16 18:58:45 INFO spark.MapOutputTrackerWorker: Don't have map outputs for shuffle 8, fetching them
17/03/16 18:58:45 INFO spark.MapOutputTrackerWorker: Got the output locations
17/03/16 18:58:45 INFO spark.MapOutputTrackerWorker: Don't have map outputs for shuffle 8, fetching them
17/03/16 18:58:45 INFO storage.ShuffleBlockFetcherIterator: Getting 48 non-empty blocks out of 48 blocks
17/03/16 18:58:45 INFO storage.ShuffleBlockFetcherIterator: Getting 48 non-empty blocks out of 48 blocks
17/03/16 18:58:45 INFO storage.ShuffleBlockFetcherIterator: Getting 48 non-empty blocks out of 48 blocks
17/03/16 18:58:45 INFO storage.ShuffleBlockFetcherIterator: Getting 48 non-empty blocks out of 48 blocks
17/03/16 18:58:45 INFO storage.ShuffleBlockFetcherIterator: Started 7 remote fetches in 4 ms
17/03/16 18:58:45 INFO storage.ShuffleBlockFetcherIterator: Started 6 remote fetches in 3 ms
17/03/16 18:58:45 INFO storage.ShuffleBlockFetcherIterator: Getting 48 non-empty blocks out of 48 blocks
17/03/16 18:58:45 INFO storage.ShuffleBlockFetcherIterator: Getting 48 non-empty blocks out of 48 blocks
17/03/16 18:58:45 INFO storage.ShuffleBlockFetcherIterator: Started 8 remote fetches in 4 ms
17/03/16 18:58:45 INFO storage.ShuffleBlockFetcherIterator: Started 6 remote fetches in 5 ms
17/03/16 18:58:45 INFO storage.ShuffleBlockFetcherIterator: Getting 48 non-empty blocks out of 48 blocks
17/03/16 18:58:45 INFO storage.ShuffleBlockFetcherIterator: Getting 48 non-empty blocks out of 48 blocks
17/03/16 18:58:45 INFO storage.ShuffleBlockFetcherIterator: Started 6 remote fetches in 5 ms
17/03/16 18:58:45 INFO storage.ShuffleBlockFetcherIterator: Started 6 remote fetches in 4 ms
17/03/16 18:58:45 INFO storage.ShuffleBlockFetcherIterator: Started 8 remote fetches in 5 ms
17/03/16 18:58:45 INFO storage.ShuffleBlockFetcherIterator: Started 6 remote fetches in 5 ms
17/03/16 18:58:46 INFO python.PythonRunner: Times: total = 906, boot = -20046, init = 20050, finish = 902
17/03/16 18:58:46 INFO executor.Executor: Finished task 47.0 in stage 18.0 (TID 865). 9567477 bytes result sent to driver
17/03/16 18:58:46 INFO python.PythonRunner: Times: total = 1041, boot = -19805, init = 19813, finish = 1033
17/03/16 18:58:47 INFO executor.Executor: Finished task 23.0 in stage 18.0 (TID 841). 9570048 bytes result sent to driver
17/03/16 18:58:47 INFO python.PythonRunner: Times: total = 1087, boot = -20060, init = 20063, finish = 1084
17/03/16 18:58:47 INFO python.PythonRunner: Times: total = 1100, boot = -20023, init = 20028, finish = 1095
17/03/16 18:58:47 INFO executor.Executor: Finished task 5.0 in stage 18.0 (TID 823). 9561036 bytes result sent to driver
17/03/16 18:58:47 INFO python.PythonRunner: Times: total = 1122, boot = -20203, init = 20210, finish = 1115
17/03/16 18:58:47 INFO python.PythonRunner: Times: total = 1117, boot = -19840, init = 19846, finish = 1111
17/03/16 18:58:47 INFO executor.Executor: Finished task 41.0 in stage 18.0 (TID 859). 9554803 bytes result sent to driver
17/03/16 18:58:47 INFO executor.Executor: Finished task 11.0 in stage 18.0 (TID 829). 9559906 bytes result sent to driver
17/03/16 18:58:47 INFO executor.Executor: Finished task 29.0 in stage 18.0 (TID 847). 9572790 bytes result sent to driver
17/03/16 18:58:47 INFO python.PythonRunner: Times: total = 1596, boot = -19988, init = 19992, finish = 1592
17/03/16 18:58:47 INFO python.PythonRunner: Times: total = 1605, boot = -19847, init = 19851, finish = 1601
17/03/16 18:58:47 INFO executor.Executor: Finished task 35.0 in stage 18.0 (TID 853). 9563579 bytes result sent to driver
17/03/16 18:58:47 INFO executor.Executor: Finished task 17.0 in stage 18.0 (TID 835). 9547086 bytes result sent to driver
17/03/16 18:58:51 INFO storage.BlockManager: Removing RDD 51
17/03/16 18:58:51 INFO storage.BlockManager: Removing RDD 56
17/03/16 19:06:08 INFO executor.CoarseGrainedExecutorBackend: Got assigned task 871
17/03/16 19:06:08 INFO executor.Executor: Running task 5.0 in stage 19.0 (TID 871)
17/03/16 19:06:08 INFO broadcast.TorrentBroadcast: Started reading broadcast variable 30
17/03/16 19:06:08 INFO executor.CoarseGrainedExecutorBackend: Got assigned task 877
17/03/16 19:06:08 INFO executor.Executor: Running task 11.0 in stage 19.0 (TID 877)
17/03/16 19:06:08 INFO executor.CoarseGrainedExecutorBackend: Got assigned task 883
17/03/16 19:06:08 INFO executor.Executor: Running task 17.0 in stage 19.0 (TID 883)
17/03/16 19:06:08 INFO executor.CoarseGrainedExecutorBackend: Got assigned task 889
17/03/16 19:06:08 INFO executor.Executor: Running task 23.0 in stage 19.0 (TID 889)
17/03/16 19:06:08 INFO executor.CoarseGrainedExecutorBackend: Got assigned task 895
17/03/16 19:06:08 INFO executor.Executor: Running task 29.0 in stage 19.0 (TID 895)
17/03/16 19:06:08 INFO storage.MemoryStore: Block broadcast_30_piece0 stored as bytes in memory (estimated size 5.4 KB, free 1241.0 MB)
17/03/16 19:06:08 INFO executor.CoarseGrainedExecutorBackend: Got assigned task 901
17/03/16 19:06:08 INFO executor.Executor: Running task 35.0 in stage 19.0 (TID 901)
17/03/16 19:06:08 INFO executor.CoarseGrainedExecutorBackend: Got assigned task 907
17/03/16 19:06:08 INFO executor.Executor: Running task 41.0 in stage 19.0 (TID 907)
17/03/16 19:06:08 INFO broadcast.TorrentBroadcast: Reading broadcast variable 30 took 21 ms
17/03/16 19:06:08 INFO executor.CoarseGrainedExecutorBackend: Got assigned task 913
17/03/16 19:06:08 INFO storage.MemoryStore: Block broadcast_30 stored as values in memory (estimated size 8.6 KB, free 1241.0 MB)
17/03/16 19:06:08 INFO executor.Executor: Running task 47.0 in stage 19.0 (TID 913)
17/03/16 19:06:08 INFO broadcast.TorrentBroadcast: Started reading broadcast variable 29
17/03/16 19:06:08 INFO storage.MemoryStore: Block broadcast_29_piece42 stored as bytes in memory (estimated size 4.0 MB, free 1245.0 MB)
17/03/16 19:06:08 INFO storage.MemoryStore: Block broadcast_29_piece64 stored as bytes in memory (estimated size 4.0 MB, free 1249.0 MB)
17/03/16 19:06:08 INFO storage.MemoryStore: Block broadcast_29_piece27 stored as bytes in memory (estimated size 4.0 MB, free 1253.0 MB)
17/03/16 19:06:08 INFO storage.MemoryStore: Block broadcast_29_piece18 stored as bytes in memory (estimated size 4.0 MB, free 1257.0 MB)
17/03/16 19:06:08 INFO storage.MemoryStore: Block broadcast_29_piece28 stored as bytes in memory (estimated size 4.0 MB, free 1261.0 MB)
17/03/16 19:06:08 INFO storage.MemoryStore: Block broadcast_29_piece71 stored as bytes in memory (estimated size 4.0 MB, free 1265.0 MB)
17/03/16 19:06:08 INFO storage.MemoryStore: Block broadcast_29_piece30 stored as bytes in memory (estimated size 4.0 MB, free 1269.0 MB)
17/03/16 19:06:08 INFO storage.MemoryStore: Block broadcast_29_piece97 stored as bytes in memory (estimated size 4.0 MB, free 1273.0 MB)
17/03/16 19:06:08 INFO storage.MemoryStore: Block broadcast_29_piece84 stored as bytes in memory (estimated size 4.0 MB, free 1277.0 MB)
17/03/16 19:06:08 INFO storage.MemoryStore: Block broadcast_29_piece7 stored as bytes in memory (estimated size 4.0 MB, free 1281.0 MB)
17/03/16 19:06:08 INFO storage.MemoryStore: Block broadcast_29_piece93 stored as bytes in memory (estimated size 4.0 MB, free 1285.0 MB)
17/03/16 19:06:08 INFO storage.MemoryStore: Block broadcast_29_piece13 stored as bytes in memory (estimated size 4.0 MB, free 1289.0 MB)
17/03/16 19:06:08 INFO storage.MemoryStore: Block broadcast_29_piece40 stored as bytes in memory (estimated size 4.0 MB, free 1293.0 MB)
17/03/16 19:06:08 INFO storage.MemoryStore: Block broadcast_29_piece90 stored as bytes in memory (estimated size 4.0 MB, free 1297.0 MB)
17/03/16 19:06:08 INFO storage.MemoryStore: Block broadcast_29_piece72 stored as bytes in memory (estimated size 4.0 MB, free 1301.0 MB)
17/03/16 19:06:08 INFO storage.MemoryStore: Block broadcast_29_piece60 stored as bytes in memory (estimated size 4.0 MB, free 1305.0 MB)
17/03/16 19:06:08 INFO storage.MemoryStore: Block broadcast_29_piece96 stored as bytes in memory (estimated size 4.0 MB, free 1309.0 MB)
17/03/16 19:06:08 INFO storage.MemoryStore: Block broadcast_29_piece102 stored as bytes in memory (estimated size 4.0 MB, free 1313.0 MB)
17/03/16 19:06:08 INFO storage.MemoryStore: Block broadcast_29_piece43 stored as bytes in memory (estimated size 4.0 MB, free 1317.0 MB)
17/03/16 19:06:08 INFO storage.MemoryStore: Block broadcast_29_piece59 stored as bytes in memory (estimated size 4.0 MB, free 1321.0 MB)
17/03/16 19:06:09 INFO storage.MemoryStore: Block broadcast_29_piece75 stored as bytes in memory (estimated size 4.0 MB, free 1325.0 MB)
17/03/16 19:06:09 INFO storage.MemoryStore: Block broadcast_29_piece50 stored as bytes in memory (estimated size 4.0 MB, free 1329.0 MB)
17/03/16 19:06:09 INFO storage.MemoryStore: Block broadcast_29_piece3 stored as bytes in memory (estimated size 4.0 MB, free 1333.0 MB)
17/03/16 19:06:09 INFO storage.MemoryStore: Block broadcast_29_piece99 stored as bytes in memory (estimated size 4.0 MB, free 1337.0 MB)
17/03/16 19:06:09 INFO storage.MemoryStore: Block broadcast_29_piece92 stored as bytes in memory (estimated size 4.0 MB, free 1341.0 MB)
17/03/16 19:06:09 INFO storage.MemoryStore: Block broadcast_29_piece21 stored as bytes in memory (estimated size 4.0 MB, free 1345.0 MB)
17/03/16 19:06:09 INFO storage.MemoryStore: Block broadcast_29_piece39 stored as bytes in memory (estimated size 4.0 MB, free 1349.0 MB)
17/03/16 19:06:09 INFO storage.MemoryStore: Block broadcast_29_piece17 stored as bytes in memory (estimated size 4.0 MB, free 1353.0 MB)
17/03/16 19:06:09 INFO storage.MemoryStore: Block broadcast_29_piece54 stored as bytes in memory (estimated size 4.0 MB, free 1357.0 MB)
17/03/16 19:06:09 INFO storage.MemoryStore: Block broadcast_29_piece20 stored as bytes in memory (estimated size 4.0 MB, free 1361.0 MB)
17/03/16 19:06:09 INFO storage.MemoryStore: Block broadcast_29_piece32 stored as bytes in memory (estimated size 4.0 MB, free 1365.0 MB)
17/03/16 19:06:09 INFO storage.MemoryStore: Block broadcast_29_piece49 stored as bytes in memory (estimated size 4.0 MB, free 1369.0 MB)
17/03/16 19:06:09 INFO storage.MemoryStore: Block broadcast_29_piece85 stored as bytes in memory (estimated size 4.0 MB, free 1373.0 MB)
17/03/16 19:06:09 INFO storage.MemoryStore: Block broadcast_29_piece11 stored as bytes in memory (estimated size 4.0 MB, free 1377.0 MB)
17/03/16 19:06:09 INFO storage.MemoryStore: Block broadcast_29_piece0 stored as bytes in memory (estimated size 4.0 MB, free 1381.0 MB)
17/03/16 19:06:09 INFO storage.MemoryStore: Block broadcast_29_piece23 stored as bytes in memory (estimated size 4.0 MB, free 1385.0 MB)
17/03/16 19:06:09 INFO storage.MemoryStore: Block broadcast_29_piece63 stored as bytes in memory (estimated size 4.0 MB, free 1389.0 MB)
17/03/16 19:06:09 INFO storage.MemoryStore: Block broadcast_29_piece100 stored as bytes in memory (estimated size 4.0 MB, free 1393.0 MB)
17/03/16 19:06:09 INFO storage.MemoryStore: Block broadcast_29_piece82 stored as bytes in memory (estimated size 4.0 MB, free 1397.0 MB)
17/03/16 19:06:09 INFO storage.MemoryStore: Block broadcast_29_piece73 stored as bytes in memory (estimated size 4.0 MB, free 1401.0 MB)
17/03/16 19:06:09 INFO storage.MemoryStore: Block broadcast_29_piece31 stored as bytes in memory (estimated size 4.0 MB, free 1405.0 MB)
17/03/16 19:06:09 INFO storage.MemoryStore: Block broadcast_29_piece58 stored as bytes in memory (estimated size 4.0 MB, free 1409.0 MB)
17/03/16 19:06:09 INFO storage.MemoryStore: Block broadcast_29_piece81 stored as bytes in memory (estimated size 4.0 MB, free 1413.0 MB)
17/03/16 19:06:09 INFO storage.MemoryStore: Block broadcast_29_piece12 stored as bytes in memory (estimated size 4.0 MB, free 1417.0 MB)
17/03/16 19:06:09 INFO storage.MemoryStore: Block broadcast_29_piece65 stored as bytes in memory (estimated size 4.0 MB, free 1421.0 MB)
17/03/16 19:06:09 INFO storage.MemoryStore: Block broadcast_29_piece33 stored as bytes in memory (estimated size 4.0 MB, free 1425.0 MB)
17/03/16 19:06:09 INFO storage.MemoryStore: Block broadcast_29_piece34 stored as bytes in memory (estimated size 4.0 MB, free 1429.0 MB)
17/03/16 19:06:09 INFO storage.MemoryStore: Block broadcast_29_piece38 stored as bytes in memory (estimated size 4.0 MB, free 1433.0 MB)
17/03/16 19:06:09 INFO storage.MemoryStore: Block broadcast_29_piece56 stored as bytes in memory (estimated size 4.0 MB, free 1437.0 MB)
17/03/16 19:06:09 INFO storage.MemoryStore: Block broadcast_29_piece2 stored as bytes in memory (estimated size 4.0 MB, free 1441.0 MB)
17/03/16 19:06:09 INFO storage.MemoryStore: Block broadcast_29_piece26 stored as bytes in memory (estimated size 4.0 MB, free 1445.0 MB)
17/03/16 19:06:09 INFO storage.MemoryStore: Block broadcast_29_piece5 stored as bytes in memory (estimated size 4.0 MB, free 1449.0 MB)
17/03/16 19:06:09 INFO storage.MemoryStore: Block broadcast_29_piece15 stored as bytes in memory (estimated size 4.0 MB, free 1453.0 MB)
17/03/16 19:06:09 INFO storage.MemoryStore: Block broadcast_29_piece22 stored as bytes in memory (estimated size 4.0 MB, free 1457.0 MB)
17/03/16 19:06:09 INFO storage.MemoryStore: Block broadcast_29_piece47 stored as bytes in memory (estimated size 4.0 MB, free 1461.0 MB)
17/03/16 19:06:09 INFO storage.MemoryStore: Block broadcast_29_piece41 stored as bytes in memory (estimated size 4.0 MB, free 1465.0 MB)
17/03/16 19:06:09 INFO storage.MemoryStore: Block broadcast_29_piece44 stored as bytes in memory (estimated size 4.0 MB, free 1469.0 MB)
17/03/16 19:06:09 INFO storage.MemoryStore: Block broadcast_29_piece19 stored as bytes in memory (estimated size 4.0 MB, free 1473.0 MB)
17/03/16 19:06:09 INFO storage.MemoryStore: Block broadcast_29_piece10 stored as bytes in memory (estimated size 4.0 MB, free 1477.0 MB)
17/03/16 19:06:09 INFO storage.MemoryStore: Block broadcast_29_piece62 stored as bytes in memory (estimated size 4.0 MB, free 1481.0 MB)
17/03/16 19:06:09 INFO storage.MemoryStore: Block broadcast_29_piece55 stored as bytes in memory (estimated size 4.0 MB, free 1485.0 MB)
17/03/16 19:06:09 INFO storage.MemoryStore: Block broadcast_29_piece89 stored as bytes in memory (estimated size 4.0 MB, free 1489.0 MB)
17/03/16 19:06:09 INFO storage.MemoryStore: Block broadcast_29_piece29 stored as bytes in memory (estimated size 4.0 MB, free 1493.0 MB)
17/03/16 19:06:09 INFO storage.MemoryStore: Block broadcast_29_piece48 stored as bytes in memory (estimated size 4.0 MB, free 1497.0 MB)
17/03/16 19:06:10 INFO storage.MemoryStore: Block broadcast_29_piece4 stored as bytes in memory (estimated size 4.0 MB, free 1501.0 MB)
17/03/16 19:06:10 INFO storage.MemoryStore: Block broadcast_29_piece24 stored as bytes in memory (estimated size 4.0 MB, free 1505.0 MB)
17/03/16 19:06:10 INFO storage.MemoryStore: Block broadcast_29_piece101 stored as bytes in memory (estimated size 4.0 MB, free 1509.0 MB)
17/03/16 19:06:10 INFO storage.MemoryStore: Block broadcast_29_piece94 stored as bytes in memory (estimated size 4.0 MB, free 1513.0 MB)
17/03/16 19:06:10 INFO storage.MemoryStore: Block broadcast_29_piece67 stored as bytes in memory (estimated size 4.0 MB, free 1517.0 MB)
17/03/16 19:06:10 INFO storage.MemoryStore: Block broadcast_29_piece35 stored as bytes in memory (estimated size 4.0 MB, free 1521.0 MB)
17/03/16 19:06:10 INFO storage.MemoryStore: Block broadcast_29_piece36 stored as bytes in memory (estimated size 4.0 MB, free 1525.0 MB)
17/03/16 19:06:10 INFO storage.MemoryStore: Block broadcast_29_piece16 stored as bytes in memory (estimated size 4.0 MB, free 1529.0 MB)
17/03/16 19:06:10 INFO storage.MemoryStore: Block broadcast_29_piece37 stored as bytes in memory (estimated size 4.0 MB, free 1533.0 MB)
17/03/16 19:06:10 INFO storage.MemoryStore: Block broadcast_29_piece91 stored as bytes in memory (estimated size 4.0 MB, free 1537.0 MB)
17/03/16 19:06:10 INFO storage.MemoryStore: Block broadcast_29_piece57 stored as bytes in memory (estimated size 4.0 MB, free 1541.0 MB)
17/03/16 19:06:10 INFO storage.MemoryStore: Block broadcast_29_piece8 stored as bytes in memory (estimated size 4.0 MB, free 1545.0 MB)
17/03/16 19:06:10 INFO storage.MemoryStore: Block broadcast_29_piece45 stored as bytes in memory (estimated size 4.0 MB, free 1549.0 MB)
17/03/16 19:06:10 INFO storage.MemoryStore: Block broadcast_29_piece66 stored as bytes in memory (estimated size 4.0 MB, free 1553.0 MB)
17/03/16 19:06:10 INFO storage.MemoryStore: Block broadcast_29_piece86 stored as bytes in memory (estimated size 4.0 MB, free 1557.0 MB)
17/03/16 19:06:10 INFO storage.MemoryStore: Block broadcast_29_piece53 stored as bytes in memory (estimated size 4.0 MB, free 1561.0 MB)
17/03/16 19:06:10 INFO storage.MemoryStore: Block broadcast_29_piece52 stored as bytes in memory (estimated size 4.0 MB, free 1565.0 MB)
17/03/16 19:06:10 INFO storage.MemoryStore: Block broadcast_29_piece87 stored as bytes in memory (estimated size 4.0 MB, free 1569.0 MB)
17/03/16 19:06:10 INFO storage.MemoryStore: Block broadcast_29_piece14 stored as bytes in memory (estimated size 4.0 MB, free 1573.0 MB)
17/03/16 19:06:10 INFO storage.MemoryStore: Block broadcast_29_piece9 stored as bytes in memory (estimated size 4.0 MB, free 1577.0 MB)
17/03/16 19:06:10 INFO storage.MemoryStore: Block broadcast_29_piece79 stored as bytes in memory (estimated size 4.0 MB, free 1581.0 MB)
17/03/16 19:06:10 INFO storage.MemoryStore: Block broadcast_29_piece68 stored as bytes in memory (estimated size 4.0 MB, free 1585.0 MB)
17/03/16 19:06:10 INFO storage.MemoryStore: Block broadcast_29_piece69 stored as bytes in memory (estimated size 4.0 MB, free 1589.0 MB)
17/03/16 19:06:10 INFO storage.MemoryStore: Block broadcast_29_piece78 stored as bytes in memory (estimated size 4.0 MB, free 1593.0 MB)
17/03/16 19:06:10 INFO storage.MemoryStore: Block broadcast_29_piece1 stored as bytes in memory (estimated size 4.0 MB, free 1597.0 MB)
17/03/16 19:06:10 INFO storage.MemoryStore: Block broadcast_29_piece6 stored as bytes in memory (estimated size 4.0 MB, free 1601.0 MB)
17/03/16 19:06:10 INFO storage.MemoryStore: Block broadcast_29_piece74 stored as bytes in memory (estimated size 4.0 MB, free 1605.0 MB)
17/03/16 19:06:10 INFO storage.MemoryStore: Block broadcast_29_piece51 stored as bytes in memory (estimated size 4.0 MB, free 1609.0 MB)
17/03/16 19:06:10 INFO storage.MemoryStore: Block broadcast_29_piece88 stored as bytes in memory (estimated size 4.0 MB, free 1613.0 MB)
17/03/16 19:06:10 INFO storage.MemoryStore: Block broadcast_29_piece95 stored as bytes in memory (estimated size 4.0 MB, free 1617.0 MB)
17/03/16 19:06:10 INFO storage.MemoryStore: Block broadcast_29_piece103 stored as bytes in memory (estimated size 1271.6 KB, free 1618.2 MB)
17/03/16 19:06:10 INFO storage.MemoryStore: Block broadcast_29_piece46 stored as bytes in memory (estimated size 4.0 MB, free 1622.2 MB)
17/03/16 19:06:10 INFO storage.MemoryStore: Block broadcast_29_piece80 stored as bytes in memory (estimated size 4.0 MB, free 1626.2 MB)
17/03/16 19:06:10 INFO storage.MemoryStore: Block broadcast_29_piece76 stored as bytes in memory (estimated size 4.0 MB, free 1630.2 MB)
17/03/16 19:06:10 INFO storage.MemoryStore: Block broadcast_29_piece25 stored as bytes in memory (estimated size 4.0 MB, free 1634.2 MB)
17/03/16 19:06:10 INFO storage.MemoryStore: Block broadcast_29_piece77 stored as bytes in memory (estimated size 4.0 MB, free 1638.2 MB)
17/03/16 19:06:10 INFO storage.MemoryStore: Block broadcast_29_piece98 stored as bytes in memory (estimated size 4.0 MB, free 1642.2 MB)
17/03/16 19:06:10 INFO storage.MemoryStore: Block broadcast_29_piece83 stored as bytes in memory (estimated size 4.0 MB, free 1646.2 MB)
17/03/16 19:06:10 INFO storage.MemoryStore: Block broadcast_29_piece61 stored as bytes in memory (estimated size 4.0 MB, free 1650.2 MB)
17/03/16 19:06:10 INFO storage.MemoryStore: Block broadcast_29_piece70 stored as bytes in memory (estimated size 4.0 MB, free 1654.2 MB)
17/03/16 19:06:10 INFO broadcast.TorrentBroadcast: Reading broadcast variable 29 took 2126 ms
17/03/16 19:06:17 INFO storage.MemoryStore: Block broadcast_29 stored as values in memory (estimated size 384.0 B, free 1654.2 MB)
17/03/16 19:06:25 INFO python.PythonRunner: Times: total = 16628, boot = 7, init = 8947, finish = 7674
17/03/16 19:06:25 INFO python.PythonRunner: Times: total = 16637, boot = 18, init = 8936, finish = 7683
17/03/16 19:06:25 INFO python.PythonRunner: Times: total = 16643, boot = 4, init = 8950, finish = 7689
17/03/16 19:06:25 INFO python.PythonRunner: Times: total = 16650, boot = 11, init = 8943, finish = 7696
17/03/16 19:06:25 INFO python.PythonRunner: Times: total = 16703, boot = 23, init = 8929, finish = 7751
17/03/16 19:06:25 INFO python.PythonRunner: Times: total = 16718, boot = 20, init = 8933, finish = 7765
17/03/16 19:06:25 INFO executor.Executor: Finished task 29.0 in stage 19.0 (TID 895). 1274 bytes result sent to driver
17/03/16 19:06:25 INFO executor.Executor: Finished task 11.0 in stage 19.0 (TID 877). 1274 bytes result sent to driver
17/03/16 19:06:25 INFO executor.Executor: Finished task 47.0 in stage 19.0 (TID 913). 1274 bytes result sent to driver
17/03/16 19:06:25 INFO executor.Executor: Finished task 17.0 in stage 19.0 (TID 883). 1274 bytes result sent to driver
17/03/16 19:06:25 INFO executor.Executor: Finished task 41.0 in stage 19.0 (TID 907). 1274 bytes result sent to driver
17/03/16 19:06:25 INFO executor.Executor: Finished task 35.0 in stage 19.0 (TID 901). 1274 bytes result sent to driver
17/03/16 19:06:25 INFO python.PythonRunner: Times: total = 16851, boot = 14, init = 8939, finish = 7898
17/03/16 19:06:25 INFO python.PythonRunner: Times: total = 16905, boot = 4, init = 8949, finish = 7952
17/03/16 19:06:25 INFO executor.Executor: Finished task 23.0 in stage 19.0 (TID 889). 1274 bytes result sent to driver
17/03/16 19:06:25 INFO executor.Executor: Finished task 5.0 in stage 19.0 (TID 871). 1274 bytes result sent to driver
17/03/16 19:06:40 INFO executor.CoarseGrainedExecutorBackend: Got assigned task 919
17/03/16 19:06:40 INFO executor.CoarseGrainedExecutorBackend: Got assigned task 925
17/03/16 19:06:40 INFO executor.Executor: Running task 5.0 in stage 20.0 (TID 919)
17/03/16 19:06:40 INFO executor.Executor: Running task 11.0 in stage 20.0 (TID 925)
17/03/16 19:06:40 INFO executor.CoarseGrainedExecutorBackend: Got assigned task 931
17/03/16 19:06:40 INFO executor.CoarseGrainedExecutorBackend: Got assigned task 937
17/03/16 19:06:40 INFO executor.Executor: Running task 17.0 in stage 20.0 (TID 931)
17/03/16 19:06:40 INFO executor.Executor: Running task 23.0 in stage 20.0 (TID 937)
17/03/16 19:06:40 INFO spark.MapOutputTrackerWorker: Updating epoch to 10 and clearing cache
17/03/16 19:06:40 INFO executor.CoarseGrainedExecutorBackend: Got assigned task 943
17/03/16 19:06:40 INFO executor.CoarseGrainedExecutorBackend: Got assigned task 949
17/03/16 19:06:40 INFO executor.Executor: Running task 29.0 in stage 20.0 (TID 943)
17/03/16 19:06:40 INFO executor.Executor: Running task 35.0 in stage 20.0 (TID 949)
17/03/16 19:06:40 INFO executor.CoarseGrainedExecutorBackend: Got assigned task 955
17/03/16 19:06:40 INFO broadcast.TorrentBroadcast: Started reading broadcast variable 31
17/03/16 19:06:40 INFO executor.Executor: Running task 41.0 in stage 20.0 (TID 955)
17/03/16 19:06:40 INFO executor.CoarseGrainedExecutorBackend: Got assigned task 961
17/03/16 19:06:40 INFO executor.Executor: Running task 47.0 in stage 20.0 (TID 961)
17/03/16 19:06:40 INFO storage.MemoryStore: Block broadcast_31_piece0 stored as bytes in memory (estimated size 3.3 KB, free 1654.2 MB)
17/03/16 19:06:40 INFO broadcast.TorrentBroadcast: Reading broadcast variable 31 took 7 ms
17/03/16 19:06:40 INFO storage.MemoryStore: Block broadcast_31 stored as values in memory (estimated size 5.3 KB, free 1654.2 MB)
17/03/16 19:06:40 INFO spark.MapOutputTrackerWorker: Don't have map outputs for shuffle 9, fetching them
17/03/16 19:06:40 INFO spark.MapOutputTrackerWorker: Doing the fetch; tracker endpoint = NettyRpcEndpointRef(spark://MapOutputTracker@10.10.34.38:36751)
17/03/16 19:06:40 INFO spark.MapOutputTrackerWorker: Don't have map outputs for shuffle 9, fetching them
17/03/16 19:06:40 INFO spark.MapOutputTrackerWorker: Don't have map outputs for shuffle 9, fetching them
17/03/16 19:06:40 INFO spark.MapOutputTrackerWorker: Don't have map outputs for shuffle 9, fetching them
17/03/16 19:06:40 INFO spark.MapOutputTrackerWorker: Don't have map outputs for shuffle 9, fetching them
17/03/16 19:06:40 INFO spark.MapOutputTrackerWorker: Don't have map outputs for shuffle 9, fetching them
17/03/16 19:06:40 INFO spark.MapOutputTrackerWorker: Don't have map outputs for shuffle 9, fetching them
17/03/16 19:06:40 INFO spark.MapOutputTrackerWorker: Got the output locations
17/03/16 19:06:40 INFO storage.ShuffleBlockFetcherIterator: Getting 48 non-empty blocks out of 48 blocks
17/03/16 19:06:40 INFO storage.ShuffleBlockFetcherIterator: Getting 48 non-empty blocks out of 48 blocks
17/03/16 19:06:40 INFO storage.ShuffleBlockFetcherIterator: Getting 48 non-empty blocks out of 48 blocks
17/03/16 19:06:40 INFO storage.ShuffleBlockFetcherIterator: Getting 48 non-empty blocks out of 48 blocks
17/03/16 19:06:40 INFO storage.ShuffleBlockFetcherIterator: Started 7 remote fetches in 5 ms
17/03/16 19:06:40 INFO storage.ShuffleBlockFetcherIterator: Getting 48 non-empty blocks out of 48 blocks
17/03/16 19:06:40 INFO storage.ShuffleBlockFetcherIterator: Started 7 remote fetches in 5 ms
17/03/16 19:06:40 INFO storage.ShuffleBlockFetcherIterator: Started 6 remote fetches in 4 ms
17/03/16 19:06:40 INFO storage.ShuffleBlockFetcherIterator: Getting 48 non-empty blocks out of 48 blocks
17/03/16 19:06:40 INFO storage.ShuffleBlockFetcherIterator: Started 6 remote fetches in 3 ms
17/03/16 19:06:40 INFO storage.ShuffleBlockFetcherIterator: Started 7 remote fetches in 3 ms
17/03/16 19:06:40 INFO storage.ShuffleBlockFetcherIterator: Getting 48 non-empty blocks out of 48 blocks
17/03/16 19:06:40 INFO storage.ShuffleBlockFetcherIterator: Getting 48 non-empty blocks out of 48 blocks
17/03/16 19:06:40 INFO storage.ShuffleBlockFetcherIterator: Started 6 remote fetches in 5 ms
17/03/16 19:06:40 INFO storage.ShuffleBlockFetcherIterator: Started 6 remote fetches in 6 ms
17/03/16 19:06:40 INFO storage.ShuffleBlockFetcherIterator: Started 7 remote fetches in 5 ms
17/03/16 19:06:41 INFO python.PythonRunner: Times: total = 858, boot = -14985, init = 14989, finish = 854
17/03/16 19:06:41 INFO executor.Executor: Finished task 11.0 in stage 20.0 (TID 925). 9563426 bytes result sent to driver
17/03/16 19:06:41 INFO python.PythonRunner: Times: total = 903, boot = -15056, init = 15059, finish = 900
17/03/16 19:06:41 INFO executor.Executor: Finished task 41.0 in stage 20.0 (TID 955). 9529757 bytes result sent to driver
17/03/16 19:06:41 INFO python.PythonRunner: Times: total = 918, boot = -14974, init = 14979, finish = 913
17/03/16 19:06:41 INFO python.PythonRunner: Times: total = 930, boot = -15046, init = 15052, finish = 924
17/03/16 19:06:41 INFO executor.Executor: Finished task 29.0 in stage 20.0 (TID 943). 9557051 bytes result sent to driver
17/03/16 19:06:41 INFO executor.Executor: Finished task 47.0 in stage 20.0 (TID 961). 9560729 bytes result sent to driver
17/03/16 19:06:41 INFO python.PythonRunner: Times: total = 959, boot = -15063, init = 15067, finish = 955
17/03/16 19:06:41 INFO executor.Executor: Finished task 5.0 in stage 20.0 (TID 919). 9549902 bytes result sent to driver
17/03/16 19:06:41 INFO python.PythonRunner: Times: total = 972, boot = -14793, init = 14801, finish = 964
17/03/16 19:06:41 INFO executor.Executor: Finished task 17.0 in stage 20.0 (TID 931). 9576506 bytes result sent to driver
17/03/16 19:06:41 INFO python.PythonRunner: Times: total = 1573, boot = -14847, init = 14863, finish = 1557
17/03/16 19:06:41 INFO executor.Executor: Finished task 23.0 in stage 20.0 (TID 937). 9555988 bytes result sent to driver
17/03/16 19:06:41 INFO python.PythonRunner: Times: total = 1630, boot = -15051, init = 15067, finish = 1614
17/03/16 19:06:41 INFO executor.Executor: Finished task 35.0 in stage 20.0 (TID 949). 9550000 bytes result sent to driver
17/03/16 19:06:45 INFO storage.BlockManager: Removing RDD 57
17/03/16 19:06:45 INFO storage.BlockManager: Removing RDD 62
17/03/16 19:13:59 INFO executor.CoarseGrainedExecutorBackend: Got assigned task 966
17/03/16 19:13:59 INFO executor.Executor: Running task 4.0 in stage 21.0 (TID 966)
17/03/16 19:13:59 INFO broadcast.TorrentBroadcast: Started reading broadcast variable 33
17/03/16 19:13:59 INFO executor.CoarseGrainedExecutorBackend: Got assigned task 972
17/03/16 19:13:59 INFO executor.Executor: Running task 10.0 in stage 21.0 (TID 972)
17/03/16 19:13:59 INFO executor.CoarseGrainedExecutorBackend: Got assigned task 978
17/03/16 19:13:59 INFO executor.Executor: Running task 16.0 in stage 21.0 (TID 978)
17/03/16 19:13:59 INFO executor.CoarseGrainedExecutorBackend: Got assigned task 984
17/03/16 19:13:59 INFO executor.Executor: Running task 22.0 in stage 21.0 (TID 984)
17/03/16 19:13:59 INFO executor.CoarseGrainedExecutorBackend: Got assigned task 990
17/03/16 19:13:59 INFO executor.Executor: Running task 28.0 in stage 21.0 (TID 990)
17/03/16 19:13:59 INFO executor.CoarseGrainedExecutorBackend: Got assigned task 996
17/03/16 19:13:59 INFO executor.Executor: Running task 34.0 in stage 21.0 (TID 996)
17/03/16 19:13:59 INFO storage.MemoryStore: Block broadcast_33_piece0 stored as bytes in memory (estimated size 5.4 KB, free 1654.2 MB)
17/03/16 19:13:59 INFO executor.CoarseGrainedExecutorBackend: Got assigned task 1002
17/03/16 19:13:59 INFO executor.Executor: Running task 40.0 in stage 21.0 (TID 1002)
17/03/16 19:13:59 INFO broadcast.TorrentBroadcast: Reading broadcast variable 33 took 19 ms
17/03/16 19:13:59 INFO executor.CoarseGrainedExecutorBackend: Got assigned task 1008
17/03/16 19:13:59 INFO storage.MemoryStore: Block broadcast_33 stored as values in memory (estimated size 8.6 KB, free 1654.2 MB)
17/03/16 19:13:59 INFO executor.Executor: Running task 46.0 in stage 21.0 (TID 1008)
17/03/16 19:13:59 INFO broadcast.TorrentBroadcast: Started reading broadcast variable 32
17/03/16 19:13:59 INFO storage.MemoryStore: Block broadcast_32_piece0 stored as bytes in memory (estimated size 4.0 MB, free 1658.2 MB)
17/03/16 19:13:59 INFO storage.MemoryStore: Block broadcast_32_piece12 stored as bytes in memory (estimated size 4.0 MB, free 1662.2 MB)
17/03/16 19:14:00 INFO storage.MemoryStore: Block broadcast_32_piece57 stored as bytes in memory (estimated size 4.0 MB, free 1666.2 MB)
17/03/16 19:14:00 INFO storage.MemoryStore: Block broadcast_32_piece81 stored as bytes in memory (estimated size 4.0 MB, free 1670.2 MB)
17/03/16 19:14:00 INFO storage.MemoryStore: Block broadcast_32_piece26 stored as bytes in memory (estimated size 4.0 MB, free 1674.2 MB)
17/03/16 19:14:00 INFO storage.MemoryStore: Block broadcast_32_piece89 stored as bytes in memory (estimated size 4.0 MB, free 1678.2 MB)
17/03/16 19:14:00 INFO storage.MemoryStore: Block broadcast_32_piece28 stored as bytes in memory (estimated size 4.0 MB, free 1682.2 MB)
17/03/16 19:14:00 INFO storage.MemoryStore: Block broadcast_32_piece35 stored as bytes in memory (estimated size 4.0 MB, free 1686.2 MB)
17/03/16 19:14:00 INFO storage.MemoryStore: Block broadcast_32_piece95 stored as bytes in memory (estimated size 4.0 MB, free 1690.2 MB)
17/03/16 19:14:00 INFO storage.MemoryStore: Block broadcast_32_piece75 stored as bytes in memory (estimated size 4.0 MB, free 1694.2 MB)
17/03/16 19:14:00 INFO storage.MemoryStore: Block broadcast_32_piece14 stored as bytes in memory (estimated size 4.0 MB, free 1698.2 MB)
17/03/16 19:14:00 INFO storage.MemoryStore: Block broadcast_32_piece55 stored as bytes in memory (estimated size 4.0 MB, free 1702.2 MB)
17/03/16 19:14:00 INFO storage.MemoryStore: Block broadcast_32_piece38 stored as bytes in memory (estimated size 4.0 MB, free 1706.2 MB)
17/03/16 19:14:00 INFO storage.MemoryStore: Block broadcast_32_piece97 stored as bytes in memory (estimated size 4.0 MB, free 1710.2 MB)
17/03/16 19:14:00 INFO storage.MemoryStore: Block broadcast_32_piece3 stored as bytes in memory (estimated size 4.0 MB, free 1714.2 MB)
17/03/16 19:14:00 INFO storage.MemoryStore: Block broadcast_32_piece18 stored as bytes in memory (estimated size 4.0 MB, free 1718.2 MB)
17/03/16 19:14:00 INFO storage.MemoryStore: Block broadcast_32_piece61 stored as bytes in memory (estimated size 4.0 MB, free 1722.2 MB)
17/03/16 19:14:00 INFO storage.MemoryStore: Block broadcast_32_piece51 stored as bytes in memory (estimated size 4.0 MB, free 1726.2 MB)
17/03/16 19:14:00 INFO storage.MemoryStore: Block broadcast_32_piece40 stored as bytes in memory (estimated size 4.0 MB, free 1730.2 MB)
17/03/16 19:14:00 INFO storage.MemoryStore: Block broadcast_32_piece43 stored as bytes in memory (estimated size 4.0 MB, free 1734.2 MB)
17/03/16 19:14:00 INFO storage.MemoryStore: Block broadcast_32_piece79 stored as bytes in memory (estimated size 4.0 MB, free 1738.2 MB)
17/03/16 19:14:00 INFO storage.MemoryStore: Block broadcast_32_piece29 stored as bytes in memory (estimated size 4.0 MB, free 1742.2 MB)
17/03/16 19:14:00 INFO storage.MemoryStore: Block broadcast_32_piece62 stored as bytes in memory (estimated size 4.0 MB, free 1746.2 MB)
17/03/16 19:14:00 INFO storage.MemoryStore: Block broadcast_32_piece47 stored as bytes in memory (estimated size 4.0 MB, free 1750.2 MB)
17/03/16 19:14:00 INFO storage.MemoryStore: Block broadcast_32_piece88 stored as bytes in memory (estimated size 4.0 MB, free 1754.2 MB)
17/03/16 19:14:00 INFO storage.MemoryStore: Block broadcast_32_piece19 stored as bytes in memory (estimated size 4.0 MB, free 1758.2 MB)
17/03/16 19:14:00 INFO storage.MemoryStore: Block broadcast_32_piece24 stored as bytes in memory (estimated size 4.0 MB, free 1762.2 MB)
17/03/16 19:14:00 INFO storage.MemoryStore: Block broadcast_32_piece59 stored as bytes in memory (estimated size 4.0 MB, free 1766.2 MB)
17/03/16 19:14:00 INFO storage.MemoryStore: Block broadcast_32_piece27 stored as bytes in memory (estimated size 4.0 MB, free 1770.2 MB)
17/03/16 19:14:00 INFO storage.MemoryStore: Block broadcast_32_piece93 stored as bytes in memory (estimated size 4.0 MB, free 1774.2 MB)
17/03/16 19:14:00 INFO storage.MemoryStore: Block broadcast_32_piece10 stored as bytes in memory (estimated size 4.0 MB, free 1778.2 MB)
17/03/16 19:14:00 INFO storage.MemoryStore: Block broadcast_32_piece5 stored as bytes in memory (estimated size 4.0 MB, free 1782.2 MB)
17/03/16 19:14:00 INFO storage.MemoryStore: Block broadcast_32_piece30 stored as bytes in memory (estimated size 4.0 MB, free 1786.2 MB)
17/03/16 19:14:00 INFO storage.MemoryStore: Block broadcast_32_piece45 stored as bytes in memory (estimated size 4.0 MB, free 1790.2 MB)
17/03/16 19:14:00 INFO storage.MemoryStore: Block broadcast_32_piece53 stored as bytes in memory (estimated size 4.0 MB, free 1794.2 MB)
17/03/16 19:14:00 INFO storage.MemoryStore: Block broadcast_32_piece68 stored as bytes in memory (estimated size 4.0 MB, free 1798.2 MB)
17/03/16 19:14:00 INFO storage.MemoryStore: Block broadcast_32_piece37 stored as bytes in memory (estimated size 4.0 MB, free 1802.2 MB)
17/03/16 19:14:00 INFO storage.MemoryStore: Block broadcast_32_piece58 stored as bytes in memory (estimated size 4.0 MB, free 1806.2 MB)
17/03/16 19:14:00 INFO storage.MemoryStore: Block broadcast_32_piece25 stored as bytes in memory (estimated size 4.0 MB, free 1810.2 MB)
17/03/16 19:14:00 INFO storage.MemoryStore: Block broadcast_32_piece41 stored as bytes in memory (estimated size 4.0 MB, free 1814.2 MB)
17/03/16 19:14:00 INFO storage.MemoryStore: Block broadcast_32_piece101 stored as bytes in memory (estimated size 4.0 MB, free 1818.2 MB)
17/03/16 19:14:00 INFO storage.MemoryStore: Block broadcast_32_piece50 stored as bytes in memory (estimated size 4.0 MB, free 1822.2 MB)
17/03/16 19:14:01 INFO storage.MemoryStore: Block broadcast_32_piece82 stored as bytes in memory (estimated size 4.0 MB, free 1826.2 MB)
17/03/16 19:14:01 INFO storage.MemoryStore: Block broadcast_32_piece32 stored as bytes in memory (estimated size 4.0 MB, free 1830.2 MB)
17/03/16 19:14:01 INFO storage.MemoryStore: Block broadcast_32_piece102 stored as bytes in memory (estimated size 4.0 MB, free 1834.2 MB)
17/03/16 19:14:01 INFO storage.MemoryStore: Block broadcast_32_piece91 stored as bytes in memory (estimated size 4.0 MB, free 1838.2 MB)
17/03/16 19:14:01 INFO storage.MemoryStore: Block broadcast_32_piece16 stored as bytes in memory (estimated size 4.0 MB, free 1842.2 MB)
17/03/16 19:14:01 INFO storage.MemoryStore: Block broadcast_32_piece39 stored as bytes in memory (estimated size 4.0 MB, free 1846.2 MB)
17/03/16 19:14:01 INFO storage.MemoryStore: Block broadcast_32_piece100 stored as bytes in memory (estimated size 4.0 MB, free 1850.2 MB)
17/03/16 19:14:01 INFO storage.MemoryStore: Block broadcast_32_piece44 stored as bytes in memory (estimated size 4.0 MB, free 1854.2 MB)
17/03/16 19:14:01 INFO storage.MemoryStore: Block broadcast_32_piece8 stored as bytes in memory (estimated size 4.0 MB, free 1858.2 MB)
17/03/16 19:14:01 INFO storage.MemoryStore: Block broadcast_32_piece21 stored as bytes in memory (estimated size 4.0 MB, free 1862.2 MB)
17/03/16 19:14:01 INFO storage.MemoryStore: Block broadcast_32_piece2 stored as bytes in memory (estimated size 4.0 MB, free 1866.2 MB)
17/03/16 19:14:01 INFO storage.MemoryStore: Block broadcast_32_piece15 stored as bytes in memory (estimated size 4.0 MB, free 1870.2 MB)
17/03/16 19:14:01 INFO storage.MemoryStore: Block broadcast_32_piece77 stored as bytes in memory (estimated size 4.0 MB, free 1874.2 MB)
17/03/16 19:14:01 INFO storage.MemoryStore: Block broadcast_32_piece46 stored as bytes in memory (estimated size 4.0 MB, free 1878.2 MB)
17/03/16 19:14:01 INFO storage.MemoryStore: Block broadcast_32_piece83 stored as bytes in memory (estimated size 4.0 MB, free 1882.2 MB)
17/03/16 19:14:01 INFO storage.MemoryStore: Block broadcast_32_piece87 stored as bytes in memory (estimated size 4.0 MB, free 1886.2 MB)
17/03/16 19:14:01 INFO storage.MemoryStore: Block broadcast_32_piece48 stored as bytes in memory (estimated size 4.0 MB, free 1890.2 MB)
17/03/16 19:14:01 INFO storage.MemoryStore: Block broadcast_32_piece60 stored as bytes in memory (estimated size 4.0 MB, free 1894.2 MB)
17/03/16 19:14:01 INFO storage.MemoryStore: Block broadcast_32_piece78 stored as bytes in memory (estimated size 4.0 MB, free 1898.2 MB)
17/03/16 19:14:01 INFO storage.MemoryStore: Block broadcast_32_piece31 stored as bytes in memory (estimated size 4.0 MB, free 1902.2 MB)
17/03/16 19:14:01 INFO storage.MemoryStore: Block broadcast_32_piece42 stored as bytes in memory (estimated size 4.0 MB, free 1906.2 MB)
17/03/16 19:14:01 INFO storage.MemoryStore: Block broadcast_32_piece7 stored as bytes in memory (estimated size 4.0 MB, free 1910.2 MB)
17/03/16 19:14:01 INFO storage.MemoryStore: Block broadcast_32_piece9 stored as bytes in memory (estimated size 4.0 MB, free 1914.2 MB)
17/03/16 19:14:01 INFO storage.MemoryStore: Block broadcast_32_piece17 stored as bytes in memory (estimated size 4.0 MB, free 1918.2 MB)
17/03/16 19:14:01 INFO storage.MemoryStore: Block broadcast_32_piece69 stored as bytes in memory (estimated size 4.0 MB, free 1922.2 MB)
17/03/16 19:14:01 INFO storage.MemoryStore: Block broadcast_32_piece36 stored as bytes in memory (estimated size 4.0 MB, free 1926.2 MB)
17/03/16 19:14:01 INFO storage.MemoryStore: Block broadcast_32_piece66 stored as bytes in memory (estimated size 4.0 MB, free 1930.2 MB)
17/03/16 19:14:01 INFO storage.MemoryStore: Block broadcast_32_piece52 stored as bytes in memory (estimated size 4.0 MB, free 1934.2 MB)
17/03/16 19:14:01 INFO storage.MemoryStore: Block broadcast_32_piece99 stored as bytes in memory (estimated size 4.0 MB, free 1938.2 MB)
17/03/16 19:14:01 INFO storage.MemoryStore: Block broadcast_32_piece4 stored as bytes in memory (estimated size 4.0 MB, free 1942.2 MB)
17/03/16 19:14:01 INFO storage.MemoryStore: Block broadcast_32_piece70 stored as bytes in memory (estimated size 4.0 MB, free 1946.2 MB)
17/03/16 19:14:01 INFO storage.MemoryStore: Block broadcast_32_piece86 stored as bytes in memory (estimated size 4.0 MB, free 1950.2 MB)
17/03/16 19:14:01 INFO storage.MemoryStore: Block broadcast_32_piece13 stored as bytes in memory (estimated size 4.0 MB, free 1954.2 MB)
17/03/16 19:14:01 INFO storage.MemoryStore: Block broadcast_32_piece74 stored as bytes in memory (estimated size 4.0 MB, free 1958.2 MB)
17/03/16 19:14:01 INFO storage.MemoryStore: Block broadcast_32_piece63 stored as bytes in memory (estimated size 4.0 MB, free 1962.2 MB)
17/03/16 19:14:01 INFO storage.MemoryStore: Block broadcast_32_piece11 stored as bytes in memory (estimated size 4.0 MB, free 1966.2 MB)
17/03/16 19:14:01 INFO storage.MemoryStore: Block broadcast_32_piece80 stored as bytes in memory (estimated size 4.0 MB, free 1970.2 MB)
17/03/16 19:14:01 INFO storage.MemoryStore: Block broadcast_32_piece71 stored as bytes in memory (estimated size 4.0 MB, free 1974.2 MB)
17/03/16 19:14:01 INFO storage.MemoryStore: Block broadcast_32_piece22 stored as bytes in memory (estimated size 4.0 MB, free 1978.2 MB)
17/03/16 19:14:01 INFO storage.MemoryStore: Block broadcast_32_piece33 stored as bytes in memory (estimated size 4.0 MB, free 1982.2 MB)
17/03/16 19:14:01 INFO storage.MemoryStore: Block broadcast_32_piece94 stored as bytes in memory (estimated size 4.0 MB, free 1986.2 MB)
17/03/16 19:14:01 INFO storage.MemoryStore: Block broadcast_32_piece54 stored as bytes in memory (estimated size 4.0 MB, free 1990.2 MB)
17/03/16 19:14:01 INFO storage.MemoryStore: Block broadcast_32_piece73 stored as bytes in memory (estimated size 4.0 MB, free 1994.2 MB)
17/03/16 19:14:01 INFO storage.MemoryStore: Block broadcast_32_piece20 stored as bytes in memory (estimated size 4.0 MB, free 1998.2 MB)
17/03/16 19:14:01 INFO storage.MemoryStore: Block broadcast_32_piece65 stored as bytes in memory (estimated size 4.0 MB, free 2002.2 MB)
17/03/16 19:14:01 INFO storage.MemoryStore: Block broadcast_32_piece76 stored as bytes in memory (estimated size 4.0 MB, free 2006.2 MB)
17/03/16 19:14:01 INFO storage.MemoryStore: Block broadcast_32_piece34 stored as bytes in memory (estimated size 4.0 MB, free 2010.2 MB)
17/03/16 19:14:01 INFO storage.MemoryStore: Block broadcast_32_piece103 stored as bytes in memory (estimated size 1140.8 KB, free 2011.4 MB)
17/03/16 19:14:01 INFO storage.MemoryStore: Block broadcast_32_piece85 stored as bytes in memory (estimated size 4.0 MB, free 2015.4 MB)
17/03/16 19:14:01 INFO storage.MemoryStore: Block broadcast_32_piece64 stored as bytes in memory (estimated size 4.0 MB, free 2019.4 MB)
17/03/16 19:14:01 INFO storage.MemoryStore: Block broadcast_32_piece23 stored as bytes in memory (estimated size 4.0 MB, free 2023.4 MB)
17/03/16 19:14:02 INFO storage.MemoryStore: Block broadcast_32_piece56 stored as bytes in memory (estimated size 4.0 MB, free 2027.4 MB)
17/03/16 19:14:02 INFO storage.MemoryStore: Block broadcast_32_piece49 stored as bytes in memory (estimated size 4.0 MB, free 2031.4 MB)
17/03/16 19:14:02 INFO storage.MemoryStore: Block broadcast_32_piece84 stored as bytes in memory (estimated size 4.0 MB, free 2035.4 MB)
17/03/16 19:14:02 INFO storage.MemoryStore: Block broadcast_32_piece1 stored as bytes in memory (estimated size 4.0 MB, free 2039.4 MB)
17/03/16 19:14:02 INFO storage.MemoryStore: Block broadcast_32_piece98 stored as bytes in memory (estimated size 4.0 MB, free 2043.4 MB)
17/03/16 19:14:02 INFO storage.MemoryStore: Block broadcast_32_piece96 stored as bytes in memory (estimated size 4.0 MB, free 2047.4 MB)
17/03/16 19:14:02 INFO storage.MemoryStore: Block broadcast_32_piece67 stored as bytes in memory (estimated size 4.0 MB, free 2.0 GB)
17/03/16 19:14:02 INFO storage.MemoryStore: Block broadcast_32_piece90 stored as bytes in memory (estimated size 4.0 MB, free 2.0 GB)
17/03/16 19:14:02 INFO storage.MemoryStore: Block broadcast_32_piece92 stored as bytes in memory (estimated size 4.0 MB, free 2.0 GB)
17/03/16 19:14:02 INFO storage.MemoryStore: Block broadcast_32_piece72 stored as bytes in memory (estimated size 4.0 MB, free 2.0 GB)
17/03/16 19:14:02 INFO storage.MemoryStore: Block broadcast_32_piece6 stored as bytes in memory (estimated size 4.0 MB, free 2.0 GB)
17/03/16 19:14:02 INFO broadcast.TorrentBroadcast: Reading broadcast variable 32 took 2262 ms
17/03/16 19:14:09 INFO storage.MemoryStore: Block broadcast_32 stored as values in memory (estimated size 384.0 B, free 2.0 GB)
17/03/16 19:14:16 INFO python.PythonRunner: Times: total = 17037, boot = 10, init = 9334, finish = 7693
17/03/16 19:14:16 INFO python.PythonRunner: Times: total = 17055, boot = 14, init = 9331, finish = 7710
17/03/16 19:14:16 INFO python.PythonRunner: Times: total = 17079, boot = 17, init = 9327, finish = 7735
17/03/16 19:14:17 INFO executor.Executor: Finished task 16.0 in stage 21.0 (TID 978). 1274 bytes result sent to driver
17/03/16 19:14:17 INFO executor.Executor: Finished task 22.0 in stage 21.0 (TID 984). 1274 bytes result sent to driver
17/03/16 19:14:17 INFO executor.Executor: Finished task 28.0 in stage 21.0 (TID 990). 1274 bytes result sent to driver
17/03/16 19:14:17 INFO python.PythonRunner: Times: total = 17240, boot = 21, init = 9323, finish = 7896
17/03/16 19:14:17 INFO python.PythonRunner: Times: total = 17283, boot = 4, init = 9341, finish = 7938
17/03/16 19:14:17 INFO executor.Executor: Finished task 34.0 in stage 21.0 (TID 996). 1274 bytes result sent to driver
17/03/16 19:14:17 INFO executor.Executor: Finished task 46.0 in stage 21.0 (TID 1008). 1274 bytes result sent to driver
17/03/16 19:14:17 INFO python.PythonRunner: Times: total = 17438, boot = 7, init = 9338, finish = 8093
17/03/16 19:14:17 INFO python.PythonRunner: Times: total = 17467, boot = 4, init = 9340, finish = 8123
17/03/16 19:14:17 INFO executor.Executor: Finished task 10.0 in stage 21.0 (TID 972). 1274 bytes result sent to driver
17/03/16 19:14:17 INFO python.PythonRunner: Times: total = 17529, boot = 24, init = 9319, finish = 8186
17/03/16 19:14:17 INFO executor.Executor: Finished task 4.0 in stage 21.0 (TID 966). 1274 bytes result sent to driver
17/03/16 19:14:17 INFO executor.Executor: Finished task 40.0 in stage 21.0 (TID 1002). 1274 bytes result sent to driver
17/03/16 19:14:39 INFO executor.CoarseGrainedExecutorBackend: Got assigned task 1010
17/03/16 19:14:39 INFO executor.CoarseGrainedExecutorBackend: Got assigned task 1016
17/03/16 19:14:39 INFO executor.Executor: Running task 0.0 in stage 22.0 (TID 1010)
17/03/16 19:14:39 INFO executor.Executor: Running task 6.0 in stage 22.0 (TID 1016)
17/03/16 19:14:39 INFO executor.CoarseGrainedExecutorBackend: Got assigned task 1022
17/03/16 19:14:39 INFO executor.CoarseGrainedExecutorBackend: Got assigned task 1028
17/03/16 19:14:39 INFO executor.Executor: Running task 12.0 in stage 22.0 (TID 1022)
17/03/16 19:14:39 INFO executor.CoarseGrainedExecutorBackend: Got assigned task 1034
17/03/16 19:14:39 INFO executor.Executor: Running task 18.0 in stage 22.0 (TID 1028)
17/03/16 19:14:39 INFO executor.Executor: Running task 24.0 in stage 22.0 (TID 1034)
17/03/16 19:14:39 INFO executor.CoarseGrainedExecutorBackend: Got assigned task 1040
17/03/16 19:14:39 INFO spark.MapOutputTrackerWorker: Updating epoch to 11 and clearing cache
17/03/16 19:14:39 INFO executor.Executor: Running task 30.0 in stage 22.0 (TID 1040)
17/03/16 19:14:39 INFO executor.CoarseGrainedExecutorBackend: Got assigned task 1046
17/03/16 19:14:39 INFO executor.CoarseGrainedExecutorBackend: Got assigned task 1052
17/03/16 19:14:39 INFO executor.Executor: Running task 36.0 in stage 22.0 (TID 1046)
17/03/16 19:14:39 INFO executor.Executor: Running task 42.0 in stage 22.0 (TID 1052)
17/03/16 19:14:39 INFO broadcast.TorrentBroadcast: Started reading broadcast variable 34
17/03/16 19:14:39 INFO storage.MemoryStore: Block broadcast_34_piece0 stored as bytes in memory (estimated size 3.3 KB, free 2.0 GB)
17/03/16 19:14:39 INFO broadcast.TorrentBroadcast: Reading broadcast variable 34 took 9 ms
17/03/16 19:14:39 INFO storage.MemoryStore: Block broadcast_34 stored as values in memory (estimated size 5.3 KB, free 2.0 GB)
17/03/16 19:14:39 INFO spark.MapOutputTrackerWorker: Don't have map outputs for shuffle 10, fetching them
17/03/16 19:14:39 INFO spark.MapOutputTrackerWorker: Doing the fetch; tracker endpoint = NettyRpcEndpointRef(spark://MapOutputTracker@10.10.34.38:36751)
17/03/16 19:14:39 INFO spark.MapOutputTrackerWorker: Don't have map outputs for shuffle 10, fetching them
17/03/16 19:14:39 INFO spark.MapOutputTrackerWorker: Don't have map outputs for shuffle 10, fetching them
17/03/16 19:14:39 INFO spark.MapOutputTrackerWorker: Don't have map outputs for shuffle 10, fetching them
17/03/16 19:14:39 INFO spark.MapOutputTrackerWorker: Don't have map outputs for shuffle 10, fetching them
17/03/16 19:14:39 INFO spark.MapOutputTrackerWorker: Don't have map outputs for shuffle 10, fetching them
17/03/16 19:14:39 INFO spark.MapOutputTrackerWorker: Got the output locations
17/03/16 19:14:39 INFO spark.MapOutputTrackerWorker: Don't have map outputs for shuffle 10, fetching them
17/03/16 19:14:39 INFO storage.ShuffleBlockFetcherIterator: Getting 48 non-empty blocks out of 48 blocks
17/03/16 19:14:39 INFO storage.ShuffleBlockFetcherIterator: Getting 48 non-empty blocks out of 48 blocks
17/03/16 19:14:39 INFO storage.ShuffleBlockFetcherIterator: Getting 48 non-empty blocks out of 48 blocks
17/03/16 19:14:39 INFO storage.ShuffleBlockFetcherIterator: Getting 48 non-empty blocks out of 48 blocks
17/03/16 19:14:39 INFO storage.ShuffleBlockFetcherIterator: Started 6 remote fetches in 4 ms
17/03/16 19:14:39 INFO storage.ShuffleBlockFetcherIterator: Started 6 remote fetches in 4 ms
17/03/16 19:14:39 INFO storage.ShuffleBlockFetcherIterator: Getting 48 non-empty blocks out of 48 blocks
17/03/16 19:14:39 INFO storage.ShuffleBlockFetcherIterator: Getting 48 non-empty blocks out of 48 blocks
17/03/16 19:14:39 INFO storage.ShuffleBlockFetcherIterator: Started 8 remote fetches in 4 ms
17/03/16 19:14:39 INFO storage.ShuffleBlockFetcherIterator: Started 6 remote fetches in 4 ms
17/03/16 19:14:39 INFO storage.ShuffleBlockFetcherIterator: Getting 48 non-empty blocks out of 48 blocks
17/03/16 19:14:39 INFO storage.ShuffleBlockFetcherIterator: Getting 48 non-empty blocks out of 48 blocks
17/03/16 19:14:39 INFO storage.ShuffleBlockFetcherIterator: Started 7 remote fetches in 4 ms
17/03/16 19:14:39 INFO storage.ShuffleBlockFetcherIterator: Started 7 remote fetches in 5 ms
17/03/16 19:14:39 INFO storage.ShuffleBlockFetcherIterator: Started 7 remote fetches in 6 ms
17/03/16 19:14:39 INFO storage.ShuffleBlockFetcherIterator: Started 5 remote fetches in 6 ms
17/03/16 19:14:40 INFO python.PythonRunner: Times: total = 898, boot = -22173, init = 22178, finish = 893
17/03/16 19:14:40 INFO python.PythonRunner: Times: total = 914, boot = -22344, init = 22347, finish = 911
17/03/16 19:14:40 INFO python.PythonRunner: Times: total = 910, boot = -21892, init = 21895, finish = 907
17/03/16 19:14:40 INFO executor.Executor: Finished task 36.0 in stage 22.0 (TID 1046). 9574886 bytes result sent to driver
17/03/16 19:14:40 INFO executor.Executor: Finished task 12.0 in stage 22.0 (TID 1022). 9563251 bytes result sent to driver
17/03/16 19:14:40 INFO executor.Executor: Finished task 18.0 in stage 22.0 (TID 1028). 9561770 bytes result sent to driver
17/03/16 19:14:40 INFO python.PythonRunner: Times: total = 965, boot = -21967, init = 21974, finish = 958
17/03/16 19:14:40 INFO executor.Executor: Finished task 30.0 in stage 22.0 (TID 1040). 9550037 bytes result sent to driver
17/03/16 19:14:40 INFO python.PythonRunner: Times: total = 1553, boot = -22369, init = 22372, finish = 1550
17/03/16 19:14:40 INFO executor.Executor: Finished task 0.0 in stage 22.0 (TID 1010). 9582631 bytes result sent to driver
17/03/16 19:14:40 INFO python.PythonRunner: Times: total = 1579, boot = -22329, init = 22333, finish = 1575
17/03/16 19:14:40 INFO python.PythonRunner: Times: total = 1572, boot = -21951, init = 21954, finish = 1569
17/03/16 19:14:40 INFO executor.Executor: Finished task 6.0 in stage 22.0 (TID 1016). 9573496 bytes result sent to driver
17/03/16 19:14:40 INFO executor.Executor: Finished task 42.0 in stage 22.0 (TID 1052). 9558608 bytes result sent to driver
17/03/16 19:14:40 INFO python.PythonRunner: Times: total = 1629, boot = -22129, init = 22141, finish = 1617
17/03/16 19:14:40 INFO executor.Executor: Finished task 24.0 in stage 22.0 (TID 1034). 9547432 bytes result sent to driver
17/03/16 19:14:44 INFO storage.BlockManager: Removing RDD 63
17/03/16 19:14:44 INFO storage.BlockManager: Removing RDD 68
17/03/16 19:21:59 INFO executor.CoarseGrainedExecutorBackend: Got assigned task 1062
17/03/16 19:21:59 INFO executor.Executor: Running task 4.0 in stage 23.0 (TID 1062)
17/03/16 19:21:59 INFO broadcast.TorrentBroadcast: Started reading broadcast variable 36
17/03/16 19:21:59 INFO executor.CoarseGrainedExecutorBackend: Got assigned task 1068
17/03/16 19:21:59 INFO executor.Executor: Running task 10.0 in stage 23.0 (TID 1068)
17/03/16 19:21:59 INFO executor.CoarseGrainedExecutorBackend: Got assigned task 1074
17/03/16 19:21:59 INFO executor.Executor: Running task 16.0 in stage 23.0 (TID 1074)
17/03/16 19:21:59 INFO executor.CoarseGrainedExecutorBackend: Got assigned task 1080
17/03/16 19:21:59 INFO executor.Executor: Running task 22.0 in stage 23.0 (TID 1080)
17/03/16 19:21:59 INFO executor.CoarseGrainedExecutorBackend: Got assigned task 1086
17/03/16 19:21:59 INFO executor.Executor: Running task 28.0 in stage 23.0 (TID 1086)
17/03/16 19:21:59 INFO executor.CoarseGrainedExecutorBackend: Got assigned task 1092
17/03/16 19:21:59 INFO executor.Executor: Running task 34.0 in stage 23.0 (TID 1092)
17/03/16 19:21:59 INFO executor.CoarseGrainedExecutorBackend: Got assigned task 1098
17/03/16 19:21:59 INFO executor.Executor: Running task 40.0 in stage 23.0 (TID 1098)
17/03/16 19:21:59 INFO executor.CoarseGrainedExecutorBackend: Got assigned task 1104
17/03/16 19:21:59 INFO executor.Executor: Running task 46.0 in stage 23.0 (TID 1104)
17/03/16 19:21:59 INFO storage.MemoryStore: Block broadcast_36_piece0 stored as bytes in memory (estimated size 5.4 KB, free 413.4 MB)
17/03/16 19:21:59 INFO broadcast.TorrentBroadcast: Reading broadcast variable 36 took 130 ms
17/03/16 19:21:59 INFO storage.MemoryStore: Block broadcast_36 stored as values in memory (estimated size 8.6 KB, free 413.4 MB)
17/03/16 19:21:59 INFO broadcast.TorrentBroadcast: Started reading broadcast variable 35
17/03/16 19:21:59 INFO storage.MemoryStore: Block broadcast_35_piece70 stored as bytes in memory (estimated size 4.0 MB, free 417.4 MB)
17/03/16 19:22:00 INFO storage.MemoryStore: Block broadcast_35_piece21 stored as bytes in memory (estimated size 4.0 MB, free 421.4 MB)
17/03/16 19:22:00 INFO storage.MemoryStore: Block broadcast_35_piece28 stored as bytes in memory (estimated size 4.0 MB, free 425.4 MB)
17/03/16 19:22:00 INFO storage.MemoryStore: Block broadcast_35_piece15 stored as bytes in memory (estimated size 4.0 MB, free 429.4 MB)
17/03/16 19:22:00 INFO storage.MemoryStore: Block broadcast_35_piece47 stored as bytes in memory (estimated size 4.0 MB, free 433.4 MB)
17/03/16 19:22:00 INFO storage.MemoryStore: Block broadcast_35_piece29 stored as bytes in memory (estimated size 4.0 MB, free 437.4 MB)
17/03/16 19:22:00 INFO storage.MemoryStore: Block broadcast_35_piece76 stored as bytes in memory (estimated size 4.0 MB, free 441.4 MB)
17/03/16 19:22:00 INFO storage.MemoryStore: Block broadcast_35_piece2 stored as bytes in memory (estimated size 4.0 MB, free 445.4 MB)
17/03/16 19:22:00 INFO storage.MemoryStore: Block broadcast_35_piece35 stored as bytes in memory (estimated size 4.0 MB, free 449.4 MB)
17/03/16 19:22:00 INFO storage.MemoryStore: Block broadcast_35_piece102 stored as bytes in memory (estimated size 4.0 MB, free 453.4 MB)
17/03/16 19:22:00 INFO storage.MemoryStore: Block broadcast_35_piece4 stored as bytes in memory (estimated size 4.0 MB, free 457.4 MB)
17/03/16 19:22:00 INFO storage.MemoryStore: Block broadcast_35_piece68 stored as bytes in memory (estimated size 4.0 MB, free 461.4 MB)
17/03/16 19:22:00 INFO storage.MemoryStore: Block broadcast_35_piece19 stored as bytes in memory (estimated size 4.0 MB, free 465.4 MB)
17/03/16 19:22:00 INFO storage.MemoryStore: Block broadcast_35_piece26 stored as bytes in memory (estimated size 4.0 MB, free 469.4 MB)
17/03/16 19:22:00 INFO storage.MemoryStore: Block broadcast_35_piece91 stored as bytes in memory (estimated size 4.0 MB, free 473.4 MB)
17/03/16 19:22:00 INFO storage.MemoryStore: Block broadcast_35_piece51 stored as bytes in memory (estimated size 4.0 MB, free 477.4 MB)
17/03/16 19:22:00 INFO storage.MemoryStore: Block broadcast_35_piece9 stored as bytes in memory (estimated size 4.0 MB, free 481.4 MB)
17/03/16 19:22:00 INFO storage.MemoryStore: Block broadcast_35_piece24 stored as bytes in memory (estimated size 4.0 MB, free 485.4 MB)
17/03/16 19:22:00 INFO storage.MemoryStore: Block broadcast_35_piece93 stored as bytes in memory (estimated size 4.0 MB, free 489.4 MB)
17/03/16 19:22:00 INFO storage.MemoryStore: Block broadcast_35_piece45 stored as bytes in memory (estimated size 4.0 MB, free 493.4 MB)
17/03/16 19:22:00 INFO storage.MemoryStore: Block broadcast_35_piece89 stored as bytes in memory (estimated size 4.0 MB, free 497.4 MB)
17/03/16 19:22:00 INFO storage.MemoryStore: Block broadcast_35_piece10 stored as bytes in memory (estimated size 4.0 MB, free 501.4 MB)
17/03/16 19:22:00 INFO storage.MemoryStore: Block broadcast_35_piece55 stored as bytes in memory (estimated size 4.0 MB, free 505.4 MB)
17/03/16 19:22:00 INFO storage.MemoryStore: Block broadcast_35_piece65 stored as bytes in memory (estimated size 4.0 MB, free 509.4 MB)
17/03/16 19:22:00 INFO storage.MemoryStore: Block broadcast_35_piece94 stored as bytes in memory (estimated size 4.0 MB, free 513.4 MB)
17/03/16 19:22:00 INFO storage.MemoryStore: Block broadcast_35_piece81 stored as bytes in memory (estimated size 4.0 MB, free 517.4 MB)
17/03/16 19:22:00 INFO storage.MemoryStore: Block broadcast_35_piece63 stored as bytes in memory (estimated size 4.0 MB, free 521.4 MB)
17/03/16 19:22:00 INFO storage.MemoryStore: Block broadcast_35_piece49 stored as bytes in memory (estimated size 4.0 MB, free 525.4 MB)
17/03/16 19:22:00 INFO storage.MemoryStore: Block broadcast_35_piece78 stored as bytes in memory (estimated size 4.0 MB, free 529.4 MB)
17/03/16 19:22:00 INFO storage.MemoryStore: Block broadcast_35_piece85 stored as bytes in memory (estimated size 4.0 MB, free 533.4 MB)
17/03/16 19:22:00 INFO storage.MemoryStore: Block broadcast_35_piece20 stored as bytes in memory (estimated size 4.0 MB, free 537.4 MB)
17/03/16 19:22:00 INFO storage.MemoryStore: Block broadcast_35_piece17 stored as bytes in memory (estimated size 4.0 MB, free 541.4 MB)
17/03/16 19:22:00 INFO storage.MemoryStore: Block broadcast_35_piece82 stored as bytes in memory (estimated size 4.0 MB, free 545.4 MB)
17/03/16 19:22:00 INFO storage.MemoryStore: Block broadcast_35_piece42 stored as bytes in memory (estimated size 4.0 MB, free 549.4 MB)
17/03/16 19:22:00 INFO storage.MemoryStore: Block broadcast_35_piece96 stored as bytes in memory (estimated size 4.0 MB, free 553.4 MB)
17/03/16 19:22:00 INFO storage.MemoryStore: Block broadcast_35_piece40 stored as bytes in memory (estimated size 4.0 MB, free 557.4 MB)
17/03/16 19:22:00 INFO storage.MemoryStore: Block broadcast_35_piece23 stored as bytes in memory (estimated size 4.0 MB, free 561.4 MB)
17/03/16 19:22:00 INFO storage.MemoryStore: Block broadcast_35_piece31 stored as bytes in memory (estimated size 4.0 MB, free 565.4 MB)
17/03/16 19:22:00 INFO storage.MemoryStore: Block broadcast_35_piece59 stored as bytes in memory (estimated size 4.0 MB, free 569.4 MB)
17/03/16 19:22:00 INFO storage.MemoryStore: Block broadcast_35_piece72 stored as bytes in memory (estimated size 4.0 MB, free 573.4 MB)
17/03/16 19:22:00 INFO storage.MemoryStore: Block broadcast_35_piece16 stored as bytes in memory (estimated size 4.0 MB, free 577.4 MB)
17/03/16 19:22:00 INFO storage.MemoryStore: Block broadcast_35_piece5 stored as bytes in memory (estimated size 4.0 MB, free 581.4 MB)
17/03/16 19:22:00 INFO storage.MemoryStore: Block broadcast_35_piece22 stored as bytes in memory (estimated size 4.0 MB, free 585.4 MB)
17/03/16 19:22:00 INFO storage.MemoryStore: Block broadcast_35_piece74 stored as bytes in memory (estimated size 4.0 MB, free 589.4 MB)
17/03/16 19:22:00 INFO storage.MemoryStore: Block broadcast_35_piece52 stored as bytes in memory (estimated size 4.0 MB, free 593.4 MB)
17/03/16 19:22:00 INFO storage.MemoryStore: Block broadcast_35_piece57 stored as bytes in memory (estimated size 4.0 MB, free 597.4 MB)
17/03/16 19:22:00 INFO storage.MemoryStore: Block broadcast_35_piece7 stored as bytes in memory (estimated size 4.0 MB, free 601.4 MB)
17/03/16 19:22:00 INFO storage.MemoryStore: Block broadcast_35_piece60 stored as bytes in memory (estimated size 4.0 MB, free 605.4 MB)
17/03/16 19:22:00 INFO storage.MemoryStore: Block broadcast_35_piece101 stored as bytes in memory (estimated size 4.0 MB, free 609.4 MB)
17/03/16 19:22:01 INFO storage.MemoryStore: Block broadcast_35_piece11 stored as bytes in memory (estimated size 4.0 MB, free 613.4 MB)
17/03/16 19:22:01 INFO storage.MemoryStore: Block broadcast_35_piece41 stored as bytes in memory (estimated size 4.0 MB, free 617.4 MB)
17/03/16 19:22:01 INFO storage.MemoryStore: Block broadcast_35_piece3 stored as bytes in memory (estimated size 4.0 MB, free 621.4 MB)
17/03/16 19:22:01 INFO storage.MemoryStore: Block broadcast_35_piece53 stored as bytes in memory (estimated size 4.0 MB, free 625.4 MB)
17/03/16 19:22:01 INFO storage.MemoryStore: Block broadcast_35_piece36 stored as bytes in memory (estimated size 4.0 MB, free 629.4 MB)
17/03/16 19:22:01 INFO storage.MemoryStore: Block broadcast_35_piece69 stored as bytes in memory (estimated size 4.0 MB, free 633.4 MB)
17/03/16 19:22:01 INFO storage.MemoryStore: Block broadcast_35_piece13 stored as bytes in memory (estimated size 4.0 MB, free 637.4 MB)
17/03/16 19:22:01 INFO storage.MemoryStore: Block broadcast_35_piece98 stored as bytes in memory (estimated size 4.0 MB, free 641.4 MB)
17/03/16 19:22:01 INFO storage.MemoryStore: Block broadcast_35_piece25 stored as bytes in memory (estimated size 4.0 MB, free 645.4 MB)
17/03/16 19:22:01 INFO storage.MemoryStore: Block broadcast_35_piece66 stored as bytes in memory (estimated size 4.0 MB, free 649.4 MB)
17/03/16 19:22:01 INFO storage.MemoryStore: Block broadcast_35_piece43 stored as bytes in memory (estimated size 4.0 MB, free 653.4 MB)
17/03/16 19:22:01 INFO storage.MemoryStore: Block broadcast_35_piece100 stored as bytes in memory (estimated size 4.0 MB, free 657.4 MB)
17/03/16 19:22:01 INFO storage.MemoryStore: Block broadcast_35_piece38 stored as bytes in memory (estimated size 4.0 MB, free 661.4 MB)
17/03/16 19:22:01 INFO storage.MemoryStore: Block broadcast_35_piece56 stored as bytes in memory (estimated size 4.0 MB, free 665.4 MB)
17/03/16 19:22:01 INFO storage.MemoryStore: Block broadcast_35_piece12 stored as bytes in memory (estimated size 4.0 MB, free 669.4 MB)
17/03/16 19:22:01 INFO storage.MemoryStore: Block broadcast_35_piece30 stored as bytes in memory (estimated size 4.0 MB, free 673.4 MB)
17/03/16 19:22:01 INFO storage.MemoryStore: Block broadcast_35_piece18 stored as bytes in memory (estimated size 4.0 MB, free 677.4 MB)
17/03/16 19:22:01 INFO storage.MemoryStore: Block broadcast_35_piece39 stored as bytes in memory (estimated size 4.0 MB, free 681.4 MB)
17/03/16 19:22:01 INFO storage.MemoryStore: Block broadcast_35_piece58 stored as bytes in memory (estimated size 4.0 MB, free 685.4 MB)
17/03/16 19:22:01 INFO storage.MemoryStore: Block broadcast_35_piece34 stored as bytes in memory (estimated size 4.0 MB, free 689.4 MB)
17/03/16 19:22:01 INFO storage.MemoryStore: Block broadcast_35_piece83 stored as bytes in memory (estimated size 4.0 MB, free 693.4 MB)
17/03/16 19:22:01 INFO storage.MemoryStore: Block broadcast_35_piece33 stored as bytes in memory (estimated size 4.0 MB, free 697.4 MB)
17/03/16 19:22:01 INFO storage.MemoryStore: Block broadcast_35_piece97 stored as bytes in memory (estimated size 4.0 MB, free 701.4 MB)
17/03/16 19:22:01 INFO storage.MemoryStore: Block broadcast_35_piece61 stored as bytes in memory (estimated size 4.0 MB, free 705.4 MB)
17/03/16 19:22:01 INFO storage.MemoryStore: Block broadcast_35_piece88 stored as bytes in memory (estimated size 4.0 MB, free 709.4 MB)
17/03/16 19:22:01 INFO storage.MemoryStore: Block broadcast_35_piece0 stored as bytes in memory (estimated size 4.0 MB, free 713.4 MB)
17/03/16 19:22:01 INFO storage.MemoryStore: Block broadcast_35_piece71 stored as bytes in memory (estimated size 4.0 MB, free 717.4 MB)
17/03/16 19:22:01 INFO storage.MemoryStore: Block broadcast_35_piece44 stored as bytes in memory (estimated size 4.0 MB, free 721.4 MB)
17/03/16 19:22:01 INFO storage.MemoryStore: Block broadcast_35_piece64 stored as bytes in memory (estimated size 4.0 MB, free 725.4 MB)
17/03/16 19:22:01 INFO storage.MemoryStore: Block broadcast_35_piece90 stored as bytes in memory (estimated size 4.0 MB, free 729.4 MB)
17/03/16 19:22:01 INFO storage.MemoryStore: Block broadcast_35_piece46 stored as bytes in memory (estimated size 4.0 MB, free 733.4 MB)
17/03/16 19:22:01 INFO storage.MemoryStore: Block broadcast_35_piece99 stored as bytes in memory (estimated size 4.0 MB, free 737.4 MB)
17/03/16 19:22:01 INFO storage.MemoryStore: Block broadcast_35_piece95 stored as bytes in memory (estimated size 4.0 MB, free 741.4 MB)
17/03/16 19:22:01 INFO storage.MemoryStore: Block broadcast_35_piece77 stored as bytes in memory (estimated size 4.0 MB, free 745.4 MB)
17/03/16 19:22:01 INFO storage.MemoryStore: Block broadcast_35_piece6 stored as bytes in memory (estimated size 4.0 MB, free 749.4 MB)
17/03/16 19:22:01 INFO storage.MemoryStore: Block broadcast_35_piece62 stored as bytes in memory (estimated size 4.0 MB, free 753.4 MB)
17/03/16 19:22:01 INFO storage.MemoryStore: Block broadcast_35_piece79 stored as bytes in memory (estimated size 4.0 MB, free 757.4 MB)
17/03/16 19:22:01 INFO storage.MemoryStore: Block broadcast_35_piece67 stored as bytes in memory (estimated size 4.0 MB, free 761.4 MB)
17/03/16 19:22:01 INFO storage.MemoryStore: Block broadcast_35_piece32 stored as bytes in memory (estimated size 4.0 MB, free 765.4 MB)
17/03/16 19:22:01 INFO storage.MemoryStore: Block broadcast_35_piece75 stored as bytes in memory (estimated size 4.0 MB, free 769.4 MB)
17/03/16 19:22:01 INFO storage.MemoryStore: Block broadcast_35_piece50 stored as bytes in memory (estimated size 4.0 MB, free 773.4 MB)
17/03/16 19:22:01 INFO storage.MemoryStore: Block broadcast_35_piece73 stored as bytes in memory (estimated size 4.0 MB, free 777.4 MB)
17/03/16 19:22:01 INFO storage.MemoryStore: Block broadcast_35_piece87 stored as bytes in memory (estimated size 4.0 MB, free 781.4 MB)
17/03/16 19:22:01 INFO storage.MemoryStore: Block broadcast_35_piece86 stored as bytes in memory (estimated size 4.0 MB, free 785.4 MB)
17/03/16 19:22:01 INFO storage.MemoryStore: Block broadcast_35_piece37 stored as bytes in memory (estimated size 4.0 MB, free 789.4 MB)
17/03/16 19:22:01 INFO storage.MemoryStore: Block broadcast_35_piece103 stored as bytes in memory (estimated size 1042.6 KB, free 790.4 MB)
17/03/16 19:22:01 INFO storage.MemoryStore: Block broadcast_35_piece8 stored as bytes in memory (estimated size 4.0 MB, free 794.4 MB)
17/03/16 19:22:01 INFO storage.MemoryStore: Block broadcast_35_piece48 stored as bytes in memory (estimated size 4.0 MB, free 798.4 MB)
17/03/16 19:22:01 INFO storage.MemoryStore: Block broadcast_35_piece54 stored as bytes in memory (estimated size 4.0 MB, free 802.4 MB)
17/03/16 19:22:01 INFO storage.MemoryStore: Block broadcast_35_piece80 stored as bytes in memory (estimated size 4.0 MB, free 806.4 MB)
17/03/16 19:22:01 INFO storage.MemoryStore: Block broadcast_35_piece14 stored as bytes in memory (estimated size 4.0 MB, free 810.4 MB)
17/03/16 19:22:01 INFO storage.MemoryStore: Block broadcast_35_piece84 stored as bytes in memory (estimated size 4.0 MB, free 814.4 MB)
17/03/16 19:22:01 INFO storage.MemoryStore: Block broadcast_35_piece27 stored as bytes in memory (estimated size 4.0 MB, free 818.4 MB)
17/03/16 19:22:01 INFO storage.MemoryStore: Block broadcast_35_piece1 stored as bytes in memory (estimated size 4.0 MB, free 822.4 MB)
17/03/16 19:22:01 INFO storage.MemoryStore: Block broadcast_35_piece92 stored as bytes in memory (estimated size 4.0 MB, free 826.4 MB)
17/03/16 19:22:01 INFO broadcast.TorrentBroadcast: Reading broadcast variable 35 took 1953 ms
17/03/16 19:22:10 INFO storage.MemoryStore: Block broadcast_35 stored as values in memory (estimated size 384.0 B, free 826.4 MB)
17/03/16 19:22:17 INFO python.PythonRunner: Times: total = 17813, boot = 11, init = 10311, finish = 7491
17/03/16 19:22:17 INFO executor.Executor: Finished task 22.0 in stage 23.0 (TID 1080). 1274 bytes result sent to driver
17/03/16 19:22:17 INFO python.PythonRunner: Times: total = 17951, boot = 15, init = 10307, finish = 7629
17/03/16 19:22:17 INFO python.PythonRunner: Times: total = 18026, boot = 4, init = 10319, finish = 7703
17/03/16 19:22:17 INFO python.PythonRunner: Times: total = 18031, boot = 27, init = 10294, finish = 7710
17/03/16 19:22:18 INFO python.PythonRunner: Times: total = 18036, boot = 7, init = 10316, finish = 7713
17/03/16 19:22:18 INFO python.PythonRunner: Times: total = 18073, boot = 24, init = 10298, finish = 7751
17/03/16 19:22:18 INFO executor.Executor: Finished task 28.0 in stage 23.0 (TID 1086). 1274 bytes result sent to driver
17/03/16 19:22:18 INFO executor.Executor: Finished task 16.0 in stage 23.0 (TID 1074). 1274 bytes result sent to driver
17/03/16 19:22:18 INFO executor.Executor: Finished task 10.0 in stage 23.0 (TID 1068). 1274 bytes result sent to driver
17/03/16 19:22:18 INFO executor.Executor: Finished task 46.0 in stage 23.0 (TID 1104). 1274 bytes result sent to driver
17/03/16 19:22:18 INFO executor.Executor: Finished task 40.0 in stage 23.0 (TID 1098). 1274 bytes result sent to driver
17/03/16 19:22:18 INFO python.PythonRunner: Times: total = 18193, boot = 18, init = 10303, finish = 7872
17/03/16 19:22:18 INFO python.PythonRunner: Times: total = 18221, boot = 4, init = 10317, finish = 7900
17/03/16 19:22:18 INFO executor.Executor: Finished task 34.0 in stage 23.0 (TID 1092). 1274 bytes result sent to driver
17/03/16 19:22:18 INFO executor.Executor: Finished task 4.0 in stage 23.0 (TID 1062). 1274 bytes result sent to driver
17/03/16 19:22:38 INFO executor.CoarseGrainedExecutorBackend: Got assigned task 1108
17/03/16 19:22:38 INFO executor.CoarseGrainedExecutorBackend: Got assigned task 1114
17/03/16 19:22:38 INFO executor.Executor: Running task 2.0 in stage 24.0 (TID 1108)
17/03/16 19:22:38 INFO executor.Executor: Running task 8.0 in stage 24.0 (TID 1114)
17/03/16 19:22:38 INFO executor.CoarseGrainedExecutorBackend: Got assigned task 1120
17/03/16 19:22:38 INFO executor.CoarseGrainedExecutorBackend: Got assigned task 1126
17/03/16 19:22:38 INFO executor.Executor: Running task 14.0 in stage 24.0 (TID 1120)
17/03/16 19:22:38 INFO executor.Executor: Running task 20.0 in stage 24.0 (TID 1126)
17/03/16 19:22:38 INFO spark.MapOutputTrackerWorker: Updating epoch to 12 and clearing cache
17/03/16 19:22:38 INFO executor.CoarseGrainedExecutorBackend: Got assigned task 1132
17/03/16 19:22:38 INFO executor.Executor: Running task 26.0 in stage 24.0 (TID 1132)
17/03/16 19:22:38 INFO executor.CoarseGrainedExecutorBackend: Got assigned task 1138
17/03/16 19:22:38 INFO broadcast.TorrentBroadcast: Started reading broadcast variable 37
17/03/16 19:22:38 INFO executor.Executor: Running task 32.0 in stage 24.0 (TID 1138)
17/03/16 19:22:38 INFO executor.CoarseGrainedExecutorBackend: Got assigned task 1144
17/03/16 19:22:38 INFO executor.Executor: Running task 38.0 in stage 24.0 (TID 1144)
17/03/16 19:22:38 INFO executor.CoarseGrainedExecutorBackend: Got assigned task 1150
17/03/16 19:22:38 INFO executor.Executor: Running task 44.0 in stage 24.0 (TID 1150)
17/03/16 19:22:38 INFO storage.MemoryStore: Block broadcast_37_piece0 stored as bytes in memory (estimated size 3.3 KB, free 826.4 MB)
17/03/16 19:22:38 INFO broadcast.TorrentBroadcast: Reading broadcast variable 37 took 6 ms
17/03/16 19:22:38 INFO storage.MemoryStore: Block broadcast_37 stored as values in memory (estimated size 5.3 KB, free 826.5 MB)
17/03/16 19:22:38 INFO spark.MapOutputTrackerWorker: Don't have map outputs for shuffle 11, fetching them
17/03/16 19:22:38 INFO spark.MapOutputTrackerWorker: Doing the fetch; tracker endpoint = NettyRpcEndpointRef(spark://MapOutputTracker@10.10.34.38:36751)
17/03/16 19:22:38 INFO spark.MapOutputTrackerWorker: Don't have map outputs for shuffle 11, fetching them
17/03/16 19:22:38 INFO spark.MapOutputTrackerWorker: Don't have map outputs for shuffle 11, fetching them
17/03/16 19:22:38 INFO spark.MapOutputTrackerWorker: Don't have map outputs for shuffle 11, fetching them
17/03/16 19:22:38 INFO spark.MapOutputTrackerWorker: Don't have map outputs for shuffle 11, fetching them
17/03/16 19:22:38 INFO spark.MapOutputTrackerWorker: Don't have map outputs for shuffle 11, fetching them
17/03/16 19:22:38 INFO spark.MapOutputTrackerWorker: Don't have map outputs for shuffle 11, fetching them
17/03/16 19:22:38 INFO spark.MapOutputTrackerWorker: Got the output locations
17/03/16 19:22:38 INFO storage.ShuffleBlockFetcherIterator: Getting 48 non-empty blocks out of 48 blocks
17/03/16 19:22:38 INFO storage.ShuffleBlockFetcherIterator: Getting 48 non-empty blocks out of 48 blocks
17/03/16 19:22:38 INFO storage.ShuffleBlockFetcherIterator: Getting 48 non-empty blocks out of 48 blocks
17/03/16 19:22:38 INFO storage.ShuffleBlockFetcherIterator: Getting 48 non-empty blocks out of 48 blocks
17/03/16 19:22:38 INFO storage.ShuffleBlockFetcherIterator: Getting 48 non-empty blocks out of 48 blocks
17/03/16 19:22:38 INFO storage.ShuffleBlockFetcherIterator: Getting 48 non-empty blocks out of 48 blocks
17/03/16 19:22:38 INFO storage.ShuffleBlockFetcherIterator: Started 6 remote fetches in 5 ms
17/03/16 19:22:38 INFO storage.ShuffleBlockFetcherIterator: Started 7 remote fetches in 5 ms
17/03/16 19:22:38 INFO storage.ShuffleBlockFetcherIterator: Getting 48 non-empty blocks out of 48 blocks
17/03/16 19:22:38 INFO storage.ShuffleBlockFetcherIterator: Started 6 remote fetches in 4 ms
17/03/16 19:22:38 INFO storage.ShuffleBlockFetcherIterator: Started 7 remote fetches in 5 ms
17/03/16 19:22:38 INFO storage.ShuffleBlockFetcherIterator: Started 6 remote fetches in 3 ms
17/03/16 19:22:38 INFO storage.ShuffleBlockFetcherIterator: Getting 48 non-empty blocks out of 48 blocks
17/03/16 19:22:38 INFO storage.ShuffleBlockFetcherIterator: Started 6 remote fetches in 3 ms
17/03/16 19:22:38 INFO storage.ShuffleBlockFetcherIterator: Started 6 remote fetches in 3 ms
17/03/16 19:22:38 INFO storage.ShuffleBlockFetcherIterator: Started 7 remote fetches in 5 ms
17/03/16 19:22:39 INFO python.PythonRunner: Times: total = 840, boot = -20704, init = 20714, finish = 830
17/03/16 19:22:39 INFO python.PythonRunner: Times: total = 856, boot = -20933, init = 20936, finish = 853
17/03/16 19:22:39 INFO executor.Executor: Finished task 26.0 in stage 24.0 (TID 1132). 9582176 bytes result sent to driver
17/03/16 19:22:39 INFO executor.Executor: Finished task 44.0 in stage 24.0 (TID 1150). 9572055 bytes result sent to driver
17/03/16 19:22:39 INFO python.PythonRunner: Times: total = 920, boot = -20559, init = 20564, finish = 915
17/03/16 19:22:39 INFO python.PythonRunner: Times: total = 927, boot = -20717, init = 20723, finish = 921
17/03/16 19:22:39 INFO python.PythonRunner: Times: total = 935, boot = -20798, init = 20801, finish = 932
17/03/16 19:22:39 INFO executor.Executor: Finished task 2.0 in stage 24.0 (TID 1108). 9564168 bytes result sent to driver
17/03/16 19:22:39 INFO executor.Executor: Finished task 32.0 in stage 24.0 (TID 1138). 9555598 bytes result sent to driver
17/03/16 19:22:39 INFO executor.Executor: Finished task 8.0 in stage 24.0 (TID 1114). 9558200 bytes result sent to driver
17/03/16 19:22:39 INFO python.PythonRunner: Times: total = 962, boot = -20717, init = 20728, finish = 951
17/03/16 19:22:39 INFO executor.Executor: Finished task 38.0 in stage 24.0 (TID 1144). 9583715 bytes result sent to driver
17/03/16 19:22:39 INFO python.PythonRunner: Times: total = 1069, boot = -20527, init = 20531, finish = 1065
17/03/16 19:22:39 INFO python.PythonRunner: Times: total = 1120, boot = -20678, init = 20687, finish = 1111
17/03/16 19:22:39 INFO executor.Executor: Finished task 14.0 in stage 24.0 (TID 1120). 9545216 bytes result sent to driver
17/03/16 19:22:39 INFO executor.Executor: Finished task 20.0 in stage 24.0 (TID 1126). 9570885 bytes result sent to driver
17/03/16 19:22:44 INFO storage.BlockManager: Removing RDD 69
17/03/16 19:22:44 INFO storage.BlockManager: Removing RDD 74
17/03/16 19:30:00 INFO executor.CoarseGrainedExecutorBackend: Got assigned task 1155
17/03/16 19:30:00 INFO executor.Executor: Running task 1.0 in stage 25.0 (TID 1155)
17/03/16 19:30:00 INFO broadcast.TorrentBroadcast: Started reading broadcast variable 39
17/03/16 19:30:00 INFO executor.CoarseGrainedExecutorBackend: Got assigned task 1161
17/03/16 19:30:00 INFO executor.Executor: Running task 7.0 in stage 25.0 (TID 1161)
17/03/16 19:30:00 INFO executor.CoarseGrainedExecutorBackend: Got assigned task 1167
17/03/16 19:30:00 INFO executor.Executor: Running task 13.0 in stage 25.0 (TID 1167)
17/03/16 19:30:00 INFO executor.CoarseGrainedExecutorBackend: Got assigned task 1173
17/03/16 19:30:00 INFO executor.Executor: Running task 19.0 in stage 25.0 (TID 1173)
17/03/16 19:30:00 INFO executor.CoarseGrainedExecutorBackend: Got assigned task 1179
17/03/16 19:30:00 INFO executor.Executor: Running task 25.0 in stage 25.0 (TID 1179)
17/03/16 19:30:00 INFO executor.CoarseGrainedExecutorBackend: Got assigned task 1185
17/03/16 19:30:00 INFO executor.Executor: Running task 31.0 in stage 25.0 (TID 1185)
17/03/16 19:30:00 INFO storage.MemoryStore: Block broadcast_39_piece0 stored as bytes in memory (estimated size 5.4 KB, free 826.4 MB)
17/03/16 19:30:00 INFO executor.CoarseGrainedExecutorBackend: Got assigned task 1191
17/03/16 19:30:00 INFO executor.Executor: Running task 37.0 in stage 25.0 (TID 1191)
17/03/16 19:30:00 INFO broadcast.TorrentBroadcast: Reading broadcast variable 39 took 21 ms
17/03/16 19:30:00 INFO executor.CoarseGrainedExecutorBackend: Got assigned task 1197
17/03/16 19:30:00 INFO storage.MemoryStore: Block broadcast_39 stored as values in memory (estimated size 8.6 KB, free 826.5 MB)
17/03/16 19:30:00 INFO executor.Executor: Running task 43.0 in stage 25.0 (TID 1197)
17/03/16 19:30:00 INFO broadcast.TorrentBroadcast: Started reading broadcast variable 38
17/03/16 19:30:00 INFO storage.MemoryStore: Block broadcast_38_piece10 stored as bytes in memory (estimated size 4.0 MB, free 830.5 MB)
17/03/16 19:30:00 INFO storage.MemoryStore: Block broadcast_38_piece53 stored as bytes in memory (estimated size 4.0 MB, free 834.5 MB)
17/03/16 19:30:00 INFO storage.MemoryStore: Block broadcast_38_piece62 stored as bytes in memory (estimated size 4.0 MB, free 838.5 MB)
17/03/16 19:30:00 INFO storage.MemoryStore: Block broadcast_38_piece73 stored as bytes in memory (estimated size 4.0 MB, free 842.5 MB)
17/03/16 19:30:00 INFO storage.MemoryStore: Block broadcast_38_piece24 stored as bytes in memory (estimated size 4.0 MB, free 846.5 MB)
17/03/16 19:30:00 INFO storage.MemoryStore: Block broadcast_38_piece19 stored as bytes in memory (estimated size 4.0 MB, free 850.5 MB)
17/03/16 19:30:00 INFO storage.MemoryStore: Block broadcast_38_piece103 stored as bytes in memory (estimated size 940.4 KB, free 851.4 MB)
17/03/16 19:30:00 INFO storage.MemoryStore: Block broadcast_38_piece57 stored as bytes in memory (estimated size 4.0 MB, free 855.4 MB)
17/03/16 19:30:00 INFO storage.MemoryStore: Block broadcast_38_piece27 stored as bytes in memory (estimated size 4.0 MB, free 859.4 MB)
17/03/16 19:30:00 INFO storage.MemoryStore: Block broadcast_38_piece93 stored as bytes in memory (estimated size 4.0 MB, free 863.4 MB)
17/03/16 19:30:00 INFO storage.MemoryStore: Block broadcast_38_piece85 stored as bytes in memory (estimated size 4.0 MB, free 867.4 MB)
17/03/16 19:30:00 INFO storage.MemoryStore: Block broadcast_38_piece96 stored as bytes in memory (estimated size 4.0 MB, free 871.4 MB)
17/03/16 19:30:00 INFO storage.MemoryStore: Block broadcast_38_piece66 stored as bytes in memory (estimated size 4.0 MB, free 875.4 MB)
17/03/16 19:30:00 INFO storage.MemoryStore: Block broadcast_38_piece81 stored as bytes in memory (estimated size 4.0 MB, free 879.4 MB)
17/03/16 19:30:00 INFO storage.MemoryStore: Block broadcast_38_piece82 stored as bytes in memory (estimated size 4.0 MB, free 883.4 MB)
17/03/16 19:30:00 INFO storage.MemoryStore: Block broadcast_38_piece61 stored as bytes in memory (estimated size 4.0 MB, free 887.4 MB)
17/03/16 19:30:00 INFO storage.MemoryStore: Block broadcast_38_piece87 stored as bytes in memory (estimated size 4.0 MB, free 891.4 MB)
17/03/16 19:30:00 INFO storage.MemoryStore: Block broadcast_38_piece58 stored as bytes in memory (estimated size 4.0 MB, free 895.4 MB)
17/03/16 19:30:00 INFO storage.MemoryStore: Block broadcast_38_piece102 stored as bytes in memory (estimated size 4.0 MB, free 899.4 MB)
17/03/16 19:30:00 INFO storage.MemoryStore: Block broadcast_38_piece86 stored as bytes in memory (estimated size 4.0 MB, free 903.4 MB)
17/03/16 19:30:00 INFO storage.MemoryStore: Block broadcast_38_piece17 stored as bytes in memory (estimated size 4.0 MB, free 907.4 MB)
17/03/16 19:30:01 INFO storage.MemoryStore: Block broadcast_38_piece7 stored as bytes in memory (estimated size 4.0 MB, free 911.4 MB)
17/03/16 19:30:01 INFO storage.MemoryStore: Block broadcast_38_piece35 stored as bytes in memory (estimated size 4.0 MB, free 915.4 MB)
17/03/16 19:30:01 INFO storage.MemoryStore: Block broadcast_38_piece83 stored as bytes in memory (estimated size 4.0 MB, free 919.4 MB)
17/03/16 19:30:01 INFO storage.MemoryStore: Block broadcast_38_piece5 stored as bytes in memory (estimated size 4.0 MB, free 923.4 MB)
17/03/16 19:30:01 INFO storage.MemoryStore: Block broadcast_38_piece0 stored as bytes in memory (estimated size 4.0 MB, free 927.4 MB)
17/03/16 19:30:01 INFO storage.MemoryStore: Block broadcast_38_piece41 stored as bytes in memory (estimated size 4.0 MB, free 931.4 MB)
17/03/16 19:30:01 INFO storage.MemoryStore: Block broadcast_38_piece52 stored as bytes in memory (estimated size 4.0 MB, free 935.4 MB)
17/03/16 19:30:01 INFO storage.MemoryStore: Block broadcast_38_piece95 stored as bytes in memory (estimated size 4.0 MB, free 939.4 MB)
17/03/16 19:30:01 INFO storage.MemoryStore: Block broadcast_38_piece80 stored as bytes in memory (estimated size 4.0 MB, free 943.4 MB)
17/03/16 19:30:01 INFO storage.MemoryStore: Block broadcast_38_piece39 stored as bytes in memory (estimated size 4.0 MB, free 947.4 MB)
17/03/16 19:30:01 INFO storage.MemoryStore: Block broadcast_38_piece70 stored as bytes in memory (estimated size 4.0 MB, free 951.4 MB)
17/03/16 19:30:01 INFO storage.MemoryStore: Block broadcast_38_piece11 stored as bytes in memory (estimated size 4.0 MB, free 955.4 MB)
17/03/16 19:30:01 INFO storage.MemoryStore: Block broadcast_38_piece76 stored as bytes in memory (estimated size 4.0 MB, free 959.4 MB)
17/03/16 19:30:01 INFO storage.MemoryStore: Block broadcast_38_piece78 stored as bytes in memory (estimated size 4.0 MB, free 963.4 MB)
17/03/16 19:30:01 INFO storage.MemoryStore: Block broadcast_38_piece23 stored as bytes in memory (estimated size 4.0 MB, free 967.4 MB)
17/03/16 19:30:01 INFO storage.MemoryStore: Block broadcast_38_piece22 stored as bytes in memory (estimated size 4.0 MB, free 971.4 MB)
17/03/16 19:30:01 INFO storage.MemoryStore: Block broadcast_38_piece91 stored as bytes in memory (estimated size 4.0 MB, free 975.4 MB)
17/03/16 19:30:01 INFO storage.MemoryStore: Block broadcast_38_piece56 stored as bytes in memory (estimated size 4.0 MB, free 979.4 MB)
17/03/16 19:30:01 INFO storage.MemoryStore: Block broadcast_38_piece59 stored as bytes in memory (estimated size 4.0 MB, free 983.4 MB)
17/03/16 19:30:01 INFO storage.MemoryStore: Block broadcast_38_piece25 stored as bytes in memory (estimated size 4.0 MB, free 987.4 MB)
17/03/16 19:30:01 INFO storage.MemoryStore: Block broadcast_38_piece47 stored as bytes in memory (estimated size 4.0 MB, free 991.4 MB)
17/03/16 19:30:01 INFO storage.MemoryStore: Block broadcast_38_piece37 stored as bytes in memory (estimated size 4.0 MB, free 995.4 MB)
17/03/16 19:30:01 INFO storage.MemoryStore: Block broadcast_38_piece15 stored as bytes in memory (estimated size 4.0 MB, free 999.4 MB)
17/03/16 19:30:01 INFO storage.MemoryStore: Block broadcast_38_piece45 stored as bytes in memory (estimated size 4.0 MB, free 1003.4 MB)
17/03/16 19:30:01 INFO storage.MemoryStore: Block broadcast_38_piece46 stored as bytes in memory (estimated size 4.0 MB, free 1007.4 MB)
17/03/16 19:30:01 INFO storage.MemoryStore: Block broadcast_38_piece77 stored as bytes in memory (estimated size 4.0 MB, free 1011.4 MB)
17/03/16 19:30:01 INFO storage.MemoryStore: Block broadcast_38_piece29 stored as bytes in memory (estimated size 4.0 MB, free 1015.4 MB)
17/03/16 19:30:01 INFO storage.MemoryStore: Block broadcast_38_piece100 stored as bytes in memory (estimated size 4.0 MB, free 1019.4 MB)
17/03/16 19:30:01 INFO storage.MemoryStore: Block broadcast_38_piece33 stored as bytes in memory (estimated size 4.0 MB, free 1023.4 MB)
17/03/16 19:30:01 INFO storage.MemoryStore: Block broadcast_38_piece16 stored as bytes in memory (estimated size 4.0 MB, free 1027.4 MB)
17/03/16 19:30:01 INFO storage.MemoryStore: Block broadcast_38_piece8 stored as bytes in memory (estimated size 4.0 MB, free 1031.4 MB)
17/03/16 19:30:01 INFO storage.MemoryStore: Block broadcast_38_piece65 stored as bytes in memory (estimated size 4.0 MB, free 1035.4 MB)
17/03/16 19:30:01 INFO storage.MemoryStore: Block broadcast_38_piece40 stored as bytes in memory (estimated size 4.0 MB, free 1039.4 MB)
17/03/16 19:30:01 INFO storage.MemoryStore: Block broadcast_38_piece4 stored as bytes in memory (estimated size 4.0 MB, free 1043.4 MB)
17/03/16 19:30:01 INFO storage.MemoryStore: Block broadcast_38_piece3 stored as bytes in memory (estimated size 4.0 MB, free 1047.4 MB)
17/03/16 19:30:01 INFO storage.MemoryStore: Block broadcast_38_piece101 stored as bytes in memory (estimated size 4.0 MB, free 1051.4 MB)
17/03/16 19:30:01 INFO storage.MemoryStore: Block broadcast_38_piece14 stored as bytes in memory (estimated size 4.0 MB, free 1055.4 MB)
17/03/16 19:30:01 INFO storage.MemoryStore: Block broadcast_38_piece13 stored as bytes in memory (estimated size 4.0 MB, free 1059.4 MB)
17/03/16 19:30:01 INFO storage.MemoryStore: Block broadcast_38_piece90 stored as bytes in memory (estimated size 4.0 MB, free 1063.4 MB)
17/03/16 19:30:01 INFO storage.MemoryStore: Block broadcast_38_piece72 stored as bytes in memory (estimated size 4.0 MB, free 1067.4 MB)
17/03/16 19:30:01 INFO storage.MemoryStore: Block broadcast_38_piece92 stored as bytes in memory (estimated size 4.0 MB, free 1071.4 MB)
17/03/16 19:30:01 INFO storage.MemoryStore: Block broadcast_38_piece31 stored as bytes in memory (estimated size 4.0 MB, free 1075.4 MB)
17/03/16 19:30:01 INFO storage.MemoryStore: Block broadcast_38_piece97 stored as bytes in memory (estimated size 4.0 MB, free 1079.4 MB)
17/03/16 19:30:01 INFO storage.MemoryStore: Block broadcast_38_piece68 stored as bytes in memory (estimated size 4.0 MB, free 1083.4 MB)
17/03/16 19:30:01 INFO storage.MemoryStore: Block broadcast_38_piece1 stored as bytes in memory (estimated size 4.0 MB, free 1087.4 MB)
17/03/16 19:30:01 INFO storage.MemoryStore: Block broadcast_38_piece89 stored as bytes in memory (estimated size 4.0 MB, free 1091.4 MB)
17/03/16 19:30:01 INFO storage.MemoryStore: Block broadcast_38_piece64 stored as bytes in memory (estimated size 4.0 MB, free 1095.4 MB)
17/03/16 19:30:01 INFO storage.MemoryStore: Block broadcast_38_piece75 stored as bytes in memory (estimated size 4.0 MB, free 1099.4 MB)
17/03/16 19:30:01 INFO storage.MemoryStore: Block broadcast_38_piece18 stored as bytes in memory (estimated size 4.0 MB, free 1103.4 MB)
17/03/16 19:30:01 INFO storage.MemoryStore: Block broadcast_38_piece49 stored as bytes in memory (estimated size 4.0 MB, free 1107.4 MB)
17/03/16 19:30:02 INFO storage.MemoryStore: Block broadcast_38_piece30 stored as bytes in memory (estimated size 4.0 MB, free 1111.4 MB)
17/03/16 19:30:02 INFO storage.MemoryStore: Block broadcast_38_piece55 stored as bytes in memory (estimated size 4.0 MB, free 1115.4 MB)
17/03/16 19:30:02 INFO storage.MemoryStore: Block broadcast_38_piece99 stored as bytes in memory (estimated size 4.0 MB, free 1119.4 MB)
17/03/16 19:30:02 INFO storage.MemoryStore: Block broadcast_38_piece43 stored as bytes in memory (estimated size 4.0 MB, free 1123.4 MB)
17/03/16 19:30:02 INFO storage.MemoryStore: Block broadcast_38_piece42 stored as bytes in memory (estimated size 4.0 MB, free 1127.4 MB)
17/03/16 19:30:02 INFO storage.MemoryStore: Block broadcast_38_piece88 stored as bytes in memory (estimated size 4.0 MB, free 1131.4 MB)
17/03/16 19:30:02 INFO storage.MemoryStore: Block broadcast_38_piece9 stored as bytes in memory (estimated size 4.0 MB, free 1135.4 MB)
17/03/16 19:30:02 INFO storage.MemoryStore: Block broadcast_38_piece20 stored as bytes in memory (estimated size 4.0 MB, free 1139.4 MB)
17/03/16 19:30:02 INFO storage.MemoryStore: Block broadcast_38_piece79 stored as bytes in memory (estimated size 4.0 MB, free 1143.4 MB)
17/03/16 19:30:02 INFO storage.MemoryStore: Block broadcast_38_piece67 stored as bytes in memory (estimated size 4.0 MB, free 1147.4 MB)
17/03/16 19:30:02 INFO storage.MemoryStore: Block broadcast_38_piece28 stored as bytes in memory (estimated size 4.0 MB, free 1151.4 MB)
17/03/16 19:30:02 INFO storage.MemoryStore: Block broadcast_38_piece32 stored as bytes in memory (estimated size 4.0 MB, free 1155.4 MB)
17/03/16 19:30:02 INFO storage.MemoryStore: Block broadcast_38_piece63 stored as bytes in memory (estimated size 4.0 MB, free 1159.4 MB)
17/03/16 19:30:02 INFO storage.MemoryStore: Block broadcast_38_piece44 stored as bytes in memory (estimated size 4.0 MB, free 1163.4 MB)
17/03/16 19:30:02 INFO storage.MemoryStore: Block broadcast_38_piece26 stored as bytes in memory (estimated size 4.0 MB, free 1167.4 MB)
17/03/16 19:30:02 INFO storage.MemoryStore: Block broadcast_38_piece98 stored as bytes in memory (estimated size 4.0 MB, free 1171.4 MB)
17/03/16 19:30:02 INFO storage.MemoryStore: Block broadcast_38_piece54 stored as bytes in memory (estimated size 4.0 MB, free 1175.4 MB)
17/03/16 19:30:02 INFO storage.MemoryStore: Block broadcast_38_piece51 stored as bytes in memory (estimated size 4.0 MB, free 1179.4 MB)
17/03/16 19:30:02 INFO storage.MemoryStore: Block broadcast_38_piece74 stored as bytes in memory (estimated size 4.0 MB, free 1183.4 MB)
17/03/16 19:30:02 INFO storage.MemoryStore: Block broadcast_38_piece36 stored as bytes in memory (estimated size 4.0 MB, free 1187.4 MB)
17/03/16 19:30:02 INFO storage.MemoryStore: Block broadcast_38_piece71 stored as bytes in memory (estimated size 4.0 MB, free 1191.4 MB)
17/03/16 19:30:02 INFO storage.MemoryStore: Block broadcast_38_piece69 stored as bytes in memory (estimated size 4.0 MB, free 1195.4 MB)
17/03/16 19:30:02 INFO storage.MemoryStore: Block broadcast_38_piece38 stored as bytes in memory (estimated size 4.0 MB, free 1199.4 MB)
17/03/16 19:30:02 INFO storage.MemoryStore: Block broadcast_38_piece48 stored as bytes in memory (estimated size 4.0 MB, free 1203.4 MB)
17/03/16 19:30:02 INFO storage.MemoryStore: Block broadcast_38_piece2 stored as bytes in memory (estimated size 4.0 MB, free 1207.4 MB)
17/03/16 19:30:02 INFO storage.MemoryStore: Block broadcast_38_piece50 stored as bytes in memory (estimated size 4.0 MB, free 1211.4 MB)
17/03/16 19:30:02 INFO storage.MemoryStore: Block broadcast_38_piece6 stored as bytes in memory (estimated size 4.0 MB, free 1215.4 MB)
17/03/16 19:30:02 INFO storage.MemoryStore: Block broadcast_38_piece34 stored as bytes in memory (estimated size 4.0 MB, free 1219.4 MB)
17/03/16 19:30:02 INFO storage.MemoryStore: Block broadcast_38_piece12 stored as bytes in memory (estimated size 4.0 MB, free 1223.4 MB)
17/03/16 19:30:02 INFO storage.MemoryStore: Block broadcast_38_piece60 stored as bytes in memory (estimated size 4.0 MB, free 1227.4 MB)
17/03/16 19:30:02 INFO storage.MemoryStore: Block broadcast_38_piece21 stored as bytes in memory (estimated size 4.0 MB, free 1231.4 MB)
17/03/16 19:30:02 INFO storage.MemoryStore: Block broadcast_38_piece94 stored as bytes in memory (estimated size 4.0 MB, free 1235.4 MB)
17/03/16 19:30:02 INFO storage.MemoryStore: Block broadcast_38_piece84 stored as bytes in memory (estimated size 4.0 MB, free 1239.4 MB)
17/03/16 19:30:02 INFO broadcast.TorrentBroadcast: Reading broadcast variable 38 took 1995 ms
17/03/16 19:30:10 INFO storage.MemoryStore: Block broadcast_38 stored as values in memory (estimated size 384.0 B, free 1239.4 MB)
17/03/16 19:30:18 INFO python.PythonRunner: Times: total = 17657, boot = 11, init = 10153, finish = 7493
17/03/16 19:30:18 INFO executor.Executor: Finished task 19.0 in stage 25.0 (TID 1173). 1274 bytes result sent to driver
17/03/16 19:30:18 INFO python.PythonRunner: Times: total = 17823, boot = 26, init = 10136, finish = 7661
17/03/16 19:30:18 INFO python.PythonRunner: Times: total = 17859, boot = 21, init = 10142, finish = 7696
17/03/16 19:30:18 INFO python.PythonRunner: Times: total = 17867, boot = 4, init = 10161, finish = 7702
17/03/16 19:30:18 INFO python.PythonRunner: Times: total = 17932, boot = 17, init = 10147, finish = 7768
17/03/16 19:30:18 INFO executor.Executor: Finished task 37.0 in stage 25.0 (TID 1191). 1274 bytes result sent to driver
17/03/16 19:30:18 INFO executor.Executor: Finished task 31.0 in stage 25.0 (TID 1185). 1274 bytes result sent to driver
17/03/16 19:30:18 INFO executor.Executor: Finished task 7.0 in stage 25.0 (TID 1161). 1274 bytes result sent to driver
17/03/16 19:30:18 INFO executor.Executor: Finished task 25.0 in stage 25.0 (TID 1179). 1274 bytes result sent to driver
17/03/16 19:30:18 INFO python.PythonRunner: Times: total = 18069, boot = 14, init = 10150, finish = 7905
17/03/16 19:30:18 INFO python.PythonRunner: Times: total = 18104, boot = 4, init = 10159, finish = 7941
17/03/16 19:30:18 INFO python.PythonRunner: Times: total = 18124, boot = 7, init = 10157, finish = 7960
17/03/16 19:30:18 INFO executor.Executor: Finished task 43.0 in stage 25.0 (TID 1197). 1274 bytes result sent to driver
17/03/16 19:30:18 INFO executor.Executor: Finished task 1.0 in stage 25.0 (TID 1155). 1274 bytes result sent to driver
17/03/16 19:30:18 INFO executor.Executor: Finished task 13.0 in stage 25.0 (TID 1167). 1274 bytes result sent to driver
17/03/16 19:30:42 INFO executor.CoarseGrainedExecutorBackend: Got assigned task 1204
17/03/16 19:30:42 INFO executor.CoarseGrainedExecutorBackend: Got assigned task 1210
17/03/16 19:30:42 INFO executor.Executor: Running task 2.0 in stage 26.0 (TID 1204)
17/03/16 19:30:42 INFO executor.Executor: Running task 8.0 in stage 26.0 (TID 1210)
17/03/16 19:30:42 INFO executor.CoarseGrainedExecutorBackend: Got assigned task 1216
17/03/16 19:30:42 INFO executor.CoarseGrainedExecutorBackend: Got assigned task 1222
17/03/16 19:30:42 INFO executor.Executor: Running task 14.0 in stage 26.0 (TID 1216)
17/03/16 19:30:42 INFO executor.Executor: Running task 20.0 in stage 26.0 (TID 1222)
17/03/16 19:30:42 INFO spark.MapOutputTrackerWorker: Updating epoch to 13 and clearing cache
17/03/16 19:30:42 INFO executor.CoarseGrainedExecutorBackend: Got assigned task 1228
17/03/16 19:30:42 INFO executor.Executor: Running task 26.0 in stage 26.0 (TID 1228)
17/03/16 19:30:42 INFO executor.CoarseGrainedExecutorBackend: Got assigned task 1234
17/03/16 19:30:42 INFO executor.CoarseGrainedExecutorBackend: Got assigned task 1240
17/03/16 19:30:42 INFO executor.Executor: Running task 32.0 in stage 26.0 (TID 1234)
17/03/16 19:30:42 INFO executor.CoarseGrainedExecutorBackend: Got assigned task 1246
17/03/16 19:30:42 INFO broadcast.TorrentBroadcast: Started reading broadcast variable 40
17/03/16 19:30:42 INFO executor.Executor: Running task 44.0 in stage 26.0 (TID 1246)
17/03/16 19:30:42 INFO executor.Executor: Running task 38.0 in stage 26.0 (TID 1240)
17/03/16 19:30:42 INFO storage.MemoryStore: Block broadcast_40_piece0 stored as bytes in memory (estimated size 3.3 KB, free 1239.4 MB)
17/03/16 19:30:42 INFO broadcast.TorrentBroadcast: Reading broadcast variable 40 took 6 ms
17/03/16 19:30:42 INFO storage.MemoryStore: Block broadcast_40 stored as values in memory (estimated size 5.3 KB, free 1239.4 MB)
17/03/16 19:30:42 INFO spark.MapOutputTrackerWorker: Don't have map outputs for shuffle 12, fetching them
17/03/16 19:30:42 INFO spark.MapOutputTrackerWorker: Doing the fetch; tracker endpoint = NettyRpcEndpointRef(spark://MapOutputTracker@10.10.34.38:36751)
17/03/16 19:30:42 INFO spark.MapOutputTrackerWorker: Don't have map outputs for shuffle 12, fetching them
17/03/16 19:30:42 INFO spark.MapOutputTrackerWorker: Don't have map outputs for shuffle 12, fetching them
17/03/16 19:30:42 INFO spark.MapOutputTrackerWorker: Don't have map outputs for shuffle 12, fetching them
17/03/16 19:30:42 INFO spark.MapOutputTrackerWorker: Don't have map outputs for shuffle 12, fetching them
17/03/16 19:30:42 INFO spark.MapOutputTrackerWorker: Don't have map outputs for shuffle 12, fetching them
17/03/16 19:30:42 INFO spark.MapOutputTrackerWorker: Don't have map outputs for shuffle 12, fetching them
17/03/16 19:30:42 INFO spark.MapOutputTrackerWorker: Got the output locations
17/03/16 19:30:42 INFO storage.ShuffleBlockFetcherIterator: Getting 48 non-empty blocks out of 48 blocks
17/03/16 19:30:42 INFO storage.ShuffleBlockFetcherIterator: Getting 48 non-empty blocks out of 48 blocks
17/03/16 19:30:42 INFO storage.ShuffleBlockFetcherIterator: Getting 48 non-empty blocks out of 48 blocks
17/03/16 19:30:42 INFO storage.ShuffleBlockFetcherIterator: Getting 48 non-empty blocks out of 48 blocks
17/03/16 19:30:42 INFO storage.ShuffleBlockFetcherIterator: Started 7 remote fetches in 4 ms
17/03/16 19:30:42 INFO storage.ShuffleBlockFetcherIterator: Getting 48 non-empty blocks out of 48 blocks
17/03/16 19:30:42 INFO storage.ShuffleBlockFetcherIterator: Started 7 remote fetches in 3 ms
17/03/16 19:30:42 INFO storage.ShuffleBlockFetcherIterator: Started 6 remote fetches in 4 ms
17/03/16 19:30:42 INFO storage.ShuffleBlockFetcherIterator: Getting 48 non-empty blocks out of 48 blocks
17/03/16 19:30:42 INFO storage.ShuffleBlockFetcherIterator: Started 7 remote fetches in 3 ms
17/03/16 19:30:42 INFO storage.ShuffleBlockFetcherIterator: Getting 48 non-empty blocks out of 48 blocks
17/03/16 19:30:42 INFO storage.ShuffleBlockFetcherIterator: Getting 48 non-empty blocks out of 48 blocks
17/03/16 19:30:42 INFO storage.ShuffleBlockFetcherIterator: Started 8 remote fetches in 4 ms
17/03/16 19:30:42 INFO storage.ShuffleBlockFetcherIterator: Started 7 remote fetches in 5 ms
17/03/16 19:30:42 INFO storage.ShuffleBlockFetcherIterator: Started 7 remote fetches in 4 ms
17/03/16 19:30:42 INFO storage.ShuffleBlockFetcherIterator: Started 5 remote fetches in 4 ms
17/03/16 19:30:42 INFO python.PythonRunner: Times: total = 904, boot = -23461, init = 23467, finish = 898
17/03/16 19:30:43 INFO executor.Executor: Finished task 26.0 in stage 26.0 (TID 1228). 9559788 bytes result sent to driver
17/03/16 19:30:43 INFO python.PythonRunner: Times: total = 925, boot = -23593, init = 23599, finish = 919
17/03/16 19:30:43 INFO executor.Executor: Finished task 14.0 in stage 26.0 (TID 1216). 9538182 bytes result sent to driver
17/03/16 19:30:43 INFO python.PythonRunner: Times: total = 968, boot = -23711, init = 23715, finish = 964
17/03/16 19:30:43 INFO executor.Executor: Finished task 44.0 in stage 26.0 (TID 1246). 9565785 bytes result sent to driver
17/03/16 19:30:43 INFO python.PythonRunner: Times: total = 1000, boot = -23671, init = 23675, finish = 996
17/03/16 19:30:43 INFO executor.Executor: Finished task 38.0 in stage 26.0 (TID 1240). 9577813 bytes result sent to driver
17/03/16 19:30:43 INFO python.PythonRunner: Times: total = 1145, boot = -23664, init = 23679, finish = 1130
17/03/16 19:30:43 INFO python.PythonRunner: Times: total = 1178, boot = -23427, init = 23431, finish = 1174
17/03/16 19:30:43 INFO executor.Executor: Finished task 32.0 in stage 26.0 (TID 1234). 9552879 bytes result sent to driver
17/03/16 19:30:43 INFO executor.Executor: Finished task 20.0 in stage 26.0 (TID 1222). 9559231 bytes result sent to driver
17/03/16 19:30:43 INFO python.PythonRunner: Times: total = 1251, boot = -23405, init = 23434, finish = 1222
17/03/16 19:30:43 INFO executor.Executor: Finished task 2.0 in stage 26.0 (TID 1204). 9572205 bytes result sent to driver
17/03/16 19:30:43 INFO python.PythonRunner: Times: total = 1281, boot = -23873, init = 23877, finish = 1277
17/03/16 19:30:43 INFO executor.Executor: Finished task 8.0 in stage 26.0 (TID 1210). 9551984 bytes result sent to driver
17/03/16 19:30:47 INFO storage.BlockManager: Removing RDD 75
17/03/16 19:30:47 INFO storage.BlockManager: Removing RDD 80
17/03/16 19:38:03 INFO executor.CoarseGrainedExecutorBackend: Got assigned task 1250
17/03/16 19:38:03 INFO executor.Executor: Running task 0.0 in stage 27.0 (TID 1250)
17/03/16 19:38:03 INFO broadcast.TorrentBroadcast: Started reading broadcast variable 42
17/03/16 19:38:03 INFO executor.CoarseGrainedExecutorBackend: Got assigned task 1256
17/03/16 19:38:03 INFO executor.Executor: Running task 6.0 in stage 27.0 (TID 1256)
17/03/16 19:38:03 INFO executor.CoarseGrainedExecutorBackend: Got assigned task 1262
17/03/16 19:38:03 INFO executor.Executor: Running task 12.0 in stage 27.0 (TID 1262)
17/03/16 19:38:03 INFO executor.CoarseGrainedExecutorBackend: Got assigned task 1268
17/03/16 19:38:03 INFO executor.Executor: Running task 18.0 in stage 27.0 (TID 1268)
17/03/16 19:38:03 INFO storage.MemoryStore: Block broadcast_42_piece0 stored as bytes in memory (estimated size 5.4 KB, free 1239.4 MB)
17/03/16 19:38:03 INFO executor.CoarseGrainedExecutorBackend: Got assigned task 1274
17/03/16 19:38:03 INFO executor.Executor: Running task 24.0 in stage 27.0 (TID 1274)
17/03/16 19:38:03 INFO executor.CoarseGrainedExecutorBackend: Got assigned task 1280
17/03/16 19:38:03 INFO executor.Executor: Running task 30.0 in stage 27.0 (TID 1280)
17/03/16 19:38:03 INFO executor.CoarseGrainedExecutorBackend: Got assigned task 1286
17/03/16 19:38:03 INFO executor.Executor: Running task 36.0 in stage 27.0 (TID 1286)
17/03/16 19:38:03 INFO broadcast.TorrentBroadcast: Reading broadcast variable 42 took 16 ms
17/03/16 19:38:03 INFO executor.CoarseGrainedExecutorBackend: Got assigned task 1292
17/03/16 19:38:03 INFO storage.MemoryStore: Block broadcast_42 stored as values in memory (estimated size 8.6 KB, free 1239.4 MB)
17/03/16 19:38:03 INFO executor.Executor: Running task 42.0 in stage 27.0 (TID 1292)
17/03/16 19:38:03 INFO broadcast.TorrentBroadcast: Started reading broadcast variable 41
17/03/16 19:38:03 INFO storage.MemoryStore: Block broadcast_41_piece62 stored as bytes in memory (estimated size 4.0 MB, free 1243.4 MB)
17/03/16 19:38:03 INFO storage.MemoryStore: Block broadcast_41_piece45 stored as bytes in memory (estimated size 4.0 MB, free 1247.4 MB)
17/03/16 19:38:03 INFO storage.MemoryStore: Block broadcast_41_piece23 stored as bytes in memory (estimated size 4.0 MB, free 1251.4 MB)
17/03/16 19:38:03 INFO storage.MemoryStore: Block broadcast_41_piece69 stored as bytes in memory (estimated size 4.0 MB, free 1255.4 MB)
17/03/16 19:38:03 INFO storage.MemoryStore: Block broadcast_41_piece15 stored as bytes in memory (estimated size 4.0 MB, free 1259.4 MB)
17/03/16 19:38:03 INFO storage.MemoryStore: Block broadcast_41_piece51 stored as bytes in memory (estimated size 4.0 MB, free 1263.4 MB)
17/03/16 19:38:03 INFO storage.MemoryStore: Block broadcast_41_piece5 stored as bytes in memory (estimated size 4.0 MB, free 1267.4 MB)
17/03/16 19:38:03 INFO storage.MemoryStore: Block broadcast_41_piece89 stored as bytes in memory (estimated size 4.0 MB, free 1271.4 MB)
17/03/16 19:38:03 INFO storage.MemoryStore: Block broadcast_41_piece83 stored as bytes in memory (estimated size 4.0 MB, free 1275.4 MB)
17/03/16 19:38:03 INFO storage.MemoryStore: Block broadcast_41_piece72 stored as bytes in memory (estimated size 4.0 MB, free 1279.4 MB)
17/03/16 19:38:03 INFO storage.MemoryStore: Block broadcast_41_piece18 stored as bytes in memory (estimated size 4.0 MB, free 1283.4 MB)
17/03/16 19:38:03 INFO storage.MemoryStore: Block broadcast_41_piece3 stored as bytes in memory (estimated size 4.0 MB, free 1287.4 MB)
17/03/16 19:38:03 INFO storage.MemoryStore: Block broadcast_41_piece74 stored as bytes in memory (estimated size 4.0 MB, free 1291.4 MB)
17/03/16 19:38:03 INFO storage.MemoryStore: Block broadcast_41_piece65 stored as bytes in memory (estimated size 4.0 MB, free 1295.4 MB)
17/03/16 19:38:03 INFO storage.MemoryStore: Block broadcast_41_piece14 stored as bytes in memory (estimated size 4.0 MB, free 1299.4 MB)
17/03/16 19:38:03 INFO storage.MemoryStore: Block broadcast_41_piece28 stored as bytes in memory (estimated size 4.0 MB, free 1303.4 MB)
17/03/16 19:38:03 INFO storage.MemoryStore: Block broadcast_41_piece16 stored as bytes in memory (estimated size 4.0 MB, free 1307.4 MB)
17/03/16 19:38:03 INFO storage.MemoryStore: Block broadcast_41_piece8 stored as bytes in memory (estimated size 4.0 MB, free 1311.4 MB)
17/03/16 19:38:03 INFO storage.MemoryStore: Block broadcast_41_piece81 stored as bytes in memory (estimated size 4.0 MB, free 1315.4 MB)
17/03/16 19:38:03 INFO storage.MemoryStore: Block broadcast_41_piece26 stored as bytes in memory (estimated size 4.0 MB, free 1319.4 MB)
17/03/16 19:38:03 INFO storage.MemoryStore: Block broadcast_41_piece29 stored as bytes in memory (estimated size 4.0 MB, free 1323.4 MB)
17/03/16 19:38:03 INFO storage.MemoryStore: Block broadcast_41_piece48 stored as bytes in memory (estimated size 4.0 MB, free 1327.4 MB)
17/03/16 19:38:03 INFO storage.MemoryStore: Block broadcast_41_piece13 stored as bytes in memory (estimated size 4.0 MB, free 1331.4 MB)
17/03/16 19:38:03 INFO storage.MemoryStore: Block broadcast_41_piece101 stored as bytes in memory (estimated size 4.0 MB, free 1335.4 MB)
17/03/16 19:38:03 INFO storage.MemoryStore: Block broadcast_41_piece52 stored as bytes in memory (estimated size 4.0 MB, free 1339.4 MB)
17/03/16 19:38:03 INFO storage.MemoryStore: Block broadcast_41_piece84 stored as bytes in memory (estimated size 4.0 MB, free 1343.4 MB)
17/03/16 19:38:03 INFO storage.MemoryStore: Block broadcast_41_piece7 stored as bytes in memory (estimated size 4.0 MB, free 1347.4 MB)
17/03/16 19:38:03 INFO storage.MemoryStore: Block broadcast_41_piece100 stored as bytes in memory (estimated size 4.0 MB, free 1351.4 MB)
17/03/16 19:38:03 INFO storage.MemoryStore: Block broadcast_41_piece61 stored as bytes in memory (estimated size 4.0 MB, free 1355.4 MB)
17/03/16 19:38:03 INFO storage.MemoryStore: Block broadcast_41_piece30 stored as bytes in memory (estimated size 4.0 MB, free 1359.4 MB)
17/03/16 19:38:03 INFO storage.MemoryStore: Block broadcast_41_piece4 stored as bytes in memory (estimated size 4.0 MB, free 1363.4 MB)
17/03/16 19:38:03 INFO storage.MemoryStore: Block broadcast_41_piece70 stored as bytes in memory (estimated size 4.0 MB, free 1367.4 MB)
17/03/16 19:38:03 INFO storage.MemoryStore: Block broadcast_41_piece40 stored as bytes in memory (estimated size 4.0 MB, free 1371.4 MB)
17/03/16 19:38:03 INFO storage.MemoryStore: Block broadcast_41_piece47 stored as bytes in memory (estimated size 4.0 MB, free 1375.4 MB)
17/03/16 19:38:03 INFO storage.MemoryStore: Block broadcast_41_piece96 stored as bytes in memory (estimated size 4.0 MB, free 1379.4 MB)
17/03/16 19:38:03 INFO storage.MemoryStore: Block broadcast_41_piece2 stored as bytes in memory (estimated size 4.0 MB, free 1383.4 MB)
17/03/16 19:38:03 INFO storage.MemoryStore: Block broadcast_41_piece37 stored as bytes in memory (estimated size 4.0 MB, free 1387.4 MB)
17/03/16 19:38:03 INFO storage.MemoryStore: Block broadcast_41_piece66 stored as bytes in memory (estimated size 4.0 MB, free 1391.4 MB)
17/03/16 19:38:03 INFO storage.MemoryStore: Block broadcast_41_piece91 stored as bytes in memory (estimated size 4.0 MB, free 1395.4 MB)
17/03/16 19:38:03 INFO storage.MemoryStore: Block broadcast_41_piece22 stored as bytes in memory (estimated size 4.0 MB, free 1399.4 MB)
17/03/16 19:38:03 INFO storage.MemoryStore: Block broadcast_41_piece78 stored as bytes in memory (estimated size 4.0 MB, free 1403.4 MB)
17/03/16 19:38:03 INFO storage.MemoryStore: Block broadcast_41_piece24 stored as bytes in memory (estimated size 4.0 MB, free 1407.4 MB)
17/03/16 19:38:03 INFO storage.MemoryStore: Block broadcast_41_piece63 stored as bytes in memory (estimated size 4.0 MB, free 1411.4 MB)
17/03/16 19:38:04 INFO storage.MemoryStore: Block broadcast_41_piece31 stored as bytes in memory (estimated size 4.0 MB, free 1415.4 MB)
17/03/16 19:38:04 INFO storage.MemoryStore: Block broadcast_41_piece86 stored as bytes in memory (estimated size 4.0 MB, free 1419.4 MB)
17/03/16 19:38:04 INFO storage.MemoryStore: Block broadcast_41_piece42 stored as bytes in memory (estimated size 4.0 MB, free 1423.4 MB)
17/03/16 19:38:04 INFO storage.MemoryStore: Block broadcast_41_piece99 stored as bytes in memory (estimated size 4.0 MB, free 1427.4 MB)
17/03/16 19:38:04 INFO storage.MemoryStore: Block broadcast_41_piece59 stored as bytes in memory (estimated size 4.0 MB, free 1431.4 MB)
17/03/16 19:38:04 INFO storage.MemoryStore: Block broadcast_41_piece46 stored as bytes in memory (estimated size 4.0 MB, free 1435.4 MB)
17/03/16 19:38:04 INFO storage.MemoryStore: Block broadcast_41_piece103 stored as bytes in memory (estimated size 855.4 KB, free 1436.2 MB)
17/03/16 19:38:04 INFO storage.MemoryStore: Block broadcast_41_piece38 stored as bytes in memory (estimated size 4.0 MB, free 1440.2 MB)
17/03/16 19:38:04 INFO storage.MemoryStore: Block broadcast_41_piece32 stored as bytes in memory (estimated size 4.0 MB, free 1444.2 MB)
17/03/16 19:38:04 INFO storage.MemoryStore: Block broadcast_41_piece88 stored as bytes in memory (estimated size 4.0 MB, free 1448.2 MB)
17/03/16 19:38:04 INFO storage.MemoryStore: Block broadcast_41_piece19 stored as bytes in memory (estimated size 4.0 MB, free 1452.2 MB)
17/03/16 19:38:04 INFO storage.MemoryStore: Block broadcast_41_piece92 stored as bytes in memory (estimated size 4.0 MB, free 1456.2 MB)
17/03/16 19:38:04 INFO storage.MemoryStore: Block broadcast_41_piece34 stored as bytes in memory (estimated size 4.0 MB, free 1460.2 MB)
17/03/16 19:38:04 INFO storage.MemoryStore: Block broadcast_41_piece56 stored as bytes in memory (estimated size 4.0 MB, free 1464.2 MB)
17/03/16 19:38:04 INFO storage.MemoryStore: Block broadcast_41_piece95 stored as bytes in memory (estimated size 4.0 MB, free 1468.2 MB)
17/03/16 19:38:04 INFO storage.MemoryStore: Block broadcast_41_piece77 stored as bytes in memory (estimated size 4.0 MB, free 1472.2 MB)
17/03/16 19:38:04 INFO storage.MemoryStore: Block broadcast_41_piece76 stored as bytes in memory (estimated size 4.0 MB, free 1476.2 MB)
17/03/16 19:38:04 INFO storage.MemoryStore: Block broadcast_41_piece43 stored as bytes in memory (estimated size 4.0 MB, free 1480.2 MB)
17/03/16 19:38:04 INFO storage.MemoryStore: Block broadcast_41_piece10 stored as bytes in memory (estimated size 4.0 MB, free 1484.2 MB)
17/03/16 19:38:04 INFO storage.MemoryStore: Block broadcast_41_piece90 stored as bytes in memory (estimated size 4.0 MB, free 1488.2 MB)
17/03/16 19:38:04 INFO storage.MemoryStore: Block broadcast_41_piece79 stored as bytes in memory (estimated size 4.0 MB, free 1492.2 MB)
17/03/16 19:38:04 INFO storage.MemoryStore: Block broadcast_41_piece17 stored as bytes in memory (estimated size 4.0 MB, free 1496.2 MB)
17/03/16 19:38:04 INFO storage.MemoryStore: Block broadcast_41_piece58 stored as bytes in memory (estimated size 4.0 MB, free 1500.2 MB)
17/03/16 19:38:04 INFO storage.MemoryStore: Block broadcast_41_piece57 stored as bytes in memory (estimated size 4.0 MB, free 1504.2 MB)
17/03/16 19:38:04 INFO storage.MemoryStore: Block broadcast_41_piece21 stored as bytes in memory (estimated size 4.0 MB, free 1508.2 MB)
17/03/16 19:38:04 INFO storage.MemoryStore: Block broadcast_41_piece80 stored as bytes in memory (estimated size 4.0 MB, free 1512.2 MB)
17/03/16 19:38:04 INFO storage.MemoryStore: Block broadcast_41_piece102 stored as bytes in memory (estimated size 4.0 MB, free 1516.2 MB)
17/03/16 19:38:04 INFO storage.MemoryStore: Block broadcast_41_piece49 stored as bytes in memory (estimated size 4.0 MB, free 1520.2 MB)
17/03/16 19:38:04 INFO storage.MemoryStore: Block broadcast_41_piece54 stored as bytes in memory (estimated size 4.0 MB, free 1524.2 MB)
17/03/16 19:38:04 INFO storage.MemoryStore: Block broadcast_41_piece50 stored as bytes in memory (estimated size 4.0 MB, free 1528.2 MB)
17/03/16 19:38:04 INFO storage.MemoryStore: Block broadcast_41_piece33 stored as bytes in memory (estimated size 4.0 MB, free 1532.2 MB)
17/03/16 19:38:04 INFO storage.MemoryStore: Block broadcast_41_piece73 stored as bytes in memory (estimated size 4.0 MB, free 1536.2 MB)
17/03/16 19:38:04 INFO storage.MemoryStore: Block broadcast_41_piece94 stored as bytes in memory (estimated size 4.0 MB, free 1540.2 MB)
17/03/16 19:38:04 INFO storage.MemoryStore: Block broadcast_41_piece20 stored as bytes in memory (estimated size 4.0 MB, free 1544.2 MB)
17/03/16 19:38:04 INFO storage.MemoryStore: Block broadcast_41_piece27 stored as bytes in memory (estimated size 4.0 MB, free 1548.2 MB)
17/03/16 19:38:04 INFO storage.MemoryStore: Block broadcast_41_piece93 stored as bytes in memory (estimated size 4.0 MB, free 1552.2 MB)
17/03/16 19:38:04 INFO storage.MemoryStore: Block broadcast_41_piece1 stored as bytes in memory (estimated size 4.0 MB, free 1556.2 MB)
17/03/16 19:38:04 INFO storage.MemoryStore: Block broadcast_41_piece53 stored as bytes in memory (estimated size 4.0 MB, free 1560.2 MB)
17/03/16 19:38:04 INFO storage.MemoryStore: Block broadcast_41_piece11 stored as bytes in memory (estimated size 4.0 MB, free 1564.2 MB)
17/03/16 19:38:04 INFO storage.MemoryStore: Block broadcast_41_piece25 stored as bytes in memory (estimated size 4.0 MB, free 1568.2 MB)
17/03/16 19:38:04 INFO storage.MemoryStore: Block broadcast_41_piece41 stored as bytes in memory (estimated size 4.0 MB, free 1572.2 MB)
17/03/16 19:38:04 INFO storage.MemoryStore: Block broadcast_41_piece85 stored as bytes in memory (estimated size 4.0 MB, free 1576.2 MB)
17/03/16 19:38:04 INFO storage.MemoryStore: Block broadcast_41_piece6 stored as bytes in memory (estimated size 4.0 MB, free 1580.2 MB)
17/03/16 19:38:04 INFO storage.MemoryStore: Block broadcast_41_piece44 stored as bytes in memory (estimated size 4.0 MB, free 1584.2 MB)
17/03/16 19:38:04 INFO storage.MemoryStore: Block broadcast_41_piece68 stored as bytes in memory (estimated size 4.0 MB, free 1588.2 MB)
17/03/16 19:38:04 INFO storage.MemoryStore: Block broadcast_41_piece71 stored as bytes in memory (estimated size 4.0 MB, free 1592.2 MB)
17/03/16 19:38:04 INFO storage.MemoryStore: Block broadcast_41_piece87 stored as bytes in memory (estimated size 4.0 MB, free 1596.2 MB)
17/03/16 19:38:04 INFO storage.MemoryStore: Block broadcast_41_piece39 stored as bytes in memory (estimated size 4.0 MB, free 1600.2 MB)
17/03/16 19:38:04 INFO storage.MemoryStore: Block broadcast_41_piece9 stored as bytes in memory (estimated size 4.0 MB, free 1604.2 MB)
17/03/16 19:38:04 INFO storage.MemoryStore: Block broadcast_41_piece0 stored as bytes in memory (estimated size 4.0 MB, free 1608.2 MB)
17/03/16 19:38:04 INFO storage.MemoryStore: Block broadcast_41_piece12 stored as bytes in memory (estimated size 4.0 MB, free 1612.2 MB)
17/03/16 19:38:04 INFO storage.MemoryStore: Block broadcast_41_piece75 stored as bytes in memory (estimated size 4.0 MB, free 1616.2 MB)
17/03/16 19:38:04 INFO storage.MemoryStore: Block broadcast_41_piece55 stored as bytes in memory (estimated size 4.0 MB, free 1620.2 MB)
17/03/16 19:38:04 INFO storage.MemoryStore: Block broadcast_41_piece97 stored as bytes in memory (estimated size 4.0 MB, free 1624.2 MB)
17/03/16 19:38:04 INFO storage.MemoryStore: Block broadcast_41_piece67 stored as bytes in memory (estimated size 4.0 MB, free 1628.2 MB)
17/03/16 19:38:04 INFO storage.MemoryStore: Block broadcast_41_piece36 stored as bytes in memory (estimated size 4.0 MB, free 1632.2 MB)
17/03/16 19:38:05 INFO storage.MemoryStore: Block broadcast_41_piece98 stored as bytes in memory (estimated size 4.0 MB, free 1636.2 MB)
17/03/16 19:38:05 INFO storage.MemoryStore: Block broadcast_41_piece64 stored as bytes in memory (estimated size 4.0 MB, free 1640.2 MB)
17/03/16 19:38:05 INFO storage.MemoryStore: Block broadcast_41_piece82 stored as bytes in memory (estimated size 4.0 MB, free 1644.2 MB)
17/03/16 19:38:05 INFO storage.MemoryStore: Block broadcast_41_piece60 stored as bytes in memory (estimated size 4.0 MB, free 1648.2 MB)
17/03/16 19:38:05 INFO storage.MemoryStore: Block broadcast_41_piece35 stored as bytes in memory (estimated size 4.0 MB, free 1652.2 MB)
17/03/16 19:38:05 INFO broadcast.TorrentBroadcast: Reading broadcast variable 41 took 1998 ms
17/03/16 19:38:13 INFO storage.MemoryStore: Block broadcast_41 stored as values in memory (estimated size 384.0 B, free 1652.2 MB)
17/03/16 19:38:20 INFO python.PythonRunner: Times: total = 17458, boot = 7, init = 9964, finish = 7487
17/03/16 19:38:20 INFO python.PythonRunner: Times: total = 17469, boot = 4, init = 9966, finish = 7499
17/03/16 19:38:20 INFO executor.Executor: Finished task 12.0 in stage 27.0 (TID 1262). 1274 bytes result sent to driver
17/03/16 19:38:20 INFO executor.Executor: Finished task 0.0 in stage 27.0 (TID 1250). 1274 bytes result sent to driver
17/03/16 19:38:20 INFO python.PythonRunner: Times: total = 17634, boot = 15, init = 9956, finish = 7663
17/03/16 19:38:20 INFO python.PythonRunner: Times: total = 17694, boot = 24, init = 9946, finish = 7724
17/03/16 19:38:20 INFO executor.Executor: Finished task 42.0 in stage 27.0 (TID 1292). 1274 bytes result sent to driver
17/03/16 19:38:20 INFO python.PythonRunner: Times: total = 17747, boot = 4, init = 9968, finish = 7775
17/03/16 19:38:20 INFO executor.Executor: Finished task 36.0 in stage 27.0 (TID 1286). 1274 bytes result sent to driver
17/03/16 19:38:20 INFO executor.Executor: Finished task 6.0 in stage 27.0 (TID 1256). 1274 bytes result sent to driver
17/03/16 19:38:20 INFO python.PythonRunner: Times: total = 17864, boot = 21, init = 9950, finish = 7893
17/03/16 19:38:20 INFO python.PythonRunner: Times: total = 17865, boot = 12, init = 9959, finish = 7894
17/03/16 19:38:20 INFO python.PythonRunner: Times: total = 17877, boot = 18, init = 9953, finish = 7906
17/03/16 19:38:21 INFO executor.Executor: Finished task 30.0 in stage 27.0 (TID 1280). 1274 bytes result sent to driver
17/03/16 19:38:21 INFO executor.Executor: Finished task 18.0 in stage 27.0 (TID 1268). 1274 bytes result sent to driver
17/03/16 19:38:21 INFO executor.Executor: Finished task 24.0 in stage 27.0 (TID 1274). 1274 bytes result sent to driver
17/03/16 19:38:44 INFO executor.CoarseGrainedExecutorBackend: Got assigned task 1300
17/03/16 19:38:44 INFO executor.CoarseGrainedExecutorBackend: Got assigned task 1306
17/03/16 19:38:44 INFO executor.Executor: Running task 2.0 in stage 28.0 (TID 1300)
17/03/16 19:38:44 INFO executor.Executor: Running task 8.0 in stage 28.0 (TID 1306)
17/03/16 19:38:44 INFO executor.CoarseGrainedExecutorBackend: Got assigned task 1312
17/03/16 19:38:44 INFO executor.Executor: Running task 14.0 in stage 28.0 (TID 1312)
17/03/16 19:38:44 INFO executor.CoarseGrainedExecutorBackend: Got assigned task 1318
17/03/16 19:38:44 INFO spark.MapOutputTrackerWorker: Updating epoch to 14 and clearing cache
17/03/16 19:38:44 INFO executor.CoarseGrainedExecutorBackend: Got assigned task 1324
17/03/16 19:38:44 INFO executor.Executor: Running task 20.0 in stage 28.0 (TID 1318)
17/03/16 19:38:44 INFO executor.Executor: Running task 26.0 in stage 28.0 (TID 1324)
17/03/16 19:38:44 INFO executor.CoarseGrainedExecutorBackend: Got assigned task 1330
17/03/16 19:38:44 INFO executor.Executor: Running task 32.0 in stage 28.0 (TID 1330)
17/03/16 19:38:44 INFO broadcast.TorrentBroadcast: Started reading broadcast variable 43
17/03/16 19:38:44 INFO executor.CoarseGrainedExecutorBackend: Got assigned task 1336
17/03/16 19:38:44 INFO executor.CoarseGrainedExecutorBackend: Got assigned task 1342
17/03/16 19:38:44 INFO executor.Executor: Running task 38.0 in stage 28.0 (TID 1336)
17/03/16 19:38:44 INFO executor.Executor: Running task 44.0 in stage 28.0 (TID 1342)
17/03/16 19:38:44 INFO storage.MemoryStore: Block broadcast_43_piece0 stored as bytes in memory (estimated size 3.3 KB, free 1652.2 MB)
17/03/16 19:38:44 INFO broadcast.TorrentBroadcast: Reading broadcast variable 43 took 6 ms
17/03/16 19:38:44 INFO storage.MemoryStore: Block broadcast_43 stored as values in memory (estimated size 5.3 KB, free 1652.2 MB)
17/03/16 19:38:44 INFO spark.MapOutputTrackerWorker: Don't have map outputs for shuffle 13, fetching them
17/03/16 19:38:44 INFO spark.MapOutputTrackerWorker: Doing the fetch; tracker endpoint = NettyRpcEndpointRef(spark://MapOutputTracker@10.10.34.38:36751)
17/03/16 19:38:44 INFO spark.MapOutputTrackerWorker: Don't have map outputs for shuffle 13, fetching them
17/03/16 19:38:44 INFO spark.MapOutputTrackerWorker: Don't have map outputs for shuffle 13, fetching them
17/03/16 19:38:44 INFO spark.MapOutputTrackerWorker: Don't have map outputs for shuffle 13, fetching them
17/03/16 19:38:44 INFO spark.MapOutputTrackerWorker: Don't have map outputs for shuffle 13, fetching them
17/03/16 19:38:44 INFO spark.MapOutputTrackerWorker: Don't have map outputs for shuffle 13, fetching them
17/03/16 19:38:44 INFO spark.MapOutputTrackerWorker: Don't have map outputs for shuffle 13, fetching them
17/03/16 19:38:44 INFO spark.MapOutputTrackerWorker: Got the output locations
17/03/16 19:38:44 INFO storage.ShuffleBlockFetcherIterator: Getting 48 non-empty blocks out of 48 blocks
17/03/16 19:38:44 INFO storage.ShuffleBlockFetcherIterator: Getting 48 non-empty blocks out of 48 blocks
17/03/16 19:38:44 INFO storage.ShuffleBlockFetcherIterator: Getting 48 non-empty blocks out of 48 blocks
17/03/16 19:38:44 INFO storage.ShuffleBlockFetcherIterator: Getting 48 non-empty blocks out of 48 blocks
17/03/16 19:38:44 INFO storage.ShuffleBlockFetcherIterator: Started 7 remote fetches in 4 ms
17/03/16 19:38:44 INFO storage.ShuffleBlockFetcherIterator: Getting 48 non-empty blocks out of 48 blocks
17/03/16 19:38:44 INFO storage.ShuffleBlockFetcherIterator: Getting 48 non-empty blocks out of 48 blocks
17/03/16 19:38:44 INFO storage.ShuffleBlockFetcherIterator: Started 6 remote fetches in 3 ms
17/03/16 19:38:44 INFO storage.ShuffleBlockFetcherIterator: Started 7 remote fetches in 4 ms
17/03/16 19:38:44 INFO storage.ShuffleBlockFetcherIterator: Getting 48 non-empty blocks out of 48 blocks
17/03/16 19:38:44 INFO storage.ShuffleBlockFetcherIterator: Started 7 remote fetches in 3 ms
17/03/16 19:38:44 INFO storage.ShuffleBlockFetcherIterator: Getting 48 non-empty blocks out of 48 blocks
17/03/16 19:38:44 INFO storage.ShuffleBlockFetcherIterator: Started 6 remote fetches in 4 ms
17/03/16 19:38:44 INFO storage.ShuffleBlockFetcherIterator: Started 5 remote fetches in 3 ms
17/03/16 19:38:44 INFO storage.ShuffleBlockFetcherIterator: Started 7 remote fetches in 4 ms
17/03/16 19:38:44 INFO storage.ShuffleBlockFetcherIterator: Started 6 remote fetches in 4 ms
17/03/16 19:38:45 INFO python.PythonRunner: Times: total = 924, boot = -24160, init = 24163, finish = 921
17/03/16 19:38:45 INFO python.PythonRunner: Times: total = 940, boot = -23874, init = 23880, finish = 934
17/03/16 19:38:45 INFO executor.Executor: Finished task 38.0 in stage 28.0 (TID 1336). 9574127 bytes result sent to driver
17/03/16 19:38:45 INFO executor.Executor: Finished task 26.0 in stage 28.0 (TID 1324). 9571269 bytes result sent to driver
17/03/16 19:38:45 INFO python.PythonRunner: Times: total = 1031, boot = -23936, init = 23946, finish = 1021
17/03/16 19:38:45 INFO python.PythonRunner: Times: total = 1041, boot = -23994, init = 23998, finish = 1037
17/03/16 19:38:45 INFO executor.Executor: Finished task 32.0 in stage 28.0 (TID 1330). 9554891 bytes result sent to driver
17/03/16 19:38:45 INFO python.PythonRunner: Times: total = 1107, boot = -24165, init = 24169, finish = 1103
17/03/16 19:38:45 INFO executor.Executor: Finished task 44.0 in stage 28.0 (TID 1342). 9570390 bytes result sent to driver
17/03/16 19:38:45 INFO python.PythonRunner: Times: total = 1139, boot = -23751, init = 23760, finish = 1130
17/03/16 19:38:45 INFO executor.Executor: Finished task 2.0 in stage 28.0 (TID 1300). 9562746 bytes result sent to driver
17/03/16 19:38:45 INFO executor.Executor: Finished task 20.0 in stage 28.0 (TID 1318). 9558495 bytes result sent to driver
17/03/16 19:38:46 INFO python.PythonRunner: Times: total = 1577, boot = -23757, init = 23768, finish = 1566
17/03/16 19:38:46 INFO python.PythonRunner: Times: total = 1596, boot = -23758, init = 23763, finish = 1591
17/03/16 19:38:46 INFO executor.Executor: Finished task 14.0 in stage 28.0 (TID 1312). 9563006 bytes result sent to driver
17/03/16 19:38:46 INFO executor.Executor: Finished task 8.0 in stage 28.0 (TID 1306). 9570059 bytes result sent to driver
17/03/16 19:38:50 INFO storage.BlockManager: Removing RDD 81
17/03/16 19:38:50 INFO storage.BlockManager: Removing RDD 86
17/03/16 19:46:06 INFO executor.CoarseGrainedExecutorBackend: Got assigned task 1350
17/03/16 19:46:06 INFO executor.Executor: Running task 4.0 in stage 29.0 (TID 1350)
17/03/16 19:46:06 INFO broadcast.TorrentBroadcast: Started reading broadcast variable 45
17/03/16 19:46:06 INFO executor.CoarseGrainedExecutorBackend: Got assigned task 1356
17/03/16 19:46:06 INFO executor.Executor: Running task 10.0 in stage 29.0 (TID 1356)
17/03/16 19:46:06 INFO executor.CoarseGrainedExecutorBackend: Got assigned task 1362
17/03/16 19:46:06 INFO executor.Executor: Running task 16.0 in stage 29.0 (TID 1362)
17/03/16 19:46:06 INFO executor.CoarseGrainedExecutorBackend: Got assigned task 1368
17/03/16 19:46:06 INFO executor.Executor: Running task 22.0 in stage 29.0 (TID 1368)
17/03/16 19:46:06 INFO executor.CoarseGrainedExecutorBackend: Got assigned task 1374
17/03/16 19:46:06 INFO executor.Executor: Running task 28.0 in stage 29.0 (TID 1374)
17/03/16 19:46:06 INFO executor.CoarseGrainedExecutorBackend: Got assigned task 1380
17/03/16 19:46:06 INFO executor.Executor: Running task 34.0 in stage 29.0 (TID 1380)
17/03/16 19:46:06 INFO storage.MemoryStore: Block broadcast_45_piece0 stored as bytes in memory (estimated size 5.4 KB, free 413.1 MB)
17/03/16 19:46:06 INFO executor.CoarseGrainedExecutorBackend: Got assigned task 1386
17/03/16 19:46:06 INFO executor.Executor: Running task 40.0 in stage 29.0 (TID 1386)
17/03/16 19:46:06 INFO broadcast.TorrentBroadcast: Reading broadcast variable 45 took 26 ms
17/03/16 19:46:06 INFO executor.CoarseGrainedExecutorBackend: Got assigned task 1392
17/03/16 19:46:06 INFO storage.MemoryStore: Block broadcast_45 stored as values in memory (estimated size 8.6 KB, free 413.1 MB)
17/03/16 19:46:06 INFO executor.Executor: Running task 46.0 in stage 29.0 (TID 1392)
17/03/16 19:46:06 INFO broadcast.TorrentBroadcast: Started reading broadcast variable 44
17/03/16 19:46:06 INFO storage.MemoryStore: Block broadcast_44_piece23 stored as bytes in memory (estimated size 4.0 MB, free 417.1 MB)
17/03/16 19:46:06 INFO storage.MemoryStore: Block broadcast_44_piece6 stored as bytes in memory (estimated size 4.0 MB, free 421.1 MB)
17/03/16 19:46:06 INFO storage.MemoryStore: Block broadcast_44_piece8 stored as bytes in memory (estimated size 4.0 MB, free 425.1 MB)
17/03/16 19:46:06 INFO storage.MemoryStore: Block broadcast_44_piece58 stored as bytes in memory (estimated size 4.0 MB, free 429.1 MB)
17/03/16 19:46:06 INFO storage.MemoryStore: Block broadcast_44_piece94 stored as bytes in memory (estimated size 4.0 MB, free 433.1 MB)
17/03/16 19:46:06 INFO storage.MemoryStore: Block broadcast_44_piece57 stored as bytes in memory (estimated size 4.0 MB, free 437.1 MB)
17/03/16 19:46:06 INFO storage.MemoryStore: Block broadcast_44_piece99 stored as bytes in memory (estimated size 4.0 MB, free 441.1 MB)
17/03/16 19:46:06 INFO storage.MemoryStore: Block broadcast_44_piece12 stored as bytes in memory (estimated size 4.0 MB, free 445.1 MB)
17/03/16 19:46:06 INFO storage.MemoryStore: Block broadcast_44_piece27 stored as bytes in memory (estimated size 4.0 MB, free 449.1 MB)
17/03/16 19:46:06 INFO storage.MemoryStore: Block broadcast_44_piece71 stored as bytes in memory (estimated size 4.0 MB, free 453.1 MB)
17/03/16 19:46:06 INFO storage.MemoryStore: Block broadcast_44_piece46 stored as bytes in memory (estimated size 4.0 MB, free 457.1 MB)
17/03/16 19:46:06 INFO storage.MemoryStore: Block broadcast_44_piece59 stored as bytes in memory (estimated size 4.0 MB, free 461.1 MB)
17/03/16 19:46:06 INFO storage.MemoryStore: Block broadcast_44_piece65 stored as bytes in memory (estimated size 4.0 MB, free 465.1 MB)
17/03/16 19:46:06 INFO storage.MemoryStore: Block broadcast_44_piece9 stored as bytes in memory (estimated size 4.0 MB, free 469.1 MB)
17/03/16 19:46:06 INFO storage.MemoryStore: Block broadcast_44_piece89 stored as bytes in memory (estimated size 4.0 MB, free 473.1 MB)
17/03/16 19:46:06 INFO storage.MemoryStore: Block broadcast_44_piece13 stored as bytes in memory (estimated size 4.0 MB, free 477.1 MB)
17/03/16 19:46:06 INFO storage.MemoryStore: Block broadcast_44_piece82 stored as bytes in memory (estimated size 4.0 MB, free 481.1 MB)
17/03/16 19:46:06 INFO storage.MemoryStore: Block broadcast_44_piece70 stored as bytes in memory (estimated size 4.0 MB, free 485.1 MB)
17/03/16 19:46:06 INFO storage.MemoryStore: Block broadcast_44_piece63 stored as bytes in memory (estimated size 4.0 MB, free 489.1 MB)
17/03/16 19:46:06 INFO storage.MemoryStore: Block broadcast_44_piece75 stored as bytes in memory (estimated size 4.0 MB, free 493.1 MB)
17/03/16 19:46:06 INFO storage.MemoryStore: Block broadcast_44_piece2 stored as bytes in memory (estimated size 4.0 MB, free 497.1 MB)
17/03/16 19:46:06 INFO storage.MemoryStore: Block broadcast_44_piece52 stored as bytes in memory (estimated size 4.0 MB, free 501.1 MB)
17/03/16 19:46:07 INFO storage.MemoryStore: Block broadcast_44_piece32 stored as bytes in memory (estimated size 4.0 MB, free 505.1 MB)
17/03/16 19:46:07 INFO storage.MemoryStore: Block broadcast_44_piece53 stored as bytes in memory (estimated size 4.0 MB, free 509.1 MB)
17/03/16 19:46:07 INFO storage.MemoryStore: Block broadcast_44_piece45 stored as bytes in memory (estimated size 4.0 MB, free 513.1 MB)
17/03/16 19:46:07 INFO storage.MemoryStore: Block broadcast_44_piece76 stored as bytes in memory (estimated size 4.0 MB, free 517.1 MB)
17/03/16 19:46:07 INFO storage.MemoryStore: Block broadcast_44_piece55 stored as bytes in memory (estimated size 4.0 MB, free 521.1 MB)
17/03/16 19:46:07 INFO storage.MemoryStore: Block broadcast_44_piece1 stored as bytes in memory (estimated size 4.0 MB, free 525.1 MB)
17/03/16 19:46:07 INFO storage.MemoryStore: Block broadcast_44_piece69 stored as bytes in memory (estimated size 4.0 MB, free 529.1 MB)
17/03/16 19:46:07 INFO storage.MemoryStore: Block broadcast_44_piece87 stored as bytes in memory (estimated size 4.0 MB, free 533.1 MB)
17/03/16 19:46:07 INFO storage.MemoryStore: Block broadcast_44_piece50 stored as bytes in memory (estimated size 4.0 MB, free 537.1 MB)
17/03/16 19:46:07 INFO storage.MemoryStore: Block broadcast_44_piece60 stored as bytes in memory (estimated size 4.0 MB, free 541.1 MB)
17/03/16 19:46:07 INFO storage.MemoryStore: Block broadcast_44_piece48 stored as bytes in memory (estimated size 4.0 MB, free 545.1 MB)
17/03/16 19:46:07 INFO storage.MemoryStore: Block broadcast_44_piece91 stored as bytes in memory (estimated size 4.0 MB, free 549.1 MB)
17/03/16 19:46:07 INFO storage.MemoryStore: Block broadcast_44_piece84 stored as bytes in memory (estimated size 4.0 MB, free 553.1 MB)
17/03/16 19:46:07 INFO storage.MemoryStore: Block broadcast_44_piece17 stored as bytes in memory (estimated size 4.0 MB, free 557.1 MB)
17/03/16 19:46:07 INFO storage.MemoryStore: Block broadcast_44_piece77 stored as bytes in memory (estimated size 4.0 MB, free 561.1 MB)
17/03/16 19:46:07 INFO storage.MemoryStore: Block broadcast_44_piece88 stored as bytes in memory (estimated size 4.0 MB, free 565.1 MB)
17/03/16 19:46:07 INFO storage.MemoryStore: Block broadcast_44_piece20 stored as bytes in memory (estimated size 4.0 MB, free 569.1 MB)
17/03/16 19:46:07 INFO storage.MemoryStore: Block broadcast_44_piece93 stored as bytes in memory (estimated size 4.0 MB, free 573.1 MB)
17/03/16 19:46:07 INFO storage.MemoryStore: Block broadcast_44_piece35 stored as bytes in memory (estimated size 4.0 MB, free 577.1 MB)
17/03/16 19:46:07 INFO storage.MemoryStore: Block broadcast_44_piece92 stored as bytes in memory (estimated size 4.0 MB, free 581.1 MB)
17/03/16 19:46:07 INFO storage.MemoryStore: Block broadcast_44_piece38 stored as bytes in memory (estimated size 4.0 MB, free 585.1 MB)
17/03/16 19:46:07 INFO storage.MemoryStore: Block broadcast_44_piece103 stored as bytes in memory (estimated size 763.7 KB, free 585.9 MB)
17/03/16 19:46:07 INFO storage.MemoryStore: Block broadcast_44_piece10 stored as bytes in memory (estimated size 4.0 MB, free 589.9 MB)
17/03/16 19:46:07 INFO storage.MemoryStore: Block broadcast_44_piece3 stored as bytes in memory (estimated size 4.0 MB, free 593.9 MB)
17/03/16 19:46:07 INFO storage.MemoryStore: Block broadcast_44_piece7 stored as bytes in memory (estimated size 4.0 MB, free 597.9 MB)
17/03/16 19:46:07 INFO storage.MemoryStore: Block broadcast_44_piece102 stored as bytes in memory (estimated size 4.0 MB, free 601.9 MB)
17/03/16 19:46:07 INFO storage.MemoryStore: Block broadcast_44_piece28 stored as bytes in memory (estimated size 4.0 MB, free 605.9 MB)
17/03/16 19:46:07 INFO storage.MemoryStore: Block broadcast_44_piece64 stored as bytes in memory (estimated size 4.0 MB, free 609.9 MB)
17/03/16 19:46:07 INFO storage.MemoryStore: Block broadcast_44_piece43 stored as bytes in memory (estimated size 4.0 MB, free 613.9 MB)
17/03/16 19:46:07 INFO storage.MemoryStore: Block broadcast_44_piece29 stored as bytes in memory (estimated size 4.0 MB, free 617.9 MB)
17/03/16 19:46:07 INFO storage.MemoryStore: Block broadcast_44_piece95 stored as bytes in memory (estimated size 4.0 MB, free 621.9 MB)
17/03/16 19:46:07 INFO storage.MemoryStore: Block broadcast_44_piece11 stored as bytes in memory (estimated size 4.0 MB, free 625.9 MB)
17/03/16 19:46:07 INFO storage.MemoryStore: Block broadcast_44_piece5 stored as bytes in memory (estimated size 4.0 MB, free 629.9 MB)
17/03/16 19:46:07 INFO storage.MemoryStore: Block broadcast_44_piece72 stored as bytes in memory (estimated size 4.0 MB, free 633.9 MB)
17/03/16 19:46:07 INFO storage.MemoryStore: Block broadcast_44_piece34 stored as bytes in memory (estimated size 4.0 MB, free 637.9 MB)
17/03/16 19:46:07 INFO storage.MemoryStore: Block broadcast_44_piece68 stored as bytes in memory (estimated size 4.0 MB, free 641.9 MB)
17/03/16 19:46:07 INFO storage.MemoryStore: Block broadcast_44_piece79 stored as bytes in memory (estimated size 4.0 MB, free 645.9 MB)
17/03/16 19:46:07 INFO storage.MemoryStore: Block broadcast_44_piece36 stored as bytes in memory (estimated size 4.0 MB, free 649.9 MB)
17/03/16 19:46:07 INFO storage.MemoryStore: Block broadcast_44_piece19 stored as bytes in memory (estimated size 4.0 MB, free 653.9 MB)
17/03/16 19:46:07 INFO storage.MemoryStore: Block broadcast_44_piece90 stored as bytes in memory (estimated size 4.0 MB, free 657.9 MB)
17/03/16 19:46:07 INFO storage.MemoryStore: Block broadcast_44_piece39 stored as bytes in memory (estimated size 4.0 MB, free 661.9 MB)
17/03/16 19:46:07 INFO storage.MemoryStore: Block broadcast_44_piece4 stored as bytes in memory (estimated size 4.0 MB, free 665.9 MB)
17/03/16 19:46:07 INFO storage.MemoryStore: Block broadcast_44_piece49 stored as bytes in memory (estimated size 4.0 MB, free 669.9 MB)
17/03/16 19:46:07 INFO storage.MemoryStore: Block broadcast_44_piece54 stored as bytes in memory (estimated size 4.0 MB, free 673.9 MB)
17/03/16 19:46:07 INFO storage.MemoryStore: Block broadcast_44_piece98 stored as bytes in memory (estimated size 4.0 MB, free 677.9 MB)
17/03/16 19:46:07 INFO storage.MemoryStore: Block broadcast_44_piece25 stored as bytes in memory (estimated size 4.0 MB, free 681.9 MB)
17/03/16 19:46:07 INFO storage.MemoryStore: Block broadcast_44_piece31 stored as bytes in memory (estimated size 4.0 MB, free 685.9 MB)
17/03/16 19:46:07 INFO storage.MemoryStore: Block broadcast_44_piece62 stored as bytes in memory (estimated size 4.0 MB, free 689.9 MB)
17/03/16 19:46:07 INFO storage.MemoryStore: Block broadcast_44_piece61 stored as bytes in memory (estimated size 4.0 MB, free 693.9 MB)
17/03/16 19:46:07 INFO storage.MemoryStore: Block broadcast_44_piece37 stored as bytes in memory (estimated size 4.0 MB, free 697.9 MB)
17/03/16 19:46:07 INFO storage.MemoryStore: Block broadcast_44_piece100 stored as bytes in memory (estimated size 4.0 MB, free 701.9 MB)
17/03/16 19:46:07 INFO storage.MemoryStore: Block broadcast_44_piece0 stored as bytes in memory (estimated size 4.0 MB, free 705.9 MB)
17/03/16 19:46:07 INFO storage.MemoryStore: Block broadcast_44_piece78 stored as bytes in memory (estimated size 4.0 MB, free 709.9 MB)
17/03/16 19:46:07 INFO storage.MemoryStore: Block broadcast_44_piece22 stored as bytes in memory (estimated size 4.0 MB, free 713.9 MB)
17/03/16 19:46:07 INFO storage.MemoryStore: Block broadcast_44_piece80 stored as bytes in memory (estimated size 4.0 MB, free 717.9 MB)
17/03/16 19:46:07 INFO storage.MemoryStore: Block broadcast_44_piece15 stored as bytes in memory (estimated size 4.0 MB, free 721.9 MB)
17/03/16 19:46:08 INFO storage.MemoryStore: Block broadcast_44_piece96 stored as bytes in memory (estimated size 4.0 MB, free 725.9 MB)
17/03/16 19:46:08 INFO storage.MemoryStore: Block broadcast_44_piece33 stored as bytes in memory (estimated size 4.0 MB, free 729.9 MB)
17/03/16 19:46:08 INFO storage.MemoryStore: Block broadcast_44_piece97 stored as bytes in memory (estimated size 4.0 MB, free 733.9 MB)
17/03/16 19:46:08 INFO storage.MemoryStore: Block broadcast_44_piece85 stored as bytes in memory (estimated size 4.0 MB, free 737.9 MB)
17/03/16 19:46:08 INFO storage.MemoryStore: Block broadcast_44_piece47 stored as bytes in memory (estimated size 4.0 MB, free 741.9 MB)
17/03/16 19:46:08 INFO storage.MemoryStore: Block broadcast_44_piece21 stored as bytes in memory (estimated size 4.0 MB, free 745.9 MB)
17/03/16 19:46:08 INFO storage.MemoryStore: Block broadcast_44_piece44 stored as bytes in memory (estimated size 4.0 MB, free 749.9 MB)
17/03/16 19:46:08 INFO storage.MemoryStore: Block broadcast_44_piece30 stored as bytes in memory (estimated size 4.0 MB, free 753.9 MB)
17/03/16 19:46:08 INFO storage.MemoryStore: Block broadcast_44_piece41 stored as bytes in memory (estimated size 4.0 MB, free 757.9 MB)
17/03/16 19:46:08 INFO storage.MemoryStore: Block broadcast_44_piece51 stored as bytes in memory (estimated size 4.0 MB, free 761.9 MB)
17/03/16 19:46:08 INFO storage.MemoryStore: Block broadcast_44_piece73 stored as bytes in memory (estimated size 4.0 MB, free 765.9 MB)
17/03/16 19:46:08 INFO storage.MemoryStore: Block broadcast_44_piece74 stored as bytes in memory (estimated size 4.0 MB, free 769.9 MB)
17/03/16 19:46:08 INFO storage.MemoryStore: Block broadcast_44_piece86 stored as bytes in memory (estimated size 4.0 MB, free 773.9 MB)
17/03/16 19:46:08 INFO storage.MemoryStore: Block broadcast_44_piece66 stored as bytes in memory (estimated size 4.0 MB, free 777.9 MB)
17/03/16 19:46:08 INFO storage.MemoryStore: Block broadcast_44_piece14 stored as bytes in memory (estimated size 4.0 MB, free 781.9 MB)
17/03/16 19:46:08 INFO storage.MemoryStore: Block broadcast_44_piece42 stored as bytes in memory (estimated size 4.0 MB, free 785.9 MB)
17/03/16 19:46:08 INFO storage.MemoryStore: Block broadcast_44_piece16 stored as bytes in memory (estimated size 4.0 MB, free 789.9 MB)
17/03/16 19:46:08 INFO storage.MemoryStore: Block broadcast_44_piece40 stored as bytes in memory (estimated size 4.0 MB, free 793.9 MB)
17/03/16 19:46:08 INFO storage.MemoryStore: Block broadcast_44_piece56 stored as bytes in memory (estimated size 4.0 MB, free 797.9 MB)
17/03/16 19:46:08 INFO storage.MemoryStore: Block broadcast_44_piece18 stored as bytes in memory (estimated size 4.0 MB, free 801.9 MB)
17/03/16 19:46:08 INFO storage.MemoryStore: Block broadcast_44_piece26 stored as bytes in memory (estimated size 4.0 MB, free 805.9 MB)
17/03/16 19:46:08 INFO storage.MemoryStore: Block broadcast_44_piece67 stored as bytes in memory (estimated size 4.0 MB, free 809.9 MB)
17/03/16 19:46:08 INFO storage.MemoryStore: Block broadcast_44_piece81 stored as bytes in memory (estimated size 4.0 MB, free 813.9 MB)
17/03/16 19:46:08 INFO storage.MemoryStore: Block broadcast_44_piece24 stored as bytes in memory (estimated size 4.0 MB, free 817.9 MB)
17/03/16 19:46:08 INFO storage.MemoryStore: Block broadcast_44_piece101 stored as bytes in memory (estimated size 4.0 MB, free 821.9 MB)
17/03/16 19:46:08 INFO storage.MemoryStore: Block broadcast_44_piece83 stored as bytes in memory (estimated size 4.0 MB, free 825.9 MB)
17/03/16 19:46:08 INFO broadcast.TorrentBroadcast: Reading broadcast variable 44 took 1959 ms
17/03/16 19:46:16 INFO storage.MemoryStore: Block broadcast_44 stored as values in memory (estimated size 384.0 B, free 825.9 MB)
17/03/16 19:46:23 INFO python.PythonRunner: Times: total = 17128, boot = 10, init = 9605, finish = 7513
17/03/16 19:46:23 INFO python.PythonRunner: Times: total = 17131, boot = 14, init = 9600, finish = 7517
17/03/16 19:46:23 INFO executor.Executor: Finished task 16.0 in stage 29.0 (TID 1362). 1274 bytes result sent to driver
17/03/16 19:46:23 INFO executor.Executor: Finished task 22.0 in stage 29.0 (TID 1368). 1274 bytes result sent to driver
17/03/16 19:46:23 INFO python.PythonRunner: Times: total = 17289, boot = 24, init = 9589, finish = 7676
17/03/16 19:46:23 INFO python.PythonRunner: Times: total = 17347, boot = 18, init = 9596, finish = 7733
17/03/16 19:46:23 INFO executor.Executor: Finished task 40.0 in stage 29.0 (TID 1386). 1274 bytes result sent to driver
17/03/16 19:46:23 INFO executor.Executor: Finished task 28.0 in stage 29.0 (TID 1374). 1274 bytes result sent to driver
17/03/16 19:46:23 INFO python.PythonRunner: Times: total = 17502, boot = 4, init = 9612, finish = 7886
17/03/16 19:46:24 INFO python.PythonRunner: Times: total = 17552, boot = 21, init = 9593, finish = 7938
17/03/16 19:46:24 INFO executor.Executor: Finished task 46.0 in stage 29.0 (TID 1392). 1274 bytes result sent to driver
17/03/16 19:46:24 INFO python.PythonRunner: Times: total = 17592, boot = 4, init = 9610, finish = 7978
17/03/16 19:46:24 INFO python.PythonRunner: Times: total = 17626, boot = 7, init = 9608, finish = 8011
17/03/16 19:46:24 INFO executor.Executor: Finished task 34.0 in stage 29.0 (TID 1380). 1274 bytes result sent to driver
17/03/16 19:46:24 INFO executor.Executor: Finished task 4.0 in stage 29.0 (TID 1350). 1274 bytes result sent to driver
17/03/16 19:46:24 INFO executor.Executor: Finished task 10.0 in stage 29.0 (TID 1356). 1274 bytes result sent to driver
17/03/16 19:46:49 INFO executor.CoarseGrainedExecutorBackend: Got assigned task 1396
17/03/16 19:46:49 INFO executor.CoarseGrainedExecutorBackend: Got assigned task 1402
17/03/16 19:46:49 INFO executor.Executor: Running task 2.0 in stage 30.0 (TID 1396)
17/03/16 19:46:49 INFO executor.Executor: Running task 8.0 in stage 30.0 (TID 1402)
17/03/16 19:46:49 INFO executor.CoarseGrainedExecutorBackend: Got assigned task 1408
17/03/16 19:46:49 INFO executor.CoarseGrainedExecutorBackend: Got assigned task 1414
17/03/16 19:46:49 INFO executor.Executor: Running task 14.0 in stage 30.0 (TID 1408)
17/03/16 19:46:49 INFO executor.Executor: Running task 20.0 in stage 30.0 (TID 1414)
17/03/16 19:46:49 INFO spark.MapOutputTrackerWorker: Updating epoch to 15 and clearing cache
17/03/16 19:46:49 INFO executor.CoarseGrainedExecutorBackend: Got assigned task 1420
17/03/16 19:46:49 INFO executor.CoarseGrainedExecutorBackend: Got assigned task 1426
17/03/16 19:46:49 INFO executor.Executor: Running task 26.0 in stage 30.0 (TID 1420)
17/03/16 19:46:49 INFO executor.Executor: Running task 32.0 in stage 30.0 (TID 1426)
17/03/16 19:46:49 INFO broadcast.TorrentBroadcast: Started reading broadcast variable 46
17/03/16 19:46:49 INFO executor.CoarseGrainedExecutorBackend: Got assigned task 1432
17/03/16 19:46:49 INFO executor.CoarseGrainedExecutorBackend: Got assigned task 1438
17/03/16 19:46:49 INFO executor.Executor: Running task 38.0 in stage 30.0 (TID 1432)
17/03/16 19:46:49 INFO executor.Executor: Running task 44.0 in stage 30.0 (TID 1438)
17/03/16 19:46:49 INFO storage.MemoryStore: Block broadcast_46_piece0 stored as bytes in memory (estimated size 3.3 KB, free 825.9 MB)
17/03/16 19:46:49 INFO broadcast.TorrentBroadcast: Reading broadcast variable 46 took 6 ms
17/03/16 19:46:49 INFO storage.MemoryStore: Block broadcast_46 stored as values in memory (estimated size 5.3 KB, free 825.9 MB)
17/03/16 19:46:49 INFO spark.MapOutputTrackerWorker: Don't have map outputs for shuffle 14, fetching them
17/03/16 19:46:49 INFO spark.MapOutputTrackerWorker: Doing the fetch; tracker endpoint = NettyRpcEndpointRef(spark://MapOutputTracker@10.10.34.38:36751)
17/03/16 19:46:49 INFO spark.MapOutputTrackerWorker: Don't have map outputs for shuffle 14, fetching them
17/03/16 19:46:49 INFO spark.MapOutputTrackerWorker: Don't have map outputs for shuffle 14, fetching them
17/03/16 19:46:49 INFO spark.MapOutputTrackerWorker: Don't have map outputs for shuffle 14, fetching them
17/03/16 19:46:49 INFO spark.MapOutputTrackerWorker: Don't have map outputs for shuffle 14, fetching them
17/03/16 19:46:49 INFO spark.MapOutputTrackerWorker: Don't have map outputs for shuffle 14, fetching them
17/03/16 19:46:49 INFO spark.MapOutputTrackerWorker: Got the output locations
17/03/16 19:46:49 INFO storage.ShuffleBlockFetcherIterator: Getting 48 non-empty blocks out of 48 blocks
17/03/16 19:46:49 INFO storage.ShuffleBlockFetcherIterator: Getting 48 non-empty blocks out of 48 blocks
17/03/16 19:46:49 INFO storage.ShuffleBlockFetcherIterator: Getting 48 non-empty blocks out of 48 blocks
17/03/16 19:46:49 INFO storage.ShuffleBlockFetcherIterator: Getting 48 non-empty blocks out of 48 blocks
17/03/16 19:46:49 INFO storage.ShuffleBlockFetcherIterator: Started 7 remote fetches in 3 ms
17/03/16 19:46:49 INFO storage.ShuffleBlockFetcherIterator: Getting 48 non-empty blocks out of 48 blocks
17/03/16 19:46:49 INFO storage.ShuffleBlockFetcherIterator: Started 8 remote fetches in 4 ms
17/03/16 19:46:49 INFO storage.ShuffleBlockFetcherIterator: Getting 48 non-empty blocks out of 48 blocks
17/03/16 19:46:49 INFO storage.ShuffleBlockFetcherIterator: Getting 48 non-empty blocks out of 48 blocks
17/03/16 19:46:49 INFO storage.ShuffleBlockFetcherIterator: Getting 48 non-empty blocks out of 48 blocks
17/03/16 19:46:49 INFO storage.ShuffleBlockFetcherIterator: Started 6 remote fetches in 4 ms
17/03/16 19:46:49 INFO storage.ShuffleBlockFetcherIterator: Started 6 remote fetches in 4 ms
17/03/16 19:46:49 INFO storage.ShuffleBlockFetcherIterator: Started 7 remote fetches in 7 ms
17/03/16 19:46:49 INFO storage.ShuffleBlockFetcherIterator: Started 6 remote fetches in 4 ms
17/03/16 19:46:49 INFO storage.ShuffleBlockFetcherIterator: Started 7 remote fetches in 3 ms
17/03/16 19:46:49 INFO storage.ShuffleBlockFetcherIterator: Started 7 remote fetches in 5 ms
17/03/16 19:46:50 INFO python.PythonRunner: Times: total = 835, boot = -26186, init = 26190, finish = 831
17/03/16 19:46:50 INFO executor.Executor: Finished task 44.0 in stage 30.0 (TID 1438). 9567260 bytes result sent to driver
17/03/16 19:46:50 INFO python.PythonRunner: Times: total = 849, boot = -25915, init = 25920, finish = 844
17/03/16 19:46:50 INFO executor.Executor: Finished task 8.0 in stage 30.0 (TID 1402). 9559394 bytes result sent to driver
17/03/16 19:46:50 INFO python.PythonRunner: Times: total = 886, boot = -26119, init = 26124, finish = 881
17/03/16 19:46:50 INFO python.PythonRunner: Times: total = 943, boot = -26341, init = 26343, finish = 941
17/03/16 19:46:50 INFO executor.Executor: Finished task 32.0 in stage 30.0 (TID 1426). 9554927 bytes result sent to driver
17/03/16 19:46:50 INFO executor.Executor: Finished task 14.0 in stage 30.0 (TID 1408). 9568426 bytes result sent to driver
17/03/16 19:46:51 INFO python.PythonRunner: Times: total = 1021, boot = -26339, init = 26343, finish = 1017
17/03/16 19:46:51 INFO python.PythonRunner: Times: total = 1023, boot = -25965, init = 25968, finish = 1020
17/03/16 19:46:51 INFO python.PythonRunner: Times: total = 1030, boot = -25842, init = 25854, finish = 1018
17/03/16 19:46:51 INFO executor.Executor: Finished task 20.0 in stage 30.0 (TID 1414). 9553590 bytes result sent to driver
17/03/16 19:46:51 INFO executor.Executor: Finished task 38.0 in stage 30.0 (TID 1432). 9558419 bytes result sent to driver
17/03/16 19:46:51 INFO python.PythonRunner: Times: total = 1047, boot = -25879, init = 25889, finish = 1037
17/03/16 19:46:51 INFO executor.Executor: Finished task 26.0 in stage 30.0 (TID 1420). 9557040 bytes result sent to driver
17/03/16 19:46:51 INFO executor.Executor: Finished task 2.0 in stage 30.0 (TID 1396). 9559110 bytes result sent to driver
17/03/16 19:46:55 INFO storage.BlockManager: Removing RDD 87
17/03/16 19:46:55 INFO storage.BlockManager: Removing RDD 92
17/03/16 19:54:13 INFO executor.CoarseGrainedExecutorBackend: Got assigned task 1443
17/03/16 19:54:13 INFO executor.Executor: Running task 1.0 in stage 31.0 (TID 1443)
17/03/16 19:54:13 INFO broadcast.TorrentBroadcast: Started reading broadcast variable 48
17/03/16 19:54:13 INFO executor.CoarseGrainedExecutorBackend: Got assigned task 1449
17/03/16 19:54:13 INFO executor.Executor: Running task 7.0 in stage 31.0 (TID 1449)
17/03/16 19:54:13 INFO executor.CoarseGrainedExecutorBackend: Got assigned task 1455
17/03/16 19:54:13 INFO executor.Executor: Running task 13.0 in stage 31.0 (TID 1455)
17/03/16 19:54:13 INFO executor.CoarseGrainedExecutorBackend: Got assigned task 1461
17/03/16 19:54:13 INFO executor.Executor: Running task 19.0 in stage 31.0 (TID 1461)
17/03/16 19:54:13 INFO executor.CoarseGrainedExecutorBackend: Got assigned task 1467
17/03/16 19:54:13 INFO executor.Executor: Running task 25.0 in stage 31.0 (TID 1467)
17/03/16 19:54:13 INFO executor.CoarseGrainedExecutorBackend: Got assigned task 1473
17/03/16 19:54:13 INFO executor.Executor: Running task 31.0 in stage 31.0 (TID 1473)
17/03/16 19:54:13 INFO executor.CoarseGrainedExecutorBackend: Got assigned task 1479
17/03/16 19:54:13 INFO executor.Executor: Running task 37.0 in stage 31.0 (TID 1479)
17/03/16 19:54:13 INFO storage.MemoryStore: Block broadcast_48_piece0 stored as bytes in memory (estimated size 5.4 KB, free 825.9 MB)
17/03/16 19:54:13 INFO executor.CoarseGrainedExecutorBackend: Got assigned task 1485
17/03/16 19:54:13 INFO broadcast.TorrentBroadcast: Reading broadcast variable 48 took 18 ms
17/03/16 19:54:13 INFO executor.Executor: Running task 43.0 in stage 31.0 (TID 1485)
17/03/16 19:54:13 INFO storage.MemoryStore: Block broadcast_48 stored as values in memory (estimated size 8.6 KB, free 825.9 MB)
17/03/16 19:54:13 INFO broadcast.TorrentBroadcast: Started reading broadcast variable 47
17/03/16 19:54:13 INFO storage.MemoryStore: Block broadcast_47_piece88 stored as bytes in memory (estimated size 4.0 MB, free 829.9 MB)
17/03/16 19:54:13 INFO storage.MemoryStore: Block broadcast_47_piece81 stored as bytes in memory (estimated size 4.0 MB, free 833.9 MB)
17/03/16 19:54:13 INFO storage.MemoryStore: Block broadcast_47_piece24 stored as bytes in memory (estimated size 4.0 MB, free 837.9 MB)
17/03/16 19:54:13 INFO storage.MemoryStore: Block broadcast_47_piece43 stored as bytes in memory (estimated size 4.0 MB, free 841.9 MB)
17/03/16 19:54:13 INFO storage.MemoryStore: Block broadcast_47_piece52 stored as bytes in memory (estimated size 4.0 MB, free 845.9 MB)
17/03/16 19:54:13 INFO storage.MemoryStore: Block broadcast_47_piece102 stored as bytes in memory (estimated size 4.0 MB, free 849.9 MB)
17/03/16 19:54:13 INFO storage.MemoryStore: Block broadcast_47_piece94 stored as bytes in memory (estimated size 4.0 MB, free 853.9 MB)
17/03/16 19:54:13 INFO storage.MemoryStore: Block broadcast_47_piece34 stored as bytes in memory (estimated size 4.0 MB, free 857.9 MB)
17/03/16 19:54:13 INFO storage.MemoryStore: Block broadcast_47_piece29 stored as bytes in memory (estimated size 4.0 MB, free 861.9 MB)
17/03/16 19:54:14 INFO storage.MemoryStore: Block broadcast_47_piece4 stored as bytes in memory (estimated size 4.0 MB, free 865.9 MB)
17/03/16 19:54:14 INFO storage.MemoryStore: Block broadcast_47_piece55 stored as bytes in memory (estimated size 4.0 MB, free 869.9 MB)
17/03/16 19:54:14 INFO storage.MemoryStore: Block broadcast_47_piece17 stored as bytes in memory (estimated size 4.0 MB, free 873.9 MB)
17/03/16 19:54:14 INFO storage.MemoryStore: Block broadcast_47_piece45 stored as bytes in memory (estimated size 4.0 MB, free 877.9 MB)
17/03/16 19:54:14 INFO storage.MemoryStore: Block broadcast_47_piece47 stored as bytes in memory (estimated size 4.0 MB, free 881.9 MB)
17/03/16 19:54:14 INFO storage.MemoryStore: Block broadcast_47_piece76 stored as bytes in memory (estimated size 4.0 MB, free 885.9 MB)
17/03/16 19:54:14 INFO storage.MemoryStore: Block broadcast_47_piece53 stored as bytes in memory (estimated size 4.0 MB, free 889.9 MB)
17/03/16 19:54:14 INFO storage.MemoryStore: Block broadcast_47_piece72 stored as bytes in memory (estimated size 4.0 MB, free 893.9 MB)
17/03/16 19:54:14 INFO storage.MemoryStore: Block broadcast_47_piece77 stored as bytes in memory (estimated size 4.0 MB, free 897.9 MB)
17/03/16 19:54:14 INFO storage.MemoryStore: Block broadcast_47_piece21 stored as bytes in memory (estimated size 4.0 MB, free 901.9 MB)
17/03/16 19:54:14 INFO storage.MemoryStore: Block broadcast_47_piece37 stored as bytes in memory (estimated size 4.0 MB, free 905.9 MB)
17/03/16 19:54:14 INFO storage.MemoryStore: Block broadcast_47_piece61 stored as bytes in memory (estimated size 4.0 MB, free 909.9 MB)
17/03/16 19:54:14 INFO storage.MemoryStore: Block broadcast_47_piece97 stored as bytes in memory (estimated size 4.0 MB, free 913.9 MB)
17/03/16 19:54:14 INFO storage.MemoryStore: Block broadcast_47_piece80 stored as bytes in memory (estimated size 4.0 MB, free 917.9 MB)
17/03/16 19:54:14 INFO storage.MemoryStore: Block broadcast_47_piece78 stored as bytes in memory (estimated size 4.0 MB, free 921.9 MB)
17/03/16 19:54:14 INFO storage.MemoryStore: Block broadcast_47_piece38 stored as bytes in memory (estimated size 4.0 MB, free 925.9 MB)
17/03/16 19:54:14 INFO storage.MemoryStore: Block broadcast_47_piece25 stored as bytes in memory (estimated size 4.0 MB, free 929.9 MB)
17/03/16 19:54:14 INFO storage.MemoryStore: Block broadcast_47_piece51 stored as bytes in memory (estimated size 4.0 MB, free 933.9 MB)
17/03/16 19:54:14 INFO storage.MemoryStore: Block broadcast_47_piece22 stored as bytes in memory (estimated size 4.0 MB, free 937.9 MB)
17/03/16 19:54:14 INFO storage.MemoryStore: Block broadcast_47_piece14 stored as bytes in memory (estimated size 4.0 MB, free 941.9 MB)
17/03/16 19:54:14 INFO storage.MemoryStore: Block broadcast_47_piece86 stored as bytes in memory (estimated size 4.0 MB, free 945.9 MB)
17/03/16 19:54:14 INFO storage.MemoryStore: Block broadcast_47_piece68 stored as bytes in memory (estimated size 4.0 MB, free 949.9 MB)
17/03/16 19:54:14 INFO storage.MemoryStore: Block broadcast_47_piece31 stored as bytes in memory (estimated size 4.0 MB, free 953.9 MB)
17/03/16 19:54:14 INFO storage.MemoryStore: Block broadcast_47_piece71 stored as bytes in memory (estimated size 4.0 MB, free 957.9 MB)
17/03/16 19:54:14 INFO storage.MemoryStore: Block broadcast_47_piece18 stored as bytes in memory (estimated size 4.0 MB, free 961.9 MB)
17/03/16 19:54:14 INFO storage.MemoryStore: Block broadcast_47_piece93 stored as bytes in memory (estimated size 4.0 MB, free 965.9 MB)
17/03/16 19:54:14 INFO storage.MemoryStore: Block broadcast_47_piece90 stored as bytes in memory (estimated size 4.0 MB, free 969.9 MB)
17/03/16 19:54:14 INFO storage.MemoryStore: Block broadcast_47_piece6 stored as bytes in memory (estimated size 4.0 MB, free 973.9 MB)
17/03/16 19:54:14 INFO storage.MemoryStore: Block broadcast_47_piece79 stored as bytes in memory (estimated size 4.0 MB, free 977.9 MB)
17/03/16 19:54:14 INFO storage.MemoryStore: Block broadcast_47_piece39 stored as bytes in memory (estimated size 4.0 MB, free 981.9 MB)
17/03/16 19:54:14 INFO storage.MemoryStore: Block broadcast_47_piece67 stored as bytes in memory (estimated size 4.0 MB, free 985.9 MB)
17/03/16 19:54:14 INFO storage.MemoryStore: Block broadcast_47_piece63 stored as bytes in memory (estimated size 4.0 MB, free 989.9 MB)
17/03/16 19:54:14 INFO storage.MemoryStore: Block broadcast_47_piece5 stored as bytes in memory (estimated size 4.0 MB, free 993.9 MB)
17/03/16 19:54:14 INFO storage.MemoryStore: Block broadcast_47_piece1 stored as bytes in memory (estimated size 4.0 MB, free 997.9 MB)
17/03/16 19:54:14 INFO storage.MemoryStore: Block broadcast_47_piece98 stored as bytes in memory (estimated size 4.0 MB, free 1001.9 MB)
17/03/16 19:54:14 INFO storage.MemoryStore: Block broadcast_47_piece28 stored as bytes in memory (estimated size 4.0 MB, free 1005.9 MB)
17/03/16 19:54:14 INFO storage.MemoryStore: Block broadcast_47_piece59 stored as bytes in memory (estimated size 4.0 MB, free 1009.9 MB)
17/03/16 19:54:14 INFO storage.MemoryStore: Block broadcast_47_piece56 stored as bytes in memory (estimated size 4.0 MB, free 1013.9 MB)
17/03/16 19:54:14 INFO storage.MemoryStore: Block broadcast_47_piece10 stored as bytes in memory (estimated size 4.0 MB, free 1017.9 MB)
17/03/16 19:54:14 INFO storage.MemoryStore: Block broadcast_47_piece62 stored as bytes in memory (estimated size 4.0 MB, free 1021.9 MB)
17/03/16 19:54:14 INFO storage.MemoryStore: Block broadcast_47_piece0 stored as bytes in memory (estimated size 4.0 MB, free 1025.9 MB)
17/03/16 19:54:14 INFO storage.MemoryStore: Block broadcast_47_piece19 stored as bytes in memory (estimated size 4.0 MB, free 1029.9 MB)
17/03/16 19:54:14 INFO storage.MemoryStore: Block broadcast_47_piece42 stored as bytes in memory (estimated size 4.0 MB, free 1033.9 MB)
17/03/16 19:54:14 INFO storage.MemoryStore: Block broadcast_47_piece48 stored as bytes in memory (estimated size 4.0 MB, free 1037.9 MB)
17/03/16 19:54:14 INFO storage.MemoryStore: Block broadcast_47_piece33 stored as bytes in memory (estimated size 4.0 MB, free 1041.9 MB)
17/03/16 19:54:14 INFO storage.MemoryStore: Block broadcast_47_piece73 stored as bytes in memory (estimated size 4.0 MB, free 1045.9 MB)
17/03/16 19:54:14 INFO storage.MemoryStore: Block broadcast_47_piece50 stored as bytes in memory (estimated size 4.0 MB, free 1049.9 MB)
17/03/16 19:54:14 INFO storage.MemoryStore: Block broadcast_47_piece13 stored as bytes in memory (estimated size 4.0 MB, free 1053.9 MB)
17/03/16 19:54:14 INFO storage.MemoryStore: Block broadcast_47_piece101 stored as bytes in memory (estimated size 4.0 MB, free 1057.9 MB)
17/03/16 19:54:14 INFO storage.MemoryStore: Block broadcast_47_piece30 stored as bytes in memory (estimated size 4.0 MB, free 1061.9 MB)
17/03/16 19:54:14 INFO storage.MemoryStore: Block broadcast_47_piece9 stored as bytes in memory (estimated size 4.0 MB, free 1065.9 MB)
17/03/16 19:54:14 INFO storage.MemoryStore: Block broadcast_47_piece12 stored as bytes in memory (estimated size 4.0 MB, free 1069.9 MB)
17/03/16 19:54:15 INFO storage.MemoryStore: Block broadcast_47_piece16 stored as bytes in memory (estimated size 4.0 MB, free 1073.9 MB)
17/03/16 19:54:15 INFO storage.MemoryStore: Block broadcast_47_piece64 stored as bytes in memory (estimated size 4.0 MB, free 1077.9 MB)
17/03/16 19:54:15 INFO storage.MemoryStore: Block broadcast_47_piece103 stored as bytes in memory (estimated size 677.1 KB, free 1078.6 MB)
17/03/16 19:54:15 INFO storage.MemoryStore: Block broadcast_47_piece46 stored as bytes in memory (estimated size 4.0 MB, free 1082.6 MB)
17/03/16 19:54:15 INFO storage.MemoryStore: Block broadcast_47_piece84 stored as bytes in memory (estimated size 4.0 MB, free 1086.6 MB)
17/03/16 19:54:15 INFO storage.MemoryStore: Block broadcast_47_piece27 stored as bytes in memory (estimated size 4.0 MB, free 1090.6 MB)
17/03/16 19:54:15 INFO storage.MemoryStore: Block broadcast_47_piece99 stored as bytes in memory (estimated size 4.0 MB, free 1094.6 MB)
17/03/16 19:54:15 INFO storage.MemoryStore: Block broadcast_47_piece95 stored as bytes in memory (estimated size 4.0 MB, free 1098.6 MB)
17/03/16 19:54:15 INFO storage.MemoryStore: Block broadcast_47_piece26 stored as bytes in memory (estimated size 4.0 MB, free 1102.6 MB)
17/03/16 19:54:15 INFO storage.MemoryStore: Block broadcast_47_piece89 stored as bytes in memory (estimated size 4.0 MB, free 1106.6 MB)
17/03/16 19:54:15 INFO storage.MemoryStore: Block broadcast_47_piece23 stored as bytes in memory (estimated size 4.0 MB, free 1110.6 MB)
17/03/16 19:54:15 INFO storage.MemoryStore: Block broadcast_47_piece91 stored as bytes in memory (estimated size 4.0 MB, free 1114.6 MB)
17/03/16 19:54:15 INFO storage.MemoryStore: Block broadcast_47_piece92 stored as bytes in memory (estimated size 4.0 MB, free 1118.6 MB)
17/03/16 19:54:15 INFO storage.MemoryStore: Block broadcast_47_piece41 stored as bytes in memory (estimated size 4.0 MB, free 1122.6 MB)
17/03/16 19:54:15 INFO storage.MemoryStore: Block broadcast_47_piece49 stored as bytes in memory (estimated size 4.0 MB, free 1126.6 MB)
17/03/16 19:54:15 INFO storage.MemoryStore: Block broadcast_47_piece83 stored as bytes in memory (estimated size 4.0 MB, free 1130.6 MB)
17/03/16 19:54:15 INFO storage.MemoryStore: Block broadcast_47_piece70 stored as bytes in memory (estimated size 4.0 MB, free 1134.6 MB)
17/03/16 19:54:15 INFO storage.MemoryStore: Block broadcast_47_piece100 stored as bytes in memory (estimated size 4.0 MB, free 1138.6 MB)
17/03/16 19:54:15 INFO storage.MemoryStore: Block broadcast_47_piece60 stored as bytes in memory (estimated size 4.0 MB, free 1142.6 MB)
17/03/16 19:54:15 INFO storage.MemoryStore: Block broadcast_47_piece20 stored as bytes in memory (estimated size 4.0 MB, free 1146.6 MB)
17/03/16 19:54:15 INFO storage.MemoryStore: Block broadcast_47_piece44 stored as bytes in memory (estimated size 4.0 MB, free 1150.6 MB)
17/03/16 19:54:15 INFO storage.MemoryStore: Block broadcast_47_piece75 stored as bytes in memory (estimated size 4.0 MB, free 1154.6 MB)
17/03/16 19:54:15 INFO storage.MemoryStore: Block broadcast_47_piece57 stored as bytes in memory (estimated size 4.0 MB, free 1158.6 MB)
17/03/16 19:54:15 INFO storage.MemoryStore: Block broadcast_47_piece40 stored as bytes in memory (estimated size 4.0 MB, free 1162.6 MB)
17/03/16 19:54:15 INFO storage.MemoryStore: Block broadcast_47_piece36 stored as bytes in memory (estimated size 4.0 MB, free 1166.6 MB)
17/03/16 19:54:15 INFO storage.MemoryStore: Block broadcast_47_piece54 stored as bytes in memory (estimated size 4.0 MB, free 1170.6 MB)
17/03/16 19:54:15 INFO storage.MemoryStore: Block broadcast_47_piece15 stored as bytes in memory (estimated size 4.0 MB, free 1174.6 MB)
17/03/16 19:54:15 INFO storage.MemoryStore: Block broadcast_47_piece2 stored as bytes in memory (estimated size 4.0 MB, free 1178.6 MB)
17/03/16 19:54:15 INFO storage.MemoryStore: Block broadcast_47_piece82 stored as bytes in memory (estimated size 4.0 MB, free 1182.6 MB)
17/03/16 19:54:15 INFO storage.MemoryStore: Block broadcast_47_piece69 stored as bytes in memory (estimated size 4.0 MB, free 1186.6 MB)
17/03/16 19:54:15 INFO storage.MemoryStore: Block broadcast_47_piece3 stored as bytes in memory (estimated size 4.0 MB, free 1190.6 MB)
17/03/16 19:54:15 INFO storage.MemoryStore: Block broadcast_47_piece65 stored as bytes in memory (estimated size 4.0 MB, free 1194.6 MB)
17/03/16 19:54:15 INFO storage.MemoryStore: Block broadcast_47_piece35 stored as bytes in memory (estimated size 4.0 MB, free 1198.6 MB)
17/03/16 19:54:15 INFO storage.MemoryStore: Block broadcast_47_piece85 stored as bytes in memory (estimated size 4.0 MB, free 1202.6 MB)
17/03/16 19:54:15 INFO storage.MemoryStore: Block broadcast_47_piece58 stored as bytes in memory (estimated size 4.0 MB, free 1206.6 MB)
17/03/16 19:54:15 INFO storage.MemoryStore: Block broadcast_47_piece87 stored as bytes in memory (estimated size 4.0 MB, free 1210.6 MB)
17/03/16 19:54:15 INFO storage.MemoryStore: Block broadcast_47_piece74 stored as bytes in memory (estimated size 4.0 MB, free 1214.6 MB)
17/03/16 19:54:15 INFO storage.MemoryStore: Block broadcast_47_piece32 stored as bytes in memory (estimated size 4.0 MB, free 1218.6 MB)
17/03/16 19:54:15 INFO storage.MemoryStore: Block broadcast_47_piece7 stored as bytes in memory (estimated size 4.0 MB, free 1222.6 MB)
17/03/16 19:54:15 INFO storage.MemoryStore: Block broadcast_47_piece8 stored as bytes in memory (estimated size 4.0 MB, free 1226.6 MB)
17/03/16 19:54:15 INFO storage.MemoryStore: Block broadcast_47_piece11 stored as bytes in memory (estimated size 4.0 MB, free 1230.6 MB)
17/03/16 19:54:15 INFO storage.MemoryStore: Block broadcast_47_piece66 stored as bytes in memory (estimated size 4.0 MB, free 1234.6 MB)
17/03/16 19:54:15 INFO storage.MemoryStore: Block broadcast_47_piece96 stored as bytes in memory (estimated size 4.0 MB, free 1238.6 MB)
17/03/16 19:54:15 INFO broadcast.TorrentBroadcast: Reading broadcast variable 47 took 1996 ms
17/03/16 19:54:23 INFO storage.MemoryStore: Block broadcast_47 stored as values in memory (estimated size 384.0 B, free 1238.6 MB)
17/03/16 19:54:30 INFO python.PythonRunner: Times: total = 16944, boot = 14, init = 9363, finish = 7567
17/03/16 19:54:30 INFO executor.Executor: Finished task 19.0 in stage 31.0 (TID 1461). 1274 bytes result sent to driver
17/03/16 19:54:30 INFO python.PythonRunner: Times: total = 17058, boot = 21, init = 9356, finish = 7681
17/03/16 19:54:30 INFO python.PythonRunner: Times: total = 17067, boot = 4, init = 9375, finish = 7688
17/03/16 19:54:30 INFO python.PythonRunner: Times: total = 17080, boot = 3, init = 9374, finish = 7703
17/03/16 19:54:30 INFO python.PythonRunner: Times: total = 17159, boot = 7, init = 9371, finish = 7781
17/03/16 19:54:30 INFO python.PythonRunner: Times: total = 17163, boot = 18, init = 9360, finish = 7785
17/03/16 19:54:30 INFO executor.Executor: Finished task 31.0 in stage 31.0 (TID 1473). 1274 bytes result sent to driver
17/03/16 19:54:30 INFO executor.Executor: Finished task 43.0 in stage 31.0 (TID 1485). 1274 bytes result sent to driver
17/03/16 19:54:30 INFO executor.Executor: Finished task 1.0 in stage 31.0 (TID 1443). 1274 bytes result sent to driver
17/03/16 19:54:30 INFO python.PythonRunner: Times: total = 17248, boot = 25, init = 9352, finish = 7871
17/03/16 19:54:30 INFO executor.Executor: Finished task 25.0 in stage 31.0 (TID 1467). 1274 bytes result sent to driver
17/03/16 19:54:31 INFO executor.Executor: Finished task 7.0 in stage 31.0 (TID 1449). 1274 bytes result sent to driver
17/03/16 19:54:31 INFO python.PythonRunner: Times: total = 17303, boot = 11, init = 9367, finish = 7925
17/03/16 19:54:31 INFO executor.Executor: Finished task 37.0 in stage 31.0 (TID 1479). 1274 bytes result sent to driver
17/03/16 19:54:31 INFO executor.Executor: Finished task 13.0 in stage 31.0 (TID 1455). 1274 bytes result sent to driver
17/03/16 19:54:54 INFO executor.CoarseGrainedExecutorBackend: Got assigned task 1493
17/03/16 19:54:54 INFO executor.CoarseGrainedExecutorBackend: Got assigned task 1499
17/03/16 19:54:54 INFO executor.Executor: Running task 3.0 in stage 32.0 (TID 1493)
17/03/16 19:54:54 INFO executor.Executor: Running task 9.0 in stage 32.0 (TID 1499)
17/03/16 19:54:54 INFO executor.CoarseGrainedExecutorBackend: Got assigned task 1505
17/03/16 19:54:54 INFO executor.CoarseGrainedExecutorBackend: Got assigned task 1511
17/03/16 19:54:54 INFO executor.Executor: Running task 15.0 in stage 32.0 (TID 1505)
17/03/16 19:54:54 INFO executor.Executor: Running task 21.0 in stage 32.0 (TID 1511)
17/03/16 19:54:54 INFO executor.CoarseGrainedExecutorBackend: Got assigned task 1517
17/03/16 19:54:54 INFO spark.MapOutputTrackerWorker: Updating epoch to 16 and clearing cache
17/03/16 19:54:54 INFO executor.Executor: Running task 27.0 in stage 32.0 (TID 1517)
17/03/16 19:54:54 INFO executor.CoarseGrainedExecutorBackend: Got assigned task 1523
17/03/16 19:54:54 INFO executor.Executor: Running task 33.0 in stage 32.0 (TID 1523)
17/03/16 19:54:54 INFO executor.CoarseGrainedExecutorBackend: Got assigned task 1529
17/03/16 19:54:54 INFO broadcast.TorrentBroadcast: Started reading broadcast variable 49
17/03/16 19:54:54 INFO executor.CoarseGrainedExecutorBackend: Got assigned task 1535
17/03/16 19:54:54 INFO executor.Executor: Running task 39.0 in stage 32.0 (TID 1529)
17/03/16 19:54:54 INFO executor.Executor: Running task 45.0 in stage 32.0 (TID 1535)
17/03/16 19:54:54 INFO storage.MemoryStore: Block broadcast_49_piece0 stored as bytes in memory (estimated size 3.3 KB, free 1238.6 MB)
17/03/16 19:54:54 INFO broadcast.TorrentBroadcast: Reading broadcast variable 49 took 5 ms
17/03/16 19:54:54 INFO storage.MemoryStore: Block broadcast_49 stored as values in memory (estimated size 5.3 KB, free 1238.6 MB)
17/03/16 19:54:54 INFO spark.MapOutputTrackerWorker: Don't have map outputs for shuffle 15, fetching them
17/03/16 19:54:54 INFO spark.MapOutputTrackerWorker: Doing the fetch; tracker endpoint = NettyRpcEndpointRef(spark://MapOutputTracker@10.10.34.38:36751)
17/03/16 19:54:54 INFO spark.MapOutputTrackerWorker: Don't have map outputs for shuffle 15, fetching them
17/03/16 19:54:54 INFO spark.MapOutputTrackerWorker: Don't have map outputs for shuffle 15, fetching them
17/03/16 19:54:54 INFO spark.MapOutputTrackerWorker: Don't have map outputs for shuffle 15, fetching them
17/03/16 19:54:54 INFO spark.MapOutputTrackerWorker: Don't have map outputs for shuffle 15, fetching them
17/03/16 19:54:54 INFO spark.MapOutputTrackerWorker: Don't have map outputs for shuffle 15, fetching them
17/03/16 19:54:54 INFO spark.MapOutputTrackerWorker: Got the output locations
17/03/16 19:54:54 INFO spark.MapOutputTrackerWorker: Don't have map outputs for shuffle 15, fetching them
17/03/16 19:54:54 INFO storage.ShuffleBlockFetcherIterator: Getting 48 non-empty blocks out of 48 blocks
17/03/16 19:54:54 INFO storage.ShuffleBlockFetcherIterator: Getting 48 non-empty blocks out of 48 blocks
17/03/16 19:54:54 INFO storage.ShuffleBlockFetcherIterator: Getting 48 non-empty blocks out of 48 blocks
17/03/16 19:54:54 INFO storage.ShuffleBlockFetcherIterator: Getting 48 non-empty blocks out of 48 blocks
17/03/16 19:54:54 INFO storage.ShuffleBlockFetcherIterator: Started 6 remote fetches in 3 ms
17/03/16 19:54:54 INFO storage.ShuffleBlockFetcherIterator: Getting 48 non-empty blocks out of 48 blocks
17/03/16 19:54:54 INFO storage.ShuffleBlockFetcherIterator: Getting 48 non-empty blocks out of 48 blocks
17/03/16 19:54:54 INFO storage.ShuffleBlockFetcherIterator: Started 6 remote fetches in 3 ms
17/03/16 19:54:54 INFO storage.ShuffleBlockFetcherIterator: Getting 48 non-empty blocks out of 48 blocks
17/03/16 19:54:54 INFO storage.ShuffleBlockFetcherIterator: Getting 48 non-empty blocks out of 48 blocks
17/03/16 19:54:54 INFO storage.ShuffleBlockFetcherIterator: Started 6 remote fetches in 5 ms
17/03/16 19:54:54 INFO storage.ShuffleBlockFetcherIterator: Started 6 remote fetches in 4 ms
17/03/16 19:54:54 INFO storage.ShuffleBlockFetcherIterator: Started 6 remote fetches in 7 ms
17/03/16 19:54:54 INFO storage.ShuffleBlockFetcherIterator: Started 6 remote fetches in 3 ms
17/03/16 19:54:54 INFO storage.ShuffleBlockFetcherIterator: Started 6 remote fetches in 4 ms
17/03/16 19:54:54 INFO storage.ShuffleBlockFetcherIterator: Started 7 remote fetches in 5 ms
17/03/16 19:54:55 INFO python.PythonRunner: Times: total = 830, boot = -24077, init = 24080, finish = 827
17/03/16 19:54:55 INFO executor.Executor: Finished task 27.0 in stage 32.0 (TID 1517). 9543163 bytes result sent to driver
17/03/16 19:54:55 INFO python.PythonRunner: Times: total = 851, boot = -24086, init = 24090, finish = 847
17/03/16 19:54:55 INFO executor.Executor: Finished task 45.0 in stage 32.0 (TID 1535). 9556777 bytes result sent to driver
17/03/16 19:54:55 INFO python.PythonRunner: Times: total = 929, boot = -23986, init = 23997, finish = 918
17/03/16 19:54:55 INFO python.PythonRunner: Times: total = 935, boot = -23850, init = 23859, finish = 926
17/03/16 19:54:55 INFO python.PythonRunner: Times: total = 952, boot = -24095, init = 24099, finish = 948
17/03/16 19:54:55 INFO python.PythonRunner: Times: total = 959, boot = -24197, init = 24201, finish = 955
17/03/16 19:54:55 INFO python.PythonRunner: Times: total = 959, boot = -23911, init = 23926, finish = 944
17/03/16 19:54:55 INFO executor.Executor: Finished task 9.0 in stage 32.0 (TID 1499). 9565477 bytes result sent to driver
17/03/16 19:54:55 INFO python.PythonRunner: Times: total = 980, boot = -23995, init = 24009, finish = 966
17/03/16 19:54:55 INFO executor.Executor: Finished task 21.0 in stage 32.0 (TID 1511). 9567601 bytes result sent to driver
17/03/16 19:54:55 INFO executor.Executor: Finished task 33.0 in stage 32.0 (TID 1523). 9554245 bytes result sent to driver
17/03/16 19:54:55 INFO executor.Executor: Finished task 3.0 in stage 32.0 (TID 1493). 9548276 bytes result sent to driver
17/03/16 19:54:55 INFO executor.Executor: Finished task 39.0 in stage 32.0 (TID 1529). 9567210 bytes result sent to driver
17/03/16 19:54:55 INFO executor.Executor: Finished task 15.0 in stage 32.0 (TID 1505). 9571573 bytes result sent to driver
17/03/16 19:55:00 INFO storage.BlockManager: Removing RDD 93
17/03/16 19:55:00 INFO storage.BlockManager: Removing RDD 98
17/03/16 20:02:14 INFO executor.CoarseGrainedExecutorBackend: Got assigned task 1540
17/03/16 20:02:14 INFO executor.Executor: Running task 2.0 in stage 33.0 (TID 1540)
17/03/16 20:02:14 INFO broadcast.TorrentBroadcast: Started reading broadcast variable 51
17/03/16 20:02:14 INFO executor.CoarseGrainedExecutorBackend: Got assigned task 1546
17/03/16 20:02:14 INFO executor.Executor: Running task 8.0 in stage 33.0 (TID 1546)
17/03/16 20:02:14 INFO executor.CoarseGrainedExecutorBackend: Got assigned task 1552
17/03/16 20:02:14 INFO executor.Executor: Running task 14.0 in stage 33.0 (TID 1552)
17/03/16 20:02:14 INFO executor.CoarseGrainedExecutorBackend: Got assigned task 1558
17/03/16 20:02:14 INFO executor.Executor: Running task 20.0 in stage 33.0 (TID 1558)
17/03/16 20:02:14 INFO executor.CoarseGrainedExecutorBackend: Got assigned task 1564
17/03/16 20:02:14 INFO executor.Executor: Running task 26.0 in stage 33.0 (TID 1564)
17/03/16 20:02:14 INFO storage.MemoryStore: Block broadcast_51_piece0 stored as bytes in memory (estimated size 5.4 KB, free 1238.6 MB)
17/03/16 20:02:14 INFO executor.CoarseGrainedExecutorBackend: Got assigned task 1570
17/03/16 20:02:14 INFO executor.Executor: Running task 32.0 in stage 33.0 (TID 1570)
17/03/16 20:02:14 INFO executor.CoarseGrainedExecutorBackend: Got assigned task 1576
17/03/16 20:02:14 INFO executor.Executor: Running task 38.0 in stage 33.0 (TID 1576)
17/03/16 20:02:14 INFO broadcast.TorrentBroadcast: Reading broadcast variable 51 took 19 ms
17/03/16 20:02:14 INFO executor.CoarseGrainedExecutorBackend: Got assigned task 1582
17/03/16 20:02:14 INFO storage.MemoryStore: Block broadcast_51 stored as values in memory (estimated size 8.6 KB, free 1238.6 MB)
17/03/16 20:02:14 INFO executor.Executor: Running task 44.0 in stage 33.0 (TID 1582)
17/03/16 20:02:14 INFO broadcast.TorrentBroadcast: Started reading broadcast variable 50
17/03/16 20:02:14 INFO storage.MemoryStore: Block broadcast_50_piece52 stored as bytes in memory (estimated size 4.0 MB, free 1242.6 MB)
17/03/16 20:02:14 INFO storage.MemoryStore: Block broadcast_50_piece67 stored as bytes in memory (estimated size 4.0 MB, free 1246.6 MB)
17/03/16 20:02:14 INFO storage.MemoryStore: Block broadcast_50_piece21 stored as bytes in memory (estimated size 4.0 MB, free 1250.6 MB)
17/03/16 20:02:14 INFO storage.MemoryStore: Block broadcast_50_piece43 stored as bytes in memory (estimated size 4.0 MB, free 1254.6 MB)
17/03/16 20:02:14 INFO storage.MemoryStore: Block broadcast_50_piece2 stored as bytes in memory (estimated size 4.0 MB, free 1258.6 MB)
17/03/16 20:02:14 INFO storage.MemoryStore: Block broadcast_50_piece76 stored as bytes in memory (estimated size 4.0 MB, free 1262.6 MB)
17/03/16 20:02:14 INFO storage.MemoryStore: Block broadcast_50_piece59 stored as bytes in memory (estimated size 4.0 MB, free 1266.6 MB)
17/03/16 20:02:14 INFO storage.MemoryStore: Block broadcast_50_piece72 stored as bytes in memory (estimated size 4.0 MB, free 1270.6 MB)
17/03/16 20:02:14 INFO storage.MemoryStore: Block broadcast_50_piece93 stored as bytes in memory (estimated size 4.0 MB, free 1274.6 MB)
17/03/16 20:02:14 INFO storage.MemoryStore: Block broadcast_50_piece75 stored as bytes in memory (estimated size 4.0 MB, free 1278.6 MB)
17/03/16 20:02:14 INFO storage.MemoryStore: Block broadcast_50_piece90 stored as bytes in memory (estimated size 4.0 MB, free 1282.6 MB)
17/03/16 20:02:14 INFO storage.MemoryStore: Block broadcast_50_piece89 stored as bytes in memory (estimated size 4.0 MB, free 1286.6 MB)
17/03/16 20:02:14 INFO storage.MemoryStore: Block broadcast_50_piece74 stored as bytes in memory (estimated size 4.0 MB, free 1290.6 MB)
17/03/16 20:02:14 INFO storage.MemoryStore: Block broadcast_50_piece51 stored as bytes in memory (estimated size 4.0 MB, free 1294.6 MB)
17/03/16 20:02:14 INFO storage.MemoryStore: Block broadcast_50_piece88 stored as bytes in memory (estimated size 4.0 MB, free 1298.6 MB)
17/03/16 20:02:14 INFO storage.MemoryStore: Block broadcast_50_piece63 stored as bytes in memory (estimated size 4.0 MB, free 1302.6 MB)
17/03/16 20:02:14 INFO storage.MemoryStore: Block broadcast_50_piece15 stored as bytes in memory (estimated size 4.0 MB, free 1306.6 MB)
17/03/16 20:02:14 INFO storage.MemoryStore: Block broadcast_50_piece83 stored as bytes in memory (estimated size 4.0 MB, free 1310.6 MB)
17/03/16 20:02:14 INFO storage.MemoryStore: Block broadcast_50_piece3 stored as bytes in memory (estimated size 4.0 MB, free 1314.6 MB)
17/03/16 20:02:14 INFO storage.MemoryStore: Block broadcast_50_piece14 stored as bytes in memory (estimated size 4.0 MB, free 1318.6 MB)
17/03/16 20:02:14 INFO storage.MemoryStore: Block broadcast_50_piece95 stored as bytes in memory (estimated size 4.0 MB, free 1322.6 MB)
17/03/16 20:02:14 INFO storage.MemoryStore: Block broadcast_50_piece82 stored as bytes in memory (estimated size 4.0 MB, free 1326.6 MB)
17/03/16 20:02:14 INFO storage.MemoryStore: Block broadcast_50_piece49 stored as bytes in memory (estimated size 4.0 MB, free 1330.6 MB)
17/03/16 20:02:14 INFO storage.MemoryStore: Block broadcast_50_piece92 stored as bytes in memory (estimated size 4.0 MB, free 1334.6 MB)
17/03/16 20:02:14 INFO storage.MemoryStore: Block broadcast_50_piece13 stored as bytes in memory (estimated size 4.0 MB, free 1338.6 MB)
17/03/16 20:02:14 INFO storage.MemoryStore: Block broadcast_50_piece100 stored as bytes in memory (estimated size 4.0 MB, free 1342.6 MB)
17/03/16 20:02:14 INFO storage.MemoryStore: Block broadcast_50_piece58 stored as bytes in memory (estimated size 4.0 MB, free 1346.6 MB)
17/03/16 20:02:14 INFO storage.MemoryStore: Block broadcast_50_piece73 stored as bytes in memory (estimated size 4.0 MB, free 1350.6 MB)
17/03/16 20:02:14 INFO storage.MemoryStore: Block broadcast_50_piece55 stored as bytes in memory (estimated size 4.0 MB, free 1354.6 MB)
17/03/16 20:02:14 INFO storage.MemoryStore: Block broadcast_50_piece34 stored as bytes in memory (estimated size 4.0 MB, free 1358.6 MB)
17/03/16 20:02:14 INFO storage.MemoryStore: Block broadcast_50_piece66 stored as bytes in memory (estimated size 4.0 MB, free 1362.6 MB)
17/03/16 20:02:14 INFO storage.MemoryStore: Block broadcast_50_piece50 stored as bytes in memory (estimated size 4.0 MB, free 1366.6 MB)
17/03/16 20:02:14 INFO storage.MemoryStore: Block broadcast_50_piece39 stored as bytes in memory (estimated size 4.0 MB, free 1370.6 MB)
17/03/16 20:02:14 INFO storage.MemoryStore: Block broadcast_50_piece77 stored as bytes in memory (estimated size 4.0 MB, free 1374.6 MB)
17/03/16 20:02:15 INFO storage.MemoryStore: Block broadcast_50_piece8 stored as bytes in memory (estimated size 4.0 MB, free 1378.6 MB)
17/03/16 20:02:15 INFO storage.MemoryStore: Block broadcast_50_piece64 stored as bytes in memory (estimated size 4.0 MB, free 1382.6 MB)
17/03/16 20:02:15 INFO storage.MemoryStore: Block broadcast_50_piece84 stored as bytes in memory (estimated size 4.0 MB, free 1386.6 MB)
17/03/16 20:02:15 INFO storage.MemoryStore: Block broadcast_50_piece85 stored as bytes in memory (estimated size 4.0 MB, free 1390.6 MB)
17/03/16 20:02:15 INFO storage.MemoryStore: Block broadcast_50_piece23 stored as bytes in memory (estimated size 4.0 MB, free 1394.6 MB)
17/03/16 20:02:15 INFO storage.MemoryStore: Block broadcast_50_piece7 stored as bytes in memory (estimated size 4.0 MB, free 1398.6 MB)
17/03/16 20:02:15 INFO storage.MemoryStore: Block broadcast_50_piece101 stored as bytes in memory (estimated size 4.0 MB, free 1402.6 MB)
17/03/16 20:02:15 INFO storage.MemoryStore: Block broadcast_50_piece25 stored as bytes in memory (estimated size 4.0 MB, free 1406.6 MB)
17/03/16 20:02:15 INFO storage.MemoryStore: Block broadcast_50_piece65 stored as bytes in memory (estimated size 4.0 MB, free 1410.6 MB)
17/03/16 20:02:15 INFO storage.MemoryStore: Block broadcast_50_piece29 stored as bytes in memory (estimated size 4.0 MB, free 1414.6 MB)
17/03/16 20:02:15 INFO storage.MemoryStore: Block broadcast_50_piece102 stored as bytes in memory (estimated size 4.0 MB, free 1418.6 MB)
17/03/16 20:02:15 INFO storage.MemoryStore: Block broadcast_50_piece12 stored as bytes in memory (estimated size 4.0 MB, free 1422.6 MB)
17/03/16 20:02:15 INFO storage.MemoryStore: Block broadcast_50_piece61 stored as bytes in memory (estimated size 4.0 MB, free 1426.6 MB)
17/03/16 20:02:15 INFO storage.MemoryStore: Block broadcast_50_piece24 stored as bytes in memory (estimated size 4.0 MB, free 1430.6 MB)
17/03/16 20:02:15 INFO storage.MemoryStore: Block broadcast_50_piece20 stored as bytes in memory (estimated size 4.0 MB, free 1434.6 MB)
17/03/16 20:02:15 INFO storage.MemoryStore: Block broadcast_50_piece28 stored as bytes in memory (estimated size 4.0 MB, free 1438.6 MB)
17/03/16 20:02:15 INFO storage.MemoryStore: Block broadcast_50_piece9 stored as bytes in memory (estimated size 4.0 MB, free 1442.6 MB)
17/03/16 20:02:15 INFO storage.MemoryStore: Block broadcast_50_piece27 stored as bytes in memory (estimated size 4.0 MB, free 1446.6 MB)
17/03/16 20:02:15 INFO storage.MemoryStore: Block broadcast_50_piece22 stored as bytes in memory (estimated size 4.0 MB, free 1450.6 MB)
17/03/16 20:02:15 INFO storage.MemoryStore: Block broadcast_50_piece79 stored as bytes in memory (estimated size 4.0 MB, free 1454.6 MB)
17/03/16 20:02:15 INFO storage.MemoryStore: Block broadcast_50_piece54 stored as bytes in memory (estimated size 4.0 MB, free 1458.6 MB)
17/03/16 20:02:15 INFO storage.MemoryStore: Block broadcast_50_piece5 stored as bytes in memory (estimated size 4.0 MB, free 1462.6 MB)
17/03/16 20:02:15 INFO storage.MemoryStore: Block broadcast_50_piece19 stored as bytes in memory (estimated size 4.0 MB, free 1466.6 MB)
17/03/16 20:02:15 INFO storage.MemoryStore: Block broadcast_50_piece41 stored as bytes in memory (estimated size 4.0 MB, free 1470.6 MB)
17/03/16 20:02:15 INFO storage.MemoryStore: Block broadcast_50_piece10 stored as bytes in memory (estimated size 4.0 MB, free 1474.6 MB)
17/03/16 20:02:15 INFO storage.MemoryStore: Block broadcast_50_piece81 stored as bytes in memory (estimated size 4.0 MB, free 1478.6 MB)
17/03/16 20:02:15 INFO storage.MemoryStore: Block broadcast_50_piece30 stored as bytes in memory (estimated size 4.0 MB, free 1482.6 MB)
17/03/16 20:02:15 INFO storage.MemoryStore: Block broadcast_50_piece98 stored as bytes in memory (estimated size 4.0 MB, free 1486.6 MB)
17/03/16 20:02:15 INFO storage.MemoryStore: Block broadcast_50_piece6 stored as bytes in memory (estimated size 4.0 MB, free 1490.6 MB)
17/03/16 20:02:15 INFO storage.MemoryStore: Block broadcast_50_piece1 stored as bytes in memory (estimated size 4.0 MB, free 1494.6 MB)
17/03/16 20:02:15 INFO storage.MemoryStore: Block broadcast_50_piece0 stored as bytes in memory (estimated size 4.0 MB, free 1498.6 MB)
17/03/16 20:02:15 INFO storage.MemoryStore: Block broadcast_50_piece60 stored as bytes in memory (estimated size 4.0 MB, free 1502.6 MB)
17/03/16 20:02:15 INFO storage.MemoryStore: Block broadcast_50_piece36 stored as bytes in memory (estimated size 4.0 MB, free 1506.6 MB)
17/03/16 20:02:15 INFO storage.MemoryStore: Block broadcast_50_piece35 stored as bytes in memory (estimated size 4.0 MB, free 1510.6 MB)
17/03/16 20:02:15 INFO storage.MemoryStore: Block broadcast_50_piece47 stored as bytes in memory (estimated size 4.0 MB, free 1514.6 MB)
17/03/16 20:02:15 INFO storage.MemoryStore: Block broadcast_50_piece11 stored as bytes in memory (estimated size 4.0 MB, free 1518.6 MB)
17/03/16 20:02:15 INFO storage.MemoryStore: Block broadcast_50_piece94 stored as bytes in memory (estimated size 4.0 MB, free 1522.6 MB)
17/03/16 20:02:15 INFO storage.MemoryStore: Block broadcast_50_piece91 stored as bytes in memory (estimated size 4.0 MB, free 1526.6 MB)
17/03/16 20:02:15 INFO storage.MemoryStore: Block broadcast_50_piece53 stored as bytes in memory (estimated size 4.0 MB, free 1530.6 MB)
17/03/16 20:02:15 INFO storage.MemoryStore: Block broadcast_50_piece80 stored as bytes in memory (estimated size 4.0 MB, free 1534.6 MB)
17/03/16 20:02:15 INFO storage.MemoryStore: Block broadcast_50_piece70 stored as bytes in memory (estimated size 4.0 MB, free 1538.6 MB)
17/03/16 20:02:15 INFO storage.MemoryStore: Block broadcast_50_piece62 stored as bytes in memory (estimated size 4.0 MB, free 1542.6 MB)
17/03/16 20:02:15 INFO storage.MemoryStore: Block broadcast_50_piece18 stored as bytes in memory (estimated size 4.0 MB, free 1546.6 MB)
17/03/16 20:02:15 INFO storage.MemoryStore: Block broadcast_50_piece42 stored as bytes in memory (estimated size 4.0 MB, free 1550.6 MB)
17/03/16 20:02:15 INFO storage.MemoryStore: Block broadcast_50_piece17 stored as bytes in memory (estimated size 4.0 MB, free 1554.6 MB)
17/03/16 20:02:15 INFO storage.MemoryStore: Block broadcast_50_piece4 stored as bytes in memory (estimated size 4.0 MB, free 1558.6 MB)
17/03/16 20:02:15 INFO storage.MemoryStore: Block broadcast_50_piece87 stored as bytes in memory (estimated size 4.0 MB, free 1562.6 MB)
17/03/16 20:02:15 INFO storage.MemoryStore: Block broadcast_50_piece44 stored as bytes in memory (estimated size 4.0 MB, free 1566.6 MB)
17/03/16 20:02:15 INFO storage.MemoryStore: Block broadcast_50_piece40 stored as bytes in memory (estimated size 4.0 MB, free 1570.6 MB)
17/03/16 20:02:16 INFO storage.MemoryStore: Block broadcast_50_piece46 stored as bytes in memory (estimated size 4.0 MB, free 1574.6 MB)
17/03/16 20:02:16 INFO storage.MemoryStore: Block broadcast_50_piece86 stored as bytes in memory (estimated size 4.0 MB, free 1578.6 MB)
17/03/16 20:02:16 INFO storage.MemoryStore: Block broadcast_50_piece48 stored as bytes in memory (estimated size 4.0 MB, free 1582.6 MB)
17/03/16 20:02:16 INFO storage.MemoryStore: Block broadcast_50_piece37 stored as bytes in memory (estimated size 4.0 MB, free 1586.6 MB)
17/03/16 20:02:16 INFO storage.MemoryStore: Block broadcast_50_piece68 stored as bytes in memory (estimated size 4.0 MB, free 1590.6 MB)
17/03/16 20:02:16 INFO storage.MemoryStore: Block broadcast_50_piece69 stored as bytes in memory (estimated size 4.0 MB, free 1594.6 MB)
17/03/16 20:02:16 INFO storage.MemoryStore: Block broadcast_50_piece99 stored as bytes in memory (estimated size 4.0 MB, free 1598.6 MB)
17/03/16 20:02:16 INFO storage.MemoryStore: Block broadcast_50_piece56 stored as bytes in memory (estimated size 4.0 MB, free 1602.6 MB)
17/03/16 20:02:16 INFO storage.MemoryStore: Block broadcast_50_piece96 stored as bytes in memory (estimated size 4.0 MB, free 1606.6 MB)
17/03/16 20:02:16 INFO storage.MemoryStore: Block broadcast_50_piece32 stored as bytes in memory (estimated size 4.0 MB, free 1610.6 MB)
17/03/16 20:02:16 INFO storage.MemoryStore: Block broadcast_50_piece38 stored as bytes in memory (estimated size 4.0 MB, free 1614.6 MB)
17/03/16 20:02:16 INFO storage.MemoryStore: Block broadcast_50_piece57 stored as bytes in memory (estimated size 4.0 MB, free 1618.6 MB)
17/03/16 20:02:16 INFO storage.MemoryStore: Block broadcast_50_piece31 stored as bytes in memory (estimated size 4.0 MB, free 1622.6 MB)
17/03/16 20:02:16 INFO storage.MemoryStore: Block broadcast_50_piece26 stored as bytes in memory (estimated size 4.0 MB, free 1626.6 MB)
17/03/16 20:02:16 INFO storage.MemoryStore: Block broadcast_50_piece33 stored as bytes in memory (estimated size 4.0 MB, free 1630.6 MB)
17/03/16 20:02:16 INFO storage.MemoryStore: Block broadcast_50_piece78 stored as bytes in memory (estimated size 4.0 MB, free 1634.6 MB)
17/03/16 20:02:16 INFO storage.MemoryStore: Block broadcast_50_piece103 stored as bytes in memory (estimated size 583.1 KB, free 1635.1 MB)
17/03/16 20:02:16 INFO storage.MemoryStore: Block broadcast_50_piece71 stored as bytes in memory (estimated size 4.0 MB, free 1639.1 MB)
17/03/16 20:02:16 INFO storage.MemoryStore: Block broadcast_50_piece97 stored as bytes in memory (estimated size 4.0 MB, free 1643.1 MB)
17/03/16 20:02:16 INFO storage.MemoryStore: Block broadcast_50_piece16 stored as bytes in memory (estimated size 4.0 MB, free 1647.1 MB)
17/03/16 20:02:16 INFO storage.MemoryStore: Block broadcast_50_piece45 stored as bytes in memory (estimated size 4.0 MB, free 1651.1 MB)
17/03/16 20:02:16 INFO broadcast.TorrentBroadcast: Reading broadcast variable 50 took 2070 ms
17/03/16 20:02:23 INFO storage.MemoryStore: Block broadcast_50 stored as values in memory (estimated size 384.0 B, free 1651.1 MB)
17/03/16 20:02:31 INFO python.PythonRunner: Times: total = 17108, boot = 7, init = 8951, finish = 8150
17/03/16 20:02:31 INFO python.PythonRunner: Times: total = 17118, boot = 21, init = 8935, finish = 8162
17/03/16 20:02:31 INFO python.PythonRunner: Times: total = 17122, boot = 10, init = 8947, finish = 8165
17/03/16 20:02:31 INFO python.PythonRunner: Times: total = 17143, boot = 14, init = 8943, finish = 8186
17/03/16 20:02:31 INFO python.PythonRunner: Times: total = 17152, boot = 24, init = 8932, finish = 8196
17/03/16 20:02:31 INFO python.PythonRunner: Times: total = 17159, boot = 18, init = 8939, finish = 8202
17/03/16 20:02:31 INFO executor.Executor: Finished task 32.0 in stage 33.0 (TID 1570). 1274 bytes result sent to driver
17/03/16 20:02:31 INFO executor.Executor: Finished task 14.0 in stage 33.0 (TID 1552). 1274 bytes result sent to driver
17/03/16 20:02:31 INFO executor.Executor: Finished task 44.0 in stage 33.0 (TID 1582). 1274 bytes result sent to driver
17/03/16 20:02:31 INFO executor.Executor: Finished task 38.0 in stage 33.0 (TID 1576). 1274 bytes result sent to driver
17/03/16 20:02:31 INFO executor.Executor: Finished task 20.0 in stage 33.0 (TID 1558). 1274 bytes result sent to driver
17/03/16 20:02:31 INFO executor.Executor: Finished task 26.0 in stage 33.0 (TID 1564). 1274 bytes result sent to driver
17/03/16 20:02:31 INFO python.PythonRunner: Times: total = 17365, boot = 3, init = 8952, finish = 8410
17/03/16 20:02:31 INFO python.PythonRunner: Times: total = 17362, boot = 3, init = 8954, finish = 8405
17/03/16 20:02:31 INFO executor.Executor: Finished task 8.0 in stage 33.0 (TID 1546). 1274 bytes result sent to driver
17/03/16 20:02:31 INFO executor.Executor: Finished task 2.0 in stage 33.0 (TID 1540). 1274 bytes result sent to driver
17/03/16 20:02:56 INFO executor.CoarseGrainedExecutorBackend: Got assigned task 1586
17/03/16 20:02:56 INFO executor.CoarseGrainedExecutorBackend: Got assigned task 1592
17/03/16 20:02:56 INFO executor.Executor: Running task 0.0 in stage 34.0 (TID 1586)
17/03/16 20:02:56 INFO executor.Executor: Running task 6.0 in stage 34.0 (TID 1592)
17/03/16 20:02:56 INFO executor.CoarseGrainedExecutorBackend: Got assigned task 1598
17/03/16 20:02:56 INFO executor.Executor: Running task 12.0 in stage 34.0 (TID 1598)
17/03/16 20:02:56 INFO executor.CoarseGrainedExecutorBackend: Got assigned task 1604
17/03/16 20:02:56 INFO spark.MapOutputTrackerWorker: Updating epoch to 17 and clearing cache
17/03/16 20:02:56 INFO executor.CoarseGrainedExecutorBackend: Got assigned task 1610
17/03/16 20:02:56 INFO executor.Executor: Running task 18.0 in stage 34.0 (TID 1604)
17/03/16 20:02:56 INFO executor.Executor: Running task 24.0 in stage 34.0 (TID 1610)
17/03/16 20:02:56 INFO executor.CoarseGrainedExecutorBackend: Got assigned task 1616
17/03/16 20:02:56 INFO executor.Executor: Running task 30.0 in stage 34.0 (TID 1616)
17/03/16 20:02:56 INFO broadcast.TorrentBroadcast: Started reading broadcast variable 52
17/03/16 20:02:56 INFO executor.CoarseGrainedExecutorBackend: Got assigned task 1622
17/03/16 20:02:56 INFO executor.CoarseGrainedExecutorBackend: Got assigned task 1628
17/03/16 20:02:56 INFO executor.Executor: Running task 36.0 in stage 34.0 (TID 1622)
17/03/16 20:02:56 INFO executor.Executor: Running task 42.0 in stage 34.0 (TID 1628)
17/03/16 20:02:56 INFO storage.MemoryStore: Block broadcast_52_piece0 stored as bytes in memory (estimated size 3.3 KB, free 1651.1 MB)
17/03/16 20:02:56 INFO broadcast.TorrentBroadcast: Reading broadcast variable 52 took 6 ms
17/03/16 20:02:56 INFO storage.MemoryStore: Block broadcast_52 stored as values in memory (estimated size 5.3 KB, free 1651.1 MB)
17/03/16 20:02:56 INFO spark.MapOutputTrackerWorker: Don't have map outputs for shuffle 16, fetching them
17/03/16 20:02:56 INFO spark.MapOutputTrackerWorker: Doing the fetch; tracker endpoint = NettyRpcEndpointRef(spark://MapOutputTracker@10.10.34.38:36751)
17/03/16 20:02:56 INFO spark.MapOutputTrackerWorker: Don't have map outputs for shuffle 16, fetching them
17/03/16 20:02:56 INFO spark.MapOutputTrackerWorker: Don't have map outputs for shuffle 16, fetching them
17/03/16 20:02:56 INFO spark.MapOutputTrackerWorker: Don't have map outputs for shuffle 16, fetching them
17/03/16 20:02:56 INFO spark.MapOutputTrackerWorker: Don't have map outputs for shuffle 16, fetching them
17/03/16 20:02:56 INFO spark.MapOutputTrackerWorker: Don't have map outputs for shuffle 16, fetching them
17/03/16 20:02:56 INFO spark.MapOutputTrackerWorker: Don't have map outputs for shuffle 16, fetching them
17/03/16 20:02:56 INFO spark.MapOutputTrackerWorker: Don't have map outputs for shuffle 16, fetching them
17/03/16 20:02:56 INFO spark.MapOutputTrackerWorker: Got the output locations
17/03/16 20:02:56 INFO storage.ShuffleBlockFetcherIterator: Getting 48 non-empty blocks out of 48 blocks
17/03/16 20:02:56 INFO storage.ShuffleBlockFetcherIterator: Getting 48 non-empty blocks out of 48 blocks
17/03/16 20:02:56 INFO storage.ShuffleBlockFetcherIterator: Getting 48 non-empty blocks out of 48 blocks
17/03/16 20:02:56 INFO storage.ShuffleBlockFetcherIterator: Getting 48 non-empty blocks out of 48 blocks
17/03/16 20:02:56 INFO storage.ShuffleBlockFetcherIterator: Getting 48 non-empty blocks out of 48 blocks
17/03/16 20:02:56 INFO storage.ShuffleBlockFetcherIterator: Started 5 remote fetches in 4 ms
17/03/16 20:02:56 INFO storage.ShuffleBlockFetcherIterator: Started 7 remote fetches in 4 ms
17/03/16 20:02:56 INFO storage.ShuffleBlockFetcherIterator: Started 7 remote fetches in 3 ms
17/03/16 20:02:56 INFO storage.ShuffleBlockFetcherIterator: Getting 48 non-empty blocks out of 48 blocks
17/03/16 20:02:56 INFO storage.ShuffleBlockFetcherIterator: Getting 48 non-empty blocks out of 48 blocks
17/03/16 20:02:56 INFO storage.ShuffleBlockFetcherIterator: Started 8 remote fetches in 4 ms
17/03/16 20:02:56 INFO storage.ShuffleBlockFetcherIterator: Started 6 remote fetches in 3 ms
17/03/16 20:02:56 INFO storage.ShuffleBlockFetcherIterator: Getting 48 non-empty blocks out of 48 blocks
17/03/16 20:02:56 INFO storage.ShuffleBlockFetcherIterator: Started 6 remote fetches in 4 ms
17/03/16 20:02:56 INFO storage.ShuffleBlockFetcherIterator: Started 7 remote fetches in 5 ms
17/03/16 20:02:56 INFO storage.ShuffleBlockFetcherIterator: Started 8 remote fetches in 5 ms
17/03/16 20:02:57 INFO python.PythonRunner: Times: total = 836, boot = -24808, init = 24810, finish = 834
17/03/16 20:02:57 INFO executor.Executor: Finished task 42.0 in stage 34.0 (TID 1628). 9563320 bytes result sent to driver
17/03/16 20:02:57 INFO python.PythonRunner: Times: total = 902, boot = -24775, init = 24779, finish = 898
17/03/16 20:02:57 INFO executor.Executor: Finished task 24.0 in stage 34.0 (TID 1610). 9555435 bytes result sent to driver
17/03/16 20:02:57 INFO python.PythonRunner: Times: total = 947, boot = -24779, init = 24789, finish = 937
17/03/16 20:02:57 INFO python.PythonRunner: Times: total = 959, boot = -24823, init = 24826, finish = 956
17/03/16 20:02:57 INFO python.PythonRunner: Times: total = 957, boot = -24783, init = 24786, finish = 954
17/03/16 20:02:57 INFO python.PythonRunner: Times: total = 955, boot = -24569, init = 24579, finish = 945
17/03/16 20:02:57 INFO python.PythonRunner: Times: total = 966, boot = -24572, init = 24578, finish = 960
17/03/16 20:02:57 INFO python.PythonRunner: Times: total = 979, boot = -24811, init = 24817, finish = 973
17/03/16 20:02:57 INFO executor.Executor: Finished task 6.0 in stage 34.0 (TID 1592). 9565372 bytes result sent to driver
17/03/16 20:02:57 INFO executor.Executor: Finished task 12.0 in stage 34.0 (TID 1598). 9558991 bytes result sent to driver
17/03/16 20:02:57 INFO executor.Executor: Finished task 30.0 in stage 34.0 (TID 1616). 9563794 bytes result sent to driver
17/03/16 20:02:57 INFO executor.Executor: Finished task 18.0 in stage 34.0 (TID 1604). 9534702 bytes result sent to driver
17/03/16 20:02:57 INFO executor.Executor: Finished task 36.0 in stage 34.0 (TID 1622). 9541558 bytes result sent to driver
17/03/16 20:02:57 INFO executor.Executor: Finished task 0.0 in stage 34.0 (TID 1586). 9547860 bytes result sent to driver
17/03/16 20:03:01 INFO storage.BlockManager: Removing RDD 99
17/03/16 20:03:01 INFO storage.BlockManager: Removing RDD 104
17/03/16 20:10:15 INFO executor.CoarseGrainedExecutorBackend: Got assigned task 1636
17/03/16 20:10:15 INFO executor.Executor: Running task 2.0 in stage 35.0 (TID 1636)
17/03/16 20:10:15 INFO executor.CoarseGrainedExecutorBackend: Got assigned task 1642
17/03/16 20:10:15 INFO executor.Executor: Running task 8.0 in stage 35.0 (TID 1642)
17/03/16 20:10:15 INFO broadcast.TorrentBroadcast: Started reading broadcast variable 54
17/03/16 20:10:15 INFO executor.CoarseGrainedExecutorBackend: Got assigned task 1648
17/03/16 20:10:15 INFO executor.Executor: Running task 14.0 in stage 35.0 (TID 1648)
17/03/16 20:10:15 INFO executor.CoarseGrainedExecutorBackend: Got assigned task 1654
17/03/16 20:10:15 INFO executor.Executor: Running task 20.0 in stage 35.0 (TID 1654)
17/03/16 20:10:15 INFO executor.CoarseGrainedExecutorBackend: Got assigned task 1660
17/03/16 20:10:15 INFO executor.Executor: Running task 26.0 in stage 35.0 (TID 1660)
17/03/16 20:10:15 INFO executor.CoarseGrainedExecutorBackend: Got assigned task 1666
17/03/16 20:10:15 INFO executor.Executor: Running task 32.0 in stage 35.0 (TID 1666)
17/03/16 20:10:15 INFO executor.CoarseGrainedExecutorBackend: Got assigned task 1672
17/03/16 20:10:15 INFO executor.Executor: Running task 38.0 in stage 35.0 (TID 1672)
17/03/16 20:10:15 INFO executor.CoarseGrainedExecutorBackend: Got assigned task 1678
17/03/16 20:10:15 INFO executor.Executor: Running task 44.0 in stage 35.0 (TID 1678)
17/03/16 20:10:15 INFO storage.MemoryStore: Block broadcast_54_piece0 stored as bytes in memory (estimated size 5.4 KB, free 1651.1 MB)
17/03/16 20:10:15 INFO broadcast.TorrentBroadcast: Reading broadcast variable 54 took 19 ms
17/03/16 20:10:15 INFO storage.MemoryStore: Block broadcast_54 stored as values in memory (estimated size 8.6 KB, free 1651.1 MB)
17/03/16 20:10:15 INFO broadcast.TorrentBroadcast: Started reading broadcast variable 53
17/03/16 20:10:15 INFO storage.MemoryStore: Block broadcast_53_piece67 stored as bytes in memory (estimated size 4.0 MB, free 1655.1 MB)
17/03/16 20:10:15 INFO storage.MemoryStore: Block broadcast_53_piece103 stored as bytes in memory (estimated size 506.1 KB, free 1655.6 MB)
17/03/16 20:10:15 INFO storage.MemoryStore: Block broadcast_53_piece52 stored as bytes in memory (estimated size 4.0 MB, free 1659.6 MB)
17/03/16 20:10:15 INFO storage.MemoryStore: Block broadcast_53_piece27 stored as bytes in memory (estimated size 4.0 MB, free 1663.6 MB)
17/03/16 20:10:15 INFO storage.MemoryStore: Block broadcast_53_piece42 stored as bytes in memory (estimated size 4.0 MB, free 1667.6 MB)
17/03/16 20:10:15 INFO storage.MemoryStore: Block broadcast_53_piece75 stored as bytes in memory (estimated size 4.0 MB, free 1671.6 MB)
17/03/16 20:10:15 INFO storage.MemoryStore: Block broadcast_53_piece101 stored as bytes in memory (estimated size 4.0 MB, free 1675.6 MB)
17/03/16 20:10:15 INFO storage.MemoryStore: Block broadcast_53_piece35 stored as bytes in memory (estimated size 4.0 MB, free 1679.6 MB)
17/03/16 20:10:15 INFO storage.MemoryStore: Block broadcast_53_piece74 stored as bytes in memory (estimated size 4.0 MB, free 1683.6 MB)
17/03/16 20:10:15 INFO storage.MemoryStore: Block broadcast_53_piece49 stored as bytes in memory (estimated size 4.0 MB, free 1687.6 MB)
17/03/16 20:10:15 INFO storage.MemoryStore: Block broadcast_53_piece71 stored as bytes in memory (estimated size 4.0 MB, free 1691.6 MB)
17/03/16 20:10:15 INFO storage.MemoryStore: Block broadcast_53_piece58 stored as bytes in memory (estimated size 4.0 MB, free 1695.6 MB)
17/03/16 20:10:15 INFO storage.MemoryStore: Block broadcast_53_piece41 stored as bytes in memory (estimated size 4.0 MB, free 1699.6 MB)
17/03/16 20:10:15 INFO storage.MemoryStore: Block broadcast_53_piece47 stored as bytes in memory (estimated size 4.0 MB, free 1703.6 MB)
17/03/16 20:10:15 INFO storage.MemoryStore: Block broadcast_53_piece31 stored as bytes in memory (estimated size 4.0 MB, free 1707.6 MB)
17/03/16 20:10:15 INFO storage.MemoryStore: Block broadcast_53_piece22 stored as bytes in memory (estimated size 4.0 MB, free 1711.6 MB)
17/03/16 20:10:15 INFO storage.MemoryStore: Block broadcast_53_piece97 stored as bytes in memory (estimated size 4.0 MB, free 1715.6 MB)
17/03/16 20:10:16 INFO storage.MemoryStore: Block broadcast_53_piece94 stored as bytes in memory (estimated size 4.0 MB, free 1719.6 MB)
17/03/16 20:10:16 INFO storage.MemoryStore: Block broadcast_53_piece23 stored as bytes in memory (estimated size 4.0 MB, free 1723.6 MB)
17/03/16 20:10:16 INFO storage.MemoryStore: Block broadcast_53_piece95 stored as bytes in memory (estimated size 4.0 MB, free 1727.6 MB)
17/03/16 20:10:16 INFO storage.MemoryStore: Block broadcast_53_piece3 stored as bytes in memory (estimated size 4.0 MB, free 1731.6 MB)
17/03/16 20:10:16 INFO storage.MemoryStore: Block broadcast_53_piece102 stored as bytes in memory (estimated size 4.0 MB, free 1735.6 MB)
17/03/16 20:10:16 INFO storage.MemoryStore: Block broadcast_53_piece1 stored as bytes in memory (estimated size 4.0 MB, free 1739.6 MB)
17/03/16 20:10:16 INFO storage.MemoryStore: Block broadcast_53_piece39 stored as bytes in memory (estimated size 4.0 MB, free 1743.6 MB)
17/03/16 20:10:16 INFO storage.MemoryStore: Block broadcast_53_piece18 stored as bytes in memory (estimated size 4.0 MB, free 1747.6 MB)
17/03/16 20:10:16 INFO storage.MemoryStore: Block broadcast_53_piece77 stored as bytes in memory (estimated size 4.0 MB, free 1751.6 MB)
17/03/16 20:10:16 INFO storage.MemoryStore: Block broadcast_53_piece15 stored as bytes in memory (estimated size 4.0 MB, free 1755.6 MB)
17/03/16 20:10:16 INFO storage.MemoryStore: Block broadcast_53_piece29 stored as bytes in memory (estimated size 4.0 MB, free 1759.6 MB)
17/03/16 20:10:16 INFO storage.MemoryStore: Block broadcast_53_piece63 stored as bytes in memory (estimated size 4.0 MB, free 1763.6 MB)
17/03/16 20:10:16 INFO storage.MemoryStore: Block broadcast_53_piece16 stored as bytes in memory (estimated size 4.0 MB, free 1767.6 MB)
17/03/16 20:10:16 INFO storage.MemoryStore: Block broadcast_53_piece56 stored as bytes in memory (estimated size 4.0 MB, free 1771.6 MB)
17/03/16 20:10:16 INFO storage.MemoryStore: Block broadcast_53_piece83 stored as bytes in memory (estimated size 4.0 MB, free 1775.6 MB)
17/03/16 20:10:16 INFO storage.MemoryStore: Block broadcast_53_piece60 stored as bytes in memory (estimated size 4.0 MB, free 1779.6 MB)
17/03/16 20:10:16 INFO storage.MemoryStore: Block broadcast_53_piece69 stored as bytes in memory (estimated size 4.0 MB, free 1783.6 MB)
17/03/16 20:10:16 INFO storage.MemoryStore: Block broadcast_53_piece66 stored as bytes in memory (estimated size 4.0 MB, free 1787.6 MB)
17/03/16 20:10:16 INFO storage.MemoryStore: Block broadcast_53_piece34 stored as bytes in memory (estimated size 4.0 MB, free 1791.6 MB)
17/03/16 20:10:16 INFO storage.MemoryStore: Block broadcast_53_piece28 stored as bytes in memory (estimated size 4.0 MB, free 1795.6 MB)
17/03/16 20:10:16 INFO storage.MemoryStore: Block broadcast_53_piece93 stored as bytes in memory (estimated size 4.0 MB, free 1799.6 MB)
17/03/16 20:10:16 INFO storage.MemoryStore: Block broadcast_53_piece81 stored as bytes in memory (estimated size 4.0 MB, free 1803.6 MB)
17/03/16 20:10:16 INFO storage.MemoryStore: Block broadcast_53_piece73 stored as bytes in memory (estimated size 4.0 MB, free 1807.6 MB)
17/03/16 20:10:16 INFO storage.MemoryStore: Block broadcast_53_piece2 stored as bytes in memory (estimated size 4.0 MB, free 1811.6 MB)
17/03/16 20:10:16 INFO storage.MemoryStore: Block broadcast_53_piece25 stored as bytes in memory (estimated size 4.0 MB, free 1815.6 MB)
17/03/16 20:10:16 INFO storage.MemoryStore: Block broadcast_53_piece76 stored as bytes in memory (estimated size 4.0 MB, free 1819.6 MB)
17/03/16 20:10:16 INFO storage.MemoryStore: Block broadcast_53_piece79 stored as bytes in memory (estimated size 4.0 MB, free 1823.6 MB)
17/03/16 20:10:16 INFO storage.MemoryStore: Block broadcast_53_piece51 stored as bytes in memory (estimated size 4.0 MB, free 1827.6 MB)
17/03/16 20:10:16 INFO storage.MemoryStore: Block broadcast_53_piece90 stored as bytes in memory (estimated size 4.0 MB, free 1831.6 MB)
17/03/16 20:10:16 INFO storage.MemoryStore: Block broadcast_53_piece37 stored as bytes in memory (estimated size 4.0 MB, free 1835.6 MB)
17/03/16 20:10:16 INFO storage.MemoryStore: Block broadcast_53_piece80 stored as bytes in memory (estimated size 4.0 MB, free 1839.6 MB)
17/03/16 20:10:16 INFO storage.MemoryStore: Block broadcast_53_piece78 stored as bytes in memory (estimated size 4.0 MB, free 1843.6 MB)
17/03/16 20:10:16 INFO storage.MemoryStore: Block broadcast_53_piece14 stored as bytes in memory (estimated size 4.0 MB, free 1847.6 MB)
17/03/16 20:10:16 INFO storage.MemoryStore: Block broadcast_53_piece7 stored as bytes in memory (estimated size 4.0 MB, free 1851.6 MB)
17/03/16 20:10:16 INFO storage.MemoryStore: Block broadcast_53_piece44 stored as bytes in memory (estimated size 4.0 MB, free 1855.6 MB)
17/03/16 20:10:16 INFO storage.MemoryStore: Block broadcast_53_piece99 stored as bytes in memory (estimated size 4.0 MB, free 1859.6 MB)
17/03/16 20:10:16 INFO storage.MemoryStore: Block broadcast_53_piece38 stored as bytes in memory (estimated size 4.0 MB, free 1863.6 MB)
17/03/16 20:10:16 INFO storage.MemoryStore: Block broadcast_53_piece48 stored as bytes in memory (estimated size 4.0 MB, free 1867.6 MB)
17/03/16 20:10:16 INFO storage.MemoryStore: Block broadcast_53_piece21 stored as bytes in memory (estimated size 4.0 MB, free 1871.6 MB)
17/03/16 20:10:16 INFO storage.MemoryStore: Block broadcast_53_piece89 stored as bytes in memory (estimated size 4.0 MB, free 1875.6 MB)
17/03/16 20:10:16 INFO storage.MemoryStore: Block broadcast_53_piece45 stored as bytes in memory (estimated size 4.0 MB, free 1879.6 MB)
17/03/16 20:10:16 INFO storage.MemoryStore: Block broadcast_53_piece98 stored as bytes in memory (estimated size 4.0 MB, free 1883.6 MB)
17/03/16 20:10:16 INFO storage.MemoryStore: Block broadcast_53_piece61 stored as bytes in memory (estimated size 4.0 MB, free 1887.6 MB)
17/03/16 20:10:16 INFO storage.MemoryStore: Block broadcast_53_piece65 stored as bytes in memory (estimated size 4.0 MB, free 1891.6 MB)
17/03/16 20:10:16 INFO storage.MemoryStore: Block broadcast_53_piece68 stored as bytes in memory (estimated size 4.0 MB, free 1895.6 MB)
17/03/16 20:10:16 INFO storage.MemoryStore: Block broadcast_53_piece72 stored as bytes in memory (estimated size 4.0 MB, free 1899.6 MB)
17/03/16 20:10:16 INFO storage.MemoryStore: Block broadcast_53_piece59 stored as bytes in memory (estimated size 4.0 MB, free 1903.6 MB)
17/03/16 20:10:16 INFO storage.MemoryStore: Block broadcast_53_piece5 stored as bytes in memory (estimated size 4.0 MB, free 1907.6 MB)
17/03/16 20:10:16 INFO storage.MemoryStore: Block broadcast_53_piece30 stored as bytes in memory (estimated size 4.0 MB, free 1911.6 MB)
17/03/16 20:10:16 INFO storage.MemoryStore: Block broadcast_53_piece88 stored as bytes in memory (estimated size 4.0 MB, free 1915.6 MB)
17/03/16 20:10:16 INFO storage.MemoryStore: Block broadcast_53_piece8 stored as bytes in memory (estimated size 4.0 MB, free 1919.6 MB)
17/03/16 20:10:16 INFO storage.MemoryStore: Block broadcast_53_piece70 stored as bytes in memory (estimated size 4.0 MB, free 1923.6 MB)
17/03/16 20:10:16 INFO storage.MemoryStore: Block broadcast_53_piece50 stored as bytes in memory (estimated size 4.0 MB, free 1927.6 MB)
17/03/16 20:10:16 INFO storage.MemoryStore: Block broadcast_53_piece33 stored as bytes in memory (estimated size 4.0 MB, free 1931.6 MB)
17/03/16 20:10:16 INFO storage.MemoryStore: Block broadcast_53_piece64 stored as bytes in memory (estimated size 4.0 MB, free 1935.6 MB)
17/03/16 20:10:17 INFO storage.MemoryStore: Block broadcast_53_piece32 stored as bytes in memory (estimated size 4.0 MB, free 1939.6 MB)
17/03/16 20:10:17 INFO storage.MemoryStore: Block broadcast_53_piece96 stored as bytes in memory (estimated size 4.0 MB, free 1943.6 MB)
17/03/16 20:10:17 INFO storage.MemoryStore: Block broadcast_53_piece24 stored as bytes in memory (estimated size 4.0 MB, free 1947.6 MB)
17/03/16 20:10:17 INFO storage.MemoryStore: Block broadcast_53_piece92 stored as bytes in memory (estimated size 4.0 MB, free 1951.6 MB)
17/03/16 20:10:17 INFO storage.MemoryStore: Block broadcast_53_piece17 stored as bytes in memory (estimated size 4.0 MB, free 1955.6 MB)
17/03/16 20:10:17 INFO storage.MemoryStore: Block broadcast_53_piece57 stored as bytes in memory (estimated size 4.0 MB, free 1959.6 MB)
17/03/16 20:10:17 INFO storage.MemoryStore: Block broadcast_53_piece43 stored as bytes in memory (estimated size 4.0 MB, free 1963.6 MB)
17/03/16 20:10:17 INFO storage.MemoryStore: Block broadcast_53_piece36 stored as bytes in memory (estimated size 4.0 MB, free 1967.6 MB)
17/03/16 20:10:17 INFO storage.MemoryStore: Block broadcast_53_piece53 stored as bytes in memory (estimated size 4.0 MB, free 1971.6 MB)
17/03/16 20:10:17 INFO storage.MemoryStore: Block broadcast_53_piece10 stored as bytes in memory (estimated size 4.0 MB, free 1975.6 MB)
17/03/16 20:10:17 INFO storage.MemoryStore: Block broadcast_53_piece54 stored as bytes in memory (estimated size 4.0 MB, free 1979.6 MB)
17/03/16 20:10:17 INFO storage.MemoryStore: Block broadcast_53_piece19 stored as bytes in memory (estimated size 4.0 MB, free 1983.6 MB)
17/03/16 20:10:17 INFO storage.MemoryStore: Block broadcast_53_piece84 stored as bytes in memory (estimated size 4.0 MB, free 1987.6 MB)
17/03/16 20:10:17 INFO storage.MemoryStore: Block broadcast_53_piece46 stored as bytes in memory (estimated size 4.0 MB, free 1991.6 MB)
17/03/16 20:10:17 INFO storage.MemoryStore: Block broadcast_53_piece100 stored as bytes in memory (estimated size 4.0 MB, free 1995.6 MB)
17/03/16 20:10:17 INFO storage.MemoryStore: Block broadcast_53_piece40 stored as bytes in memory (estimated size 4.0 MB, free 1999.6 MB)
17/03/16 20:10:17 INFO storage.MemoryStore: Block broadcast_53_piece9 stored as bytes in memory (estimated size 4.0 MB, free 2003.6 MB)
17/03/16 20:10:17 INFO storage.MemoryStore: Block broadcast_53_piece82 stored as bytes in memory (estimated size 4.0 MB, free 2007.6 MB)
17/03/16 20:10:17 INFO storage.MemoryStore: Block broadcast_53_piece62 stored as bytes in memory (estimated size 4.0 MB, free 2011.6 MB)
17/03/16 20:10:17 INFO storage.MemoryStore: Block broadcast_53_piece91 stored as bytes in memory (estimated size 4.0 MB, free 2015.6 MB)
17/03/16 20:10:17 INFO storage.MemoryStore: Block broadcast_53_piece0 stored as bytes in memory (estimated size 4.0 MB, free 2019.6 MB)
17/03/16 20:10:17 INFO storage.MemoryStore: Block broadcast_53_piece55 stored as bytes in memory (estimated size 4.0 MB, free 2023.6 MB)
17/03/16 20:10:17 INFO storage.MemoryStore: Block broadcast_53_piece12 stored as bytes in memory (estimated size 4.0 MB, free 2027.6 MB)
17/03/16 20:10:17 INFO storage.MemoryStore: Block broadcast_53_piece26 stored as bytes in memory (estimated size 4.0 MB, free 2031.6 MB)
17/03/16 20:10:17 INFO storage.MemoryStore: Block broadcast_53_piece4 stored as bytes in memory (estimated size 4.0 MB, free 2035.6 MB)
17/03/16 20:10:17 INFO storage.MemoryStore: Block broadcast_53_piece13 stored as bytes in memory (estimated size 4.0 MB, free 2039.6 MB)
17/03/16 20:10:17 INFO storage.MemoryStore: Block broadcast_53_piece85 stored as bytes in memory (estimated size 4.0 MB, free 2043.6 MB)
17/03/16 20:10:17 INFO storage.MemoryStore: Block broadcast_53_piece86 stored as bytes in memory (estimated size 4.0 MB, free 2047.6 MB)
17/03/16 20:10:17 INFO storage.MemoryStore: Block broadcast_53_piece87 stored as bytes in memory (estimated size 4.0 MB, free 2.0 GB)
17/03/16 20:10:17 INFO storage.MemoryStore: Block broadcast_53_piece20 stored as bytes in memory (estimated size 4.0 MB, free 2.0 GB)
17/03/16 20:10:17 INFO storage.MemoryStore: Block broadcast_53_piece11 stored as bytes in memory (estimated size 4.0 MB, free 2.0 GB)
17/03/16 20:10:17 INFO storage.MemoryStore: Block broadcast_53_piece6 stored as bytes in memory (estimated size 4.0 MB, free 2.0 GB)
17/03/16 20:10:17 INFO broadcast.TorrentBroadcast: Reading broadcast variable 53 took 1962 ms
17/03/16 20:10:25 INFO storage.MemoryStore: Block broadcast_53 stored as values in memory (estimated size 384.0 B, free 2.0 GB)
17/03/16 20:10:33 INFO python.PythonRunner: Times: total = 17456, boot = 21, init = 9803, finish = 7632
17/03/16 20:10:33 INFO executor.Executor: Finished task 32.0 in stage 35.0 (TID 1666). 1274 bytes result sent to driver
17/03/16 20:10:33 INFO python.PythonRunner: Times: total = 17655, boot = 7, init = 9819, finish = 7829
17/03/16 20:10:33 INFO python.PythonRunner: Times: total = 17661, boot = 18, init = 9807, finish = 7836
17/03/16 20:10:33 INFO python.PythonRunner: Times: total = 17679, boot = 14, init = 9810, finish = 7855
17/03/16 20:10:33 INFO python.PythonRunner: Times: total = 17690, boot = 13, init = 9815, finish = 7862
17/03/16 20:10:33 INFO python.PythonRunner: Times: total = 17724, boot = 25, init = 9800, finish = 7899
17/03/16 20:10:33 INFO executor.Executor: Finished task 14.0 in stage 35.0 (TID 1648). 1274 bytes result sent to driver
17/03/16 20:10:33 INFO executor.Executor: Finished task 26.0 in stage 35.0 (TID 1660). 1274 bytes result sent to driver
17/03/16 20:10:33 INFO executor.Executor: Finished task 44.0 in stage 35.0 (TID 1678). 1274 bytes result sent to driver
17/03/16 20:10:33 INFO executor.Executor: Finished task 20.0 in stage 35.0 (TID 1654). 1274 bytes result sent to driver
17/03/16 20:10:33 INFO python.PythonRunner: Times: total = 17834, boot = 4, init = 9823, finish = 8007
17/03/16 20:10:33 INFO executor.Executor: Finished task 38.0 in stage 35.0 (TID 1672). 1274 bytes result sent to driver
17/03/16 20:10:33 INFO python.PythonRunner: Times: total = 17851, boot = 4, init = 9821, finish = 8026
17/03/16 20:10:33 INFO executor.Executor: Finished task 8.0 in stage 35.0 (TID 1642). 1274 bytes result sent to driver
17/03/16 20:10:33 INFO executor.Executor: Finished task 2.0 in stage 35.0 (TID 1636). 1274 bytes result sent to driver
17/03/16 20:10:48 INFO executor.CoarseGrainedExecutorBackend: Got assigned task 1683
17/03/16 20:10:48 INFO executor.Executor: Running task 6.1 in stage 35.0 (TID 1683)
17/03/16 20:10:48 INFO executor.CoarseGrainedExecutorBackend: Got assigned task 1688
17/03/16 20:10:48 INFO executor.Executor: Running task 0.1 in stage 35.0 (TID 1688)
17/03/16 20:10:54 INFO python.PythonRunner: Times: total = 5841, boot = -15114, init = 15115, finish = 5840
17/03/16 20:10:54 INFO python.PythonRunner: Times: total = 5844, boot = -15313, init = 15314, finish = 5843
17/03/16 20:10:54 INFO executor.Executor: Finished task 0.1 in stage 35.0 (TID 1688). 1274 bytes result sent to driver
17/03/16 20:10:54 INFO executor.Executor: Finished task 6.1 in stage 35.0 (TID 1683). 1274 bytes result sent to driver
17/03/16 20:10:55 INFO executor.CoarseGrainedExecutorBackend: Got assigned task 1692
17/03/16 20:10:55 INFO executor.Executor: Running task 2.0 in stage 36.0 (TID 1692)
17/03/16 20:10:55 INFO executor.CoarseGrainedExecutorBackend: Got assigned task 1695
17/03/16 20:10:55 INFO executor.CoarseGrainedExecutorBackend: Got assigned task 1698
17/03/16 20:10:55 INFO executor.Executor: Running task 5.0 in stage 36.0 (TID 1695)
17/03/16 20:10:55 INFO executor.CoarseGrainedExecutorBackend: Got assigned task 1701
17/03/16 20:10:55 INFO executor.Executor: Running task 8.0 in stage 36.0 (TID 1698)
17/03/16 20:10:55 INFO executor.Executor: Running task 11.0 in stage 36.0 (TID 1701)
17/03/16 20:10:55 INFO executor.CoarseGrainedExecutorBackend: Got assigned task 1704
17/03/16 20:10:55 INFO spark.MapOutputTrackerWorker: Updating epoch to 19 and clearing cache
17/03/16 20:10:55 INFO executor.CoarseGrainedExecutorBackend: Got assigned task 1707
17/03/16 20:10:55 INFO executor.Executor: Running task 14.0 in stage 36.0 (TID 1704)
17/03/16 20:10:55 INFO executor.Executor: Running task 17.0 in stage 36.0 (TID 1707)
17/03/16 20:10:55 INFO executor.CoarseGrainedExecutorBackend: Got assigned task 1710
17/03/16 20:10:55 INFO broadcast.TorrentBroadcast: Started reading broadcast variable 55
17/03/16 20:10:55 INFO executor.CoarseGrainedExecutorBackend: Got assigned task 1713
17/03/16 20:10:55 INFO executor.Executor: Running task 20.0 in stage 36.0 (TID 1710)
17/03/16 20:10:55 INFO executor.Executor: Running task 23.0 in stage 36.0 (TID 1713)
17/03/16 20:10:55 INFO storage.MemoryStore: Block broadcast_55_piece0 stored as bytes in memory (estimated size 3.3 KB, free 2.0 GB)
17/03/16 20:10:55 INFO broadcast.TorrentBroadcast: Reading broadcast variable 55 took 6 ms
17/03/16 20:10:55 INFO storage.MemoryStore: Block broadcast_55 stored as values in memory (estimated size 5.3 KB, free 2.0 GB)
17/03/16 20:10:55 INFO spark.MapOutputTrackerWorker: Don't have map outputs for shuffle 17, fetching them
17/03/16 20:10:55 INFO spark.MapOutputTrackerWorker: Doing the fetch; tracker endpoint = NettyRpcEndpointRef(spark://MapOutputTracker@10.10.34.38:36751)
17/03/16 20:10:55 INFO spark.MapOutputTrackerWorker: Don't have map outputs for shuffle 17, fetching them
17/03/16 20:10:55 INFO spark.MapOutputTrackerWorker: Don't have map outputs for shuffle 17, fetching them
17/03/16 20:10:55 INFO spark.MapOutputTrackerWorker: Don't have map outputs for shuffle 17, fetching them
17/03/16 20:10:55 INFO spark.MapOutputTrackerWorker: Don't have map outputs for shuffle 17, fetching them
17/03/16 20:10:55 INFO spark.MapOutputTrackerWorker: Don't have map outputs for shuffle 17, fetching them
17/03/16 20:10:55 INFO spark.MapOutputTrackerWorker: Don't have map outputs for shuffle 17, fetching them
17/03/16 20:10:55 INFO spark.MapOutputTrackerWorker: Don't have map outputs for shuffle 17, fetching them
17/03/16 20:10:55 INFO spark.MapOutputTrackerWorker: Got the output locations
17/03/16 20:10:55 INFO storage.ShuffleBlockFetcherIterator: Getting 48 non-empty blocks out of 48 blocks
17/03/16 20:10:55 INFO storage.ShuffleBlockFetcherIterator: Getting 48 non-empty blocks out of 48 blocks
17/03/16 20:10:55 INFO storage.ShuffleBlockFetcherIterator: Getting 48 non-empty blocks out of 48 blocks
17/03/16 20:10:55 INFO storage.ShuffleBlockFetcherIterator: Getting 48 non-empty blocks out of 48 blocks
17/03/16 20:10:55 INFO storage.ShuffleBlockFetcherIterator: Started 5 remote fetches in 4 ms
17/03/16 20:10:55 INFO storage.ShuffleBlockFetcherIterator: Getting 48 non-empty blocks out of 48 blocks
17/03/16 20:10:55 INFO storage.ShuffleBlockFetcherIterator: Started 5 remote fetches in 4 ms
17/03/16 20:10:55 INFO storage.ShuffleBlockFetcherIterator: Getting 48 non-empty blocks out of 48 blocks
17/03/16 20:10:55 INFO storage.ShuffleBlockFetcherIterator: Started 5 remote fetches in 2 ms
17/03/16 20:10:55 INFO storage.ShuffleBlockFetcherIterator: Getting 48 non-empty blocks out of 48 blocks
17/03/16 20:10:55 INFO storage.ShuffleBlockFetcherIterator: Started 5 remote fetches in 2 ms
17/03/16 20:10:55 INFO storage.ShuffleBlockFetcherIterator: Started 5 remote fetches in 4 ms
17/03/16 20:10:55 INFO storage.ShuffleBlockFetcherIterator: Getting 48 non-empty blocks out of 48 blocks
17/03/16 20:10:55 INFO storage.ShuffleBlockFetcherIterator: Started 6 remote fetches in 3 ms
17/03/16 20:10:55 INFO storage.ShuffleBlockFetcherIterator: Started 6 remote fetches in 3 ms
17/03/16 20:10:55 INFO storage.ShuffleBlockFetcherIterator: Started 5 remote fetches in 4 ms
17/03/16 20:10:56 INFO python.PythonRunner: Times: total = 875, boot = -1204, init = 1208, finish = 871
17/03/16 20:10:56 INFO python.PythonRunner: Times: total = 892, boot = -22104, init = 22109, finish = 887
17/03/16 20:10:56 INFO python.PythonRunner: Times: total = 895, boot = -1204, init = 1209, finish = 890
17/03/16 20:10:56 INFO executor.Executor: Finished task 8.0 in stage 36.0 (TID 1698). 9561382 bytes result sent to driver
17/03/16 20:10:56 INFO python.PythonRunner: Times: total = 900, boot = -22165, init = 22169, finish = 896
17/03/16 20:10:56 INFO python.PythonRunner: Times: total = 918, boot = -21974, init = 21980, finish = 912
17/03/16 20:10:56 INFO executor.Executor: Finished task 14.0 in stage 36.0 (TID 1704). 9596181 bytes result sent to driver
17/03/16 20:10:56 INFO python.PythonRunner: Times: total = 920, boot = -22147, init = 22151, finish = 916
17/03/16 20:10:56 INFO executor.Executor: Finished task 5.0 in stage 36.0 (TID 1695). 9556606 bytes result sent to driver
17/03/16 20:10:56 INFO executor.Executor: Finished task 2.0 in stage 36.0 (TID 1692). 9555118 bytes result sent to driver
17/03/16 20:10:56 INFO executor.Executor: Finished task 11.0 in stage 36.0 (TID 1701). 9548800 bytes result sent to driver
17/03/16 20:10:56 INFO executor.Executor: Finished task 23.0 in stage 36.0 (TID 1713). 9568691 bytes result sent to driver
17/03/16 20:10:56 INFO executor.CoarseGrainedExecutorBackend: Got assigned task 1721
17/03/16 20:10:56 INFO executor.Executor: Running task 31.0 in stage 36.0 (TID 1721)
17/03/16 20:10:56 INFO storage.ShuffleBlockFetcherIterator: Getting 48 non-empty blocks out of 48 blocks
17/03/16 20:10:56 INFO storage.ShuffleBlockFetcherIterator: Started 6 remote fetches in 3 ms
17/03/16 20:10:56 INFO executor.CoarseGrainedExecutorBackend: Got assigned task 1723
17/03/16 20:10:56 INFO executor.Executor: Running task 33.0 in stage 36.0 (TID 1723)
17/03/16 20:10:56 INFO storage.ShuffleBlockFetcherIterator: Getting 48 non-empty blocks out of 48 blocks
17/03/16 20:10:56 INFO storage.ShuffleBlockFetcherIterator: Started 5 remote fetches in 2 ms
17/03/16 20:10:56 INFO executor.CoarseGrainedExecutorBackend: Got assigned task 1728
17/03/16 20:10:56 INFO executor.Executor: Running task 38.0 in stage 36.0 (TID 1728)
17/03/16 20:10:56 INFO storage.ShuffleBlockFetcherIterator: Getting 48 non-empty blocks out of 48 blocks
17/03/16 20:10:56 INFO storage.ShuffleBlockFetcherIterator: Started 4 remote fetches in 1 ms
17/03/16 20:10:56 INFO python.PythonRunner: Times: total = 1327, boot = -21996, init = 22002, finish = 1321
17/03/16 20:10:56 INFO python.PythonRunner: Times: total = 1337, boot = -22130, init = 22134, finish = 1333
17/03/16 20:10:56 INFO executor.Executor: Finished task 20.0 in stage 36.0 (TID 1710). 9564773 bytes result sent to driver
17/03/16 20:10:56 INFO executor.Executor: Finished task 17.0 in stage 36.0 (TID 1707). 9553198 bytes result sent to driver
17/03/16 20:10:56 INFO executor.CoarseGrainedExecutorBackend: Got assigned task 1730
17/03/16 20:10:56 INFO executor.Executor: Running task 40.0 in stage 36.0 (TID 1730)
17/03/16 20:10:56 INFO storage.ShuffleBlockFetcherIterator: Getting 48 non-empty blocks out of 48 blocks
17/03/16 20:10:56 INFO storage.ShuffleBlockFetcherIterator: Started 6 remote fetches in 2 ms
17/03/16 20:10:56 INFO executor.CoarseGrainedExecutorBackend: Got assigned task 1732
17/03/16 20:10:56 INFO executor.Executor: Running task 42.0 in stage 36.0 (TID 1732)
17/03/16 20:10:56 INFO storage.ShuffleBlockFetcherIterator: Getting 48 non-empty blocks out of 48 blocks
17/03/16 20:10:56 INFO storage.ShuffleBlockFetcherIterator: Started 5 remote fetches in 2 ms
17/03/16 20:10:57 INFO executor.CoarseGrainedExecutorBackend: Got assigned task 1734
17/03/16 20:10:57 INFO executor.Executor: Running task 44.0 in stage 36.0 (TID 1734)
17/03/16 20:10:57 INFO storage.ShuffleBlockFetcherIterator: Getting 48 non-empty blocks out of 48 blocks
17/03/16 20:10:57 INFO storage.ShuffleBlockFetcherIterator: Started 5 remote fetches in 3 ms
17/03/16 20:10:57 INFO executor.CoarseGrainedExecutorBackend: Got assigned task 1736
17/03/16 20:10:57 INFO executor.Executor: Running task 46.0 in stage 36.0 (TID 1736)
17/03/16 20:10:57 INFO storage.ShuffleBlockFetcherIterator: Getting 48 non-empty blocks out of 48 blocks
17/03/16 20:10:57 INFO storage.ShuffleBlockFetcherIterator: Started 6 remote fetches in 2 ms
17/03/16 20:10:57 INFO executor.CoarseGrainedExecutorBackend: Got assigned task 1737
17/03/16 20:10:57 INFO executor.Executor: Running task 47.0 in stage 36.0 (TID 1737)
17/03/16 20:10:57 INFO storage.ShuffleBlockFetcherIterator: Getting 48 non-empty blocks out of 48 blocks
17/03/16 20:10:57 INFO storage.ShuffleBlockFetcherIterator: Started 6 remote fetches in 4 ms
17/03/16 20:10:57 INFO python.PythonRunner: Times: total = 780, boot = -189, init = 190, finish = 779
17/03/16 20:10:57 INFO executor.Executor: Finished task 31.0 in stage 36.0 (TID 1721). 9544823 bytes result sent to driver
17/03/16 20:10:57 INFO python.PythonRunner: Times: total = 795, boot = -238, init = 239, finish = 794
17/03/16 20:10:57 INFO executor.Executor: Finished task 33.0 in stage 36.0 (TID 1723). 9575451 bytes result sent to driver
17/03/16 20:10:57 INFO python.PythonRunner: Times: total = 830, boot = -354, init = 355, finish = 829
17/03/16 20:10:57 INFO executor.Executor: Finished task 38.0 in stage 36.0 (TID 1728). 9555350 bytes result sent to driver
17/03/16 20:10:57 INFO python.PythonRunner: Times: total = 824, boot = -449, init = 450, finish = 823
17/03/16 20:10:57 INFO executor.Executor: Finished task 40.0 in stage 36.0 (TID 1730). 9544592 bytes result sent to driver
17/03/16 20:10:57 INFO python.PythonRunner: Times: total = 814, boot = -529, init = 529, finish = 814
17/03/16 20:10:57 INFO executor.Executor: Finished task 42.0 in stage 36.0 (TID 1732). 9571276 bytes result sent to driver
17/03/16 20:10:57 INFO python.PythonRunner: Times: total = 841, boot = -637, init = 638, finish = 840
17/03/16 20:10:57 INFO executor.Executor: Finished task 44.0 in stage 36.0 (TID 1734). 9557082 bytes result sent to driver
17/03/16 20:10:57 INFO python.PythonRunner: Times: total = 821, boot = -320, init = 322, finish = 819
17/03/16 20:10:57 INFO executor.Executor: Finished task 46.0 in stage 36.0 (TID 1736). 9573655 bytes result sent to driver
17/03/16 20:10:58 INFO python.PythonRunner: Times: total = 805, boot = -407, init = 408, finish = 804
17/03/16 20:10:58 INFO executor.Executor: Finished task 47.0 in stage 36.0 (TID 1737). 9581314 bytes result sent to driver
17/03/16 20:11:00 INFO storage.BlockManager: Removing RDD 105
17/03/16 20:11:00 INFO storage.BlockManager: Removing RDD 110
17/03/16 20:18:15 INFO executor.CoarseGrainedExecutorBackend: Got assigned task 1738
17/03/16 20:18:15 INFO executor.Executor: Running task 0.0 in stage 37.0 (TID 1738)
17/03/16 20:18:15 INFO broadcast.TorrentBroadcast: Started reading broadcast variable 57
17/03/16 20:18:15 INFO executor.CoarseGrainedExecutorBackend: Got assigned task 1744
17/03/16 20:18:15 INFO executor.Executor: Running task 6.0 in stage 37.0 (TID 1744)
17/03/16 20:18:15 INFO executor.CoarseGrainedExecutorBackend: Got assigned task 1750
17/03/16 20:18:15 INFO executor.Executor: Running task 12.0 in stage 37.0 (TID 1750)
17/03/16 20:18:15 INFO executor.CoarseGrainedExecutorBackend: Got assigned task 1756
17/03/16 20:18:15 INFO executor.Executor: Running task 18.0 in stage 37.0 (TID 1756)
17/03/16 20:18:15 INFO executor.CoarseGrainedExecutorBackend: Got assigned task 1762
17/03/16 20:18:15 INFO executor.Executor: Running task 24.0 in stage 37.0 (TID 1762)
17/03/16 20:18:15 INFO executor.CoarseGrainedExecutorBackend: Got assigned task 1768
17/03/16 20:18:15 INFO executor.Executor: Running task 30.0 in stage 37.0 (TID 1768)
17/03/16 20:18:15 INFO storage.MemoryStore: Block broadcast_57_piece0 stored as bytes in memory (estimated size 5.4 KB, free 412.8 MB)
17/03/16 20:18:15 INFO executor.CoarseGrainedExecutorBackend: Got assigned task 1774
17/03/16 20:18:15 INFO executor.Executor: Running task 36.0 in stage 37.0 (TID 1774)
17/03/16 20:18:15 INFO broadcast.TorrentBroadcast: Reading broadcast variable 57 took 16 ms
17/03/16 20:18:15 INFO executor.CoarseGrainedExecutorBackend: Got assigned task 1780
17/03/16 20:18:15 INFO storage.MemoryStore: Block broadcast_57 stored as values in memory (estimated size 8.6 KB, free 412.8 MB)
17/03/16 20:18:15 INFO executor.Executor: Running task 42.0 in stage 37.0 (TID 1780)
17/03/16 20:18:15 INFO broadcast.TorrentBroadcast: Started reading broadcast variable 56
17/03/16 20:18:15 INFO storage.MemoryStore: Block broadcast_56_piece14 stored as bytes in memory (estimated size 4.0 MB, free 416.8 MB)
17/03/16 20:18:15 INFO storage.MemoryStore: Block broadcast_56_piece78 stored as bytes in memory (estimated size 4.0 MB, free 420.8 MB)
17/03/16 20:18:15 INFO storage.MemoryStore: Block broadcast_56_piece40 stored as bytes in memory (estimated size 4.0 MB, free 424.8 MB)
17/03/16 20:18:15 INFO storage.MemoryStore: Block broadcast_56_piece93 stored as bytes in memory (estimated size 4.0 MB, free 428.8 MB)
17/03/16 20:18:15 INFO storage.MemoryStore: Block broadcast_56_piece29 stored as bytes in memory (estimated size 4.0 MB, free 432.8 MB)
17/03/16 20:18:15 INFO storage.MemoryStore: Block broadcast_56_piece23 stored as bytes in memory (estimated size 4.0 MB, free 436.8 MB)
17/03/16 20:18:15 INFO storage.MemoryStore: Block broadcast_56_piece28 stored as bytes in memory (estimated size 4.0 MB, free 440.8 MB)
17/03/16 20:18:15 INFO storage.MemoryStore: Block broadcast_56_piece26 stored as bytes in memory (estimated size 4.0 MB, free 444.8 MB)
17/03/16 20:18:15 INFO storage.MemoryStore: Block broadcast_56_piece50 stored as bytes in memory (estimated size 4.0 MB, free 448.8 MB)
17/03/16 20:18:15 INFO storage.MemoryStore: Block broadcast_56_piece65 stored as bytes in memory (estimated size 4.0 MB, free 452.8 MB)
17/03/16 20:18:15 INFO storage.MemoryStore: Block broadcast_56_piece62 stored as bytes in memory (estimated size 4.0 MB, free 456.8 MB)
17/03/16 20:18:15 INFO storage.MemoryStore: Block broadcast_56_piece97 stored as bytes in memory (estimated size 4.0 MB, free 460.8 MB)
17/03/16 20:18:15 INFO storage.MemoryStore: Block broadcast_56_piece57 stored as bytes in memory (estimated size 4.0 MB, free 464.8 MB)
17/03/16 20:18:15 INFO storage.MemoryStore: Block broadcast_56_piece76 stored as bytes in memory (estimated size 4.0 MB, free 468.8 MB)
17/03/16 20:18:15 INFO storage.MemoryStore: Block broadcast_56_piece9 stored as bytes in memory (estimated size 4.0 MB, free 472.8 MB)
17/03/16 20:18:15 INFO storage.MemoryStore: Block broadcast_56_piece37 stored as bytes in memory (estimated size 4.0 MB, free 476.8 MB)
17/03/16 20:18:15 INFO storage.MemoryStore: Block broadcast_56_piece61 stored as bytes in memory (estimated size 4.0 MB, free 480.8 MB)
17/03/16 20:18:15 INFO storage.MemoryStore: Block broadcast_56_piece31 stored as bytes in memory (estimated size 4.0 MB, free 484.8 MB)
17/03/16 20:18:15 INFO storage.MemoryStore: Block broadcast_56_piece25 stored as bytes in memory (estimated size 4.0 MB, free 488.8 MB)
17/03/16 20:18:15 INFO storage.MemoryStore: Block broadcast_56_piece17 stored as bytes in memory (estimated size 4.0 MB, free 492.8 MB)
17/03/16 20:18:15 INFO storage.MemoryStore: Block broadcast_56_piece44 stored as bytes in memory (estimated size 4.0 MB, free 496.8 MB)
17/03/16 20:18:15 INFO storage.MemoryStore: Block broadcast_56_piece101 stored as bytes in memory (estimated size 4.0 MB, free 500.8 MB)
17/03/16 20:18:15 INFO storage.MemoryStore: Block broadcast_56_piece92 stored as bytes in memory (estimated size 4.0 MB, free 504.8 MB)
17/03/16 20:18:15 INFO storage.MemoryStore: Block broadcast_56_piece75 stored as bytes in memory (estimated size 4.0 MB, free 508.8 MB)
17/03/16 20:18:15 INFO storage.MemoryStore: Block broadcast_56_piece70 stored as bytes in memory (estimated size 4.0 MB, free 512.8 MB)
17/03/16 20:18:15 INFO storage.MemoryStore: Block broadcast_56_piece22 stored as bytes in memory (estimated size 4.0 MB, free 516.8 MB)
17/03/16 20:18:15 INFO storage.MemoryStore: Block broadcast_56_piece43 stored as bytes in memory (estimated size 4.0 MB, free 520.8 MB)
17/03/16 20:18:15 INFO storage.MemoryStore: Block broadcast_56_piece35 stored as bytes in memory (estimated size 4.0 MB, free 524.8 MB)
17/03/16 20:18:15 INFO storage.MemoryStore: Block broadcast_56_piece90 stored as bytes in memory (estimated size 4.0 MB, free 528.8 MB)
17/03/16 20:18:15 INFO storage.MemoryStore: Block broadcast_56_piece95 stored as bytes in memory (estimated size 4.0 MB, free 532.8 MB)
17/03/16 20:18:15 INFO storage.MemoryStore: Block broadcast_56_piece8 stored as bytes in memory (estimated size 4.0 MB, free 536.8 MB)
17/03/16 20:18:15 INFO storage.MemoryStore: Block broadcast_56_piece102 stored as bytes in memory (estimated size 4.0 MB, free 540.8 MB)
17/03/16 20:18:15 INFO storage.MemoryStore: Block broadcast_56_piece46 stored as bytes in memory (estimated size 4.0 MB, free 544.8 MB)
17/03/16 20:18:15 INFO storage.MemoryStore: Block broadcast_56_piece0 stored as bytes in memory (estimated size 4.0 MB, free 548.8 MB)
17/03/16 20:18:15 INFO storage.MemoryStore: Block broadcast_56_piece6 stored as bytes in memory (estimated size 4.0 MB, free 552.8 MB)
17/03/16 20:18:15 INFO storage.MemoryStore: Block broadcast_56_piece7 stored as bytes in memory (estimated size 4.0 MB, free 556.8 MB)
17/03/16 20:18:15 INFO storage.MemoryStore: Block broadcast_56_piece60 stored as bytes in memory (estimated size 4.0 MB, free 560.8 MB)
17/03/16 20:18:16 INFO storage.MemoryStore: Block broadcast_56_piece39 stored as bytes in memory (estimated size 4.0 MB, free 564.8 MB)
17/03/16 20:18:16 INFO storage.MemoryStore: Block broadcast_56_piece86 stored as bytes in memory (estimated size 4.0 MB, free 568.8 MB)
17/03/16 20:18:16 INFO storage.MemoryStore: Block broadcast_56_piece38 stored as bytes in memory (estimated size 4.0 MB, free 572.8 MB)
17/03/16 20:18:16 INFO storage.MemoryStore: Block broadcast_56_piece69 stored as bytes in memory (estimated size 4.0 MB, free 576.8 MB)
17/03/16 20:18:16 INFO storage.MemoryStore: Block broadcast_56_piece81 stored as bytes in memory (estimated size 4.0 MB, free 580.8 MB)
17/03/16 20:18:16 INFO storage.MemoryStore: Block broadcast_56_piece5 stored as bytes in memory (estimated size 4.0 MB, free 584.8 MB)
17/03/16 20:18:16 INFO storage.MemoryStore: Block broadcast_56_piece33 stored as bytes in memory (estimated size 4.0 MB, free 588.8 MB)
17/03/16 20:18:16 INFO storage.MemoryStore: Block broadcast_56_piece64 stored as bytes in memory (estimated size 4.0 MB, free 592.8 MB)
17/03/16 20:18:16 INFO storage.MemoryStore: Block broadcast_56_piece72 stored as bytes in memory (estimated size 4.0 MB, free 596.8 MB)
17/03/16 20:18:16 INFO storage.MemoryStore: Block broadcast_56_piece48 stored as bytes in memory (estimated size 4.0 MB, free 600.8 MB)
17/03/16 20:18:16 INFO storage.MemoryStore: Block broadcast_56_piece55 stored as bytes in memory (estimated size 4.0 MB, free 604.8 MB)
17/03/16 20:18:16 INFO storage.MemoryStore: Block broadcast_56_piece94 stored as bytes in memory (estimated size 4.0 MB, free 608.8 MB)
17/03/16 20:18:16 INFO storage.MemoryStore: Block broadcast_56_piece59 stored as bytes in memory (estimated size 4.0 MB, free 612.8 MB)
17/03/16 20:18:16 INFO storage.MemoryStore: Block broadcast_56_piece12 stored as bytes in memory (estimated size 4.0 MB, free 616.8 MB)
17/03/16 20:18:16 INFO storage.MemoryStore: Block broadcast_56_piece10 stored as bytes in memory (estimated size 4.0 MB, free 620.8 MB)
17/03/16 20:18:16 INFO storage.MemoryStore: Block broadcast_56_piece41 stored as bytes in memory (estimated size 4.0 MB, free 624.8 MB)
17/03/16 20:18:16 INFO storage.MemoryStore: Block broadcast_56_piece56 stored as bytes in memory (estimated size 4.0 MB, free 628.8 MB)
17/03/16 20:18:16 INFO storage.MemoryStore: Block broadcast_56_piece36 stored as bytes in memory (estimated size 4.0 MB, free 632.8 MB)
17/03/16 20:18:16 INFO storage.MemoryStore: Block broadcast_56_piece87 stored as bytes in memory (estimated size 4.0 MB, free 636.8 MB)
17/03/16 20:18:16 INFO storage.MemoryStore: Block broadcast_56_piece30 stored as bytes in memory (estimated size 4.0 MB, free 640.8 MB)
17/03/16 20:18:16 INFO storage.MemoryStore: Block broadcast_56_piece85 stored as bytes in memory (estimated size 4.0 MB, free 644.8 MB)
17/03/16 20:18:16 INFO storage.MemoryStore: Block broadcast_56_piece15 stored as bytes in memory (estimated size 4.0 MB, free 648.8 MB)
17/03/16 20:18:16 INFO storage.MemoryStore: Block broadcast_56_piece19 stored as bytes in memory (estimated size 4.0 MB, free 652.8 MB)
17/03/16 20:18:16 INFO storage.MemoryStore: Block broadcast_56_piece82 stored as bytes in memory (estimated size 4.0 MB, free 656.8 MB)
17/03/16 20:18:16 INFO storage.MemoryStore: Block broadcast_56_piece96 stored as bytes in memory (estimated size 4.0 MB, free 660.8 MB)
17/03/16 20:18:16 INFO storage.MemoryStore: Block broadcast_56_piece79 stored as bytes in memory (estimated size 4.0 MB, free 664.8 MB)
17/03/16 20:18:16 INFO storage.MemoryStore: Block broadcast_56_piece18 stored as bytes in memory (estimated size 4.0 MB, free 668.8 MB)
17/03/16 20:18:16 INFO storage.MemoryStore: Block broadcast_56_piece11 stored as bytes in memory (estimated size 4.0 MB, free 672.8 MB)
17/03/16 20:18:16 INFO storage.MemoryStore: Block broadcast_56_piece1 stored as bytes in memory (estimated size 4.0 MB, free 676.8 MB)
17/03/16 20:18:16 INFO storage.MemoryStore: Block broadcast_56_piece27 stored as bytes in memory (estimated size 4.0 MB, free 680.8 MB)
17/03/16 20:18:16 INFO storage.MemoryStore: Block broadcast_56_piece66 stored as bytes in memory (estimated size 4.0 MB, free 684.8 MB)
17/03/16 20:18:16 INFO storage.MemoryStore: Block broadcast_56_piece89 stored as bytes in memory (estimated size 4.0 MB, free 688.8 MB)
17/03/16 20:18:16 INFO storage.MemoryStore: Block broadcast_56_piece74 stored as bytes in memory (estimated size 4.0 MB, free 692.8 MB)
17/03/16 20:18:16 INFO storage.MemoryStore: Block broadcast_56_piece67 stored as bytes in memory (estimated size 4.0 MB, free 696.8 MB)
17/03/16 20:18:16 INFO storage.MemoryStore: Block broadcast_56_piece100 stored as bytes in memory (estimated size 4.0 MB, free 700.8 MB)
17/03/16 20:18:16 INFO storage.MemoryStore: Block broadcast_56_piece53 stored as bytes in memory (estimated size 4.0 MB, free 704.8 MB)
17/03/16 20:18:16 INFO storage.MemoryStore: Block broadcast_56_piece98 stored as bytes in memory (estimated size 4.0 MB, free 708.8 MB)
17/03/16 20:18:16 INFO storage.MemoryStore: Block broadcast_56_piece71 stored as bytes in memory (estimated size 4.0 MB, free 712.8 MB)
17/03/16 20:18:16 INFO storage.MemoryStore: Block broadcast_56_piece45 stored as bytes in memory (estimated size 4.0 MB, free 716.8 MB)
17/03/16 20:18:16 INFO storage.MemoryStore: Block broadcast_56_piece24 stored as bytes in memory (estimated size 4.0 MB, free 720.8 MB)
17/03/16 20:18:16 INFO storage.MemoryStore: Block broadcast_56_piece32 stored as bytes in memory (estimated size 4.0 MB, free 724.8 MB)
17/03/16 20:18:16 INFO storage.MemoryStore: Block broadcast_56_piece91 stored as bytes in memory (estimated size 4.0 MB, free 728.8 MB)
17/03/16 20:18:16 INFO storage.MemoryStore: Block broadcast_56_piece3 stored as bytes in memory (estimated size 4.0 MB, free 732.8 MB)
17/03/16 20:18:16 INFO storage.MemoryStore: Block broadcast_56_piece47 stored as bytes in memory (estimated size 4.0 MB, free 736.8 MB)
17/03/16 20:18:16 INFO storage.MemoryStore: Block broadcast_56_piece83 stored as bytes in memory (estimated size 4.0 MB, free 740.8 MB)
17/03/16 20:18:16 INFO storage.MemoryStore: Block broadcast_56_piece68 stored as bytes in memory (estimated size 4.0 MB, free 744.8 MB)
17/03/16 20:18:16 INFO storage.MemoryStore: Block broadcast_56_piece13 stored as bytes in memory (estimated size 4.0 MB, free 748.8 MB)
17/03/16 20:18:16 INFO storage.MemoryStore: Block broadcast_56_piece51 stored as bytes in memory (estimated size 4.0 MB, free 752.8 MB)
17/03/16 20:18:16 INFO storage.MemoryStore: Block broadcast_56_piece2 stored as bytes in memory (estimated size 4.0 MB, free 756.8 MB)
17/03/16 20:18:16 INFO storage.MemoryStore: Block broadcast_56_piece103 stored as bytes in memory (estimated size 425.1 KB, free 757.2 MB)
17/03/16 20:18:16 INFO storage.MemoryStore: Block broadcast_56_piece58 stored as bytes in memory (estimated size 4.0 MB, free 761.2 MB)
17/03/16 20:18:16 INFO storage.MemoryStore: Block broadcast_56_piece42 stored as bytes in memory (estimated size 4.0 MB, free 765.2 MB)
17/03/16 20:18:16 INFO storage.MemoryStore: Block broadcast_56_piece54 stored as bytes in memory (estimated size 4.0 MB, free 769.2 MB)
17/03/16 20:18:16 INFO storage.MemoryStore: Block broadcast_56_piece20 stored as bytes in memory (estimated size 4.0 MB, free 773.2 MB)
17/03/16 20:18:16 INFO storage.MemoryStore: Block broadcast_56_piece99 stored as bytes in memory (estimated size 4.0 MB, free 777.2 MB)
17/03/16 20:18:16 INFO storage.MemoryStore: Block broadcast_56_piece88 stored as bytes in memory (estimated size 4.0 MB, free 781.2 MB)
17/03/16 20:18:16 INFO storage.MemoryStore: Block broadcast_56_piece77 stored as bytes in memory (estimated size 4.0 MB, free 785.2 MB)
17/03/16 20:18:16 INFO storage.MemoryStore: Block broadcast_56_piece16 stored as bytes in memory (estimated size 4.0 MB, free 789.2 MB)
17/03/16 20:18:17 INFO storage.MemoryStore: Block broadcast_56_piece4 stored as bytes in memory (estimated size 4.0 MB, free 793.2 MB)
17/03/16 20:18:17 INFO storage.MemoryStore: Block broadcast_56_piece80 stored as bytes in memory (estimated size 4.0 MB, free 797.2 MB)
17/03/16 20:18:17 INFO storage.MemoryStore: Block broadcast_56_piece49 stored as bytes in memory (estimated size 4.0 MB, free 801.2 MB)
17/03/16 20:18:17 INFO storage.MemoryStore: Block broadcast_56_piece84 stored as bytes in memory (estimated size 4.0 MB, free 805.2 MB)
17/03/16 20:18:17 INFO storage.MemoryStore: Block broadcast_56_piece63 stored as bytes in memory (estimated size 4.0 MB, free 809.2 MB)
17/03/16 20:18:17 INFO storage.MemoryStore: Block broadcast_56_piece73 stored as bytes in memory (estimated size 4.0 MB, free 813.2 MB)
17/03/16 20:18:17 INFO storage.MemoryStore: Block broadcast_56_piece34 stored as bytes in memory (estimated size 4.0 MB, free 817.2 MB)
17/03/16 20:18:17 INFO storage.MemoryStore: Block broadcast_56_piece21 stored as bytes in memory (estimated size 4.0 MB, free 821.2 MB)
17/03/16 20:18:17 INFO storage.MemoryStore: Block broadcast_56_piece52 stored as bytes in memory (estimated size 4.0 MB, free 825.2 MB)
17/03/16 20:18:17 INFO broadcast.TorrentBroadcast: Reading broadcast variable 56 took 1913 ms
17/03/16 20:18:24 INFO storage.MemoryStore: Block broadcast_56 stored as values in memory (estimated size 384.0 B, free 825.2 MB)
17/03/16 20:18:31 INFO python.PythonRunner: Times: total = 16548, boot = 4, init = 9050, finish = 7494
17/03/16 20:18:31 INFO executor.Executor: Finished task 6.0 in stage 37.0 (TID 1744). 1274 bytes result sent to driver
17/03/16 20:18:31 INFO python.PythonRunner: Times: total = 16691, boot = 8, init = 9046, finish = 7637
17/03/16 20:18:31 INFO python.PythonRunner: Times: total = 16695, boot = 21, init = 9031, finish = 7643
17/03/16 20:18:31 INFO python.PythonRunner: Times: total = 16732, boot = 24, init = 9027, finish = 7681
17/03/16 20:18:31 INFO python.PythonRunner: Times: total = 16749, boot = 18, init = 9035, finish = 7696
17/03/16 20:18:31 INFO python.PythonRunner: Times: total = 16751, boot = 12, init = 9041, finish = 7698
17/03/16 20:18:31 INFO executor.Executor: Finished task 12.0 in stage 37.0 (TID 1750). 1274 bytes result sent to driver
17/03/16 20:18:32 INFO executor.Executor: Finished task 30.0 in stage 37.0 (TID 1768). 1274 bytes result sent to driver
17/03/16 20:18:32 INFO executor.Executor: Finished task 36.0 in stage 37.0 (TID 1774). 1274 bytes result sent to driver
17/03/16 20:18:32 INFO executor.Executor: Finished task 18.0 in stage 37.0 (TID 1756). 1274 bytes result sent to driver
17/03/16 20:18:32 INFO executor.Executor: Finished task 24.0 in stage 37.0 (TID 1762). 1274 bytes result sent to driver
17/03/16 20:18:34 INFO python.PythonRunner: Times: total = 19179, boot = 4, init = 9048, finish = 10127
17/03/16 20:18:34 INFO executor.Executor: Finished task 0.0 in stage 37.0 (TID 1738). 1274 bytes result sent to driver
17/03/16 20:18:34 INFO python.PythonRunner: Times: total = 19339, boot = 14, init = 9038, finish = 10287
17/03/16 20:18:34 INFO executor.Executor: Finished task 42.0 in stage 37.0 (TID 1780). 1274 bytes result sent to driver
17/03/16 20:18:34 INFO executor.CoarseGrainedExecutorBackend: Got assigned task 1787
17/03/16 20:18:34 INFO executor.Executor: Running task 1.0 in stage 38.0 (TID 1787)
17/03/16 20:18:34 INFO executor.CoarseGrainedExecutorBackend: Got assigned task 1793
17/03/16 20:18:34 INFO executor.CoarseGrainedExecutorBackend: Got assigned task 1799
17/03/16 20:18:34 INFO executor.Executor: Running task 7.0 in stage 38.0 (TID 1793)
17/03/16 20:18:34 INFO spark.MapOutputTrackerWorker: Updating epoch to 20 and clearing cache
17/03/16 20:18:34 INFO executor.Executor: Running task 13.0 in stage 38.0 (TID 1799)
17/03/16 20:18:34 INFO executor.CoarseGrainedExecutorBackend: Got assigned task 1805
17/03/16 20:18:34 INFO executor.Executor: Running task 19.0 in stage 38.0 (TID 1805)
17/03/16 20:18:34 INFO executor.CoarseGrainedExecutorBackend: Got assigned task 1811
17/03/16 20:18:34 INFO broadcast.TorrentBroadcast: Started reading broadcast variable 58
17/03/16 20:18:34 INFO executor.Executor: Running task 25.0 in stage 38.0 (TID 1811)
17/03/16 20:18:34 INFO executor.CoarseGrainedExecutorBackend: Got assigned task 1817
17/03/16 20:18:34 INFO executor.Executor: Running task 31.0 in stage 38.0 (TID 1817)
17/03/16 20:18:34 INFO executor.CoarseGrainedExecutorBackend: Got assigned task 1823
17/03/16 20:18:34 INFO executor.CoarseGrainedExecutorBackend: Got assigned task 1829
17/03/16 20:18:34 INFO executor.Executor: Running task 37.0 in stage 38.0 (TID 1823)
17/03/16 20:18:34 INFO executor.Executor: Running task 43.0 in stage 38.0 (TID 1829)
17/03/16 20:18:34 INFO storage.MemoryStore: Block broadcast_58_piece0 stored as bytes in memory (estimated size 3.3 KB, free 825.2 MB)
17/03/16 20:18:34 INFO broadcast.TorrentBroadcast: Reading broadcast variable 58 took 7 ms
17/03/16 20:18:34 INFO storage.MemoryStore: Block broadcast_58 stored as values in memory (estimated size 5.3 KB, free 825.2 MB)
17/03/16 20:18:34 INFO spark.MapOutputTrackerWorker: Don't have map outputs for shuffle 18, fetching them
17/03/16 20:18:34 INFO spark.MapOutputTrackerWorker: Doing the fetch; tracker endpoint = NettyRpcEndpointRef(spark://MapOutputTracker@10.10.34.38:36751)
17/03/16 20:18:34 INFO spark.MapOutputTrackerWorker: Don't have map outputs for shuffle 18, fetching them
17/03/16 20:18:34 INFO spark.MapOutputTrackerWorker: Don't have map outputs for shuffle 18, fetching them
17/03/16 20:18:34 INFO spark.MapOutputTrackerWorker: Don't have map outputs for shuffle 18, fetching them
17/03/16 20:18:34 INFO spark.MapOutputTrackerWorker: Don't have map outputs for shuffle 18, fetching them
17/03/16 20:18:34 INFO spark.MapOutputTrackerWorker: Don't have map outputs for shuffle 18, fetching them
17/03/16 20:18:34 INFO spark.MapOutputTrackerWorker: Don't have map outputs for shuffle 18, fetching them
17/03/16 20:18:34 INFO spark.MapOutputTrackerWorker: Don't have map outputs for shuffle 18, fetching them
17/03/16 20:18:34 INFO spark.MapOutputTrackerWorker: Got the output locations
17/03/16 20:18:34 INFO storage.ShuffleBlockFetcherIterator: Getting 48 non-empty blocks out of 48 blocks
17/03/16 20:18:34 INFO storage.ShuffleBlockFetcherIterator: Started 7 remote fetches in 2 ms
17/03/16 20:18:34 INFO storage.ShuffleBlockFetcherIterator: Getting 48 non-empty blocks out of 48 blocks
17/03/16 20:18:34 INFO storage.ShuffleBlockFetcherIterator: Getting 48 non-empty blocks out of 48 blocks
17/03/16 20:18:34 INFO storage.ShuffleBlockFetcherIterator: Getting 48 non-empty blocks out of 48 blocks
17/03/16 20:18:34 INFO storage.ShuffleBlockFetcherIterator: Started 7 remote fetches in 2 ms
17/03/16 20:18:34 INFO storage.ShuffleBlockFetcherIterator: Getting 48 non-empty blocks out of 48 blocks
17/03/16 20:18:34 INFO storage.ShuffleBlockFetcherIterator: Getting 48 non-empty blocks out of 48 blocks
17/03/16 20:18:34 INFO storage.ShuffleBlockFetcherIterator: Getting 48 non-empty blocks out of 48 blocks
17/03/16 20:18:34 INFO storage.ShuffleBlockFetcherIterator: Started 5 remote fetches in 3 ms
17/03/16 20:18:34 INFO storage.ShuffleBlockFetcherIterator: Started 6 remote fetches in 2 ms
17/03/16 20:18:34 INFO storage.ShuffleBlockFetcherIterator: Started 8 remote fetches in 3 ms
17/03/16 20:18:34 INFO storage.ShuffleBlockFetcherIterator: Started 8 remote fetches in 1 ms
17/03/16 20:18:34 INFO storage.ShuffleBlockFetcherIterator: Getting 48 non-empty blocks out of 48 blocks
17/03/16 20:18:34 INFO storage.ShuffleBlockFetcherIterator: Started 6 remote fetches in 5 ms
17/03/16 20:18:34 INFO storage.ShuffleBlockFetcherIterator: Started 7 remote fetches in 4 ms
17/03/16 20:18:35 INFO python.PythonRunner: Times: total = 858, boot = -2755, init = 2757, finish = 856
17/03/16 20:18:35 INFO python.PythonRunner: Times: total = 855, boot = -310, init = 313, finish = 852
17/03/16 20:18:35 INFO executor.Executor: Finished task 25.0 in stage 38.0 (TID 1811). 9559091 bytes result sent to driver
17/03/16 20:18:35 INFO executor.Executor: Finished task 19.0 in stage 38.0 (TID 1805). 9555796 bytes result sent to driver
17/03/16 20:18:35 INFO python.PythonRunner: Times: total = 904, boot = -2791, init = 2795, finish = 900
17/03/16 20:18:35 INFO python.PythonRunner: Times: total = 917, boot = -2734, init = 2736, finish = 915
17/03/16 20:18:35 INFO python.PythonRunner: Times: total = 921, boot = -2785, init = 2787, finish = 919
17/03/16 20:18:35 INFO executor.Executor: Finished task 43.0 in stage 38.0 (TID 1829). 9566875 bytes result sent to driver
17/03/16 20:18:35 INFO executor.Executor: Finished task 31.0 in stage 38.0 (TID 1817). 9557999 bytes result sent to driver
17/03/16 20:18:35 INFO executor.Executor: Finished task 37.0 in stage 38.0 (TID 1823). 9559702 bytes result sent to driver
17/03/16 20:18:35 INFO python.PythonRunner: Times: total = 973, boot = -2737, init = 2741, finish = 969
17/03/16 20:18:35 INFO python.PythonRunner: Times: total = 979, boot = -2933, init = 2936, finish = 976
17/03/16 20:18:35 INFO executor.Executor: Finished task 7.0 in stage 38.0 (TID 1793). 9576754 bytes result sent to driver
17/03/16 20:18:35 INFO executor.Executor: Finished task 1.0 in stage 38.0 (TID 1787). 9551875 bytes result sent to driver
17/03/16 20:18:35 INFO python.PythonRunner: Times: total = 1008, boot = -157, init = 163, finish = 1002
17/03/16 20:18:35 INFO executor.Executor: Finished task 13.0 in stage 38.0 (TID 1799). 9562786 bytes result sent to driver
17/03/16 20:18:39 INFO storage.BlockManager: Removing RDD 111
17/03/16 20:18:39 INFO storage.BlockManager: Removing RDD 116
17/03/16 20:25:52 INFO executor.CoarseGrainedExecutorBackend: Got assigned task 1835
17/03/16 20:25:52 INFO executor.Executor: Running task 1.0 in stage 39.0 (TID 1835)
17/03/16 20:25:52 INFO broadcast.TorrentBroadcast: Started reading broadcast variable 60
17/03/16 20:25:52 INFO executor.CoarseGrainedExecutorBackend: Got assigned task 1841
17/03/16 20:25:52 INFO executor.Executor: Running task 7.0 in stage 39.0 (TID 1841)
17/03/16 20:25:52 INFO executor.CoarseGrainedExecutorBackend: Got assigned task 1847
17/03/16 20:25:52 INFO executor.Executor: Running task 13.0 in stage 39.0 (TID 1847)
17/03/16 20:25:52 INFO executor.CoarseGrainedExecutorBackend: Got assigned task 1853
17/03/16 20:25:52 INFO executor.Executor: Running task 19.0 in stage 39.0 (TID 1853)
17/03/16 20:25:52 INFO storage.MemoryStore: Block broadcast_60_piece0 stored as bytes in memory (estimated size 5.4 KB, free 825.2 MB)
17/03/16 20:25:52 INFO executor.CoarseGrainedExecutorBackend: Got assigned task 1859
17/03/16 20:25:52 INFO executor.Executor: Running task 25.0 in stage 39.0 (TID 1859)
17/03/16 20:25:52 INFO broadcast.TorrentBroadcast: Reading broadcast variable 60 took 12 ms
17/03/16 20:25:52 INFO storage.MemoryStore: Block broadcast_60 stored as values in memory (estimated size 8.6 KB, free 825.2 MB)
17/03/16 20:25:52 INFO executor.CoarseGrainedExecutorBackend: Got assigned task 1865
17/03/16 20:25:52 INFO executor.Executor: Running task 31.0 in stage 39.0 (TID 1865)
17/03/16 20:25:52 INFO executor.CoarseGrainedExecutorBackend: Got assigned task 1871
17/03/16 20:25:52 INFO executor.Executor: Running task 37.0 in stage 39.0 (TID 1871)
17/03/16 20:25:52 INFO executor.CoarseGrainedExecutorBackend: Got assigned task 1877
17/03/16 20:25:52 INFO broadcast.TorrentBroadcast: Started reading broadcast variable 59
17/03/16 20:25:52 INFO executor.Executor: Running task 43.0 in stage 39.0 (TID 1877)
17/03/16 20:25:52 INFO storage.MemoryStore: Block broadcast_59_piece79 stored as bytes in memory (estimated size 4.0 MB, free 829.2 MB)
17/03/16 20:25:52 INFO storage.MemoryStore: Block broadcast_59_piece65 stored as bytes in memory (estimated size 4.0 MB, free 833.2 MB)
17/03/16 20:25:52 INFO storage.MemoryStore: Block broadcast_59_piece3 stored as bytes in memory (estimated size 4.0 MB, free 837.2 MB)
17/03/16 20:25:52 INFO storage.MemoryStore: Block broadcast_59_piece48 stored as bytes in memory (estimated size 4.0 MB, free 841.2 MB)
17/03/16 20:25:52 INFO storage.MemoryStore: Block broadcast_59_piece86 stored as bytes in memory (estimated size 4.0 MB, free 845.2 MB)
17/03/16 20:25:52 INFO storage.MemoryStore: Block broadcast_59_piece81 stored as bytes in memory (estimated size 4.0 MB, free 849.2 MB)
17/03/16 20:25:52 INFO storage.MemoryStore: Block broadcast_59_piece54 stored as bytes in memory (estimated size 4.0 MB, free 853.2 MB)
17/03/16 20:25:52 INFO storage.MemoryStore: Block broadcast_59_piece51 stored as bytes in memory (estimated size 4.0 MB, free 857.2 MB)
17/03/16 20:25:52 INFO storage.MemoryStore: Block broadcast_59_piece83 stored as bytes in memory (estimated size 4.0 MB, free 861.2 MB)
17/03/16 20:25:52 INFO storage.MemoryStore: Block broadcast_59_piece49 stored as bytes in memory (estimated size 4.0 MB, free 865.2 MB)
17/03/16 20:25:52 INFO storage.MemoryStore: Block broadcast_59_piece8 stored as bytes in memory (estimated size 4.0 MB, free 869.2 MB)
17/03/16 20:25:53 INFO storage.MemoryStore: Block broadcast_59_piece10 stored as bytes in memory (estimated size 4.0 MB, free 873.2 MB)
17/03/16 20:25:53 INFO storage.MemoryStore: Block broadcast_59_piece63 stored as bytes in memory (estimated size 4.0 MB, free 877.2 MB)
17/03/16 20:25:53 INFO storage.MemoryStore: Block broadcast_59_piece68 stored as bytes in memory (estimated size 4.0 MB, free 881.2 MB)
17/03/16 20:25:53 INFO storage.MemoryStore: Block broadcast_59_piece27 stored as bytes in memory (estimated size 4.0 MB, free 885.2 MB)
17/03/16 20:25:53 INFO storage.MemoryStore: Block broadcast_59_piece25 stored as bytes in memory (estimated size 4.0 MB, free 889.2 MB)
17/03/16 20:25:53 INFO storage.MemoryStore: Block broadcast_59_piece53 stored as bytes in memory (estimated size 4.0 MB, free 893.2 MB)
17/03/16 20:25:53 INFO storage.MemoryStore: Block broadcast_59_piece1 stored as bytes in memory (estimated size 4.0 MB, free 897.2 MB)
17/03/16 20:25:53 INFO storage.MemoryStore: Block broadcast_59_piece97 stored as bytes in memory (estimated size 4.0 MB, free 901.2 MB)
17/03/16 20:25:53 INFO storage.MemoryStore: Block broadcast_59_piece102 stored as bytes in memory (estimated size 4.0 MB, free 905.2 MB)
17/03/16 20:25:53 INFO storage.MemoryStore: Block broadcast_59_piece80 stored as bytes in memory (estimated size 4.0 MB, free 909.2 MB)
17/03/16 20:25:53 INFO storage.MemoryStore: Block broadcast_59_piece61 stored as bytes in memory (estimated size 4.0 MB, free 913.2 MB)
17/03/16 20:25:53 INFO storage.MemoryStore: Block broadcast_59_piece39 stored as bytes in memory (estimated size 4.0 MB, free 917.2 MB)
17/03/16 20:25:53 INFO storage.MemoryStore: Block broadcast_59_piece64 stored as bytes in memory (estimated size 4.0 MB, free 921.2 MB)
17/03/16 20:25:53 INFO storage.MemoryStore: Block broadcast_59_piece47 stored as bytes in memory (estimated size 4.0 MB, free 925.2 MB)
17/03/16 20:25:53 INFO storage.MemoryStore: Block broadcast_59_piece46 stored as bytes in memory (estimated size 4.0 MB, free 929.2 MB)
17/03/16 20:25:53 INFO storage.MemoryStore: Block broadcast_59_piece50 stored as bytes in memory (estimated size 4.0 MB, free 933.2 MB)
17/03/16 20:25:53 INFO storage.MemoryStore: Block broadcast_59_piece90 stored as bytes in memory (estimated size 4.0 MB, free 937.2 MB)
17/03/16 20:25:53 INFO storage.MemoryStore: Block broadcast_59_piece69 stored as bytes in memory (estimated size 4.0 MB, free 941.2 MB)
17/03/16 20:25:53 INFO storage.MemoryStore: Block broadcast_59_piece92 stored as bytes in memory (estimated size 4.0 MB, free 945.2 MB)
17/03/16 20:25:53 INFO storage.MemoryStore: Block broadcast_59_piece67 stored as bytes in memory (estimated size 4.0 MB, free 949.2 MB)
17/03/16 20:25:53 INFO storage.MemoryStore: Block broadcast_59_piece91 stored as bytes in memory (estimated size 4.0 MB, free 953.2 MB)
17/03/16 20:25:53 INFO storage.MemoryStore: Block broadcast_59_piece35 stored as bytes in memory (estimated size 4.0 MB, free 957.2 MB)
17/03/16 20:25:53 INFO storage.MemoryStore: Block broadcast_59_piece88 stored as bytes in memory (estimated size 4.0 MB, free 961.2 MB)
17/03/16 20:25:53 INFO storage.MemoryStore: Block broadcast_59_piece43 stored as bytes in memory (estimated size 4.0 MB, free 965.2 MB)
17/03/16 20:25:53 INFO storage.MemoryStore: Block broadcast_59_piece24 stored as bytes in memory (estimated size 4.0 MB, free 969.2 MB)
17/03/16 20:25:53 INFO storage.MemoryStore: Block broadcast_59_piece89 stored as bytes in memory (estimated size 4.0 MB, free 973.2 MB)
17/03/16 20:25:53 INFO storage.MemoryStore: Block broadcast_59_piece87 stored as bytes in memory (estimated size 4.0 MB, free 977.2 MB)
17/03/16 20:25:53 INFO storage.MemoryStore: Block broadcast_59_piece57 stored as bytes in memory (estimated size 4.0 MB, free 981.2 MB)
17/03/16 20:25:53 INFO storage.MemoryStore: Block broadcast_59_piece31 stored as bytes in memory (estimated size 4.0 MB, free 985.2 MB)
17/03/16 20:25:53 INFO storage.MemoryStore: Block broadcast_59_piece44 stored as bytes in memory (estimated size 4.0 MB, free 989.2 MB)
17/03/16 20:25:53 INFO storage.MemoryStore: Block broadcast_59_piece52 stored as bytes in memory (estimated size 4.0 MB, free 993.2 MB)
17/03/16 20:25:53 INFO storage.MemoryStore: Block broadcast_59_piece78 stored as bytes in memory (estimated size 4.0 MB, free 997.2 MB)
17/03/16 20:25:53 INFO storage.MemoryStore: Block broadcast_59_piece96 stored as bytes in memory (estimated size 4.0 MB, free 1001.2 MB)
17/03/16 20:25:53 INFO storage.MemoryStore: Block broadcast_59_piece30 stored as bytes in memory (estimated size 4.0 MB, free 1005.2 MB)
17/03/16 20:25:53 INFO storage.MemoryStore: Block broadcast_59_piece33 stored as bytes in memory (estimated size 4.0 MB, free 1009.2 MB)
17/03/16 20:25:53 INFO storage.MemoryStore: Block broadcast_59_piece17 stored as bytes in memory (estimated size 4.0 MB, free 1013.2 MB)
17/03/16 20:25:53 INFO storage.MemoryStore: Block broadcast_59_piece100 stored as bytes in memory (estimated size 4.0 MB, free 1017.2 MB)
17/03/16 20:25:53 INFO storage.MemoryStore: Block broadcast_59_piece41 stored as bytes in memory (estimated size 4.0 MB, free 1021.2 MB)
17/03/16 20:25:53 INFO storage.MemoryStore: Block broadcast_59_piece36 stored as bytes in memory (estimated size 4.0 MB, free 1025.2 MB)
17/03/16 20:25:53 INFO storage.MemoryStore: Block broadcast_59_piece99 stored as bytes in memory (estimated size 4.0 MB, free 1029.2 MB)
17/03/16 20:25:53 INFO storage.MemoryStore: Block broadcast_59_piece29 stored as bytes in memory (estimated size 4.0 MB, free 1033.2 MB)
17/03/16 20:25:53 INFO storage.MemoryStore: Block broadcast_59_piece60 stored as bytes in memory (estimated size 4.0 MB, free 1037.2 MB)
17/03/16 20:25:53 INFO storage.MemoryStore: Block broadcast_59_piece12 stored as bytes in memory (estimated size 4.0 MB, free 1041.2 MB)
17/03/16 20:25:53 INFO storage.MemoryStore: Block broadcast_59_piece42 stored as bytes in memory (estimated size 4.0 MB, free 1045.2 MB)
17/03/16 20:25:53 INFO storage.MemoryStore: Block broadcast_59_piece21 stored as bytes in memory (estimated size 4.0 MB, free 1049.2 MB)
17/03/16 20:25:53 INFO storage.MemoryStore: Block broadcast_59_piece32 stored as bytes in memory (estimated size 4.0 MB, free 1053.2 MB)
17/03/16 20:25:53 INFO storage.MemoryStore: Block broadcast_59_piece56 stored as bytes in memory (estimated size 4.0 MB, free 1057.2 MB)
17/03/16 20:25:53 INFO storage.MemoryStore: Block broadcast_59_piece19 stored as bytes in memory (estimated size 4.0 MB, free 1061.2 MB)
17/03/16 20:25:53 INFO storage.MemoryStore: Block broadcast_59_piece93 stored as bytes in memory (estimated size 4.0 MB, free 1065.2 MB)
17/03/16 20:25:54 INFO storage.MemoryStore: Block broadcast_59_piece76 stored as bytes in memory (estimated size 4.0 MB, free 1069.2 MB)
17/03/16 20:25:54 INFO storage.MemoryStore: Block broadcast_59_piece45 stored as bytes in memory (estimated size 4.0 MB, free 1073.2 MB)
17/03/16 20:25:54 INFO storage.MemoryStore: Block broadcast_59_piece7 stored as bytes in memory (estimated size 4.0 MB, free 1077.2 MB)
17/03/16 20:25:54 INFO storage.MemoryStore: Block broadcast_59_piece59 stored as bytes in memory (estimated size 4.0 MB, free 1081.2 MB)
17/03/16 20:25:54 INFO storage.MemoryStore: Block broadcast_59_piece73 stored as bytes in memory (estimated size 4.0 MB, free 1085.2 MB)
17/03/16 20:25:54 INFO storage.MemoryStore: Block broadcast_59_piece15 stored as bytes in memory (estimated size 4.0 MB, free 1089.2 MB)
17/03/16 20:25:54 INFO storage.MemoryStore: Block broadcast_59_piece58 stored as bytes in memory (estimated size 4.0 MB, free 1093.2 MB)
17/03/16 20:25:54 INFO storage.MemoryStore: Block broadcast_59_piece75 stored as bytes in memory (estimated size 4.0 MB, free 1097.2 MB)
17/03/16 20:25:54 INFO storage.MemoryStore: Block broadcast_59_piece85 stored as bytes in memory (estimated size 4.0 MB, free 1101.2 MB)
17/03/16 20:25:54 INFO storage.MemoryStore: Block broadcast_59_piece72 stored as bytes in memory (estimated size 4.0 MB, free 1105.2 MB)
17/03/16 20:25:54 INFO storage.MemoryStore: Block broadcast_59_piece26 stored as bytes in memory (estimated size 4.0 MB, free 1109.2 MB)
17/03/16 20:25:54 INFO storage.MemoryStore: Block broadcast_59_piece13 stored as bytes in memory (estimated size 4.0 MB, free 1113.2 MB)
17/03/16 20:25:54 INFO storage.MemoryStore: Block broadcast_59_piece101 stored as bytes in memory (estimated size 4.0 MB, free 1117.2 MB)
17/03/16 20:25:54 INFO storage.MemoryStore: Block broadcast_59_piece98 stored as bytes in memory (estimated size 4.0 MB, free 1121.2 MB)
17/03/16 20:25:54 INFO storage.MemoryStore: Block broadcast_59_piece55 stored as bytes in memory (estimated size 4.0 MB, free 1125.2 MB)
17/03/16 20:25:54 INFO storage.MemoryStore: Block broadcast_59_piece14 stored as bytes in memory (estimated size 4.0 MB, free 1129.2 MB)
17/03/16 20:25:54 INFO storage.MemoryStore: Block broadcast_59_piece11 stored as bytes in memory (estimated size 4.0 MB, free 1133.2 MB)
17/03/16 20:25:54 INFO storage.MemoryStore: Block broadcast_59_piece16 stored as bytes in memory (estimated size 4.0 MB, free 1137.2 MB)
17/03/16 20:25:54 INFO storage.MemoryStore: Block broadcast_59_piece71 stored as bytes in memory (estimated size 4.0 MB, free 1141.2 MB)
17/03/16 20:25:54 INFO storage.MemoryStore: Block broadcast_59_piece62 stored as bytes in memory (estimated size 4.0 MB, free 1145.2 MB)
17/03/16 20:25:54 INFO storage.MemoryStore: Block broadcast_59_piece28 stored as bytes in memory (estimated size 4.0 MB, free 1149.2 MB)
17/03/16 20:25:54 INFO storage.MemoryStore: Block broadcast_59_piece103 stored as bytes in memory (estimated size 348.3 KB, free 1149.6 MB)
17/03/16 20:25:54 INFO storage.MemoryStore: Block broadcast_59_piece40 stored as bytes in memory (estimated size 4.0 MB, free 1153.6 MB)
17/03/16 20:25:54 INFO storage.MemoryStore: Block broadcast_59_piece70 stored as bytes in memory (estimated size 4.0 MB, free 1157.6 MB)
17/03/16 20:25:54 INFO storage.MemoryStore: Block broadcast_59_piece20 stored as bytes in memory (estimated size 4.0 MB, free 1161.6 MB)
17/03/16 20:25:54 INFO storage.MemoryStore: Block broadcast_59_piece4 stored as bytes in memory (estimated size 4.0 MB, free 1165.6 MB)
17/03/16 20:25:54 INFO storage.MemoryStore: Block broadcast_59_piece37 stored as bytes in memory (estimated size 4.0 MB, free 1169.6 MB)
17/03/16 20:25:54 INFO storage.MemoryStore: Block broadcast_59_piece2 stored as bytes in memory (estimated size 4.0 MB, free 1173.6 MB)
17/03/16 20:25:54 INFO storage.MemoryStore: Block broadcast_59_piece22 stored as bytes in memory (estimated size 4.0 MB, free 1177.6 MB)
17/03/16 20:25:54 INFO storage.MemoryStore: Block broadcast_59_piece95 stored as bytes in memory (estimated size 4.0 MB, free 1181.6 MB)
17/03/16 20:25:54 INFO storage.MemoryStore: Block broadcast_59_piece9 stored as bytes in memory (estimated size 4.0 MB, free 1185.6 MB)
17/03/16 20:25:54 INFO storage.MemoryStore: Block broadcast_59_piece18 stored as bytes in memory (estimated size 4.0 MB, free 1189.6 MB)
17/03/16 20:25:54 INFO storage.MemoryStore: Block broadcast_59_piece5 stored as bytes in memory (estimated size 4.0 MB, free 1193.6 MB)
17/03/16 20:25:54 INFO storage.MemoryStore: Block broadcast_59_piece84 stored as bytes in memory (estimated size 4.0 MB, free 1197.6 MB)
17/03/16 20:25:54 INFO storage.MemoryStore: Block broadcast_59_piece77 stored as bytes in memory (estimated size 4.0 MB, free 1201.6 MB)
17/03/16 20:25:54 INFO storage.MemoryStore: Block broadcast_59_piece74 stored as bytes in memory (estimated size 4.0 MB, free 1205.6 MB)
17/03/16 20:25:54 INFO storage.MemoryStore: Block broadcast_59_piece66 stored as bytes in memory (estimated size 4.0 MB, free 1209.6 MB)
17/03/16 20:25:54 INFO storage.MemoryStore: Block broadcast_59_piece82 stored as bytes in memory (estimated size 4.0 MB, free 1213.6 MB)
17/03/16 20:25:54 INFO storage.MemoryStore: Block broadcast_59_piece38 stored as bytes in memory (estimated size 4.0 MB, free 1217.6 MB)
17/03/16 20:25:54 INFO storage.MemoryStore: Block broadcast_59_piece94 stored as bytes in memory (estimated size 4.0 MB, free 1221.6 MB)
17/03/16 20:25:54 INFO storage.MemoryStore: Block broadcast_59_piece23 stored as bytes in memory (estimated size 4.0 MB, free 1225.6 MB)
17/03/16 20:25:54 INFO storage.MemoryStore: Block broadcast_59_piece6 stored as bytes in memory (estimated size 4.0 MB, free 1229.6 MB)
17/03/16 20:25:54 INFO storage.MemoryStore: Block broadcast_59_piece34 stored as bytes in memory (estimated size 4.0 MB, free 1233.6 MB)
17/03/16 20:25:54 INFO storage.MemoryStore: Block broadcast_59_piece0 stored as bytes in memory (estimated size 4.0 MB, free 1237.6 MB)
17/03/16 20:25:54 INFO broadcast.TorrentBroadcast: Reading broadcast variable 59 took 2050 ms
17/03/16 20:26:02 INFO storage.MemoryStore: Block broadcast_59 stored as values in memory (estimated size 384.0 B, free 1237.6 MB)
17/03/16 20:26:10 INFO python.PythonRunner: Times: total = 17468, boot = 18, init = 9965, finish = 7485
17/03/16 20:26:10 INFO executor.Executor: Finished task 19.0 in stage 39.0 (TID 1853). 1274 bytes result sent to driver
17/03/16 20:26:10 INFO python.PythonRunner: Times: total = 17665, boot = 15, init = 9969, finish = 7681
17/03/16 20:26:10 INFO python.PythonRunner: Times: total = 17675, boot = 8, init = 9976, finish = 7691
17/03/16 20:26:10 INFO python.PythonRunner: Times: total = 17687, boot = 4, init = 9979, finish = 7704
17/03/16 20:26:10 INFO python.PythonRunner: Times: total = 17689, boot = 12, init = 9972, finish = 7705
17/03/16 20:26:10 INFO python.PythonRunner: Times: total = 17689, boot = 3, init = 9980, finish = 7706
17/03/16 20:26:10 INFO python.PythonRunner: Times: total = 17702, boot = 22, init = 9961, finish = 7719
17/03/16 20:26:10 INFO executor.Executor: Finished task 25.0 in stage 39.0 (TID 1859). 1274 bytes result sent to driver
17/03/16 20:26:10 INFO python.PythonRunner: Times: total = 7809, boot = 5, init = 2, finish = 7802
17/03/16 20:26:10 INFO executor.Executor: Finished task 1.0 in stage 39.0 (TID 1835). 1274 bytes result sent to driver
17/03/16 20:26:10 INFO executor.Executor: Finished task 13.0 in stage 39.0 (TID 1847). 1274 bytes result sent to driver
17/03/16 20:26:10 INFO executor.Executor: Finished task 31.0 in stage 39.0 (TID 1865). 1274 bytes result sent to driver
17/03/16 20:26:10 INFO executor.Executor: Finished task 37.0 in stage 39.0 (TID 1871). 1274 bytes result sent to driver
17/03/16 20:26:10 INFO executor.Executor: Finished task 7.0 in stage 39.0 (TID 1841). 1274 bytes result sent to driver
17/03/16 20:26:10 INFO executor.Executor: Finished task 43.0 in stage 39.0 (TID 1877). 1274 bytes result sent to driver
17/03/16 20:26:11 INFO executor.CoarseGrainedExecutorBackend: Got assigned task 1882
17/03/16 20:26:11 INFO executor.Executor: Running task 0.0 in stage 40.0 (TID 1882)
17/03/16 20:26:11 INFO executor.CoarseGrainedExecutorBackend: Got assigned task 1888
17/03/16 20:26:11 INFO executor.Executor: Running task 6.0 in stage 40.0 (TID 1888)
17/03/16 20:26:11 INFO executor.CoarseGrainedExecutorBackend: Got assigned task 1894
17/03/16 20:26:11 INFO spark.MapOutputTrackerWorker: Updating epoch to 21 and clearing cache
17/03/16 20:26:11 INFO executor.Executor: Running task 12.0 in stage 40.0 (TID 1894)
17/03/16 20:26:11 INFO executor.CoarseGrainedExecutorBackend: Got assigned task 1900
17/03/16 20:26:11 INFO executor.Executor: Running task 18.0 in stage 40.0 (TID 1900)
17/03/16 20:26:11 INFO broadcast.TorrentBroadcast: Started reading broadcast variable 61
17/03/16 20:26:11 INFO executor.CoarseGrainedExecutorBackend: Got assigned task 1906
17/03/16 20:26:11 INFO executor.Executor: Running task 24.0 in stage 40.0 (TID 1906)
17/03/16 20:26:11 INFO executor.CoarseGrainedExecutorBackend: Got assigned task 1912
17/03/16 20:26:11 INFO executor.CoarseGrainedExecutorBackend: Got assigned task 1918
17/03/16 20:26:11 INFO executor.Executor: Running task 30.0 in stage 40.0 (TID 1912)
17/03/16 20:26:11 INFO executor.Executor: Running task 36.0 in stage 40.0 (TID 1918)
17/03/16 20:26:11 INFO executor.CoarseGrainedExecutorBackend: Got assigned task 1924
17/03/16 20:26:11 INFO executor.Executor: Running task 42.0 in stage 40.0 (TID 1924)
17/03/16 20:26:11 INFO storage.MemoryStore: Block broadcast_61_piece0 stored as bytes in memory (estimated size 3.3 KB, free 1237.6 MB)
17/03/16 20:26:11 INFO broadcast.TorrentBroadcast: Reading broadcast variable 61 took 6 ms
17/03/16 20:26:11 INFO storage.MemoryStore: Block broadcast_61 stored as values in memory (estimated size 5.3 KB, free 1237.6 MB)
17/03/16 20:26:11 INFO spark.MapOutputTrackerWorker: Don't have map outputs for shuffle 19, fetching them
17/03/16 20:26:11 INFO spark.MapOutputTrackerWorker: Doing the fetch; tracker endpoint = NettyRpcEndpointRef(spark://MapOutputTracker@10.10.34.38:36751)
17/03/16 20:26:11 INFO spark.MapOutputTrackerWorker: Don't have map outputs for shuffle 19, fetching them
17/03/16 20:26:11 INFO spark.MapOutputTrackerWorker: Don't have map outputs for shuffle 19, fetching them
17/03/16 20:26:11 INFO spark.MapOutputTrackerWorker: Don't have map outputs for shuffle 19, fetching them
17/03/16 20:26:11 INFO spark.MapOutputTrackerWorker: Don't have map outputs for shuffle 19, fetching them
17/03/16 20:26:11 INFO spark.MapOutputTrackerWorker: Don't have map outputs for shuffle 19, fetching them
17/03/16 20:26:11 INFO spark.MapOutputTrackerWorker: Don't have map outputs for shuffle 19, fetching them
17/03/16 20:26:11 INFO spark.MapOutputTrackerWorker: Don't have map outputs for shuffle 19, fetching them
17/03/16 20:26:11 INFO spark.MapOutputTrackerWorker: Got the output locations
17/03/16 20:26:11 INFO storage.ShuffleBlockFetcherIterator: Getting 48 non-empty blocks out of 48 blocks
17/03/16 20:26:11 INFO storage.ShuffleBlockFetcherIterator: Getting 48 non-empty blocks out of 48 blocks
17/03/16 20:26:11 INFO storage.ShuffleBlockFetcherIterator: Getting 48 non-empty blocks out of 48 blocks
17/03/16 20:26:11 INFO storage.ShuffleBlockFetcherIterator: Started 6 remote fetches in 3 ms
17/03/16 20:26:11 INFO storage.ShuffleBlockFetcherIterator: Getting 48 non-empty blocks out of 48 blocks
17/03/16 20:26:11 INFO storage.ShuffleBlockFetcherIterator: Started 6 remote fetches in 2 ms
17/03/16 20:26:11 INFO storage.ShuffleBlockFetcherIterator: Started 5 remote fetches in 3 ms
17/03/16 20:26:11 INFO storage.ShuffleBlockFetcherIterator: Getting 48 non-empty blocks out of 48 blocks
17/03/16 20:26:11 INFO storage.ShuffleBlockFetcherIterator: Getting 48 non-empty blocks out of 48 blocks
17/03/16 20:26:11 INFO storage.ShuffleBlockFetcherIterator: Getting 48 non-empty blocks out of 48 blocks
17/03/16 20:26:11 INFO storage.ShuffleBlockFetcherIterator: Getting 48 non-empty blocks out of 48 blocks
17/03/16 20:26:11 INFO storage.ShuffleBlockFetcherIterator: Started 6 remote fetches in 3 ms
17/03/16 20:26:11 INFO storage.ShuffleBlockFetcherIterator: Started 6 remote fetches in 1 ms
17/03/16 20:26:11 INFO storage.ShuffleBlockFetcherIterator: Started 6 remote fetches in 4 ms
17/03/16 20:26:11 INFO storage.ShuffleBlockFetcherIterator: Started 6 remote fetches in 3 ms
17/03/16 20:26:11 INFO storage.ShuffleBlockFetcherIterator: Started 7 remote fetches in 3 ms
17/03/16 20:26:11 INFO python.PythonRunner: Times: total = 880, boot = -907, init = 910, finish = 877
17/03/16 20:26:11 INFO executor.Executor: Finished task 0.0 in stage 40.0 (TID 1882). 9563205 bytes result sent to driver
17/03/16 20:26:12 INFO python.PythonRunner: Times: total = 1051, boot = -699, init = 702, finish = 1048
17/03/16 20:26:12 INFO python.PythonRunner: Times: total = 1066, boot = -687, init = 691, finish = 1062
17/03/16 20:26:12 INFO executor.Executor: Finished task 42.0 in stage 40.0 (TID 1924). 9555337 bytes result sent to driver
17/03/16 20:26:12 INFO executor.Executor: Finished task 24.0 in stage 40.0 (TID 1906). 9567328 bytes result sent to driver
17/03/16 20:26:12 INFO python.PythonRunner: Times: total = 1092, boot = -710, init = 713, finish = 1089
17/03/16 20:26:12 INFO executor.Executor: Finished task 6.0 in stage 40.0 (TID 1888). 9558244 bytes result sent to driver
17/03/16 20:26:12 INFO python.PythonRunner: Times: total = 1145, boot = -687, init = 691, finish = 1141
17/03/16 20:26:12 INFO executor.Executor: Finished task 12.0 in stage 40.0 (TID 1894). 9553044 bytes result sent to driver
17/03/16 20:26:12 INFO python.PythonRunner: Times: total = 1216, boot = -585, init = 590, finish = 1211
17/03/16 20:26:12 INFO executor.Executor: Finished task 18.0 in stage 40.0 (TID 1900). 9549899 bytes result sent to driver
17/03/16 20:26:12 INFO python.PythonRunner: Times: total = 1472, boot = -689, init = 692, finish = 1469
17/03/16 20:26:12 INFO executor.Executor: Finished task 30.0 in stage 40.0 (TID 1912). 9571517 bytes result sent to driver
17/03/16 20:26:12 INFO python.PythonRunner: Times: total = 1602, boot = -671, init = 676, finish = 1597
17/03/16 20:26:12 INFO executor.Executor: Finished task 36.0 in stage 40.0 (TID 1918). 9560849 bytes result sent to driver
17/03/16 20:26:16 INFO storage.BlockManager: Removing RDD 117
17/03/16 20:26:16 INFO storage.BlockManager: Removing RDD 122
17/03/16 20:27:13 INFO executor.CoarseGrainedExecutorBackend: Driver commanded a shutdown
17/03/16 20:27:13 INFO storage.MemoryStore: MemoryStore cleared
17/03/16 20:27:13 INFO storage.BlockManager: BlockManager stopped
17/03/16 20:27:13 WARN executor.CoarseGrainedExecutorBackend: An unknown (mesos-slave-28:36751) driver disconnected.
17/03/16 20:27:13 ERROR executor.CoarseGrainedExecutorBackend: Driver 10.10.34.38:36751 disassociated! Shutting down.
17/03/16 20:27:13 INFO util.ShutdownHookManager: Shutdown hook called
17/03/16 20:27:13 INFO util.ShutdownHookManager: Deleting directory /opt/hdfs/nodemanager/usercache/curi/appcache/application_1485248649253_0030/spark-77d25fc2-e168-426f-bfa7-498ae0a17168
17/03/16 20:27:13 INFO remote.RemoteActorRefProvider$RemotingTerminator: Shutting down remote daemon.
17/03/16 20:27:13 INFO remote.RemoteActorRefProvider$RemotingTerminator: Remote daemon shut down; proceeding with flushing remote transports.
17/03/16 20:27:13 INFO remote.RemoteActorRefProvider$RemotingTerminator: Remoting shut down.
