17/03/23 14:32:30 INFO executor.CoarseGrainedExecutorBackend: Registered signal handlers for [TERM, HUP, INT]
17/03/23 14:32:30 INFO spark.SecurityManager: Changing view acls to: yarn,curi
17/03/23 14:32:30 INFO spark.SecurityManager: Changing modify acls to: yarn,curi
17/03/23 14:32:30 INFO spark.SecurityManager: SecurityManager: authentication disabled; ui acls disabled; users with view permissions: Set(yarn, curi); users with modify permissions: Set(yarn, curi)
17/03/23 14:32:31 INFO spark.SecurityManager: Changing view acls to: yarn,curi
17/03/23 14:32:31 INFO spark.SecurityManager: Changing modify acls to: yarn,curi
17/03/23 14:32:31 INFO spark.SecurityManager: SecurityManager: authentication disabled; ui acls disabled; users with view permissions: Set(yarn, curi); users with modify permissions: Set(yarn, curi)
17/03/23 14:32:31 INFO slf4j.Slf4jLogger: Slf4jLogger started
17/03/23 14:32:31 INFO Remoting: Starting remoting
17/03/23 14:32:31 INFO Remoting: Remoting started; listening on addresses :[akka.tcp://sparkExecutorActorSystem@mesos-slave-06:40190]
17/03/23 14:32:31 INFO util.Utils: Successfully started service 'sparkExecutorActorSystem' on port 40190.
17/03/23 14:32:31 INFO storage.DiskBlockManager: Created local directory at /opt/hdfs/nodemanager/usercache/curi/appcache/application_1485248649253_0038/blockmgr-fd54bba7-0fe3-4f20-8037-72c93695f82b
17/03/23 14:32:31 INFO storage.MemoryStore: MemoryStore started with capacity 14.2 GB
17/03/23 14:32:32 INFO executor.CoarseGrainedExecutorBackend: Connecting to driver: spark://CoarseGrainedScheduler@10.10.34.20:55482
17/03/23 14:32:32 INFO executor.CoarseGrainedExecutorBackend: Successfully registered with driver
17/03/23 14:32:32 INFO executor.Executor: Starting executor ID 2 on host mesos-slave-06
17/03/23 14:32:32 INFO util.Utils: Successfully started service 'org.apache.spark.network.netty.NettyBlockTransferService' on port 51145.
17/03/23 14:32:32 INFO netty.NettyBlockTransferService: Server created on 51145
17/03/23 14:32:32 INFO storage.BlockManagerMaster: Trying to register BlockManager
17/03/23 14:32:32 INFO storage.BlockManagerMaster: Registered BlockManager
17/03/23 14:47:06 INFO executor.CoarseGrainedExecutorBackend: Got assigned task 7
17/03/23 14:47:06 INFO executor.Executor: Running task 5.0 in stage 1.0 (TID 7)
17/03/23 14:47:06 INFO executor.CoarseGrainedExecutorBackend: Got assigned task 13
17/03/23 14:47:06 INFO executor.Executor: Running task 11.0 in stage 1.0 (TID 13)
17/03/23 14:47:06 INFO executor.CoarseGrainedExecutorBackend: Got assigned task 19
17/03/23 14:47:06 INFO executor.Executor: Running task 17.0 in stage 1.0 (TID 19)
17/03/23 14:47:06 INFO executor.CoarseGrainedExecutorBackend: Got assigned task 25
17/03/23 14:47:06 INFO executor.Executor: Running task 23.0 in stage 1.0 (TID 25)
17/03/23 14:47:06 INFO executor.CoarseGrainedExecutorBackend: Got assigned task 31
17/03/23 14:47:06 INFO executor.Executor: Running task 29.0 in stage 1.0 (TID 31)
17/03/23 14:47:06 INFO executor.CoarseGrainedExecutorBackend: Got assigned task 37
17/03/23 14:47:06 INFO executor.Executor: Running task 35.0 in stage 1.0 (TID 37)
17/03/23 14:47:06 INFO executor.CoarseGrainedExecutorBackend: Got assigned task 43
17/03/23 14:47:06 INFO executor.Executor: Running task 41.0 in stage 1.0 (TID 43)
17/03/23 14:47:06 INFO executor.CoarseGrainedExecutorBackend: Got assigned task 49
17/03/23 14:47:06 INFO executor.Executor: Running task 47.0 in stage 1.0 (TID 49)
17/03/23 14:47:06 INFO broadcast.TorrentBroadcast: Started reading broadcast variable 7
17/03/23 14:47:06 INFO storage.MemoryStore: Block broadcast_7_piece0 stored as bytes in memory (estimated size 5.8 KB, free 5.8 KB)
17/03/23 14:47:06 INFO broadcast.TorrentBroadcast: Reading broadcast variable 7 took 145 ms
17/03/23 14:47:06 INFO storage.MemoryStore: Block broadcast_7 stored as values in memory (estimated size 9.2 KB, free 15.0 KB)
17/03/23 14:47:07 INFO broadcast.TorrentBroadcast: Started reading broadcast variable 6
17/03/23 14:47:07 INFO storage.MemoryStore: Block broadcast_6_piece333 stored as bytes in memory (estimated size 4.0 MB, free 4.0 MB)
17/03/23 14:47:07 INFO storage.MemoryStore: Block broadcast_6_piece122 stored as bytes in memory (estimated size 4.0 MB, free 8.0 MB)
17/03/23 14:47:07 INFO storage.MemoryStore: Block broadcast_6_piece270 stored as bytes in memory (estimated size 4.0 MB, free 12.0 MB)
17/03/23 14:47:08 INFO storage.MemoryStore: Block broadcast_6_piece28 stored as bytes in memory (estimated size 4.0 MB, free 16.0 MB)
17/03/23 14:47:08 INFO storage.MemoryStore: Block broadcast_6_piece20 stored as bytes in memory (estimated size 4.0 MB, free 20.0 MB)
17/03/23 14:47:08 INFO storage.MemoryStore: Block broadcast_6_piece151 stored as bytes in memory (estimated size 4.0 MB, free 24.0 MB)
17/03/23 14:47:08 INFO storage.MemoryStore: Block broadcast_6_piece341 stored as bytes in memory (estimated size 4.0 MB, free 28.0 MB)
17/03/23 14:47:08 INFO storage.MemoryStore: Block broadcast_6_piece81 stored as bytes in memory (estimated size 4.0 MB, free 32.0 MB)
17/03/23 14:47:08 INFO storage.MemoryStore: Block broadcast_6_piece294 stored as bytes in memory (estimated size 4.0 MB, free 36.0 MB)
17/03/23 14:47:08 INFO storage.MemoryStore: Block broadcast_6_piece25 stored as bytes in memory (estimated size 4.0 MB, free 40.0 MB)
17/03/23 14:47:08 INFO storage.MemoryStore: Block broadcast_6_piece306 stored as bytes in memory (estimated size 4.0 MB, free 44.0 MB)
17/03/23 14:47:08 INFO storage.MemoryStore: Block broadcast_6_piece97 stored as bytes in memory (estimated size 4.0 MB, free 48.0 MB)
17/03/23 14:47:08 INFO storage.MemoryStore: Block broadcast_6_piece201 stored as bytes in memory (estimated size 4.0 MB, free 52.0 MB)
17/03/23 14:47:08 INFO storage.MemoryStore: Block broadcast_6_piece90 stored as bytes in memory (estimated size 4.0 MB, free 56.0 MB)
17/03/23 14:47:08 INFO storage.MemoryStore: Block broadcast_6_piece110 stored as bytes in memory (estimated size 4.0 MB, free 60.0 MB)
17/03/23 14:47:08 INFO storage.MemoryStore: Block broadcast_6_piece304 stored as bytes in memory (estimated size 4.0 MB, free 64.0 MB)
17/03/23 14:47:08 INFO storage.MemoryStore: Block broadcast_6_piece154 stored as bytes in memory (estimated size 4.0 MB, free 68.0 MB)
17/03/23 14:47:08 INFO storage.MemoryStore: Block broadcast_6_piece296 stored as bytes in memory (estimated size 4.0 MB, free 72.0 MB)
17/03/23 14:47:08 INFO storage.MemoryStore: Block broadcast_6_piece276 stored as bytes in memory (estimated size 4.0 MB, free 76.0 MB)
17/03/23 14:47:08 INFO storage.MemoryStore: Block broadcast_6_piece227 stored as bytes in memory (estimated size 4.0 MB, free 80.0 MB)
17/03/23 14:47:08 INFO storage.MemoryStore: Block broadcast_6_piece94 stored as bytes in memory (estimated size 4.0 MB, free 84.0 MB)
17/03/23 14:47:08 INFO storage.MemoryStore: Block broadcast_6_piece40 stored as bytes in memory (estimated size 4.0 MB, free 88.0 MB)
17/03/23 14:47:08 INFO storage.MemoryStore: Block broadcast_6_piece264 stored as bytes in memory (estimated size 4.0 MB, free 92.0 MB)
17/03/23 14:47:08 INFO storage.MemoryStore: Block broadcast_6_piece123 stored as bytes in memory (estimated size 4.0 MB, free 96.0 MB)
17/03/23 14:47:08 INFO storage.MemoryStore: Block broadcast_6_piece175 stored as bytes in memory (estimated size 4.0 MB, free 100.0 MB)
17/03/23 14:47:08 INFO storage.MemoryStore: Block broadcast_6_piece205 stored as bytes in memory (estimated size 4.0 MB, free 104.0 MB)
17/03/23 14:47:08 INFO storage.MemoryStore: Block broadcast_6_piece84 stored as bytes in memory (estimated size 4.0 MB, free 108.0 MB)
17/03/23 14:47:08 INFO storage.MemoryStore: Block broadcast_6_piece221 stored as bytes in memory (estimated size 4.0 MB, free 112.0 MB)
17/03/23 14:47:08 INFO storage.MemoryStore: Block broadcast_6_piece52 stored as bytes in memory (estimated size 4.0 MB, free 116.0 MB)
17/03/23 14:47:08 INFO storage.MemoryStore: Block broadcast_6_piece103 stored as bytes in memory (estimated size 4.0 MB, free 120.0 MB)
17/03/23 14:47:08 INFO storage.MemoryStore: Block broadcast_6_piece302 stored as bytes in memory (estimated size 4.0 MB, free 124.0 MB)
17/03/23 14:47:08 INFO storage.MemoryStore: Block broadcast_6_piece113 stored as bytes in memory (estimated size 4.0 MB, free 128.0 MB)
17/03/23 14:47:08 INFO storage.MemoryStore: Block broadcast_6_piece92 stored as bytes in memory (estimated size 4.0 MB, free 132.0 MB)
17/03/23 14:47:08 INFO storage.MemoryStore: Block broadcast_6_piece275 stored as bytes in memory (estimated size 4.0 MB, free 136.0 MB)
17/03/23 14:47:08 INFO storage.MemoryStore: Block broadcast_6_piece339 stored as bytes in memory (estimated size 4.0 MB, free 140.0 MB)
17/03/23 14:47:08 INFO storage.MemoryStore: Block broadcast_6_piece274 stored as bytes in memory (estimated size 4.0 MB, free 144.0 MB)
17/03/23 14:47:09 INFO storage.MemoryStore: Block broadcast_6_piece96 stored as bytes in memory (estimated size 4.0 MB, free 148.0 MB)
17/03/23 14:47:09 INFO storage.MemoryStore: Block broadcast_6_piece83 stored as bytes in memory (estimated size 4.0 MB, free 152.0 MB)
17/03/23 14:47:09 INFO storage.MemoryStore: Block broadcast_6_piece337 stored as bytes in memory (estimated size 4.0 MB, free 156.0 MB)
17/03/23 14:47:09 INFO storage.MemoryStore: Block broadcast_6_piece47 stored as bytes in memory (estimated size 4.0 MB, free 160.0 MB)
17/03/23 14:47:09 INFO storage.MemoryStore: Block broadcast_6_piece153 stored as bytes in memory (estimated size 4.0 MB, free 164.0 MB)
17/03/23 14:47:09 INFO storage.MemoryStore: Block broadcast_6_piece219 stored as bytes in memory (estimated size 4.0 MB, free 168.0 MB)
17/03/23 14:47:09 INFO storage.MemoryStore: Block broadcast_6_piece169 stored as bytes in memory (estimated size 4.0 MB, free 172.0 MB)
17/03/23 14:47:09 INFO storage.MemoryStore: Block broadcast_6_piece335 stored as bytes in memory (estimated size 4.0 MB, free 176.0 MB)
17/03/23 14:47:09 INFO storage.MemoryStore: Block broadcast_6_piece229 stored as bytes in memory (estimated size 4.0 MB, free 180.0 MB)
17/03/23 14:47:09 INFO storage.MemoryStore: Block broadcast_6_piece126 stored as bytes in memory (estimated size 4.0 MB, free 184.0 MB)
17/03/23 14:47:09 INFO storage.MemoryStore: Block broadcast_6_piece283 stored as bytes in memory (estimated size 4.0 MB, free 188.0 MB)
17/03/23 14:47:09 INFO storage.MemoryStore: Block broadcast_6_piece174 stored as bytes in memory (estimated size 4.0 MB, free 192.0 MB)
17/03/23 14:47:09 INFO storage.MemoryStore: Block broadcast_6_piece157 stored as bytes in memory (estimated size 4.0 MB, free 196.0 MB)
17/03/23 14:47:09 INFO storage.MemoryStore: Block broadcast_6_piece239 stored as bytes in memory (estimated size 4.0 MB, free 200.0 MB)
17/03/23 14:47:09 INFO storage.MemoryStore: Block broadcast_6_piece209 stored as bytes in memory (estimated size 4.0 MB, free 204.0 MB)
17/03/23 14:47:09 INFO storage.MemoryStore: Block broadcast_6_piece244 stored as bytes in memory (estimated size 4.0 MB, free 208.0 MB)
17/03/23 14:47:09 INFO storage.MemoryStore: Block broadcast_6_piece228 stored as bytes in memory (estimated size 4.0 MB, free 212.0 MB)
17/03/23 14:47:09 INFO storage.MemoryStore: Block broadcast_6_piece273 stored as bytes in memory (estimated size 4.0 MB, free 216.0 MB)
17/03/23 14:47:09 INFO storage.MemoryStore: Block broadcast_6_piece42 stored as bytes in memory (estimated size 4.0 MB, free 220.0 MB)
17/03/23 14:47:09 INFO storage.MemoryStore: Block broadcast_6_piece292 stored as bytes in memory (estimated size 4.0 MB, free 224.0 MB)
17/03/23 14:47:09 INFO storage.MemoryStore: Block broadcast_6_piece259 stored as bytes in memory (estimated size 4.0 MB, free 228.0 MB)
17/03/23 14:47:09 INFO storage.MemoryStore: Block broadcast_6_piece24 stored as bytes in memory (estimated size 4.0 MB, free 232.0 MB)
17/03/23 14:47:09 INFO storage.MemoryStore: Block broadcast_6_piece104 stored as bytes in memory (estimated size 4.0 MB, free 236.0 MB)
17/03/23 14:47:09 INFO storage.MemoryStore: Block broadcast_6_piece172 stored as bytes in memory (estimated size 4.0 MB, free 240.0 MB)
17/03/23 14:47:09 INFO storage.MemoryStore: Block broadcast_6_piece176 stored as bytes in memory (estimated size 4.0 MB, free 244.0 MB)
17/03/23 14:47:09 INFO storage.MemoryStore: Block broadcast_6_piece242 stored as bytes in memory (estimated size 4.0 MB, free 248.0 MB)
17/03/23 14:47:09 INFO storage.MemoryStore: Block broadcast_6_piece23 stored as bytes in memory (estimated size 4.0 MB, free 252.0 MB)
17/03/23 14:47:09 INFO storage.MemoryStore: Block broadcast_6_piece36 stored as bytes in memory (estimated size 4.0 MB, free 256.0 MB)
17/03/23 14:47:10 INFO storage.MemoryStore: Block broadcast_6_piece162 stored as bytes in memory (estimated size 4.0 MB, free 260.0 MB)
17/03/23 14:47:10 INFO storage.MemoryStore: Block broadcast_6_piece180 stored as bytes in memory (estimated size 4.0 MB, free 264.0 MB)
17/03/23 14:47:10 INFO storage.MemoryStore: Block broadcast_6_piece17 stored as bytes in memory (estimated size 4.0 MB, free 268.0 MB)
17/03/23 14:47:10 INFO storage.MemoryStore: Block broadcast_6_piece57 stored as bytes in memory (estimated size 4.0 MB, free 272.0 MB)
17/03/23 14:47:10 INFO storage.MemoryStore: Block broadcast_6_piece143 stored as bytes in memory (estimated size 4.0 MB, free 276.0 MB)
17/03/23 14:47:10 INFO storage.MemoryStore: Block broadcast_6_piece166 stored as bytes in memory (estimated size 4.0 MB, free 280.0 MB)
17/03/23 14:47:10 INFO storage.MemoryStore: Block broadcast_6_piece291 stored as bytes in memory (estimated size 4.0 MB, free 284.0 MB)
17/03/23 14:47:10 INFO storage.MemoryStore: Block broadcast_6_piece236 stored as bytes in memory (estimated size 4.0 MB, free 288.0 MB)
17/03/23 14:47:10 INFO storage.MemoryStore: Block broadcast_6_piece251 stored as bytes in memory (estimated size 4.0 MB, free 292.0 MB)
17/03/23 14:47:10 INFO storage.MemoryStore: Block broadcast_6_piece184 stored as bytes in memory (estimated size 4.0 MB, free 296.0 MB)
17/03/23 14:47:10 INFO storage.MemoryStore: Block broadcast_6_piece188 stored as bytes in memory (estimated size 4.0 MB, free 300.0 MB)
17/03/23 14:47:10 INFO storage.MemoryStore: Block broadcast_6_piece300 stored as bytes in memory (estimated size 4.0 MB, free 304.0 MB)
17/03/23 14:47:10 INFO storage.MemoryStore: Block broadcast_6_piece159 stored as bytes in memory (estimated size 4.0 MB, free 308.0 MB)
17/03/23 14:47:10 INFO storage.MemoryStore: Block broadcast_6_piece12 stored as bytes in memory (estimated size 4.0 MB, free 312.0 MB)
17/03/23 14:47:10 INFO storage.MemoryStore: Block broadcast_6_piece247 stored as bytes in memory (estimated size 4.0 MB, free 316.0 MB)
17/03/23 14:47:10 INFO storage.MemoryStore: Block broadcast_6_piece45 stored as bytes in memory (estimated size 4.0 MB, free 320.0 MB)
17/03/23 14:47:10 INFO storage.MemoryStore: Block broadcast_6_piece197 stored as bytes in memory (estimated size 4.0 MB, free 324.0 MB)
17/03/23 14:47:10 INFO storage.MemoryStore: Block broadcast_6_piece249 stored as bytes in memory (estimated size 4.0 MB, free 328.0 MB)
17/03/23 14:47:10 INFO storage.MemoryStore: Block broadcast_6_piece350 stored as bytes in memory (estimated size 2.7 MB, free 330.7 MB)
17/03/23 14:47:10 INFO storage.MemoryStore: Block broadcast_6_piece141 stored as bytes in memory (estimated size 4.0 MB, free 334.7 MB)
17/03/23 14:47:10 INFO storage.MemoryStore: Block broadcast_6_piece18 stored as bytes in memory (estimated size 4.0 MB, free 338.7 MB)
17/03/23 14:47:10 INFO storage.MemoryStore: Block broadcast_6_piece344 stored as bytes in memory (estimated size 4.0 MB, free 342.7 MB)
17/03/23 14:47:10 INFO storage.MemoryStore: Block broadcast_6_piece27 stored as bytes in memory (estimated size 4.0 MB, free 346.7 MB)
17/03/23 14:47:10 INFO storage.MemoryStore: Block broadcast_6_piece171 stored as bytes in memory (estimated size 4.0 MB, free 350.7 MB)
17/03/23 14:47:10 INFO storage.MemoryStore: Block broadcast_6_piece116 stored as bytes in memory (estimated size 4.0 MB, free 354.7 MB)
17/03/23 14:47:10 INFO storage.MemoryStore: Block broadcast_6_piece82 stored as bytes in memory (estimated size 4.0 MB, free 358.7 MB)
17/03/23 14:47:10 INFO storage.MemoryStore: Block broadcast_6_piece288 stored as bytes in memory (estimated size 4.0 MB, free 362.7 MB)
17/03/23 14:47:10 INFO storage.MemoryStore: Block broadcast_6_piece139 stored as bytes in memory (estimated size 4.0 MB, free 366.7 MB)
17/03/23 14:47:10 INFO storage.MemoryStore: Block broadcast_6_piece66 stored as bytes in memory (estimated size 4.0 MB, free 370.7 MB)
17/03/23 14:47:10 INFO storage.MemoryStore: Block broadcast_6_piece314 stored as bytes in memory (estimated size 4.0 MB, free 374.7 MB)
17/03/23 14:47:10 INFO storage.MemoryStore: Block broadcast_6_piece240 stored as bytes in memory (estimated size 4.0 MB, free 378.7 MB)
17/03/23 14:47:10 INFO storage.MemoryStore: Block broadcast_6_piece223 stored as bytes in memory (estimated size 4.0 MB, free 382.7 MB)
17/03/23 14:47:11 INFO storage.MemoryStore: Block broadcast_6_piece75 stored as bytes in memory (estimated size 4.0 MB, free 386.7 MB)
17/03/23 14:47:11 INFO storage.MemoryStore: Block broadcast_6_piece331 stored as bytes in memory (estimated size 4.0 MB, free 390.7 MB)
17/03/23 14:47:11 INFO storage.MemoryStore: Block broadcast_6_piece76 stored as bytes in memory (estimated size 4.0 MB, free 394.7 MB)
17/03/23 14:47:11 INFO storage.MemoryStore: Block broadcast_6_piece253 stored as bytes in memory (estimated size 4.0 MB, free 398.7 MB)
17/03/23 14:47:11 INFO storage.MemoryStore: Block broadcast_6_piece212 stored as bytes in memory (estimated size 4.0 MB, free 402.7 MB)
17/03/23 14:47:11 INFO storage.MemoryStore: Block broadcast_6_piece305 stored as bytes in memory (estimated size 4.0 MB, free 406.7 MB)
17/03/23 14:47:11 INFO storage.MemoryStore: Block broadcast_6_piece60 stored as bytes in memory (estimated size 4.0 MB, free 410.7 MB)
17/03/23 14:47:11 INFO storage.MemoryStore: Block broadcast_6_piece258 stored as bytes in memory (estimated size 4.0 MB, free 414.7 MB)
17/03/23 14:47:11 INFO storage.MemoryStore: Block broadcast_6_piece3 stored as bytes in memory (estimated size 4.0 MB, free 418.7 MB)
17/03/23 14:47:11 INFO storage.MemoryStore: Block broadcast_6_piece261 stored as bytes in memory (estimated size 4.0 MB, free 422.7 MB)
17/03/23 14:47:11 INFO storage.MemoryStore: Block broadcast_6_piece65 stored as bytes in memory (estimated size 4.0 MB, free 426.7 MB)
17/03/23 14:47:11 INFO storage.MemoryStore: Block broadcast_6_piece61 stored as bytes in memory (estimated size 4.0 MB, free 430.7 MB)
17/03/23 14:47:11 INFO storage.MemoryStore: Block broadcast_6_piece46 stored as bytes in memory (estimated size 4.0 MB, free 434.7 MB)
17/03/23 14:47:11 INFO storage.MemoryStore: Block broadcast_6_piece316 stored as bytes in memory (estimated size 4.0 MB, free 438.7 MB)
17/03/23 14:47:11 INFO storage.MemoryStore: Block broadcast_6_piece295 stored as bytes in memory (estimated size 4.0 MB, free 442.7 MB)
17/03/23 14:47:11 INFO storage.MemoryStore: Block broadcast_6_piece167 stored as bytes in memory (estimated size 4.0 MB, free 446.7 MB)
17/03/23 14:47:11 INFO storage.MemoryStore: Block broadcast_6_piece252 stored as bytes in memory (estimated size 4.0 MB, free 450.7 MB)
17/03/23 14:47:11 INFO storage.MemoryStore: Block broadcast_6_piece30 stored as bytes in memory (estimated size 4.0 MB, free 454.7 MB)
17/03/23 14:47:11 INFO storage.MemoryStore: Block broadcast_6_piece73 stored as bytes in memory (estimated size 4.0 MB, free 458.7 MB)
17/03/23 14:47:11 INFO storage.MemoryStore: Block broadcast_6_piece190 stored as bytes in memory (estimated size 4.0 MB, free 462.7 MB)
17/03/23 14:47:11 INFO storage.MemoryStore: Block broadcast_6_piece128 stored as bytes in memory (estimated size 4.0 MB, free 466.7 MB)
17/03/23 14:47:11 INFO storage.MemoryStore: Block broadcast_6_piece101 stored as bytes in memory (estimated size 4.0 MB, free 470.7 MB)
17/03/23 14:47:11 INFO storage.MemoryStore: Block broadcast_6_piece98 stored as bytes in memory (estimated size 4.0 MB, free 474.7 MB)
17/03/23 14:47:11 INFO storage.MemoryStore: Block broadcast_6_piece142 stored as bytes in memory (estimated size 4.0 MB, free 478.7 MB)
17/03/23 14:47:11 INFO storage.MemoryStore: Block broadcast_6_piece10 stored as bytes in memory (estimated size 4.0 MB, free 482.7 MB)
17/03/23 14:47:11 INFO storage.MemoryStore: Block broadcast_6_piece31 stored as bytes in memory (estimated size 4.0 MB, free 486.7 MB)
17/03/23 14:47:11 INFO storage.MemoryStore: Block broadcast_6_piece26 stored as bytes in memory (estimated size 4.0 MB, free 490.7 MB)
17/03/23 14:47:11 INFO storage.MemoryStore: Block broadcast_6_piece192 stored as bytes in memory (estimated size 4.0 MB, free 494.7 MB)
17/03/23 14:47:11 INFO storage.MemoryStore: Block broadcast_6_piece191 stored as bytes in memory (estimated size 4.0 MB, free 498.7 MB)
17/03/23 14:47:11 INFO storage.MemoryStore: Block broadcast_6_piece35 stored as bytes in memory (estimated size 4.0 MB, free 502.7 MB)
17/03/23 14:47:11 INFO storage.MemoryStore: Block broadcast_6_piece121 stored as bytes in memory (estimated size 4.0 MB, free 506.7 MB)
17/03/23 14:47:11 INFO storage.MemoryStore: Block broadcast_6_piece202 stored as bytes in memory (estimated size 4.0 MB, free 510.7 MB)
17/03/23 14:47:12 INFO storage.MemoryStore: Block broadcast_6_piece179 stored as bytes in memory (estimated size 4.0 MB, free 514.7 MB)
17/03/23 14:47:12 INFO storage.MemoryStore: Block broadcast_6_piece187 stored as bytes in memory (estimated size 4.0 MB, free 518.7 MB)
17/03/23 14:47:12 INFO storage.MemoryStore: Block broadcast_6_piece238 stored as bytes in memory (estimated size 4.0 MB, free 522.7 MB)
17/03/23 14:47:12 INFO storage.MemoryStore: Block broadcast_6_piece109 stored as bytes in memory (estimated size 4.0 MB, free 526.7 MB)
17/03/23 14:47:12 INFO storage.MemoryStore: Block broadcast_6_piece173 stored as bytes in memory (estimated size 4.0 MB, free 530.7 MB)
17/03/23 14:47:12 INFO storage.MemoryStore: Block broadcast_6_piece181 stored as bytes in memory (estimated size 4.0 MB, free 534.7 MB)
17/03/23 14:47:12 INFO storage.MemoryStore: Block broadcast_6_piece293 stored as bytes in memory (estimated size 4.0 MB, free 538.7 MB)
17/03/23 14:47:12 INFO storage.MemoryStore: Block broadcast_6_piece140 stored as bytes in memory (estimated size 4.0 MB, free 542.7 MB)
17/03/23 14:47:12 INFO storage.MemoryStore: Block broadcast_6_piece245 stored as bytes in memory (estimated size 4.0 MB, free 546.7 MB)
17/03/23 14:47:12 INFO storage.MemoryStore: Block broadcast_6_piece161 stored as bytes in memory (estimated size 4.0 MB, free 550.7 MB)
17/03/23 14:47:12 INFO storage.MemoryStore: Block broadcast_6_piece216 stored as bytes in memory (estimated size 4.0 MB, free 554.7 MB)
17/03/23 14:47:12 INFO storage.MemoryStore: Block broadcast_6_piece145 stored as bytes in memory (estimated size 4.0 MB, free 558.7 MB)
17/03/23 14:47:12 INFO storage.MemoryStore: Block broadcast_6_piece43 stored as bytes in memory (estimated size 4.0 MB, free 562.7 MB)
17/03/23 14:47:12 INFO storage.MemoryStore: Block broadcast_6_piece62 stored as bytes in memory (estimated size 4.0 MB, free 566.7 MB)
17/03/23 14:47:12 INFO storage.MemoryStore: Block broadcast_6_piece322 stored as bytes in memory (estimated size 4.0 MB, free 570.7 MB)
17/03/23 14:47:12 INFO storage.MemoryStore: Block broadcast_6_piece290 stored as bytes in memory (estimated size 4.0 MB, free 574.7 MB)
17/03/23 14:47:12 INFO storage.MemoryStore: Block broadcast_6_piece0 stored as bytes in memory (estimated size 4.0 MB, free 578.7 MB)
17/03/23 14:47:12 INFO storage.MemoryStore: Block broadcast_6_piece330 stored as bytes in memory (estimated size 4.0 MB, free 582.7 MB)
17/03/23 14:47:12 INFO storage.MemoryStore: Block broadcast_6_piece164 stored as bytes in memory (estimated size 4.0 MB, free 586.7 MB)
17/03/23 14:47:12 INFO storage.MemoryStore: Block broadcast_6_piece255 stored as bytes in memory (estimated size 4.0 MB, free 590.7 MB)
17/03/23 14:47:12 INFO storage.MemoryStore: Block broadcast_6_piece155 stored as bytes in memory (estimated size 4.0 MB, free 594.7 MB)
17/03/23 14:47:12 INFO storage.MemoryStore: Block broadcast_6_piece163 stored as bytes in memory (estimated size 4.0 MB, free 598.7 MB)
17/03/23 14:47:12 INFO storage.MemoryStore: Block broadcast_6_piece248 stored as bytes in memory (estimated size 4.0 MB, free 602.7 MB)
17/03/23 14:47:12 INFO storage.MemoryStore: Block broadcast_6_piece53 stored as bytes in memory (estimated size 4.0 MB, free 606.7 MB)
17/03/23 14:47:12 INFO storage.MemoryStore: Block broadcast_6_piece111 stored as bytes in memory (estimated size 4.0 MB, free 610.7 MB)
17/03/23 14:47:12 INFO storage.MemoryStore: Block broadcast_6_piece88 stored as bytes in memory (estimated size 4.0 MB, free 614.7 MB)
17/03/23 14:47:12 INFO storage.MemoryStore: Block broadcast_6_piece334 stored as bytes in memory (estimated size 4.0 MB, free 618.7 MB)
17/03/23 14:47:12 INFO storage.MemoryStore: Block broadcast_6_piece147 stored as bytes in memory (estimated size 4.0 MB, free 622.7 MB)
17/03/23 14:47:12 INFO storage.MemoryStore: Block broadcast_6_piece100 stored as bytes in memory (estimated size 4.0 MB, free 626.7 MB)
17/03/23 14:47:12 INFO storage.MemoryStore: Block broadcast_6_piece193 stored as bytes in memory (estimated size 4.0 MB, free 630.7 MB)
17/03/23 14:47:12 INFO storage.MemoryStore: Block broadcast_6_piece120 stored as bytes in memory (estimated size 4.0 MB, free 634.7 MB)
17/03/23 14:47:12 INFO storage.MemoryStore: Block broadcast_6_piece256 stored as bytes in memory (estimated size 4.0 MB, free 638.7 MB)
17/03/23 14:47:12 INFO storage.MemoryStore: Block broadcast_6_piece118 stored as bytes in memory (estimated size 4.0 MB, free 642.7 MB)
17/03/23 14:47:12 INFO storage.MemoryStore: Block broadcast_6_piece158 stored as bytes in memory (estimated size 4.0 MB, free 646.7 MB)
17/03/23 14:47:13 INFO storage.MemoryStore: Block broadcast_6_piece132 stored as bytes in memory (estimated size 4.0 MB, free 650.7 MB)
17/03/23 14:47:13 INFO storage.MemoryStore: Block broadcast_6_piece93 stored as bytes in memory (estimated size 4.0 MB, free 654.7 MB)
17/03/23 14:47:13 INFO storage.MemoryStore: Block broadcast_6_piece237 stored as bytes in memory (estimated size 4.0 MB, free 658.7 MB)
17/03/23 14:47:13 INFO storage.MemoryStore: Block broadcast_6_piece77 stored as bytes in memory (estimated size 4.0 MB, free 662.7 MB)
17/03/23 14:47:13 INFO storage.MemoryStore: Block broadcast_6_piece198 stored as bytes in memory (estimated size 4.0 MB, free 666.7 MB)
17/03/23 14:47:13 INFO storage.MemoryStore: Block broadcast_6_piece21 stored as bytes in memory (estimated size 4.0 MB, free 670.7 MB)
17/03/23 14:47:13 INFO storage.MemoryStore: Block broadcast_6_piece267 stored as bytes in memory (estimated size 4.0 MB, free 674.7 MB)
17/03/23 14:47:13 INFO storage.MemoryStore: Block broadcast_6_piece48 stored as bytes in memory (estimated size 4.0 MB, free 678.7 MB)
17/03/23 14:47:13 INFO storage.MemoryStore: Block broadcast_6_piece68 stored as bytes in memory (estimated size 4.0 MB, free 682.7 MB)
17/03/23 14:47:13 INFO storage.MemoryStore: Block broadcast_6_piece345 stored as bytes in memory (estimated size 4.0 MB, free 686.7 MB)
17/03/23 14:47:13 INFO storage.MemoryStore: Block broadcast_6_piece67 stored as bytes in memory (estimated size 4.0 MB, free 690.7 MB)
17/03/23 14:47:13 INFO storage.MemoryStore: Block broadcast_6_piece148 stored as bytes in memory (estimated size 4.0 MB, free 694.7 MB)
17/03/23 14:47:13 INFO storage.MemoryStore: Block broadcast_6_piece340 stored as bytes in memory (estimated size 4.0 MB, free 698.7 MB)
17/03/23 14:47:13 INFO storage.MemoryStore: Block broadcast_6_piece134 stored as bytes in memory (estimated size 4.0 MB, free 702.7 MB)
17/03/23 14:47:13 INFO storage.MemoryStore: Block broadcast_6_piece346 stored as bytes in memory (estimated size 4.0 MB, free 706.7 MB)
17/03/23 14:47:13 INFO storage.MemoryStore: Block broadcast_6_piece285 stored as bytes in memory (estimated size 4.0 MB, free 710.7 MB)
17/03/23 14:47:13 INFO storage.MemoryStore: Block broadcast_6_piece278 stored as bytes in memory (estimated size 4.0 MB, free 714.7 MB)
17/03/23 14:47:13 INFO storage.MemoryStore: Block broadcast_6_piece130 stored as bytes in memory (estimated size 4.0 MB, free 718.7 MB)
17/03/23 14:47:13 INFO storage.MemoryStore: Block broadcast_6_piece38 stored as bytes in memory (estimated size 4.0 MB, free 722.7 MB)
17/03/23 14:47:13 INFO storage.MemoryStore: Block broadcast_6_piece107 stored as bytes in memory (estimated size 4.0 MB, free 726.7 MB)
17/03/23 14:47:13 INFO storage.MemoryStore: Block broadcast_6_piece277 stored as bytes in memory (estimated size 4.0 MB, free 730.7 MB)
17/03/23 14:47:13 INFO storage.MemoryStore: Block broadcast_6_piece9 stored as bytes in memory (estimated size 4.0 MB, free 734.7 MB)
17/03/23 14:47:13 INFO storage.MemoryStore: Block broadcast_6_piece299 stored as bytes in memory (estimated size 4.0 MB, free 738.7 MB)
17/03/23 14:47:13 INFO storage.MemoryStore: Block broadcast_6_piece231 stored as bytes in memory (estimated size 4.0 MB, free 742.7 MB)
17/03/23 14:47:13 INFO storage.MemoryStore: Block broadcast_6_piece222 stored as bytes in memory (estimated size 4.0 MB, free 746.7 MB)
17/03/23 14:47:13 INFO storage.MemoryStore: Block broadcast_6_piece149 stored as bytes in memory (estimated size 4.0 MB, free 750.7 MB)
17/03/23 14:47:13 INFO storage.MemoryStore: Block broadcast_6_piece15 stored as bytes in memory (estimated size 4.0 MB, free 754.7 MB)
17/03/23 14:47:13 INFO storage.MemoryStore: Block broadcast_6_piece211 stored as bytes in memory (estimated size 4.0 MB, free 758.7 MB)
17/03/23 14:47:13 INFO storage.MemoryStore: Block broadcast_6_piece281 stored as bytes in memory (estimated size 4.0 MB, free 762.7 MB)
17/03/23 14:47:13 INFO storage.MemoryStore: Block broadcast_6_piece186 stored as bytes in memory (estimated size 4.0 MB, free 766.7 MB)
17/03/23 14:47:13 INFO storage.MemoryStore: Block broadcast_6_piece16 stored as bytes in memory (estimated size 4.0 MB, free 770.7 MB)
17/03/23 14:47:13 INFO storage.MemoryStore: Block broadcast_6_piece203 stored as bytes in memory (estimated size 4.0 MB, free 774.7 MB)
17/03/23 14:47:13 INFO storage.MemoryStore: Block broadcast_6_piece99 stored as bytes in memory (estimated size 4.0 MB, free 778.7 MB)
17/03/23 14:47:13 INFO storage.MemoryStore: Block broadcast_6_piece287 stored as bytes in memory (estimated size 4.0 MB, free 782.7 MB)
17/03/23 14:47:13 INFO storage.MemoryStore: Block broadcast_6_piece303 stored as bytes in memory (estimated size 4.0 MB, free 786.7 MB)
17/03/23 14:47:13 INFO storage.MemoryStore: Block broadcast_6_piece265 stored as bytes in memory (estimated size 4.0 MB, free 790.7 MB)
17/03/23 14:47:13 INFO storage.MemoryStore: Block broadcast_6_piece206 stored as bytes in memory (estimated size 4.0 MB, free 794.7 MB)
17/03/23 14:47:13 INFO storage.MemoryStore: Block broadcast_6_piece4 stored as bytes in memory (estimated size 4.0 MB, free 798.7 MB)
17/03/23 14:47:13 INFO storage.MemoryStore: Block broadcast_6_piece178 stored as bytes in memory (estimated size 4.0 MB, free 802.7 MB)
17/03/23 14:47:13 INFO storage.MemoryStore: Block broadcast_6_piece232 stored as bytes in memory (estimated size 4.0 MB, free 806.7 MB)
17/03/23 14:47:13 INFO storage.MemoryStore: Block broadcast_6_piece329 stored as bytes in memory (estimated size 4.0 MB, free 810.7 MB)
17/03/23 14:47:13 INFO storage.MemoryStore: Block broadcast_6_piece74 stored as bytes in memory (estimated size 4.0 MB, free 814.7 MB)
17/03/23 14:47:14 INFO storage.MemoryStore: Block broadcast_6_piece137 stored as bytes in memory (estimated size 4.0 MB, free 818.7 MB)
17/03/23 14:47:14 INFO storage.MemoryStore: Block broadcast_6_piece51 stored as bytes in memory (estimated size 4.0 MB, free 822.7 MB)
17/03/23 14:47:14 INFO storage.MemoryStore: Block broadcast_6_piece210 stored as bytes in memory (estimated size 4.0 MB, free 826.7 MB)
17/03/23 14:47:14 INFO storage.MemoryStore: Block broadcast_6_piece349 stored as bytes in memory (estimated size 4.0 MB, free 830.7 MB)
17/03/23 14:47:14 INFO storage.MemoryStore: Block broadcast_6_piece49 stored as bytes in memory (estimated size 4.0 MB, free 834.7 MB)
17/03/23 14:47:14 INFO storage.MemoryStore: Block broadcast_6_piece338 stored as bytes in memory (estimated size 4.0 MB, free 838.7 MB)
17/03/23 14:47:14 INFO storage.MemoryStore: Block broadcast_6_piece58 stored as bytes in memory (estimated size 4.0 MB, free 842.7 MB)
17/03/23 14:47:14 INFO storage.MemoryStore: Block broadcast_6_piece69 stored as bytes in memory (estimated size 4.0 MB, free 846.7 MB)
17/03/23 14:47:14 INFO storage.MemoryStore: Block broadcast_6_piece235 stored as bytes in memory (estimated size 4.0 MB, free 850.7 MB)
17/03/23 14:47:14 INFO storage.MemoryStore: Block broadcast_6_piece226 stored as bytes in memory (estimated size 4.0 MB, free 854.7 MB)
17/03/23 14:47:14 INFO storage.MemoryStore: Block broadcast_6_piece254 stored as bytes in memory (estimated size 4.0 MB, free 858.7 MB)
17/03/23 14:47:14 INFO storage.MemoryStore: Block broadcast_6_piece185 stored as bytes in memory (estimated size 4.0 MB, free 862.7 MB)
17/03/23 14:47:14 INFO storage.MemoryStore: Block broadcast_6_piece317 stored as bytes in memory (estimated size 4.0 MB, free 866.7 MB)
17/03/23 14:47:14 INFO storage.MemoryStore: Block broadcast_6_piece196 stored as bytes in memory (estimated size 4.0 MB, free 870.7 MB)
17/03/23 14:47:14 INFO storage.MemoryStore: Block broadcast_6_piece298 stored as bytes in memory (estimated size 4.0 MB, free 874.7 MB)
17/03/23 14:47:14 INFO storage.MemoryStore: Block broadcast_6_piece37 stored as bytes in memory (estimated size 4.0 MB, free 878.7 MB)
17/03/23 14:47:14 INFO storage.MemoryStore: Block broadcast_6_piece348 stored as bytes in memory (estimated size 4.0 MB, free 882.7 MB)
17/03/23 14:47:14 INFO storage.MemoryStore: Block broadcast_6_piece133 stored as bytes in memory (estimated size 4.0 MB, free 886.7 MB)
17/03/23 14:47:14 INFO storage.MemoryStore: Block broadcast_6_piece117 stored as bytes in memory (estimated size 4.0 MB, free 890.7 MB)
17/03/23 14:47:14 INFO storage.MemoryStore: Block broadcast_6_piece260 stored as bytes in memory (estimated size 4.0 MB, free 894.7 MB)
17/03/23 14:47:14 INFO storage.MemoryStore: Block broadcast_6_piece108 stored as bytes in memory (estimated size 4.0 MB, free 898.7 MB)
17/03/23 14:47:14 INFO storage.MemoryStore: Block broadcast_6_piece170 stored as bytes in memory (estimated size 4.0 MB, free 902.7 MB)
17/03/23 14:47:14 INFO storage.MemoryStore: Block broadcast_6_piece19 stored as bytes in memory (estimated size 4.0 MB, free 906.7 MB)
17/03/23 14:47:14 INFO storage.MemoryStore: Block broadcast_6_piece319 stored as bytes in memory (estimated size 4.0 MB, free 910.7 MB)
17/03/23 14:47:14 INFO storage.MemoryStore: Block broadcast_6_piece307 stored as bytes in memory (estimated size 4.0 MB, free 914.7 MB)
17/03/23 14:47:14 INFO storage.MemoryStore: Block broadcast_6_piece14 stored as bytes in memory (estimated size 4.0 MB, free 918.7 MB)
17/03/23 14:47:14 INFO storage.MemoryStore: Block broadcast_6_piece268 stored as bytes in memory (estimated size 4.0 MB, free 922.7 MB)
17/03/23 14:47:14 INFO storage.MemoryStore: Block broadcast_6_piece204 stored as bytes in memory (estimated size 4.0 MB, free 926.7 MB)
17/03/23 14:47:14 INFO storage.MemoryStore: Block broadcast_6_piece257 stored as bytes in memory (estimated size 4.0 MB, free 930.7 MB)
17/03/23 14:47:14 INFO storage.MemoryStore: Block broadcast_6_piece214 stored as bytes in memory (estimated size 4.0 MB, free 934.7 MB)
17/03/23 14:47:14 INFO storage.MemoryStore: Block broadcast_6_piece324 stored as bytes in memory (estimated size 4.0 MB, free 938.7 MB)
17/03/23 14:47:14 INFO storage.MemoryStore: Block broadcast_6_piece230 stored as bytes in memory (estimated size 4.0 MB, free 942.7 MB)
17/03/23 14:47:14 INFO storage.MemoryStore: Block broadcast_6_piece127 stored as bytes in memory (estimated size 4.0 MB, free 946.7 MB)
17/03/23 14:47:14 INFO storage.MemoryStore: Block broadcast_6_piece217 stored as bytes in memory (estimated size 4.0 MB, free 950.7 MB)
17/03/23 14:47:14 INFO storage.MemoryStore: Block broadcast_6_piece182 stored as bytes in memory (estimated size 4.0 MB, free 954.7 MB)
17/03/23 14:47:14 INFO storage.MemoryStore: Block broadcast_6_piece55 stored as bytes in memory (estimated size 4.0 MB, free 958.7 MB)
17/03/23 14:47:14 INFO storage.MemoryStore: Block broadcast_6_piece250 stored as bytes in memory (estimated size 4.0 MB, free 962.7 MB)
17/03/23 14:47:14 INFO storage.MemoryStore: Block broadcast_6_piece311 stored as bytes in memory (estimated size 4.0 MB, free 966.7 MB)
17/03/23 14:47:14 INFO storage.MemoryStore: Block broadcast_6_piece44 stored as bytes in memory (estimated size 4.0 MB, free 970.7 MB)
17/03/23 14:47:14 INFO storage.MemoryStore: Block broadcast_6_piece199 stored as bytes in memory (estimated size 4.0 MB, free 974.7 MB)
17/03/23 14:47:14 INFO storage.MemoryStore: Block broadcast_6_piece347 stored as bytes in memory (estimated size 4.0 MB, free 978.7 MB)
17/03/23 14:47:14 INFO storage.MemoryStore: Block broadcast_6_piece11 stored as bytes in memory (estimated size 4.0 MB, free 982.7 MB)
17/03/23 14:47:15 INFO storage.MemoryStore: Block broadcast_6_piece213 stored as bytes in memory (estimated size 4.0 MB, free 986.7 MB)
17/03/23 14:47:15 INFO storage.MemoryStore: Block broadcast_6_piece308 stored as bytes in memory (estimated size 4.0 MB, free 990.7 MB)
17/03/23 14:47:15 INFO storage.MemoryStore: Block broadcast_6_piece246 stored as bytes in memory (estimated size 4.0 MB, free 994.7 MB)
17/03/23 14:47:15 INFO storage.MemoryStore: Block broadcast_6_piece32 stored as bytes in memory (estimated size 4.0 MB, free 998.7 MB)
17/03/23 14:47:15 INFO storage.MemoryStore: Block broadcast_6_piece328 stored as bytes in memory (estimated size 4.0 MB, free 1002.7 MB)
17/03/23 14:47:15 INFO storage.MemoryStore: Block broadcast_6_piece136 stored as bytes in memory (estimated size 4.0 MB, free 1006.7 MB)
17/03/23 14:47:15 INFO storage.MemoryStore: Block broadcast_6_piece318 stored as bytes in memory (estimated size 4.0 MB, free 1010.7 MB)
17/03/23 14:47:15 INFO storage.MemoryStore: Block broadcast_6_piece91 stored as bytes in memory (estimated size 4.0 MB, free 1014.7 MB)
17/03/23 14:47:15 INFO storage.MemoryStore: Block broadcast_6_piece160 stored as bytes in memory (estimated size 4.0 MB, free 1018.7 MB)
17/03/23 14:47:15 INFO storage.MemoryStore: Block broadcast_6_piece78 stored as bytes in memory (estimated size 4.0 MB, free 1022.7 MB)
17/03/23 14:47:15 INFO storage.MemoryStore: Block broadcast_6_piece95 stored as bytes in memory (estimated size 4.0 MB, free 1026.7 MB)
17/03/23 14:47:15 INFO storage.MemoryStore: Block broadcast_6_piece112 stored as bytes in memory (estimated size 4.0 MB, free 1030.7 MB)
17/03/23 14:47:15 INFO storage.MemoryStore: Block broadcast_6_piece168 stored as bytes in memory (estimated size 4.0 MB, free 1034.7 MB)
17/03/23 14:47:15 INFO storage.MemoryStore: Block broadcast_6_piece183 stored as bytes in memory (estimated size 4.0 MB, free 1038.7 MB)
17/03/23 14:47:15 INFO storage.MemoryStore: Block broadcast_6_piece119 stored as bytes in memory (estimated size 4.0 MB, free 1042.7 MB)
17/03/23 14:47:15 INFO storage.MemoryStore: Block broadcast_6_piece313 stored as bytes in memory (estimated size 4.0 MB, free 1046.7 MB)
17/03/23 14:47:15 INFO storage.MemoryStore: Block broadcast_6_piece310 stored as bytes in memory (estimated size 4.0 MB, free 1050.7 MB)
17/03/23 14:47:15 INFO storage.MemoryStore: Block broadcast_6_piece89 stored as bytes in memory (estimated size 4.0 MB, free 1054.7 MB)
17/03/23 14:47:15 INFO storage.MemoryStore: Block broadcast_6_piece85 stored as bytes in memory (estimated size 4.0 MB, free 1058.7 MB)
17/03/23 14:47:15 INFO storage.MemoryStore: Block broadcast_6_piece34 stored as bytes in memory (estimated size 4.0 MB, free 1062.7 MB)
17/03/23 14:47:15 INFO storage.MemoryStore: Block broadcast_6_piece1 stored as bytes in memory (estimated size 4.0 MB, free 1066.7 MB)
17/03/23 14:47:15 INFO storage.MemoryStore: Block broadcast_6_piece325 stored as bytes in memory (estimated size 4.0 MB, free 1070.7 MB)
17/03/23 14:47:15 INFO storage.MemoryStore: Block broadcast_6_piece327 stored as bytes in memory (estimated size 4.0 MB, free 1074.7 MB)
17/03/23 14:47:15 INFO storage.MemoryStore: Block broadcast_6_piece282 stored as bytes in memory (estimated size 4.0 MB, free 1078.7 MB)
17/03/23 14:47:15 INFO storage.MemoryStore: Block broadcast_6_piece262 stored as bytes in memory (estimated size 4.0 MB, free 1082.7 MB)
17/03/23 14:47:15 INFO storage.MemoryStore: Block broadcast_6_piece243 stored as bytes in memory (estimated size 4.0 MB, free 1086.7 MB)
17/03/23 14:47:15 INFO storage.MemoryStore: Block broadcast_6_piece233 stored as bytes in memory (estimated size 4.0 MB, free 1090.7 MB)
17/03/23 14:47:15 INFO storage.MemoryStore: Block broadcast_6_piece263 stored as bytes in memory (estimated size 4.0 MB, free 1094.7 MB)
17/03/23 14:47:15 INFO storage.MemoryStore: Block broadcast_6_piece286 stored as bytes in memory (estimated size 4.0 MB, free 1098.7 MB)
17/03/23 14:47:15 INFO storage.MemoryStore: Block broadcast_6_piece315 stored as bytes in memory (estimated size 4.0 MB, free 1102.7 MB)
17/03/23 14:47:15 INFO storage.MemoryStore: Block broadcast_6_piece280 stored as bytes in memory (estimated size 4.0 MB, free 1106.7 MB)
17/03/23 14:47:15 INFO storage.MemoryStore: Block broadcast_6_piece2 stored as bytes in memory (estimated size 4.0 MB, free 1110.7 MB)
17/03/23 14:47:15 INFO storage.MemoryStore: Block broadcast_6_piece64 stored as bytes in memory (estimated size 4.0 MB, free 1114.7 MB)
17/03/23 14:47:15 INFO storage.MemoryStore: Block broadcast_6_piece326 stored as bytes in memory (estimated size 4.0 MB, free 1118.7 MB)
17/03/23 14:47:15 INFO storage.MemoryStore: Block broadcast_6_piece189 stored as bytes in memory (estimated size 4.0 MB, free 1122.7 MB)
17/03/23 14:47:15 INFO storage.MemoryStore: Block broadcast_6_piece102 stored as bytes in memory (estimated size 4.0 MB, free 1126.7 MB)
17/03/23 14:47:15 INFO storage.MemoryStore: Block broadcast_6_piece266 stored as bytes in memory (estimated size 4.0 MB, free 1130.7 MB)
17/03/23 14:47:15 INFO storage.MemoryStore: Block broadcast_6_piece29 stored as bytes in memory (estimated size 4.0 MB, free 1134.7 MB)
17/03/23 14:47:15 INFO storage.MemoryStore: Block broadcast_6_piece150 stored as bytes in memory (estimated size 4.0 MB, free 1138.7 MB)
17/03/23 14:47:15 INFO storage.MemoryStore: Block broadcast_6_piece215 stored as bytes in memory (estimated size 4.0 MB, free 1142.7 MB)
17/03/23 14:47:15 INFO storage.MemoryStore: Block broadcast_6_piece124 stored as bytes in memory (estimated size 4.0 MB, free 1146.7 MB)
17/03/23 14:47:15 INFO storage.MemoryStore: Block broadcast_6_piece7 stored as bytes in memory (estimated size 4.0 MB, free 1150.7 MB)
17/03/23 14:47:16 INFO storage.MemoryStore: Block broadcast_6_piece39 stored as bytes in memory (estimated size 4.0 MB, free 1154.7 MB)
17/03/23 14:47:16 INFO storage.MemoryStore: Block broadcast_6_piece72 stored as bytes in memory (estimated size 4.0 MB, free 1158.7 MB)
17/03/23 14:47:16 INFO storage.MemoryStore: Block broadcast_6_piece105 stored as bytes in memory (estimated size 4.0 MB, free 1162.7 MB)
17/03/23 14:47:16 INFO storage.MemoryStore: Block broadcast_6_piece241 stored as bytes in memory (estimated size 4.0 MB, free 1166.7 MB)
17/03/23 14:47:16 INFO storage.MemoryStore: Block broadcast_6_piece194 stored as bytes in memory (estimated size 4.0 MB, free 1170.7 MB)
17/03/23 14:47:16 INFO storage.MemoryStore: Block broadcast_6_piece80 stored as bytes in memory (estimated size 4.0 MB, free 1174.7 MB)
17/03/23 14:47:16 INFO storage.MemoryStore: Block broadcast_6_piece323 stored as bytes in memory (estimated size 4.0 MB, free 1178.7 MB)
17/03/23 14:47:16 INFO storage.MemoryStore: Block broadcast_6_piece79 stored as bytes in memory (estimated size 4.0 MB, free 1182.7 MB)
17/03/23 14:47:16 INFO storage.MemoryStore: Block broadcast_6_piece208 stored as bytes in memory (estimated size 4.0 MB, free 1186.7 MB)
17/03/23 14:47:16 INFO storage.MemoryStore: Block broadcast_6_piece54 stored as bytes in memory (estimated size 4.0 MB, free 1190.7 MB)
17/03/23 14:47:16 INFO storage.MemoryStore: Block broadcast_6_piece86 stored as bytes in memory (estimated size 4.0 MB, free 1194.7 MB)
17/03/23 14:47:16 INFO storage.MemoryStore: Block broadcast_6_piece87 stored as bytes in memory (estimated size 4.0 MB, free 1198.7 MB)
17/03/23 14:47:16 INFO storage.MemoryStore: Block broadcast_6_piece218 stored as bytes in memory (estimated size 4.0 MB, free 1202.7 MB)
17/03/23 14:47:16 INFO storage.MemoryStore: Block broadcast_6_piece332 stored as bytes in memory (estimated size 4.0 MB, free 1206.7 MB)
17/03/23 14:47:16 INFO storage.MemoryStore: Block broadcast_6_piece152 stored as bytes in memory (estimated size 4.0 MB, free 1210.7 MB)
17/03/23 14:47:16 INFO storage.MemoryStore: Block broadcast_6_piece8 stored as bytes in memory (estimated size 4.0 MB, free 1214.7 MB)
17/03/23 14:47:16 INFO storage.MemoryStore: Block broadcast_6_piece336 stored as bytes in memory (estimated size 4.0 MB, free 1218.7 MB)
17/03/23 14:47:16 INFO storage.MemoryStore: Block broadcast_6_piece22 stored as bytes in memory (estimated size 4.0 MB, free 1222.7 MB)
17/03/23 14:47:16 INFO storage.MemoryStore: Block broadcast_6_piece195 stored as bytes in memory (estimated size 4.0 MB, free 1226.7 MB)
17/03/23 14:47:16 INFO storage.MemoryStore: Block broadcast_6_piece135 stored as bytes in memory (estimated size 4.0 MB, free 1230.7 MB)
17/03/23 14:47:16 INFO storage.MemoryStore: Block broadcast_6_piece56 stored as bytes in memory (estimated size 4.0 MB, free 1234.7 MB)
17/03/23 14:47:16 INFO storage.MemoryStore: Block broadcast_6_piece301 stored as bytes in memory (estimated size 4.0 MB, free 1238.7 MB)
17/03/23 14:47:16 INFO storage.MemoryStore: Block broadcast_6_piece165 stored as bytes in memory (estimated size 4.0 MB, free 1242.7 MB)
17/03/23 14:47:16 INFO storage.MemoryStore: Block broadcast_6_piece131 stored as bytes in memory (estimated size 4.0 MB, free 1246.7 MB)
17/03/23 14:47:16 INFO storage.MemoryStore: Block broadcast_6_piece41 stored as bytes in memory (estimated size 4.0 MB, free 1250.7 MB)
17/03/23 14:47:16 INFO storage.MemoryStore: Block broadcast_6_piece106 stored as bytes in memory (estimated size 4.0 MB, free 1254.7 MB)
17/03/23 14:47:16 INFO storage.MemoryStore: Block broadcast_6_piece50 stored as bytes in memory (estimated size 4.0 MB, free 1258.7 MB)
17/03/23 14:47:16 INFO storage.MemoryStore: Block broadcast_6_piece129 stored as bytes in memory (estimated size 4.0 MB, free 1262.7 MB)
17/03/23 14:47:16 INFO storage.MemoryStore: Block broadcast_6_piece271 stored as bytes in memory (estimated size 4.0 MB, free 1266.7 MB)
17/03/23 14:47:16 INFO storage.MemoryStore: Block broadcast_6_piece284 stored as bytes in memory (estimated size 4.0 MB, free 1270.7 MB)
17/03/23 14:47:16 INFO storage.MemoryStore: Block broadcast_6_piece343 stored as bytes in memory (estimated size 4.0 MB, free 1274.7 MB)
17/03/23 14:47:16 INFO storage.MemoryStore: Block broadcast_6_piece146 stored as bytes in memory (estimated size 4.0 MB, free 1278.7 MB)
17/03/23 14:47:16 INFO storage.MemoryStore: Block broadcast_6_piece138 stored as bytes in memory (estimated size 4.0 MB, free 1282.7 MB)
17/03/23 14:47:16 INFO storage.MemoryStore: Block broadcast_6_piece59 stored as bytes in memory (estimated size 4.0 MB, free 1286.7 MB)
17/03/23 14:47:16 INFO storage.MemoryStore: Block broadcast_6_piece63 stored as bytes in memory (estimated size 4.0 MB, free 1290.7 MB)
17/03/23 14:47:16 INFO storage.MemoryStore: Block broadcast_6_piece289 stored as bytes in memory (estimated size 4.0 MB, free 1294.7 MB)
17/03/23 14:47:16 INFO storage.MemoryStore: Block broadcast_6_piece224 stored as bytes in memory (estimated size 4.0 MB, free 1298.7 MB)
17/03/23 14:47:16 INFO storage.MemoryStore: Block broadcast_6_piece279 stored as bytes in memory (estimated size 4.0 MB, free 1302.7 MB)
17/03/23 14:47:16 INFO storage.MemoryStore: Block broadcast_6_piece320 stored as bytes in memory (estimated size 4.0 MB, free 1306.7 MB)
17/03/23 14:47:16 INFO storage.MemoryStore: Block broadcast_6_piece114 stored as bytes in memory (estimated size 4.0 MB, free 1310.7 MB)
17/03/23 14:47:16 INFO storage.MemoryStore: Block broadcast_6_piece200 stored as bytes in memory (estimated size 4.0 MB, free 1314.7 MB)
17/03/23 14:47:16 INFO storage.MemoryStore: Block broadcast_6_piece71 stored as bytes in memory (estimated size 4.0 MB, free 1318.7 MB)
17/03/23 14:47:16 INFO storage.MemoryStore: Block broadcast_6_piece321 stored as bytes in memory (estimated size 4.0 MB, free 1322.7 MB)
17/03/23 14:47:17 INFO storage.MemoryStore: Block broadcast_6_piece342 stored as bytes in memory (estimated size 4.0 MB, free 1326.7 MB)
17/03/23 14:47:17 INFO storage.MemoryStore: Block broadcast_6_piece309 stored as bytes in memory (estimated size 4.0 MB, free 1330.7 MB)
17/03/23 14:47:17 INFO storage.MemoryStore: Block broadcast_6_piece269 stored as bytes in memory (estimated size 4.0 MB, free 1334.7 MB)
17/03/23 14:47:17 INFO storage.MemoryStore: Block broadcast_6_piece297 stored as bytes in memory (estimated size 4.0 MB, free 1338.7 MB)
17/03/23 14:47:17 INFO storage.MemoryStore: Block broadcast_6_piece177 stored as bytes in memory (estimated size 4.0 MB, free 1342.7 MB)
17/03/23 14:47:17 INFO storage.MemoryStore: Block broadcast_6_piece125 stored as bytes in memory (estimated size 4.0 MB, free 1346.7 MB)
17/03/23 14:47:17 INFO storage.MemoryStore: Block broadcast_6_piece70 stored as bytes in memory (estimated size 4.0 MB, free 1350.7 MB)
17/03/23 14:47:17 INFO storage.MemoryStore: Block broadcast_6_piece13 stored as bytes in memory (estimated size 4.0 MB, free 1354.7 MB)
17/03/23 14:47:17 INFO storage.MemoryStore: Block broadcast_6_piece144 stored as bytes in memory (estimated size 4.0 MB, free 1358.7 MB)
17/03/23 14:47:17 INFO storage.MemoryStore: Block broadcast_6_piece272 stored as bytes in memory (estimated size 4.0 MB, free 1362.7 MB)
17/03/23 14:47:17 INFO storage.MemoryStore: Block broadcast_6_piece156 stored as bytes in memory (estimated size 4.0 MB, free 1366.7 MB)
17/03/23 14:47:17 INFO storage.MemoryStore: Block broadcast_6_piece5 stored as bytes in memory (estimated size 4.0 MB, free 1370.7 MB)
17/03/23 14:47:17 INFO storage.MemoryStore: Block broadcast_6_piece207 stored as bytes in memory (estimated size 4.0 MB, free 1374.7 MB)
17/03/23 14:47:17 INFO storage.MemoryStore: Block broadcast_6_piece234 stored as bytes in memory (estimated size 4.0 MB, free 1378.7 MB)
17/03/23 14:47:17 INFO storage.MemoryStore: Block broadcast_6_piece220 stored as bytes in memory (estimated size 4.0 MB, free 1382.7 MB)
17/03/23 14:47:17 INFO storage.MemoryStore: Block broadcast_6_piece33 stored as bytes in memory (estimated size 4.0 MB, free 1386.7 MB)
17/03/23 14:47:17 INFO storage.MemoryStore: Block broadcast_6_piece115 stored as bytes in memory (estimated size 4.0 MB, free 1390.7 MB)
17/03/23 14:47:17 INFO storage.MemoryStore: Block broadcast_6_piece225 stored as bytes in memory (estimated size 4.0 MB, free 1394.7 MB)
17/03/23 14:47:17 INFO storage.MemoryStore: Block broadcast_6_piece6 stored as bytes in memory (estimated size 4.0 MB, free 1398.7 MB)
17/03/23 14:47:17 INFO storage.MemoryStore: Block broadcast_6_piece312 stored as bytes in memory (estimated size 4.0 MB, free 1402.7 MB)
17/03/23 14:47:17 INFO broadcast.TorrentBroadcast: Reading broadcast variable 6 took 9595 ms
17/03/23 14:47:41 INFO storage.MemoryStore: Block broadcast_6 stored as values in memory (estimated size 384.0 B, free 1402.7 MB)
17/03/23 14:47:42 INFO broadcast.TorrentBroadcast: Started reading broadcast variable 2
17/03/23 14:47:42 INFO storage.MemoryStore: Block broadcast_2_piece0 stored as bytes in memory (estimated size 92.0 B, free 1402.7 MB)
17/03/23 14:47:42 INFO broadcast.TorrentBroadcast: Reading broadcast variable 2 took 11 ms
17/03/23 14:47:42 INFO storage.MemoryStore: Block broadcast_2 stored as values in memory (estimated size 384.0 B, free 1402.7 MB)
17/03/23 14:47:42 INFO broadcast.TorrentBroadcast: Started reading broadcast variable 5
17/03/23 14:47:42 INFO storage.MemoryStore: Block broadcast_5_piece205 stored as bytes in memory (estimated size 4.0 MB, free 1406.7 MB)
17/03/23 14:47:42 INFO storage.MemoryStore: Block broadcast_5_piece72 stored as bytes in memory (estimated size 4.0 MB, free 1410.7 MB)
17/03/23 14:47:42 INFO storage.MemoryStore: Block broadcast_5_piece87 stored as bytes in memory (estimated size 4.0 MB, free 1414.7 MB)
17/03/23 14:47:42 INFO storage.MemoryStore: Block broadcast_5_piece248 stored as bytes in memory (estimated size 4.0 MB, free 1418.7 MB)
17/03/23 14:47:42 INFO storage.MemoryStore: Block broadcast_5_piece265 stored as bytes in memory (estimated size 4.0 MB, free 1422.7 MB)
17/03/23 14:47:42 INFO storage.MemoryStore: Block broadcast_5_piece31 stored as bytes in memory (estimated size 4.0 MB, free 1426.7 MB)
17/03/23 14:47:42 INFO storage.MemoryStore: Block broadcast_5_piece136 stored as bytes in memory (estimated size 4.0 MB, free 1430.7 MB)
17/03/23 14:47:42 INFO storage.MemoryStore: Block broadcast_5_piece77 stored as bytes in memory (estimated size 4.0 MB, free 1434.7 MB)
17/03/23 14:47:42 INFO storage.MemoryStore: Block broadcast_5_piece254 stored as bytes in memory (estimated size 4.0 MB, free 1438.7 MB)
17/03/23 14:47:42 INFO storage.MemoryStore: Block broadcast_5_piece99 stored as bytes in memory (estimated size 4.0 MB, free 1442.7 MB)
17/03/23 14:47:42 INFO storage.MemoryStore: Block broadcast_5_piece318 stored as bytes in memory (estimated size 4.0 MB, free 1446.7 MB)
17/03/23 14:47:42 INFO storage.MemoryStore: Block broadcast_5_piece281 stored as bytes in memory (estimated size 4.0 MB, free 1450.7 MB)
17/03/23 14:47:42 INFO storage.MemoryStore: Block broadcast_5_piece333 stored as bytes in memory (estimated size 4.0 MB, free 1454.7 MB)
17/03/23 14:47:42 INFO storage.MemoryStore: Block broadcast_5_piece201 stored as bytes in memory (estimated size 4.0 MB, free 1458.7 MB)
17/03/23 14:47:42 INFO storage.MemoryStore: Block broadcast_5_piece247 stored as bytes in memory (estimated size 4.0 MB, free 1462.7 MB)
17/03/23 14:47:42 INFO storage.MemoryStore: Block broadcast_5_piece121 stored as bytes in memory (estimated size 4.0 MB, free 1466.7 MB)
17/03/23 14:47:42 INFO storage.MemoryStore: Block broadcast_5_piece328 stored as bytes in memory (estimated size 4.0 MB, free 1470.7 MB)
17/03/23 14:47:42 INFO storage.MemoryStore: Block broadcast_5_piece123 stored as bytes in memory (estimated size 4.0 MB, free 1474.7 MB)
17/03/23 14:47:42 INFO storage.MemoryStore: Block broadcast_5_piece169 stored as bytes in memory (estimated size 4.0 MB, free 1478.7 MB)
17/03/23 14:47:42 INFO storage.MemoryStore: Block broadcast_5_piece131 stored as bytes in memory (estimated size 4.0 MB, free 1482.7 MB)
17/03/23 14:47:43 INFO storage.MemoryStore: Block broadcast_5_piece36 stored as bytes in memory (estimated size 4.0 MB, free 1486.7 MB)
17/03/23 14:47:43 INFO storage.MemoryStore: Block broadcast_5_piece24 stored as bytes in memory (estimated size 4.0 MB, free 1490.7 MB)
17/03/23 14:47:43 INFO storage.MemoryStore: Block broadcast_5_piece202 stored as bytes in memory (estimated size 4.0 MB, free 1494.7 MB)
17/03/23 14:47:43 INFO storage.MemoryStore: Block broadcast_5_piece155 stored as bytes in memory (estimated size 4.0 MB, free 1498.7 MB)
17/03/23 14:47:43 INFO storage.MemoryStore: Block broadcast_5_piece17 stored as bytes in memory (estimated size 4.0 MB, free 1502.7 MB)
17/03/23 14:47:43 INFO storage.MemoryStore: Block broadcast_5_piece55 stored as bytes in memory (estimated size 4.0 MB, free 1506.7 MB)
17/03/23 14:47:43 INFO storage.MemoryStore: Block broadcast_5_piece220 stored as bytes in memory (estimated size 4.0 MB, free 1510.7 MB)
17/03/23 14:47:43 INFO storage.MemoryStore: Block broadcast_5_piece337 stored as bytes in memory (estimated size 4.0 MB, free 1514.7 MB)
17/03/23 14:47:43 INFO storage.MemoryStore: Block broadcast_5_piece158 stored as bytes in memory (estimated size 4.0 MB, free 1518.7 MB)
17/03/23 14:47:43 INFO storage.MemoryStore: Block broadcast_5_piece104 stored as bytes in memory (estimated size 4.0 MB, free 1522.7 MB)
17/03/23 14:47:43 INFO storage.MemoryStore: Block broadcast_5_piece296 stored as bytes in memory (estimated size 4.0 MB, free 1526.7 MB)
17/03/23 14:47:43 INFO storage.MemoryStore: Block broadcast_5_piece122 stored as bytes in memory (estimated size 4.0 MB, free 1530.7 MB)
17/03/23 14:47:43 INFO storage.MemoryStore: Block broadcast_5_piece19 stored as bytes in memory (estimated size 4.0 MB, free 1534.7 MB)
17/03/23 14:47:43 INFO storage.MemoryStore: Block broadcast_5_piece218 stored as bytes in memory (estimated size 4.0 MB, free 1538.7 MB)
17/03/23 14:47:43 INFO storage.MemoryStore: Block broadcast_5_piece142 stored as bytes in memory (estimated size 4.0 MB, free 1542.7 MB)
17/03/23 14:47:43 INFO storage.MemoryStore: Block broadcast_5_piece182 stored as bytes in memory (estimated size 4.0 MB, free 1546.7 MB)
17/03/23 14:47:43 INFO storage.MemoryStore: Block broadcast_5_piece10 stored as bytes in memory (estimated size 4.0 MB, free 1550.7 MB)
17/03/23 14:47:43 INFO storage.MemoryStore: Block broadcast_5_piece146 stored as bytes in memory (estimated size 4.0 MB, free 1554.7 MB)
17/03/23 14:47:43 INFO storage.MemoryStore: Block broadcast_5_piece163 stored as bytes in memory (estimated size 4.0 MB, free 1558.7 MB)
17/03/23 14:47:43 INFO storage.MemoryStore: Block broadcast_5_piece292 stored as bytes in memory (estimated size 4.0 MB, free 1562.7 MB)
17/03/23 14:47:43 INFO storage.MemoryStore: Block broadcast_5_piece325 stored as bytes in memory (estimated size 4.0 MB, free 1566.7 MB)
17/03/23 14:47:43 INFO storage.MemoryStore: Block broadcast_5_piece310 stored as bytes in memory (estimated size 4.0 MB, free 1570.7 MB)
17/03/23 14:47:43 INFO storage.MemoryStore: Block broadcast_5_piece33 stored as bytes in memory (estimated size 4.0 MB, free 1574.7 MB)
17/03/23 14:47:43 INFO storage.MemoryStore: Block broadcast_5_piece85 stored as bytes in memory (estimated size 4.0 MB, free 1578.7 MB)
17/03/23 14:47:43 INFO storage.MemoryStore: Block broadcast_5_piece262 stored as bytes in memory (estimated size 4.0 MB, free 1582.7 MB)
17/03/23 14:47:43 INFO storage.MemoryStore: Block broadcast_5_piece64 stored as bytes in memory (estimated size 4.0 MB, free 1586.7 MB)
17/03/23 14:47:43 INFO storage.MemoryStore: Block broadcast_5_piece212 stored as bytes in memory (estimated size 4.0 MB, free 1590.7 MB)
17/03/23 14:47:43 INFO storage.MemoryStore: Block broadcast_5_piece233 stored as bytes in memory (estimated size 4.0 MB, free 1594.7 MB)
17/03/23 14:47:43 INFO storage.MemoryStore: Block broadcast_5_piece12 stored as bytes in memory (estimated size 4.0 MB, free 1598.7 MB)
17/03/23 14:47:43 INFO storage.MemoryStore: Block broadcast_5_piece147 stored as bytes in memory (estimated size 4.0 MB, free 1602.7 MB)
17/03/23 14:47:43 INFO storage.MemoryStore: Block broadcast_5_piece204 stored as bytes in memory (estimated size 4.0 MB, free 1606.7 MB)
17/03/23 14:47:43 INFO storage.MemoryStore: Block broadcast_5_piece335 stored as bytes in memory (estimated size 4.0 MB, free 1610.7 MB)
17/03/23 14:47:43 INFO storage.MemoryStore: Block broadcast_5_piece187 stored as bytes in memory (estimated size 4.0 MB, free 1614.7 MB)
17/03/23 14:47:43 INFO storage.MemoryStore: Block broadcast_5_piece314 stored as bytes in memory (estimated size 4.0 MB, free 1618.7 MB)
17/03/23 14:47:43 INFO storage.MemoryStore: Block broadcast_5_piece344 stored as bytes in memory (estimated size 4.0 MB, free 1622.7 MB)
17/03/23 14:47:43 INFO storage.MemoryStore: Block broadcast_5_piece299 stored as bytes in memory (estimated size 4.0 MB, free 1626.7 MB)
17/03/23 14:47:43 INFO storage.MemoryStore: Block broadcast_5_piece112 stored as bytes in memory (estimated size 4.0 MB, free 1630.7 MB)
17/03/23 14:47:43 INFO storage.MemoryStore: Block broadcast_5_piece125 stored as bytes in memory (estimated size 4.0 MB, free 1634.7 MB)
17/03/23 14:47:43 INFO storage.MemoryStore: Block broadcast_5_piece18 stored as bytes in memory (estimated size 4.0 MB, free 1638.7 MB)
17/03/23 14:47:43 INFO storage.MemoryStore: Block broadcast_5_piece290 stored as bytes in memory (estimated size 4.0 MB, free 1642.7 MB)
17/03/23 14:47:43 INFO storage.MemoryStore: Block broadcast_5_piece61 stored as bytes in memory (estimated size 4.0 MB, free 1646.7 MB)
17/03/23 14:47:43 INFO storage.MemoryStore: Block broadcast_5_piece130 stored as bytes in memory (estimated size 4.0 MB, free 1650.7 MB)
17/03/23 14:47:43 INFO storage.MemoryStore: Block broadcast_5_piece102 stored as bytes in memory (estimated size 4.0 MB, free 1654.7 MB)
17/03/23 14:47:43 INFO storage.MemoryStore: Block broadcast_5_piece30 stored as bytes in memory (estimated size 4.0 MB, free 1658.7 MB)
17/03/23 14:47:44 INFO storage.MemoryStore: Block broadcast_5_piece13 stored as bytes in memory (estimated size 4.0 MB, free 1662.7 MB)
17/03/23 14:47:44 INFO storage.MemoryStore: Block broadcast_5_piece347 stored as bytes in memory (estimated size 4.0 MB, free 1666.7 MB)
17/03/23 14:47:44 INFO storage.MemoryStore: Block broadcast_5_piece330 stored as bytes in memory (estimated size 4.0 MB, free 1670.7 MB)
17/03/23 14:47:44 INFO storage.MemoryStore: Block broadcast_5_piece54 stored as bytes in memory (estimated size 4.0 MB, free 1674.7 MB)
17/03/23 14:47:44 INFO storage.MemoryStore: Block broadcast_5_piece25 stored as bytes in memory (estimated size 4.0 MB, free 1678.7 MB)
17/03/23 14:47:44 INFO storage.MemoryStore: Block broadcast_5_piece332 stored as bytes in memory (estimated size 4.0 MB, free 1682.7 MB)
17/03/23 14:47:44 INFO storage.MemoryStore: Block broadcast_5_piece117 stored as bytes in memory (estimated size 4.0 MB, free 1686.7 MB)
17/03/23 14:47:44 INFO storage.MemoryStore: Block broadcast_5_piece139 stored as bytes in memory (estimated size 4.0 MB, free 1690.7 MB)
17/03/23 14:47:44 INFO storage.MemoryStore: Block broadcast_5_piece38 stored as bytes in memory (estimated size 4.0 MB, free 1694.7 MB)
17/03/23 14:47:44 INFO storage.MemoryStore: Block broadcast_5_piece127 stored as bytes in memory (estimated size 4.0 MB, free 1698.7 MB)
17/03/23 14:47:44 INFO storage.MemoryStore: Block broadcast_5_piece267 stored as bytes in memory (estimated size 4.0 MB, free 1702.7 MB)
17/03/23 14:47:44 INFO storage.MemoryStore: Block broadcast_5_piece135 stored as bytes in memory (estimated size 4.0 MB, free 1706.7 MB)
17/03/23 14:47:44 INFO storage.MemoryStore: Block broadcast_5_piece323 stored as bytes in memory (estimated size 4.0 MB, free 1710.7 MB)
17/03/23 14:47:44 INFO storage.MemoryStore: Block broadcast_5_piece167 stored as bytes in memory (estimated size 4.0 MB, free 1714.7 MB)
17/03/23 14:47:44 INFO storage.MemoryStore: Block broadcast_5_piece95 stored as bytes in memory (estimated size 4.0 MB, free 1718.7 MB)
17/03/23 14:47:44 INFO storage.MemoryStore: Block broadcast_5_piece238 stored as bytes in memory (estimated size 4.0 MB, free 1722.7 MB)
17/03/23 14:47:44 INFO storage.MemoryStore: Block broadcast_5_piece111 stored as bytes in memory (estimated size 4.0 MB, free 1726.7 MB)
17/03/23 14:47:44 INFO storage.MemoryStore: Block broadcast_5_piece266 stored as bytes in memory (estimated size 4.0 MB, free 1730.7 MB)
17/03/23 14:47:44 INFO storage.MemoryStore: Block broadcast_5_piece211 stored as bytes in memory (estimated size 4.0 MB, free 1734.7 MB)
17/03/23 14:47:44 INFO storage.MemoryStore: Block broadcast_5_piece44 stored as bytes in memory (estimated size 4.0 MB, free 1738.7 MB)
17/03/23 14:47:44 INFO storage.MemoryStore: Block broadcast_5_piece108 stored as bytes in memory (estimated size 4.0 MB, free 1742.7 MB)
17/03/23 14:47:44 INFO storage.MemoryStore: Block broadcast_5_piece312 stored as bytes in memory (estimated size 4.0 MB, free 1746.7 MB)
17/03/23 14:47:44 INFO storage.MemoryStore: Block broadcast_5_piece171 stored as bytes in memory (estimated size 4.0 MB, free 1750.7 MB)
17/03/23 14:47:44 INFO storage.MemoryStore: Block broadcast_5_piece8 stored as bytes in memory (estimated size 4.0 MB, free 1754.7 MB)
17/03/23 14:47:44 INFO storage.MemoryStore: Block broadcast_5_piece304 stored as bytes in memory (estimated size 4.0 MB, free 1758.7 MB)
17/03/23 14:47:44 INFO storage.MemoryStore: Block broadcast_5_piece308 stored as bytes in memory (estimated size 4.0 MB, free 1762.7 MB)
17/03/23 14:47:44 INFO storage.MemoryStore: Block broadcast_5_piece340 stored as bytes in memory (estimated size 4.0 MB, free 1766.7 MB)
17/03/23 14:47:44 INFO storage.MemoryStore: Block broadcast_5_piece168 stored as bytes in memory (estimated size 4.0 MB, free 1770.7 MB)
17/03/23 14:47:44 INFO storage.MemoryStore: Block broadcast_5_piece221 stored as bytes in memory (estimated size 4.0 MB, free 1774.7 MB)
17/03/23 14:47:44 INFO storage.MemoryStore: Block broadcast_5_piece259 stored as bytes in memory (estimated size 4.0 MB, free 1778.7 MB)
17/03/23 14:47:44 INFO storage.MemoryStore: Block broadcast_5_piece41 stored as bytes in memory (estimated size 4.0 MB, free 1782.7 MB)
17/03/23 14:47:44 INFO storage.MemoryStore: Block broadcast_5_piece164 stored as bytes in memory (estimated size 4.0 MB, free 1786.7 MB)
17/03/23 14:47:44 INFO storage.MemoryStore: Block broadcast_5_piece5 stored as bytes in memory (estimated size 4.0 MB, free 1790.7 MB)
17/03/23 14:47:44 INFO storage.MemoryStore: Block broadcast_5_piece80 stored as bytes in memory (estimated size 4.0 MB, free 1794.7 MB)
17/03/23 14:47:44 INFO storage.MemoryStore: Block broadcast_5_piece119 stored as bytes in memory (estimated size 4.0 MB, free 1798.7 MB)
17/03/23 14:47:44 INFO storage.MemoryStore: Block broadcast_5_piece97 stored as bytes in memory (estimated size 4.0 MB, free 1802.7 MB)
17/03/23 14:47:44 INFO storage.MemoryStore: Block broadcast_5_piece63 stored as bytes in memory (estimated size 4.0 MB, free 1806.7 MB)
17/03/23 14:47:44 INFO storage.MemoryStore: Block broadcast_5_piece285 stored as bytes in memory (estimated size 4.0 MB, free 1810.7 MB)
17/03/23 14:47:44 INFO storage.MemoryStore: Block broadcast_5_piece151 stored as bytes in memory (estimated size 4.0 MB, free 1814.7 MB)
17/03/23 14:47:44 INFO storage.MemoryStore: Block broadcast_5_piece67 stored as bytes in memory (estimated size 4.0 MB, free 1818.7 MB)
17/03/23 14:47:44 INFO storage.MemoryStore: Block broadcast_5_piece98 stored as bytes in memory (estimated size 4.0 MB, free 1822.7 MB)
17/03/23 14:47:44 INFO storage.MemoryStore: Block broadcast_5_piece228 stored as bytes in memory (estimated size 4.0 MB, free 1826.7 MB)
17/03/23 14:47:44 INFO storage.MemoryStore: Block broadcast_5_piece92 stored as bytes in memory (estimated size 4.0 MB, free 1830.7 MB)
17/03/23 14:47:44 INFO storage.MemoryStore: Block broadcast_5_piece298 stored as bytes in memory (estimated size 4.0 MB, free 1834.7 MB)
17/03/23 14:47:44 INFO storage.MemoryStore: Block broadcast_5_piece268 stored as bytes in memory (estimated size 4.0 MB, free 1838.7 MB)
17/03/23 14:47:45 INFO storage.MemoryStore: Block broadcast_5_piece302 stored as bytes in memory (estimated size 4.0 MB, free 1842.7 MB)
17/03/23 14:47:45 INFO storage.MemoryStore: Block broadcast_5_piece303 stored as bytes in memory (estimated size 4.0 MB, free 1846.7 MB)
17/03/23 14:47:45 INFO storage.MemoryStore: Block broadcast_5_piece173 stored as bytes in memory (estimated size 4.0 MB, free 1850.7 MB)
17/03/23 14:47:45 INFO storage.MemoryStore: Block broadcast_5_piece208 stored as bytes in memory (estimated size 4.0 MB, free 1854.7 MB)
17/03/23 14:47:45 INFO storage.MemoryStore: Block broadcast_5_piece291 stored as bytes in memory (estimated size 4.0 MB, free 1858.7 MB)
17/03/23 14:47:45 INFO storage.MemoryStore: Block broadcast_5_piece57 stored as bytes in memory (estimated size 4.0 MB, free 1862.7 MB)
17/03/23 14:47:45 INFO storage.MemoryStore: Block broadcast_5_piece223 stored as bytes in memory (estimated size 4.0 MB, free 1866.7 MB)
17/03/23 14:47:45 INFO storage.MemoryStore: Block broadcast_5_piece277 stored as bytes in memory (estimated size 4.0 MB, free 1870.7 MB)
17/03/23 14:47:45 INFO storage.MemoryStore: Block broadcast_5_piece74 stored as bytes in memory (estimated size 4.0 MB, free 1874.7 MB)
17/03/23 14:47:45 INFO storage.MemoryStore: Block broadcast_5_piece300 stored as bytes in memory (estimated size 4.0 MB, free 1878.7 MB)
17/03/23 14:47:45 INFO storage.MemoryStore: Block broadcast_5_piece159 stored as bytes in memory (estimated size 4.0 MB, free 1882.7 MB)
17/03/23 14:47:45 INFO storage.MemoryStore: Block broadcast_5_piece237 stored as bytes in memory (estimated size 4.0 MB, free 1886.7 MB)
17/03/23 14:47:45 INFO storage.MemoryStore: Block broadcast_5_piece341 stored as bytes in memory (estimated size 4.0 MB, free 1890.7 MB)
17/03/23 14:47:45 INFO storage.MemoryStore: Block broadcast_5_piece113 stored as bytes in memory (estimated size 4.0 MB, free 1894.7 MB)
17/03/23 14:47:45 INFO storage.MemoryStore: Block broadcast_5_piece143 stored as bytes in memory (estimated size 4.0 MB, free 1898.7 MB)
17/03/23 14:47:45 INFO storage.MemoryStore: Block broadcast_5_piece256 stored as bytes in memory (estimated size 4.0 MB, free 1902.7 MB)
17/03/23 14:47:45 INFO storage.MemoryStore: Block broadcast_5_piece82 stored as bytes in memory (estimated size 4.0 MB, free 1906.7 MB)
17/03/23 14:47:45 INFO storage.MemoryStore: Block broadcast_5_piece191 stored as bytes in memory (estimated size 4.0 MB, free 1910.7 MB)
17/03/23 14:47:45 INFO storage.MemoryStore: Block broadcast_5_piece62 stored as bytes in memory (estimated size 4.0 MB, free 1914.7 MB)
17/03/23 14:47:45 INFO storage.MemoryStore: Block broadcast_5_piece324 stored as bytes in memory (estimated size 4.0 MB, free 1918.7 MB)
17/03/23 14:47:45 INFO storage.MemoryStore: Block broadcast_5_piece34 stored as bytes in memory (estimated size 4.0 MB, free 1922.7 MB)
17/03/23 14:47:45 INFO storage.MemoryStore: Block broadcast_5_piece91 stored as bytes in memory (estimated size 4.0 MB, free 1926.7 MB)
17/03/23 14:47:45 INFO storage.MemoryStore: Block broadcast_5_piece184 stored as bytes in memory (estimated size 4.0 MB, free 1930.7 MB)
17/03/23 14:47:45 INFO storage.MemoryStore: Block broadcast_5_piece114 stored as bytes in memory (estimated size 4.0 MB, free 1934.7 MB)
17/03/23 14:47:45 INFO storage.MemoryStore: Block broadcast_5_piece258 stored as bytes in memory (estimated size 4.0 MB, free 1938.7 MB)
17/03/23 14:47:45 INFO storage.MemoryStore: Block broadcast_5_piece224 stored as bytes in memory (estimated size 4.0 MB, free 1942.7 MB)
17/03/23 14:47:45 INFO storage.MemoryStore: Block broadcast_5_piece140 stored as bytes in memory (estimated size 4.0 MB, free 1946.7 MB)
17/03/23 14:47:45 INFO storage.MemoryStore: Block broadcast_5_piece199 stored as bytes in memory (estimated size 4.0 MB, free 1950.7 MB)
17/03/23 14:47:45 INFO storage.MemoryStore: Block broadcast_5_piece124 stored as bytes in memory (estimated size 4.0 MB, free 1954.7 MB)
17/03/23 14:47:45 INFO storage.MemoryStore: Block broadcast_5_piece154 stored as bytes in memory (estimated size 4.0 MB, free 1958.7 MB)
17/03/23 14:47:45 INFO storage.MemoryStore: Block broadcast_5_piece311 stored as bytes in memory (estimated size 4.0 MB, free 1962.7 MB)
17/03/23 14:47:46 INFO storage.MemoryStore: Block broadcast_5_piece2 stored as bytes in memory (estimated size 4.0 MB, free 1966.7 MB)
17/03/23 14:47:46 INFO storage.MemoryStore: Block broadcast_5_piece106 stored as bytes in memory (estimated size 4.0 MB, free 1970.7 MB)
17/03/23 14:47:46 INFO storage.MemoryStore: Block broadcast_5_piece27 stored as bytes in memory (estimated size 4.0 MB, free 1974.7 MB)
17/03/23 14:47:46 INFO storage.MemoryStore: Block broadcast_5_piece180 stored as bytes in memory (estimated size 4.0 MB, free 1978.7 MB)
17/03/23 14:47:46 INFO storage.MemoryStore: Block broadcast_5_piece161 stored as bytes in memory (estimated size 4.0 MB, free 1982.7 MB)
17/03/23 14:47:46 INFO storage.MemoryStore: Block broadcast_5_piece274 stored as bytes in memory (estimated size 4.0 MB, free 1986.7 MB)
17/03/23 14:47:46 INFO storage.MemoryStore: Block broadcast_5_piece240 stored as bytes in memory (estimated size 4.0 MB, free 1990.7 MB)
17/03/23 14:47:46 INFO storage.MemoryStore: Block broadcast_5_piece70 stored as bytes in memory (estimated size 4.0 MB, free 1994.7 MB)
17/03/23 14:47:46 INFO storage.MemoryStore: Block broadcast_5_piece50 stored as bytes in memory (estimated size 4.0 MB, free 1998.7 MB)
17/03/23 14:47:46 INFO storage.MemoryStore: Block broadcast_5_piece196 stored as bytes in memory (estimated size 4.0 MB, free 2002.7 MB)
17/03/23 14:47:46 INFO storage.MemoryStore: Block broadcast_5_piece315 stored as bytes in memory (estimated size 4.0 MB, free 2006.7 MB)
17/03/23 14:47:46 INFO storage.MemoryStore: Block broadcast_5_piece279 stored as bytes in memory (estimated size 4.0 MB, free 2010.7 MB)
17/03/23 14:47:46 INFO storage.MemoryStore: Block broadcast_5_piece128 stored as bytes in memory (estimated size 4.0 MB, free 2014.7 MB)
17/03/23 14:47:46 INFO storage.MemoryStore: Block broadcast_5_piece6 stored as bytes in memory (estimated size 4.0 MB, free 2018.7 MB)
17/03/23 14:47:46 INFO storage.MemoryStore: Block broadcast_5_piece105 stored as bytes in memory (estimated size 4.0 MB, free 2022.7 MB)
17/03/23 14:47:46 INFO storage.MemoryStore: Block broadcast_5_piece150 stored as bytes in memory (estimated size 4.0 MB, free 2026.7 MB)
17/03/23 14:47:46 INFO storage.MemoryStore: Block broadcast_5_piece214 stored as bytes in memory (estimated size 4.0 MB, free 2030.7 MB)
17/03/23 14:47:46 INFO storage.MemoryStore: Block broadcast_5_piece235 stored as bytes in memory (estimated size 4.0 MB, free 2034.7 MB)
17/03/23 14:47:46 INFO storage.MemoryStore: Block broadcast_5_piece116 stored as bytes in memory (estimated size 4.0 MB, free 2038.7 MB)
17/03/23 14:47:46 INFO storage.MemoryStore: Block broadcast_5_piece16 stored as bytes in memory (estimated size 4.0 MB, free 2042.7 MB)
17/03/23 14:47:46 INFO storage.MemoryStore: Block broadcast_5_piece68 stored as bytes in memory (estimated size 4.0 MB, free 2046.7 MB)
17/03/23 14:47:46 INFO storage.MemoryStore: Block broadcast_5_piece193 stored as bytes in memory (estimated size 4.0 MB, free 2.0 GB)
17/03/23 14:47:46 INFO storage.MemoryStore: Block broadcast_5_piece94 stored as bytes in memory (estimated size 4.0 MB, free 2.0 GB)
17/03/23 14:47:46 INFO storage.MemoryStore: Block broadcast_5_piece110 stored as bytes in memory (estimated size 4.0 MB, free 2.0 GB)
17/03/23 14:47:46 INFO storage.MemoryStore: Block broadcast_5_piece179 stored as bytes in memory (estimated size 4.0 MB, free 2.0 GB)
17/03/23 14:47:46 INFO storage.MemoryStore: Block broadcast_5_piece3 stored as bytes in memory (estimated size 4.0 MB, free 2.0 GB)
17/03/23 14:47:46 INFO storage.MemoryStore: Block broadcast_5_piece185 stored as bytes in memory (estimated size 4.0 MB, free 2.0 GB)
17/03/23 14:47:46 INFO storage.MemoryStore: Block broadcast_5_piece52 stored as bytes in memory (estimated size 4.0 MB, free 2.0 GB)
17/03/23 14:47:46 INFO storage.MemoryStore: Block broadcast_5_piece227 stored as bytes in memory (estimated size 4.0 MB, free 2.0 GB)
17/03/23 14:47:46 INFO storage.MemoryStore: Block broadcast_5_piece29 stored as bytes in memory (estimated size 4.0 MB, free 2.0 GB)
17/03/23 14:47:46 INFO storage.MemoryStore: Block broadcast_5_piece90 stored as bytes in memory (estimated size 4.0 MB, free 2.0 GB)
17/03/23 14:47:46 INFO storage.MemoryStore: Block broadcast_5_piece86 stored as bytes in memory (estimated size 4.0 MB, free 2.0 GB)
17/03/23 14:47:46 INFO storage.MemoryStore: Block broadcast_5_piece257 stored as bytes in memory (estimated size 4.0 MB, free 2.0 GB)
17/03/23 14:47:46 INFO storage.MemoryStore: Block broadcast_5_piece261 stored as bytes in memory (estimated size 4.0 MB, free 2.0 GB)
17/03/23 14:47:46 INFO storage.MemoryStore: Block broadcast_5_piece93 stored as bytes in memory (estimated size 4.0 MB, free 2.1 GB)
17/03/23 14:47:46 INFO storage.MemoryStore: Block broadcast_5_piece327 stored as bytes in memory (estimated size 4.0 MB, free 2.1 GB)
17/03/23 14:47:46 INFO storage.MemoryStore: Block broadcast_5_piece225 stored as bytes in memory (estimated size 4.0 MB, free 2.1 GB)
17/03/23 14:47:46 INFO storage.MemoryStore: Block broadcast_5_piece23 stored as bytes in memory (estimated size 4.0 MB, free 2.1 GB)
17/03/23 14:47:46 INFO storage.MemoryStore: Block broadcast_5_piece157 stored as bytes in memory (estimated size 4.0 MB, free 2.1 GB)
17/03/23 14:47:46 INFO storage.MemoryStore: Block broadcast_5_piece278 stored as bytes in memory (estimated size 4.0 MB, free 2.1 GB)
17/03/23 14:47:46 INFO storage.MemoryStore: Block broadcast_5_piece334 stored as bytes in memory (estimated size 4.0 MB, free 2.1 GB)
17/03/23 14:47:46 INFO storage.MemoryStore: Block broadcast_5_piece120 stored as bytes in memory (estimated size 4.0 MB, free 2.1 GB)
17/03/23 14:47:46 INFO storage.MemoryStore: Block broadcast_5_piece11 stored as bytes in memory (estimated size 4.0 MB, free 2.1 GB)
17/03/23 14:47:46 INFO storage.MemoryStore: Block broadcast_5_piece75 stored as bytes in memory (estimated size 4.0 MB, free 2.1 GB)
17/03/23 14:47:46 INFO storage.MemoryStore: Block broadcast_5_piece190 stored as bytes in memory (estimated size 4.0 MB, free 2.1 GB)
17/03/23 14:47:46 INFO storage.MemoryStore: Block broadcast_5_piece226 stored as bytes in memory (estimated size 4.0 MB, free 2.1 GB)
17/03/23 14:47:46 INFO storage.MemoryStore: Block broadcast_5_piece342 stored as bytes in memory (estimated size 4.0 MB, free 2.1 GB)
17/03/23 14:47:47 INFO storage.MemoryStore: Block broadcast_5_piece203 stored as bytes in memory (estimated size 4.0 MB, free 2.1 GB)
17/03/23 14:47:47 INFO storage.MemoryStore: Block broadcast_5_piece239 stored as bytes in memory (estimated size 4.0 MB, free 2.1 GB)
17/03/23 14:47:47 INFO storage.MemoryStore: Block broadcast_5_piece321 stored as bytes in memory (estimated size 4.0 MB, free 2.1 GB)
17/03/23 14:47:47 INFO storage.MemoryStore: Block broadcast_5_piece234 stored as bytes in memory (estimated size 4.0 MB, free 2.1 GB)
17/03/23 14:47:47 INFO storage.MemoryStore: Block broadcast_5_piece138 stored as bytes in memory (estimated size 4.0 MB, free 2.1 GB)
17/03/23 14:47:47 INFO storage.MemoryStore: Block broadcast_5_piece232 stored as bytes in memory (estimated size 4.0 MB, free 2.1 GB)
17/03/23 14:47:47 INFO storage.MemoryStore: Block broadcast_5_piece144 stored as bytes in memory (estimated size 4.0 MB, free 2.1 GB)
17/03/23 14:47:47 INFO storage.MemoryStore: Block broadcast_5_piece206 stored as bytes in memory (estimated size 4.0 MB, free 2.1 GB)
17/03/23 14:47:47 INFO storage.MemoryStore: Block broadcast_5_piece81 stored as bytes in memory (estimated size 4.0 MB, free 2.1 GB)
17/03/23 14:47:47 INFO storage.MemoryStore: Block broadcast_5_piece249 stored as bytes in memory (estimated size 4.0 MB, free 2.1 GB)
17/03/23 14:47:47 INFO storage.MemoryStore: Block broadcast_5_piece53 stored as bytes in memory (estimated size 4.0 MB, free 2.1 GB)
17/03/23 14:47:47 INFO storage.MemoryStore: Block broadcast_5_piece326 stored as bytes in memory (estimated size 4.0 MB, free 2.1 GB)
17/03/23 14:47:47 INFO storage.MemoryStore: Block broadcast_5_piece295 stored as bytes in memory (estimated size 4.0 MB, free 2.2 GB)
17/03/23 14:47:47 INFO storage.MemoryStore: Block broadcast_5_piece84 stored as bytes in memory (estimated size 4.0 MB, free 2.2 GB)
17/03/23 14:47:47 INFO storage.MemoryStore: Block broadcast_5_piece336 stored as bytes in memory (estimated size 4.0 MB, free 2.2 GB)
17/03/23 14:47:47 INFO storage.MemoryStore: Block broadcast_5_piece4 stored as bytes in memory (estimated size 4.0 MB, free 2.2 GB)
17/03/23 14:47:47 INFO storage.MemoryStore: Block broadcast_5_piece215 stored as bytes in memory (estimated size 4.0 MB, free 2.2 GB)
17/03/23 14:47:47 INFO storage.MemoryStore: Block broadcast_5_piece118 stored as bytes in memory (estimated size 4.0 MB, free 2.2 GB)
17/03/23 14:47:47 INFO storage.MemoryStore: Block broadcast_5_piece260 stored as bytes in memory (estimated size 4.0 MB, free 2.2 GB)
17/03/23 14:47:47 INFO storage.MemoryStore: Block broadcast_5_piece273 stored as bytes in memory (estimated size 4.0 MB, free 2.2 GB)
17/03/23 14:47:47 INFO storage.MemoryStore: Block broadcast_5_piece222 stored as bytes in memory (estimated size 4.0 MB, free 2.2 GB)
17/03/23 14:47:47 INFO storage.MemoryStore: Block broadcast_5_piece230 stored as bytes in memory (estimated size 4.0 MB, free 2.2 GB)
17/03/23 14:47:47 INFO storage.MemoryStore: Block broadcast_5_piece345 stored as bytes in memory (estimated size 4.0 MB, free 2.2 GB)
17/03/23 14:47:47 INFO storage.MemoryStore: Block broadcast_5_piece56 stored as bytes in memory (estimated size 4.0 MB, free 2.2 GB)
17/03/23 14:47:47 INFO storage.MemoryStore: Block broadcast_5_piece192 stored as bytes in memory (estimated size 4.0 MB, free 2.2 GB)
17/03/23 14:47:47 INFO storage.MemoryStore: Block broadcast_5_piece286 stored as bytes in memory (estimated size 4.0 MB, free 2.2 GB)
17/03/23 14:47:47 INFO storage.MemoryStore: Block broadcast_5_piece107 stored as bytes in memory (estimated size 4.0 MB, free 2.2 GB)
17/03/23 14:47:47 INFO storage.MemoryStore: Block broadcast_5_piece272 stored as bytes in memory (estimated size 4.0 MB, free 2.2 GB)
17/03/23 14:47:47 INFO storage.MemoryStore: Block broadcast_5_piece188 stored as bytes in memory (estimated size 4.0 MB, free 2.2 GB)
17/03/23 14:47:47 INFO storage.MemoryStore: Block broadcast_5_piece174 stored as bytes in memory (estimated size 4.0 MB, free 2.2 GB)
17/03/23 14:47:47 INFO storage.MemoryStore: Block broadcast_5_piece346 stored as bytes in memory (estimated size 4.0 MB, free 2.2 GB)
17/03/23 14:47:47 INFO storage.MemoryStore: Block broadcast_5_piece43 stored as bytes in memory (estimated size 4.0 MB, free 2.2 GB)
17/03/23 14:47:47 INFO storage.MemoryStore: Block broadcast_5_piece115 stored as bytes in memory (estimated size 4.0 MB, free 2.2 GB)
17/03/23 14:47:47 INFO storage.MemoryStore: Block broadcast_5_piece280 stored as bytes in memory (estimated size 4.0 MB, free 2.2 GB)
17/03/23 14:47:47 INFO storage.MemoryStore: Block broadcast_5_piece289 stored as bytes in memory (estimated size 4.0 MB, free 2.2 GB)
17/03/23 14:47:47 INFO storage.MemoryStore: Block broadcast_5_piece14 stored as bytes in memory (estimated size 4.0 MB, free 2.2 GB)
17/03/23 14:47:47 INFO storage.MemoryStore: Block broadcast_5_piece39 stored as bytes in memory (estimated size 4.0 MB, free 2.2 GB)
17/03/23 14:47:47 INFO storage.MemoryStore: Block broadcast_5_piece263 stored as bytes in memory (estimated size 4.0 MB, free 2.2 GB)
17/03/23 14:47:47 INFO storage.MemoryStore: Block broadcast_5_piece301 stored as bytes in memory (estimated size 4.0 MB, free 2.3 GB)
17/03/23 14:47:47 INFO storage.MemoryStore: Block broadcast_5_piece109 stored as bytes in memory (estimated size 4.0 MB, free 2.3 GB)
17/03/23 14:47:47 INFO storage.MemoryStore: Block broadcast_5_piece76 stored as bytes in memory (estimated size 4.0 MB, free 2.3 GB)
17/03/23 14:47:47 INFO storage.MemoryStore: Block broadcast_5_piece338 stored as bytes in memory (estimated size 4.0 MB, free 2.3 GB)
17/03/23 14:47:47 INFO storage.MemoryStore: Block broadcast_5_piece287 stored as bytes in memory (estimated size 4.0 MB, free 2.3 GB)
17/03/23 14:47:47 INFO storage.MemoryStore: Block broadcast_5_piece133 stored as bytes in memory (estimated size 4.0 MB, free 2.3 GB)
17/03/23 14:47:48 INFO storage.MemoryStore: Block broadcast_5_piece79 stored as bytes in memory (estimated size 4.0 MB, free 2.3 GB)
17/03/23 14:47:48 INFO storage.MemoryStore: Block broadcast_5_piece148 stored as bytes in memory (estimated size 4.0 MB, free 2.3 GB)
17/03/23 14:47:48 INFO storage.MemoryStore: Block broadcast_5_piece317 stored as bytes in memory (estimated size 4.0 MB, free 2.3 GB)
17/03/23 14:47:48 INFO storage.MemoryStore: Block broadcast_5_piece46 stored as bytes in memory (estimated size 4.0 MB, free 2.3 GB)
17/03/23 14:47:48 INFO storage.MemoryStore: Block broadcast_5_piece231 stored as bytes in memory (estimated size 4.0 MB, free 2.3 GB)
17/03/23 14:47:48 INFO storage.MemoryStore: Block broadcast_5_piece243 stored as bytes in memory (estimated size 4.0 MB, free 2.3 GB)
17/03/23 14:47:48 INFO storage.MemoryStore: Block broadcast_5_piece270 stored as bytes in memory (estimated size 4.0 MB, free 2.3 GB)
17/03/23 14:47:48 INFO storage.MemoryStore: Block broadcast_5_piece126 stored as bytes in memory (estimated size 4.0 MB, free 2.3 GB)
17/03/23 14:47:48 INFO storage.MemoryStore: Block broadcast_5_piece200 stored as bytes in memory (estimated size 4.0 MB, free 2.3 GB)
17/03/23 14:47:48 INFO storage.MemoryStore: Block broadcast_5_piece177 stored as bytes in memory (estimated size 4.0 MB, free 2.3 GB)
17/03/23 14:47:48 INFO storage.MemoryStore: Block broadcast_5_piece59 stored as bytes in memory (estimated size 4.0 MB, free 2.3 GB)
17/03/23 14:47:48 INFO storage.MemoryStore: Block broadcast_5_piece32 stored as bytes in memory (estimated size 4.0 MB, free 2.3 GB)
17/03/23 14:47:48 INFO storage.MemoryStore: Block broadcast_5_piece210 stored as bytes in memory (estimated size 4.0 MB, free 2.3 GB)
17/03/23 14:47:48 INFO storage.MemoryStore: Block broadcast_5_piece129 stored as bytes in memory (estimated size 4.0 MB, free 2.3 GB)
17/03/23 14:47:48 INFO storage.MemoryStore: Block broadcast_5_piece58 stored as bytes in memory (estimated size 4.0 MB, free 2.3 GB)
17/03/23 14:47:48 INFO storage.MemoryStore: Block broadcast_5_piece7 stored as bytes in memory (estimated size 4.0 MB, free 2.3 GB)
17/03/23 14:47:48 INFO storage.MemoryStore: Block broadcast_5_piece71 stored as bytes in memory (estimated size 4.0 MB, free 2.3 GB)
17/03/23 14:47:48 INFO storage.MemoryStore: Block broadcast_5_piece252 stored as bytes in memory (estimated size 4.0 MB, free 2.3 GB)
17/03/23 14:47:48 INFO storage.MemoryStore: Block broadcast_5_piece145 stored as bytes in memory (estimated size 4.0 MB, free 2.3 GB)
17/03/23 14:47:48 INFO storage.MemoryStore: Block broadcast_5_piece329 stored as bytes in memory (estimated size 4.0 MB, free 2.4 GB)
17/03/23 14:47:48 INFO storage.MemoryStore: Block broadcast_5_piece250 stored as bytes in memory (estimated size 4.0 MB, free 2.4 GB)
17/03/23 14:47:48 INFO storage.MemoryStore: Block broadcast_5_piece103 stored as bytes in memory (estimated size 4.0 MB, free 2.4 GB)
17/03/23 14:47:48 INFO storage.MemoryStore: Block broadcast_5_piece306 stored as bytes in memory (estimated size 4.0 MB, free 2.4 GB)
17/03/23 14:47:48 INFO storage.MemoryStore: Block broadcast_5_piece183 stored as bytes in memory (estimated size 4.0 MB, free 2.4 GB)
17/03/23 14:47:48 INFO storage.MemoryStore: Block broadcast_5_piece236 stored as bytes in memory (estimated size 4.0 MB, free 2.4 GB)
17/03/23 14:47:48 INFO storage.MemoryStore: Block broadcast_5_piece101 stored as bytes in memory (estimated size 4.0 MB, free 2.4 GB)
17/03/23 14:47:48 INFO storage.MemoryStore: Block broadcast_5_piece288 stored as bytes in memory (estimated size 4.0 MB, free 2.4 GB)
17/03/23 14:47:48 INFO storage.MemoryStore: Block broadcast_5_piece297 stored as bytes in memory (estimated size 4.0 MB, free 2.4 GB)
17/03/23 14:47:48 INFO storage.MemoryStore: Block broadcast_5_piece9 stored as bytes in memory (estimated size 4.0 MB, free 2.4 GB)
17/03/23 14:47:48 INFO storage.MemoryStore: Block broadcast_5_piece217 stored as bytes in memory (estimated size 4.0 MB, free 2.4 GB)
17/03/23 14:47:48 INFO storage.MemoryStore: Block broadcast_5_piece245 stored as bytes in memory (estimated size 4.0 MB, free 2.4 GB)
17/03/23 14:47:48 INFO storage.MemoryStore: Block broadcast_5_piece45 stored as bytes in memory (estimated size 4.0 MB, free 2.4 GB)
17/03/23 14:47:48 INFO storage.MemoryStore: Block broadcast_5_piece320 stored as bytes in memory (estimated size 4.0 MB, free 2.4 GB)
17/03/23 14:47:48 INFO storage.MemoryStore: Block broadcast_5_piece348 stored as bytes in memory (estimated size 4.0 MB, free 2.4 GB)
17/03/23 14:47:48 INFO storage.MemoryStore: Block broadcast_5_piece40 stored as bytes in memory (estimated size 4.0 MB, free 2.4 GB)
17/03/23 14:47:48 INFO storage.MemoryStore: Block broadcast_5_piece309 stored as bytes in memory (estimated size 4.0 MB, free 2.4 GB)
17/03/23 14:47:48 INFO storage.MemoryStore: Block broadcast_5_piece65 stored as bytes in memory (estimated size 4.0 MB, free 2.4 GB)
17/03/23 14:47:48 INFO storage.MemoryStore: Block broadcast_5_piece216 stored as bytes in memory (estimated size 4.0 MB, free 2.4 GB)
17/03/23 14:47:48 INFO storage.MemoryStore: Block broadcast_5_piece165 stored as bytes in memory (estimated size 4.0 MB, free 2.4 GB)
17/03/23 14:47:48 INFO storage.MemoryStore: Block broadcast_5_piece83 stored as bytes in memory (estimated size 4.0 MB, free 2.4 GB)
17/03/23 14:47:48 INFO storage.MemoryStore: Block broadcast_5_piece271 stored as bytes in memory (estimated size 4.0 MB, free 2.4 GB)
17/03/23 14:47:48 INFO storage.MemoryStore: Block broadcast_5_piece313 stored as bytes in memory (estimated size 4.0 MB, free 2.4 GB)
17/03/23 14:47:48 INFO storage.MemoryStore: Block broadcast_5_piece160 stored as bytes in memory (estimated size 4.0 MB, free 2.4 GB)
17/03/23 14:47:48 INFO storage.MemoryStore: Block broadcast_5_piece293 stored as bytes in memory (estimated size 4.0 MB, free 2.4 GB)
17/03/23 14:47:48 INFO storage.MemoryStore: Block broadcast_5_piece229 stored as bytes in memory (estimated size 4.0 MB, free 2.4 GB)
17/03/23 14:47:48 INFO storage.MemoryStore: Block broadcast_5_piece251 stored as bytes in memory (estimated size 4.0 MB, free 2.5 GB)
17/03/23 14:47:48 INFO storage.MemoryStore: Block broadcast_5_piece0 stored as bytes in memory (estimated size 4.0 MB, free 2.5 GB)
17/03/23 14:47:48 INFO storage.MemoryStore: Block broadcast_5_piece343 stored as bytes in memory (estimated size 4.0 MB, free 2.5 GB)
17/03/23 14:47:48 INFO storage.MemoryStore: Block broadcast_5_piece307 stored as bytes in memory (estimated size 4.0 MB, free 2.5 GB)
17/03/23 14:47:49 INFO storage.MemoryStore: Block broadcast_5_piece153 stored as bytes in memory (estimated size 4.0 MB, free 2.5 GB)
17/03/23 14:47:49 INFO storage.MemoryStore: Block broadcast_5_piece1 stored as bytes in memory (estimated size 4.0 MB, free 2.5 GB)
17/03/23 14:47:49 INFO storage.MemoryStore: Block broadcast_5_piece22 stored as bytes in memory (estimated size 4.0 MB, free 2.5 GB)
17/03/23 14:47:49 INFO storage.MemoryStore: Block broadcast_5_piece37 stored as bytes in memory (estimated size 4.0 MB, free 2.5 GB)
17/03/23 14:47:49 INFO storage.MemoryStore: Block broadcast_5_piece156 stored as bytes in memory (estimated size 4.0 MB, free 2.5 GB)
17/03/23 14:47:49 INFO storage.MemoryStore: Block broadcast_5_piece253 stored as bytes in memory (estimated size 4.0 MB, free 2.5 GB)
17/03/23 14:47:49 INFO storage.MemoryStore: Block broadcast_5_piece141 stored as bytes in memory (estimated size 4.0 MB, free 2.5 GB)
17/03/23 14:47:49 INFO storage.MemoryStore: Block broadcast_5_piece28 stored as bytes in memory (estimated size 4.0 MB, free 2.5 GB)
17/03/23 14:47:49 INFO storage.MemoryStore: Block broadcast_5_piece331 stored as bytes in memory (estimated size 4.0 MB, free 2.5 GB)
17/03/23 14:47:49 INFO storage.MemoryStore: Block broadcast_5_piece51 stored as bytes in memory (estimated size 4.0 MB, free 2.5 GB)
17/03/23 14:47:49 INFO storage.MemoryStore: Block broadcast_5_piece197 stored as bytes in memory (estimated size 4.0 MB, free 2.5 GB)
17/03/23 14:47:49 INFO storage.MemoryStore: Block broadcast_5_piece42 stored as bytes in memory (estimated size 4.0 MB, free 2.5 GB)
17/03/23 14:47:49 INFO storage.MemoryStore: Block broadcast_5_piece170 stored as bytes in memory (estimated size 4.0 MB, free 2.5 GB)
17/03/23 14:47:49 INFO storage.MemoryStore: Block broadcast_5_piece69 stored as bytes in memory (estimated size 4.0 MB, free 2.5 GB)
17/03/23 14:47:49 INFO storage.MemoryStore: Block broadcast_5_piece100 stored as bytes in memory (estimated size 4.0 MB, free 2.5 GB)
17/03/23 14:47:49 INFO storage.MemoryStore: Block broadcast_5_piece284 stored as bytes in memory (estimated size 4.0 MB, free 2.5 GB)
17/03/23 14:47:49 INFO storage.MemoryStore: Block broadcast_5_piece349 stored as bytes in memory (estimated size 4.0 MB, free 2.5 GB)
17/03/23 14:47:49 INFO storage.MemoryStore: Block broadcast_5_piece264 stored as bytes in memory (estimated size 4.0 MB, free 2.5 GB)
17/03/23 14:47:49 INFO storage.MemoryStore: Block broadcast_5_piece195 stored as bytes in memory (estimated size 4.0 MB, free 2.5 GB)
17/03/23 14:47:49 INFO storage.MemoryStore: Block broadcast_5_piece152 stored as bytes in memory (estimated size 4.0 MB, free 2.5 GB)
17/03/23 14:47:49 INFO storage.MemoryStore: Block broadcast_5_piece194 stored as bytes in memory (estimated size 4.0 MB, free 2.5 GB)
17/03/23 14:47:49 INFO storage.MemoryStore: Block broadcast_5_piece149 stored as bytes in memory (estimated size 4.0 MB, free 2.5 GB)
17/03/23 14:47:49 INFO storage.MemoryStore: Block broadcast_5_piece48 stored as bytes in memory (estimated size 4.0 MB, free 2.6 GB)
17/03/23 14:47:49 INFO storage.MemoryStore: Block broadcast_5_piece96 stored as bytes in memory (estimated size 4.0 MB, free 2.6 GB)
17/03/23 14:47:49 INFO storage.MemoryStore: Block broadcast_5_piece89 stored as bytes in memory (estimated size 4.0 MB, free 2.6 GB)
17/03/23 14:47:49 INFO storage.MemoryStore: Block broadcast_5_piece283 stored as bytes in memory (estimated size 4.0 MB, free 2.6 GB)
17/03/23 14:47:49 INFO storage.MemoryStore: Block broadcast_5_piece350 stored as bytes in memory (estimated size 2.7 MB, free 2.6 GB)
17/03/23 14:47:49 INFO storage.MemoryStore: Block broadcast_5_piece198 stored as bytes in memory (estimated size 4.0 MB, free 2.6 GB)
17/03/23 14:47:49 INFO storage.MemoryStore: Block broadcast_5_piece60 stored as bytes in memory (estimated size 4.0 MB, free 2.6 GB)
17/03/23 14:47:49 INFO storage.MemoryStore: Block broadcast_5_piece322 stored as bytes in memory (estimated size 4.0 MB, free 2.6 GB)
17/03/23 14:47:49 INFO storage.MemoryStore: Block broadcast_5_piece15 stored as bytes in memory (estimated size 4.0 MB, free 2.6 GB)
17/03/23 14:47:49 INFO storage.MemoryStore: Block broadcast_5_piece269 stored as bytes in memory (estimated size 4.0 MB, free 2.6 GB)
17/03/23 14:47:49 INFO storage.MemoryStore: Block broadcast_5_piece209 stored as bytes in memory (estimated size 4.0 MB, free 2.6 GB)
17/03/23 14:47:49 INFO storage.MemoryStore: Block broadcast_5_piece276 stored as bytes in memory (estimated size 4.0 MB, free 2.6 GB)
17/03/23 14:47:49 INFO storage.MemoryStore: Block broadcast_5_piece66 stored as bytes in memory (estimated size 4.0 MB, free 2.6 GB)
17/03/23 14:47:49 INFO storage.MemoryStore: Block broadcast_5_piece137 stored as bytes in memory (estimated size 4.0 MB, free 2.6 GB)
17/03/23 14:47:49 INFO storage.MemoryStore: Block broadcast_5_piece316 stored as bytes in memory (estimated size 4.0 MB, free 2.6 GB)
17/03/23 14:47:49 INFO storage.MemoryStore: Block broadcast_5_piece305 stored as bytes in memory (estimated size 4.0 MB, free 2.6 GB)
17/03/23 14:47:49 INFO storage.MemoryStore: Block broadcast_5_piece275 stored as bytes in memory (estimated size 4.0 MB, free 2.6 GB)
17/03/23 14:47:49 INFO storage.MemoryStore: Block broadcast_5_piece172 stored as bytes in memory (estimated size 4.0 MB, free 2.6 GB)
17/03/23 14:47:49 INFO storage.MemoryStore: Block broadcast_5_piece88 stored as bytes in memory (estimated size 4.0 MB, free 2.6 GB)
17/03/23 14:47:49 INFO storage.MemoryStore: Block broadcast_5_piece255 stored as bytes in memory (estimated size 4.0 MB, free 2.6 GB)
17/03/23 14:47:49 INFO storage.MemoryStore: Block broadcast_5_piece132 stored as bytes in memory (estimated size 4.0 MB, free 2.6 GB)
17/03/23 14:47:49 INFO storage.MemoryStore: Block broadcast_5_piece49 stored as bytes in memory (estimated size 4.0 MB, free 2.6 GB)
17/03/23 14:47:49 INFO storage.MemoryStore: Block broadcast_5_piece176 stored as bytes in memory (estimated size 4.0 MB, free 2.6 GB)
17/03/23 14:47:49 INFO storage.MemoryStore: Block broadcast_5_piece244 stored as bytes in memory (estimated size 4.0 MB, free 2.6 GB)
17/03/23 14:47:49 INFO storage.MemoryStore: Block broadcast_5_piece21 stored as bytes in memory (estimated size 4.0 MB, free 2.6 GB)
17/03/23 14:47:50 INFO storage.MemoryStore: Block broadcast_5_piece166 stored as bytes in memory (estimated size 4.0 MB, free 2.6 GB)
17/03/23 14:47:50 INFO storage.MemoryStore: Block broadcast_5_piece294 stored as bytes in memory (estimated size 4.0 MB, free 2.7 GB)
17/03/23 14:47:50 INFO storage.MemoryStore: Block broadcast_5_piece134 stored as bytes in memory (estimated size 4.0 MB, free 2.7 GB)
17/03/23 14:47:50 INFO storage.MemoryStore: Block broadcast_5_piece73 stored as bytes in memory (estimated size 4.0 MB, free 2.7 GB)
17/03/23 14:47:50 INFO storage.MemoryStore: Block broadcast_5_piece186 stored as bytes in memory (estimated size 4.0 MB, free 2.7 GB)
17/03/23 14:47:50 INFO storage.MemoryStore: Block broadcast_5_piece242 stored as bytes in memory (estimated size 4.0 MB, free 2.7 GB)
17/03/23 14:47:50 INFO storage.MemoryStore: Block broadcast_5_piece207 stored as bytes in memory (estimated size 4.0 MB, free 2.7 GB)
17/03/23 14:47:50 INFO storage.MemoryStore: Block broadcast_5_piece35 stored as bytes in memory (estimated size 4.0 MB, free 2.7 GB)
17/03/23 14:47:50 INFO storage.MemoryStore: Block broadcast_5_piece246 stored as bytes in memory (estimated size 4.0 MB, free 2.7 GB)
17/03/23 14:47:50 INFO storage.MemoryStore: Block broadcast_5_piece178 stored as bytes in memory (estimated size 4.0 MB, free 2.7 GB)
17/03/23 14:47:50 INFO storage.MemoryStore: Block broadcast_5_piece26 stored as bytes in memory (estimated size 4.0 MB, free 2.7 GB)
17/03/23 14:47:50 INFO storage.MemoryStore: Block broadcast_5_piece47 stored as bytes in memory (estimated size 4.0 MB, free 2.7 GB)
17/03/23 14:47:50 INFO storage.MemoryStore: Block broadcast_5_piece219 stored as bytes in memory (estimated size 4.0 MB, free 2.7 GB)
17/03/23 14:47:50 INFO storage.MemoryStore: Block broadcast_5_piece241 stored as bytes in memory (estimated size 4.0 MB, free 2.7 GB)
17/03/23 14:47:50 INFO storage.MemoryStore: Block broadcast_5_piece78 stored as bytes in memory (estimated size 4.0 MB, free 2.7 GB)
17/03/23 14:47:50 INFO storage.MemoryStore: Block broadcast_5_piece175 stored as bytes in memory (estimated size 4.0 MB, free 2.7 GB)
17/03/23 14:47:50 INFO storage.MemoryStore: Block broadcast_5_piece282 stored as bytes in memory (estimated size 4.0 MB, free 2.7 GB)
17/03/23 14:47:50 INFO storage.MemoryStore: Block broadcast_5_piece162 stored as bytes in memory (estimated size 4.0 MB, free 2.7 GB)
17/03/23 14:47:50 INFO storage.MemoryStore: Block broadcast_5_piece213 stored as bytes in memory (estimated size 4.0 MB, free 2.7 GB)
17/03/23 14:47:50 INFO storage.MemoryStore: Block broadcast_5_piece319 stored as bytes in memory (estimated size 4.0 MB, free 2.7 GB)
17/03/23 14:47:50 INFO storage.MemoryStore: Block broadcast_5_piece20 stored as bytes in memory (estimated size 4.0 MB, free 2.7 GB)
17/03/23 14:47:50 INFO storage.MemoryStore: Block broadcast_5_piece181 stored as bytes in memory (estimated size 4.0 MB, free 2.7 GB)
17/03/23 14:47:50 INFO storage.MemoryStore: Block broadcast_5_piece339 stored as bytes in memory (estimated size 4.0 MB, free 2.7 GB)
17/03/23 14:47:50 INFO storage.MemoryStore: Block broadcast_5_piece189 stored as bytes in memory (estimated size 4.0 MB, free 2.7 GB)
17/03/23 14:47:50 INFO broadcast.TorrentBroadcast: Reading broadcast variable 5 took 7947 ms
17/03/23 14:48:11 INFO storage.MemoryStore: Block broadcast_5 stored as values in memory (estimated size 384.0 B, free 2.7 GB)
17/03/23 14:48:11 INFO broadcast.TorrentBroadcast: Started reading broadcast variable 3
17/03/23 14:48:11 INFO storage.MemoryStore: Block broadcast_3_piece0 stored as bytes in memory (estimated size 95.0 B, free 2.7 GB)
17/03/23 14:48:11 INFO broadcast.TorrentBroadcast: Reading broadcast variable 3 took 9 ms
17/03/23 14:48:11 INFO storage.MemoryStore: Block broadcast_3 stored as values in memory (estimated size 384.0 B, free 2.7 GB)
17/03/23 14:48:11 INFO broadcast.TorrentBroadcast: Started reading broadcast variable 4
17/03/23 14:48:11 INFO storage.MemoryStore: Block broadcast_4_piece182 stored as bytes in memory (estimated size 4.0 MB, free 2.7 GB)
17/03/23 14:48:11 INFO storage.MemoryStore: Block broadcast_4_piece186 stored as bytes in memory (estimated size 4.0 MB, free 2.7 GB)
17/03/23 14:48:12 INFO storage.MemoryStore: Block broadcast_4_piece88 stored as bytes in memory (estimated size 4.0 MB, free 2.8 GB)
17/03/23 14:48:12 INFO storage.MemoryStore: Block broadcast_4_piece67 stored as bytes in memory (estimated size 4.0 MB, free 2.8 GB)
17/03/23 14:48:12 INFO storage.MemoryStore: Block broadcast_4_piece288 stored as bytes in memory (estimated size 4.0 MB, free 2.8 GB)
17/03/23 14:48:12 INFO storage.MemoryStore: Block broadcast_4_piece170 stored as bytes in memory (estimated size 4.0 MB, free 2.8 GB)
17/03/23 14:48:12 INFO storage.MemoryStore: Block broadcast_4_piece172 stored as bytes in memory (estimated size 4.0 MB, free 2.8 GB)
17/03/23 14:48:12 INFO storage.MemoryStore: Block broadcast_4_piece224 stored as bytes in memory (estimated size 4.0 MB, free 2.8 GB)
17/03/23 14:48:12 INFO storage.MemoryStore: Block broadcast_4_piece192 stored as bytes in memory (estimated size 4.0 MB, free 2.8 GB)
17/03/23 14:48:12 INFO storage.MemoryStore: Block broadcast_4_piece327 stored as bytes in memory (estimated size 4.0 MB, free 2.8 GB)
17/03/23 14:48:12 INFO storage.MemoryStore: Block broadcast_4_piece254 stored as bytes in memory (estimated size 4.0 MB, free 2.8 GB)
17/03/23 14:48:12 INFO storage.MemoryStore: Block broadcast_4_piece23 stored as bytes in memory (estimated size 4.0 MB, free 2.8 GB)
17/03/23 14:48:12 INFO storage.MemoryStore: Block broadcast_4_piece345 stored as bytes in memory (estimated size 4.0 MB, free 2.8 GB)
17/03/23 14:48:12 INFO storage.MemoryStore: Block broadcast_4_piece39 stored as bytes in memory (estimated size 4.0 MB, free 2.8 GB)
17/03/23 14:48:12 INFO storage.MemoryStore: Block broadcast_4_piece202 stored as bytes in memory (estimated size 4.0 MB, free 2.8 GB)
17/03/23 14:48:12 INFO storage.MemoryStore: Block broadcast_4_piece214 stored as bytes in memory (estimated size 4.0 MB, free 2.8 GB)
17/03/23 14:48:12 INFO storage.MemoryStore: Block broadcast_4_piece219 stored as bytes in memory (estimated size 4.0 MB, free 2.8 GB)
17/03/23 14:48:12 INFO storage.MemoryStore: Block broadcast_4_piece40 stored as bytes in memory (estimated size 4.0 MB, free 2.8 GB)
17/03/23 14:48:12 INFO storage.MemoryStore: Block broadcast_4_piece43 stored as bytes in memory (estimated size 4.0 MB, free 2.8 GB)
17/03/23 14:48:12 INFO storage.MemoryStore: Block broadcast_4_piece45 stored as bytes in memory (estimated size 4.0 MB, free 2.8 GB)
17/03/23 14:48:12 INFO storage.MemoryStore: Block broadcast_4_piece341 stored as bytes in memory (estimated size 4.0 MB, free 2.8 GB)
17/03/23 14:48:12 INFO storage.MemoryStore: Block broadcast_4_piece165 stored as bytes in memory (estimated size 4.0 MB, free 2.8 GB)
17/03/23 14:48:12 INFO storage.MemoryStore: Block broadcast_4_piece320 stored as bytes in memory (estimated size 4.0 MB, free 2.8 GB)
17/03/23 14:48:12 INFO storage.MemoryStore: Block broadcast_4_piece31 stored as bytes in memory (estimated size 4.0 MB, free 2.8 GB)
17/03/23 14:48:12 INFO storage.MemoryStore: Block broadcast_4_piece200 stored as bytes in memory (estimated size 4.0 MB, free 2.8 GB)
17/03/23 14:48:12 INFO storage.MemoryStore: Block broadcast_4_piece235 stored as bytes in memory (estimated size 4.0 MB, free 2.8 GB)
17/03/23 14:48:12 INFO storage.MemoryStore: Block broadcast_4_piece177 stored as bytes in memory (estimated size 4.0 MB, free 2.8 GB)
17/03/23 14:48:12 INFO storage.MemoryStore: Block broadcast_4_piece7 stored as bytes in memory (estimated size 4.0 MB, free 2.8 GB)
17/03/23 14:48:12 INFO storage.MemoryStore: Block broadcast_4_piece309 stored as bytes in memory (estimated size 4.0 MB, free 2.9 GB)
17/03/23 14:48:12 INFO storage.MemoryStore: Block broadcast_4_piece201 stored as bytes in memory (estimated size 4.0 MB, free 2.9 GB)
17/03/23 14:48:12 INFO storage.MemoryStore: Block broadcast_4_piece173 stored as bytes in memory (estimated size 4.0 MB, free 2.9 GB)
17/03/23 14:48:12 INFO storage.MemoryStore: Block broadcast_4_piece28 stored as bytes in memory (estimated size 4.0 MB, free 2.9 GB)
17/03/23 14:48:12 INFO storage.MemoryStore: Block broadcast_4_piece92 stored as bytes in memory (estimated size 4.0 MB, free 2.9 GB)
17/03/23 14:48:12 INFO storage.MemoryStore: Block broadcast_4_piece149 stored as bytes in memory (estimated size 4.0 MB, free 2.9 GB)
17/03/23 14:48:12 INFO storage.MemoryStore: Block broadcast_4_piece242 stored as bytes in memory (estimated size 4.0 MB, free 2.9 GB)
17/03/23 14:48:12 INFO storage.MemoryStore: Block broadcast_4_piece50 stored as bytes in memory (estimated size 4.0 MB, free 2.9 GB)
17/03/23 14:48:12 INFO storage.MemoryStore: Block broadcast_4_piece281 stored as bytes in memory (estimated size 4.0 MB, free 2.9 GB)
17/03/23 14:48:12 INFO storage.MemoryStore: Block broadcast_4_piece243 stored as bytes in memory (estimated size 4.0 MB, free 2.9 GB)
17/03/23 14:48:12 INFO storage.MemoryStore: Block broadcast_4_piece210 stored as bytes in memory (estimated size 4.0 MB, free 2.9 GB)
17/03/23 14:48:12 INFO storage.MemoryStore: Block broadcast_4_piece144 stored as bytes in memory (estimated size 4.0 MB, free 2.9 GB)
17/03/23 14:48:12 INFO storage.MemoryStore: Block broadcast_4_piece104 stored as bytes in memory (estimated size 4.0 MB, free 2.9 GB)
17/03/23 14:48:12 INFO storage.MemoryStore: Block broadcast_4_piece142 stored as bytes in memory (estimated size 4.0 MB, free 2.9 GB)
17/03/23 14:48:12 INFO storage.MemoryStore: Block broadcast_4_piece159 stored as bytes in memory (estimated size 4.0 MB, free 2.9 GB)
17/03/23 14:48:12 INFO storage.MemoryStore: Block broadcast_4_piece253 stored as bytes in memory (estimated size 4.0 MB, free 2.9 GB)
17/03/23 14:48:12 INFO storage.MemoryStore: Block broadcast_4_piece135 stored as bytes in memory (estimated size 4.0 MB, free 2.9 GB)
17/03/23 14:48:12 INFO storage.MemoryStore: Block broadcast_4_piece86 stored as bytes in memory (estimated size 4.0 MB, free 2.9 GB)
17/03/23 14:48:12 INFO storage.MemoryStore: Block broadcast_4_piece52 stored as bytes in memory (estimated size 4.0 MB, free 2.9 GB)
17/03/23 14:48:12 INFO storage.MemoryStore: Block broadcast_4_piece256 stored as bytes in memory (estimated size 4.0 MB, free 2.9 GB)
17/03/23 14:48:12 INFO storage.MemoryStore: Block broadcast_4_piece329 stored as bytes in memory (estimated size 4.0 MB, free 2.9 GB)
17/03/23 14:48:13 INFO storage.MemoryStore: Block broadcast_4_piece337 stored as bytes in memory (estimated size 4.0 MB, free 2.9 GB)
17/03/23 14:48:13 INFO storage.MemoryStore: Block broadcast_4_piece74 stored as bytes in memory (estimated size 4.0 MB, free 2.9 GB)
17/03/23 14:48:13 INFO storage.MemoryStore: Block broadcast_4_piece8 stored as bytes in memory (estimated size 4.0 MB, free 2.9 GB)
17/03/23 14:48:13 INFO storage.MemoryStore: Block broadcast_4_piece162 stored as bytes in memory (estimated size 4.0 MB, free 2.9 GB)
17/03/23 14:48:13 INFO storage.MemoryStore: Block broadcast_4_piece4 stored as bytes in memory (estimated size 4.0 MB, free 3.0 GB)
17/03/23 14:48:13 INFO storage.MemoryStore: Block broadcast_4_piece206 stored as bytes in memory (estimated size 4.0 MB, free 3.0 GB)
17/03/23 14:48:13 INFO storage.MemoryStore: Block broadcast_4_piece98 stored as bytes in memory (estimated size 4.0 MB, free 3.0 GB)
17/03/23 14:48:13 INFO storage.MemoryStore: Block broadcast_4_piece343 stored as bytes in memory (estimated size 4.0 MB, free 3.0 GB)
17/03/23 14:48:13 INFO storage.MemoryStore: Block broadcast_4_piece109 stored as bytes in memory (estimated size 4.0 MB, free 3.0 GB)
17/03/23 14:48:13 INFO storage.MemoryStore: Block broadcast_4_piece198 stored as bytes in memory (estimated size 4.0 MB, free 3.0 GB)
17/03/23 14:48:13 INFO storage.MemoryStore: Block broadcast_4_piece58 stored as bytes in memory (estimated size 4.0 MB, free 3.0 GB)
17/03/23 14:48:13 INFO storage.MemoryStore: Block broadcast_4_piece258 stored as bytes in memory (estimated size 4.0 MB, free 3.0 GB)
17/03/23 14:48:13 INFO storage.MemoryStore: Block broadcast_4_piece346 stored as bytes in memory (estimated size 4.0 MB, free 3.0 GB)
17/03/23 14:48:13 INFO storage.MemoryStore: Block broadcast_4_piece234 stored as bytes in memory (estimated size 4.0 MB, free 3.0 GB)
17/03/23 14:48:13 INFO storage.MemoryStore: Block broadcast_4_piece274 stored as bytes in memory (estimated size 4.0 MB, free 3.0 GB)
17/03/23 14:48:13 INFO storage.MemoryStore: Block broadcast_4_piece138 stored as bytes in memory (estimated size 4.0 MB, free 3.0 GB)
17/03/23 14:48:13 INFO storage.MemoryStore: Block broadcast_4_piece94 stored as bytes in memory (estimated size 4.0 MB, free 3.0 GB)
17/03/23 14:48:13 INFO storage.MemoryStore: Block broadcast_4_piece100 stored as bytes in memory (estimated size 4.0 MB, free 3.0 GB)
17/03/23 14:48:13 INFO storage.MemoryStore: Block broadcast_4_piece34 stored as bytes in memory (estimated size 4.0 MB, free 3.0 GB)
17/03/23 14:48:13 INFO storage.MemoryStore: Block broadcast_4_piece44 stored as bytes in memory (estimated size 4.0 MB, free 3.0 GB)
17/03/23 14:48:13 INFO storage.MemoryStore: Block broadcast_4_piece24 stored as bytes in memory (estimated size 4.0 MB, free 3.0 GB)
17/03/23 14:48:13 INFO storage.MemoryStore: Block broadcast_4_piece157 stored as bytes in memory (estimated size 4.0 MB, free 3.0 GB)
17/03/23 14:48:13 INFO storage.MemoryStore: Block broadcast_4_piece12 stored as bytes in memory (estimated size 4.0 MB, free 3.0 GB)
17/03/23 14:48:13 INFO storage.MemoryStore: Block broadcast_4_piece229 stored as bytes in memory (estimated size 4.0 MB, free 3.0 GB)
17/03/23 14:48:13 INFO storage.MemoryStore: Block broadcast_4_piece284 stored as bytes in memory (estimated size 4.0 MB, free 3.0 GB)
17/03/23 14:48:13 INFO storage.MemoryStore: Block broadcast_4_piece87 stored as bytes in memory (estimated size 4.0 MB, free 3.0 GB)
17/03/23 14:48:13 INFO storage.MemoryStore: Block broadcast_4_piece10 stored as bytes in memory (estimated size 4.0 MB, free 3.0 GB)
17/03/23 14:48:13 INFO storage.MemoryStore: Block broadcast_4_piece211 stored as bytes in memory (estimated size 4.0 MB, free 3.0 GB)
17/03/23 14:48:13 INFO storage.MemoryStore: Block broadcast_4_piece291 stored as bytes in memory (estimated size 4.0 MB, free 3.0 GB)
17/03/23 14:48:13 INFO storage.MemoryStore: Block broadcast_4_piece84 stored as bytes in memory (estimated size 4.0 MB, free 3.0 GB)
17/03/23 14:48:13 INFO storage.MemoryStore: Block broadcast_4_piece174 stored as bytes in memory (estimated size 4.0 MB, free 3.1 GB)
17/03/23 14:48:13 INFO storage.MemoryStore: Block broadcast_4_piece178 stored as bytes in memory (estimated size 4.0 MB, free 3.1 GB)
17/03/23 14:48:13 INFO storage.MemoryStore: Block broadcast_4_piece123 stored as bytes in memory (estimated size 4.0 MB, free 3.1 GB)
17/03/23 14:48:13 INFO storage.MemoryStore: Block broadcast_4_piece220 stored as bytes in memory (estimated size 4.0 MB, free 3.1 GB)
17/03/23 14:48:13 INFO storage.MemoryStore: Block broadcast_4_piece232 stored as bytes in memory (estimated size 4.0 MB, free 3.1 GB)
17/03/23 14:48:13 INFO storage.MemoryStore: Block broadcast_4_piece81 stored as bytes in memory (estimated size 4.0 MB, free 3.1 GB)
17/03/23 14:48:13 INFO storage.MemoryStore: Block broadcast_4_piece347 stored as bytes in memory (estimated size 4.0 MB, free 3.1 GB)
17/03/23 14:48:13 INFO storage.MemoryStore: Block broadcast_4_piece283 stored as bytes in memory (estimated size 4.0 MB, free 3.1 GB)
17/03/23 14:48:13 INFO storage.MemoryStore: Block broadcast_4_piece97 stored as bytes in memory (estimated size 4.0 MB, free 3.1 GB)
17/03/23 14:48:13 INFO storage.MemoryStore: Block broadcast_4_piece126 stored as bytes in memory (estimated size 4.0 MB, free 3.1 GB)
17/03/23 14:48:13 INFO storage.MemoryStore: Block broadcast_4_piece236 stored as bytes in memory (estimated size 4.0 MB, free 3.1 GB)
17/03/23 14:48:13 INFO storage.MemoryStore: Block broadcast_4_piece304 stored as bytes in memory (estimated size 4.0 MB, free 3.1 GB)
17/03/23 14:48:13 INFO storage.MemoryStore: Block broadcast_4_piece89 stored as bytes in memory (estimated size 4.0 MB, free 3.1 GB)
17/03/23 14:48:13 INFO storage.MemoryStore: Block broadcast_4_piece103 stored as bytes in memory (estimated size 4.0 MB, free 3.1 GB)
17/03/23 14:48:14 INFO storage.MemoryStore: Block broadcast_4_piece187 stored as bytes in memory (estimated size 4.0 MB, free 3.1 GB)
17/03/23 14:48:14 INFO storage.MemoryStore: Block broadcast_4_piece298 stored as bytes in memory (estimated size 4.0 MB, free 3.1 GB)
17/03/23 14:48:14 INFO storage.MemoryStore: Block broadcast_4_piece56 stored as bytes in memory (estimated size 4.0 MB, free 3.1 GB)
17/03/23 14:48:14 INFO storage.MemoryStore: Block broadcast_4_piece68 stored as bytes in memory (estimated size 4.0 MB, free 3.1 GB)
17/03/23 14:48:14 INFO storage.MemoryStore: Block broadcast_4_piece82 stored as bytes in memory (estimated size 4.0 MB, free 3.1 GB)
17/03/23 14:48:14 INFO storage.MemoryStore: Block broadcast_4_piece5 stored as bytes in memory (estimated size 4.0 MB, free 3.1 GB)
17/03/23 14:48:14 INFO storage.MemoryStore: Block broadcast_4_piece325 stored as bytes in memory (estimated size 4.0 MB, free 3.1 GB)
17/03/23 14:48:14 INFO storage.MemoryStore: Block broadcast_4_piece85 stored as bytes in memory (estimated size 4.0 MB, free 3.1 GB)
17/03/23 14:48:14 INFO storage.MemoryStore: Block broadcast_4_piece69 stored as bytes in memory (estimated size 4.0 MB, free 3.1 GB)
17/03/23 14:48:14 INFO storage.MemoryStore: Block broadcast_4_piece348 stored as bytes in memory (estimated size 4.0 MB, free 3.1 GB)
17/03/23 14:48:14 INFO storage.MemoryStore: Block broadcast_4_piece301 stored as bytes in memory (estimated size 4.0 MB, free 3.1 GB)
17/03/23 14:48:14 INFO storage.MemoryStore: Block broadcast_4_piece13 stored as bytes in memory (estimated size 4.0 MB, free 3.1 GB)
17/03/23 14:48:14 INFO storage.MemoryStore: Block broadcast_4_piece168 stored as bytes in memory (estimated size 4.0 MB, free 3.2 GB)
17/03/23 14:48:14 INFO storage.MemoryStore: Block broadcast_4_piece127 stored as bytes in memory (estimated size 4.0 MB, free 3.2 GB)
17/03/23 14:48:14 INFO storage.MemoryStore: Block broadcast_4_piece11 stored as bytes in memory (estimated size 4.0 MB, free 3.2 GB)
17/03/23 14:48:14 INFO storage.MemoryStore: Block broadcast_4_piece252 stored as bytes in memory (estimated size 4.0 MB, free 3.2 GB)
17/03/23 14:48:14 INFO storage.MemoryStore: Block broadcast_4_piece331 stored as bytes in memory (estimated size 4.0 MB, free 3.2 GB)
17/03/23 14:48:14 INFO storage.MemoryStore: Block broadcast_4_piece66 stored as bytes in memory (estimated size 4.0 MB, free 3.2 GB)
17/03/23 14:48:14 INFO storage.MemoryStore: Block broadcast_4_piece285 stored as bytes in memory (estimated size 4.0 MB, free 3.2 GB)
17/03/23 14:48:14 INFO storage.MemoryStore: Block broadcast_4_piece57 stored as bytes in memory (estimated size 4.0 MB, free 3.2 GB)
17/03/23 14:48:14 INFO storage.MemoryStore: Block broadcast_4_piece155 stored as bytes in memory (estimated size 4.0 MB, free 3.2 GB)
17/03/23 14:48:14 INFO storage.MemoryStore: Block broadcast_4_piece38 stored as bytes in memory (estimated size 4.0 MB, free 3.2 GB)
17/03/23 14:48:14 INFO storage.MemoryStore: Block broadcast_4_piece197 stored as bytes in memory (estimated size 4.0 MB, free 3.2 GB)
17/03/23 14:48:14 INFO storage.MemoryStore: Block broadcast_4_piece18 stored as bytes in memory (estimated size 4.0 MB, free 3.2 GB)
17/03/23 14:48:14 INFO storage.MemoryStore: Block broadcast_4_piece238 stored as bytes in memory (estimated size 4.0 MB, free 3.2 GB)
17/03/23 14:48:14 INFO storage.MemoryStore: Block broadcast_4_piece76 stored as bytes in memory (estimated size 4.0 MB, free 3.2 GB)
17/03/23 14:48:14 INFO storage.MemoryStore: Block broadcast_4_piece3 stored as bytes in memory (estimated size 4.0 MB, free 3.2 GB)
17/03/23 14:48:14 INFO storage.MemoryStore: Block broadcast_4_piece282 stored as bytes in memory (estimated size 4.0 MB, free 3.2 GB)
17/03/23 14:48:14 INFO storage.MemoryStore: Block broadcast_4_piece262 stored as bytes in memory (estimated size 4.0 MB, free 3.2 GB)
17/03/23 14:48:14 INFO storage.MemoryStore: Block broadcast_4_piece195 stored as bytes in memory (estimated size 4.0 MB, free 3.2 GB)
17/03/23 14:48:14 INFO storage.MemoryStore: Block broadcast_4_piece148 stored as bytes in memory (estimated size 4.0 MB, free 3.2 GB)
17/03/23 14:48:14 INFO storage.MemoryStore: Block broadcast_4_piece270 stored as bytes in memory (estimated size 4.0 MB, free 3.2 GB)
17/03/23 14:48:14 INFO storage.MemoryStore: Block broadcast_4_piece27 stored as bytes in memory (estimated size 4.0 MB, free 3.2 GB)
17/03/23 14:48:14 INFO storage.MemoryStore: Block broadcast_4_piece292 stored as bytes in memory (estimated size 4.0 MB, free 3.2 GB)
17/03/23 14:48:14 INFO storage.MemoryStore: Block broadcast_4_piece17 stored as bytes in memory (estimated size 4.0 MB, free 3.2 GB)
17/03/23 14:48:14 INFO storage.MemoryStore: Block broadcast_4_piece311 stored as bytes in memory (estimated size 4.0 MB, free 3.2 GB)
17/03/23 14:48:14 INFO storage.MemoryStore: Block broadcast_4_piece340 stored as bytes in memory (estimated size 4.0 MB, free 3.2 GB)
17/03/23 14:48:14 INFO storage.MemoryStore: Block broadcast_4_piece115 stored as bytes in memory (estimated size 4.0 MB, free 3.3 GB)
17/03/23 14:48:15 INFO storage.MemoryStore: Block broadcast_4_piece239 stored as bytes in memory (estimated size 4.0 MB, free 3.3 GB)
17/03/23 14:48:15 INFO storage.MemoryStore: Block broadcast_4_piece32 stored as bytes in memory (estimated size 4.0 MB, free 3.3 GB)
17/03/23 14:48:15 INFO storage.MemoryStore: Block broadcast_4_piece141 stored as bytes in memory (estimated size 4.0 MB, free 3.3 GB)
17/03/23 14:48:15 INFO storage.MemoryStore: Block broadcast_4_piece95 stored as bytes in memory (estimated size 4.0 MB, free 3.3 GB)
17/03/23 14:48:15 INFO storage.MemoryStore: Block broadcast_4_piece344 stored as bytes in memory (estimated size 4.0 MB, free 3.3 GB)
17/03/23 14:48:15 INFO storage.MemoryStore: Block broadcast_4_piece1 stored as bytes in memory (estimated size 4.0 MB, free 3.3 GB)
17/03/23 14:48:15 INFO storage.MemoryStore: Block broadcast_4_piece114 stored as bytes in memory (estimated size 4.0 MB, free 3.3 GB)
17/03/23 14:48:15 INFO storage.MemoryStore: Block broadcast_4_piece308 stored as bytes in memory (estimated size 4.0 MB, free 3.3 GB)
17/03/23 14:48:15 INFO storage.MemoryStore: Block broadcast_4_piece158 stored as bytes in memory (estimated size 4.0 MB, free 3.3 GB)
17/03/23 14:48:15 INFO storage.MemoryStore: Block broadcast_4_piece14 stored as bytes in memory (estimated size 4.0 MB, free 3.3 GB)
17/03/23 14:48:15 INFO storage.MemoryStore: Block broadcast_4_piece231 stored as bytes in memory (estimated size 4.0 MB, free 3.3 GB)
17/03/23 14:48:15 INFO storage.MemoryStore: Block broadcast_4_piece35 stored as bytes in memory (estimated size 4.0 MB, free 3.3 GB)
17/03/23 14:48:15 INFO storage.MemoryStore: Block broadcast_4_piece233 stored as bytes in memory (estimated size 4.0 MB, free 3.3 GB)
17/03/23 14:48:15 INFO storage.MemoryStore: Block broadcast_4_piece212 stored as bytes in memory (estimated size 4.0 MB, free 3.3 GB)
17/03/23 14:48:15 INFO storage.MemoryStore: Block broadcast_4_piece245 stored as bytes in memory (estimated size 4.0 MB, free 3.3 GB)
17/03/23 14:48:15 INFO storage.MemoryStore: Block broadcast_4_piece110 stored as bytes in memory (estimated size 4.0 MB, free 3.3 GB)
17/03/23 14:48:15 INFO storage.MemoryStore: Block broadcast_4_piece227 stored as bytes in memory (estimated size 4.0 MB, free 3.3 GB)
17/03/23 14:48:15 INFO storage.MemoryStore: Block broadcast_4_piece312 stored as bytes in memory (estimated size 4.0 MB, free 3.3 GB)
17/03/23 14:48:15 INFO storage.MemoryStore: Block broadcast_4_piece287 stored as bytes in memory (estimated size 4.0 MB, free 3.3 GB)
17/03/23 14:48:15 INFO storage.MemoryStore: Block broadcast_4_piece153 stored as bytes in memory (estimated size 4.0 MB, free 3.3 GB)
17/03/23 14:48:15 INFO storage.MemoryStore: Block broadcast_4_piece132 stored as bytes in memory (estimated size 4.0 MB, free 3.3 GB)
17/03/23 14:48:15 INFO storage.MemoryStore: Block broadcast_4_piece160 stored as bytes in memory (estimated size 4.0 MB, free 3.3 GB)
17/03/23 14:48:15 INFO storage.MemoryStore: Block broadcast_4_piece265 stored as bytes in memory (estimated size 4.0 MB, free 3.3 GB)
17/03/23 14:48:15 INFO storage.MemoryStore: Block broadcast_4_piece143 stored as bytes in memory (estimated size 4.0 MB, free 3.3 GB)
17/03/23 14:48:15 INFO storage.MemoryStore: Block broadcast_4_piece6 stored as bytes in memory (estimated size 4.0 MB, free 3.3 GB)
17/03/23 14:48:15 INFO storage.MemoryStore: Block broadcast_4_piece246 stored as bytes in memory (estimated size 4.0 MB, free 3.4 GB)
17/03/23 14:48:15 INFO storage.MemoryStore: Block broadcast_4_piece280 stored as bytes in memory (estimated size 4.0 MB, free 3.4 GB)
17/03/23 14:48:15 INFO storage.MemoryStore: Block broadcast_4_piece146 stored as bytes in memory (estimated size 4.0 MB, free 3.4 GB)
17/03/23 14:48:15 INFO storage.MemoryStore: Block broadcast_4_piece36 stored as bytes in memory (estimated size 4.0 MB, free 3.4 GB)
17/03/23 14:48:15 INFO storage.MemoryStore: Block broadcast_4_piece83 stored as bytes in memory (estimated size 4.0 MB, free 3.4 GB)
17/03/23 14:48:15 INFO storage.MemoryStore: Block broadcast_4_piece51 stored as bytes in memory (estimated size 4.0 MB, free 3.4 GB)
17/03/23 14:48:15 INFO storage.MemoryStore: Block broadcast_4_piece102 stored as bytes in memory (estimated size 4.0 MB, free 3.4 GB)
17/03/23 14:48:15 INFO storage.MemoryStore: Block broadcast_4_piece190 stored as bytes in memory (estimated size 4.0 MB, free 3.4 GB)
17/03/23 14:48:15 INFO storage.MemoryStore: Block broadcast_4_piece273 stored as bytes in memory (estimated size 4.0 MB, free 3.4 GB)
17/03/23 14:48:15 INFO storage.MemoryStore: Block broadcast_4_piece350 stored as bytes in memory (estimated size 2.7 MB, free 3.4 GB)
17/03/23 14:48:15 INFO storage.MemoryStore: Block broadcast_4_piece128 stored as bytes in memory (estimated size 4.0 MB, free 3.4 GB)
17/03/23 14:48:15 INFO storage.MemoryStore: Block broadcast_4_piece240 stored as bytes in memory (estimated size 4.0 MB, free 3.4 GB)
17/03/23 14:48:15 INFO storage.MemoryStore: Block broadcast_4_piece60 stored as bytes in memory (estimated size 4.0 MB, free 3.4 GB)
17/03/23 14:48:15 INFO storage.MemoryStore: Block broadcast_4_piece244 stored as bytes in memory (estimated size 4.0 MB, free 3.4 GB)
17/03/23 14:48:15 INFO storage.MemoryStore: Block broadcast_4_piece105 stored as bytes in memory (estimated size 4.0 MB, free 3.4 GB)
17/03/23 14:48:15 INFO storage.MemoryStore: Block broadcast_4_piece150 stored as bytes in memory (estimated size 4.0 MB, free 3.4 GB)
17/03/23 14:48:15 INFO storage.MemoryStore: Block broadcast_4_piece217 stored as bytes in memory (estimated size 4.0 MB, free 3.4 GB)
17/03/23 14:48:15 INFO storage.MemoryStore: Block broadcast_4_piece80 stored as bytes in memory (estimated size 4.0 MB, free 3.4 GB)
17/03/23 14:48:15 INFO storage.MemoryStore: Block broadcast_4_piece336 stored as bytes in memory (estimated size 4.0 MB, free 3.4 GB)
17/03/23 14:48:15 INFO storage.MemoryStore: Block broadcast_4_piece225 stored as bytes in memory (estimated size 4.0 MB, free 3.4 GB)
17/03/23 14:48:15 INFO storage.MemoryStore: Block broadcast_4_piece194 stored as bytes in memory (estimated size 4.0 MB, free 3.4 GB)
17/03/23 14:48:15 INFO storage.MemoryStore: Block broadcast_4_piece90 stored as bytes in memory (estimated size 4.0 MB, free 3.4 GB)
17/03/23 14:48:16 INFO storage.MemoryStore: Block broadcast_4_piece15 stored as bytes in memory (estimated size 4.0 MB, free 3.4 GB)
17/03/23 14:48:16 INFO storage.MemoryStore: Block broadcast_4_piece241 stored as bytes in memory (estimated size 4.0 MB, free 3.4 GB)
17/03/23 14:48:16 INFO storage.MemoryStore: Block broadcast_4_piece266 stored as bytes in memory (estimated size 4.0 MB, free 3.4 GB)
17/03/23 14:48:16 INFO storage.MemoryStore: Block broadcast_4_piece324 stored as bytes in memory (estimated size 4.0 MB, free 3.4 GB)
17/03/23 14:48:16 INFO storage.MemoryStore: Block broadcast_4_piece305 stored as bytes in memory (estimated size 4.0 MB, free 3.5 GB)
17/03/23 14:48:16 INFO storage.MemoryStore: Block broadcast_4_piece145 stored as bytes in memory (estimated size 4.0 MB, free 3.5 GB)
17/03/23 14:48:16 INFO storage.MemoryStore: Block broadcast_4_piece306 stored as bytes in memory (estimated size 4.0 MB, free 3.5 GB)
17/03/23 14:48:16 INFO storage.MemoryStore: Block broadcast_4_piece169 stored as bytes in memory (estimated size 4.0 MB, free 3.5 GB)
17/03/23 14:48:16 INFO storage.MemoryStore: Block broadcast_4_piece117 stored as bytes in memory (estimated size 4.0 MB, free 3.5 GB)
17/03/23 14:48:16 INFO storage.MemoryStore: Block broadcast_4_piece167 stored as bytes in memory (estimated size 4.0 MB, free 3.5 GB)
17/03/23 14:48:16 INFO storage.MemoryStore: Block broadcast_4_piece21 stored as bytes in memory (estimated size 4.0 MB, free 3.5 GB)
17/03/23 14:48:16 INFO storage.MemoryStore: Block broadcast_4_piece332 stored as bytes in memory (estimated size 4.0 MB, free 3.5 GB)
17/03/23 14:48:16 INFO storage.MemoryStore: Block broadcast_4_piece111 stored as bytes in memory (estimated size 4.0 MB, free 3.5 GB)
17/03/23 14:48:16 INFO storage.MemoryStore: Block broadcast_4_piece140 stored as bytes in memory (estimated size 4.0 MB, free 3.5 GB)
17/03/23 14:48:16 INFO storage.MemoryStore: Block broadcast_4_piece125 stored as bytes in memory (estimated size 4.0 MB, free 3.5 GB)
17/03/23 14:48:16 INFO storage.MemoryStore: Block broadcast_4_piece139 stored as bytes in memory (estimated size 4.0 MB, free 3.5 GB)
17/03/23 14:48:16 INFO storage.MemoryStore: Block broadcast_4_piece78 stored as bytes in memory (estimated size 4.0 MB, free 3.5 GB)
17/03/23 14:48:16 INFO storage.MemoryStore: Block broadcast_4_piece317 stored as bytes in memory (estimated size 4.0 MB, free 3.5 GB)
17/03/23 14:48:16 INFO storage.MemoryStore: Block broadcast_4_piece264 stored as bytes in memory (estimated size 4.0 MB, free 3.5 GB)
17/03/23 14:48:16 INFO storage.MemoryStore: Block broadcast_4_piece176 stored as bytes in memory (estimated size 4.0 MB, free 3.5 GB)
17/03/23 14:48:16 INFO storage.MemoryStore: Block broadcast_4_piece25 stored as bytes in memory (estimated size 4.0 MB, free 3.5 GB)
17/03/23 14:48:16 INFO storage.MemoryStore: Block broadcast_4_piece299 stored as bytes in memory (estimated size 4.0 MB, free 3.5 GB)
17/03/23 14:48:16 INFO storage.MemoryStore: Block broadcast_4_piece310 stored as bytes in memory (estimated size 4.0 MB, free 3.5 GB)
17/03/23 14:48:16 INFO storage.MemoryStore: Block broadcast_4_piece268 stored as bytes in memory (estimated size 4.0 MB, free 3.5 GB)
17/03/23 14:48:16 INFO storage.MemoryStore: Block broadcast_4_piece72 stored as bytes in memory (estimated size 4.0 MB, free 3.5 GB)
17/03/23 14:48:16 INFO storage.MemoryStore: Block broadcast_4_piece48 stored as bytes in memory (estimated size 4.0 MB, free 3.5 GB)
17/03/23 14:48:16 INFO storage.MemoryStore: Block broadcast_4_piece208 stored as bytes in memory (estimated size 4.0 MB, free 3.5 GB)
17/03/23 14:48:16 INFO storage.MemoryStore: Block broadcast_4_piece295 stored as bytes in memory (estimated size 4.0 MB, free 3.5 GB)
17/03/23 14:48:16 INFO storage.MemoryStore: Block broadcast_4_piece131 stored as bytes in memory (estimated size 4.0 MB, free 3.5 GB)
17/03/23 14:48:16 INFO storage.MemoryStore: Block broadcast_4_piece322 stored as bytes in memory (estimated size 4.0 MB, free 3.6 GB)
17/03/23 14:48:16 INFO storage.MemoryStore: Block broadcast_4_piece260 stored as bytes in memory (estimated size 4.0 MB, free 3.6 GB)
17/03/23 14:48:16 INFO storage.MemoryStore: Block broadcast_4_piece152 stored as bytes in memory (estimated size 4.0 MB, free 3.6 GB)
17/03/23 14:48:16 INFO storage.MemoryStore: Block broadcast_4_piece112 stored as bytes in memory (estimated size 4.0 MB, free 3.6 GB)
17/03/23 14:48:16 INFO storage.MemoryStore: Block broadcast_4_piece116 stored as bytes in memory (estimated size 4.0 MB, free 3.6 GB)
17/03/23 14:48:16 INFO storage.MemoryStore: Block broadcast_4_piece338 stored as bytes in memory (estimated size 4.0 MB, free 3.6 GB)
17/03/23 14:48:16 INFO storage.MemoryStore: Block broadcast_4_piece79 stored as bytes in memory (estimated size 4.0 MB, free 3.6 GB)
17/03/23 14:48:16 INFO storage.MemoryStore: Block broadcast_4_piece300 stored as bytes in memory (estimated size 4.0 MB, free 3.6 GB)
17/03/23 14:48:16 INFO storage.MemoryStore: Block broadcast_4_piece323 stored as bytes in memory (estimated size 4.0 MB, free 3.6 GB)
17/03/23 14:48:16 INFO storage.MemoryStore: Block broadcast_4_piece328 stored as bytes in memory (estimated size 4.0 MB, free 3.6 GB)
17/03/23 14:48:16 INFO storage.MemoryStore: Block broadcast_4_piece130 stored as bytes in memory (estimated size 4.0 MB, free 3.6 GB)
17/03/23 14:48:16 INFO storage.MemoryStore: Block broadcast_4_piece2 stored as bytes in memory (estimated size 4.0 MB, free 3.6 GB)
17/03/23 14:48:16 INFO storage.MemoryStore: Block broadcast_4_piece180 stored as bytes in memory (estimated size 4.0 MB, free 3.6 GB)
17/03/23 14:48:16 INFO storage.MemoryStore: Block broadcast_4_piece251 stored as bytes in memory (estimated size 4.0 MB, free 3.6 GB)
17/03/23 14:48:16 INFO storage.MemoryStore: Block broadcast_4_piece26 stored as bytes in memory (estimated size 4.0 MB, free 3.6 GB)
17/03/23 14:48:16 INFO storage.MemoryStore: Block broadcast_4_piece65 stored as bytes in memory (estimated size 4.0 MB, free 3.6 GB)
17/03/23 14:48:16 INFO storage.MemoryStore: Block broadcast_4_piece188 stored as bytes in memory (estimated size 4.0 MB, free 3.6 GB)
17/03/23 14:48:16 INFO storage.MemoryStore: Block broadcast_4_piece316 stored as bytes in memory (estimated size 4.0 MB, free 3.6 GB)
17/03/23 14:48:17 INFO storage.MemoryStore: Block broadcast_4_piece113 stored as bytes in memory (estimated size 4.0 MB, free 3.6 GB)
17/03/23 14:48:17 INFO storage.MemoryStore: Block broadcast_4_piece196 stored as bytes in memory (estimated size 4.0 MB, free 3.6 GB)
17/03/23 14:48:17 INFO storage.MemoryStore: Block broadcast_4_piece147 stored as bytes in memory (estimated size 4.0 MB, free 3.6 GB)
17/03/23 14:48:17 INFO storage.MemoryStore: Block broadcast_4_piece189 stored as bytes in memory (estimated size 4.0 MB, free 3.6 GB)
17/03/23 14:48:17 INFO storage.MemoryStore: Block broadcast_4_piece20 stored as bytes in memory (estimated size 4.0 MB, free 3.6 GB)
17/03/23 14:48:17 INFO storage.MemoryStore: Block broadcast_4_piece164 stored as bytes in memory (estimated size 4.0 MB, free 3.6 GB)
17/03/23 14:48:17 INFO storage.MemoryStore: Block broadcast_4_piece213 stored as bytes in memory (estimated size 4.0 MB, free 3.6 GB)
17/03/23 14:48:17 INFO storage.MemoryStore: Block broadcast_4_piece247 stored as bytes in memory (estimated size 4.0 MB, free 3.6 GB)
17/03/23 14:48:17 INFO storage.MemoryStore: Block broadcast_4_piece314 stored as bytes in memory (estimated size 4.0 MB, free 3.7 GB)
17/03/23 14:48:17 INFO storage.MemoryStore: Block broadcast_4_piece297 stored as bytes in memory (estimated size 4.0 MB, free 3.7 GB)
17/03/23 14:48:17 INFO storage.MemoryStore: Block broadcast_4_piece334 stored as bytes in memory (estimated size 4.0 MB, free 3.7 GB)
17/03/23 14:48:17 INFO storage.MemoryStore: Block broadcast_4_piece129 stored as bytes in memory (estimated size 4.0 MB, free 3.7 GB)
17/03/23 14:48:17 INFO storage.MemoryStore: Block broadcast_4_piece181 stored as bytes in memory (estimated size 4.0 MB, free 3.7 GB)
17/03/23 14:48:17 INFO storage.MemoryStore: Block broadcast_4_piece163 stored as bytes in memory (estimated size 4.0 MB, free 3.7 GB)
17/03/23 14:48:17 INFO storage.MemoryStore: Block broadcast_4_piece119 stored as bytes in memory (estimated size 4.0 MB, free 3.7 GB)
17/03/23 14:48:17 INFO storage.MemoryStore: Block broadcast_4_piece108 stored as bytes in memory (estimated size 4.0 MB, free 3.7 GB)
17/03/23 14:48:17 INFO storage.MemoryStore: Block broadcast_4_piece53 stored as bytes in memory (estimated size 4.0 MB, free 3.7 GB)
17/03/23 14:48:17 INFO storage.MemoryStore: Block broadcast_4_piece221 stored as bytes in memory (estimated size 4.0 MB, free 3.7 GB)
17/03/23 14:48:17 INFO storage.MemoryStore: Block broadcast_4_piece55 stored as bytes in memory (estimated size 4.0 MB, free 3.7 GB)
17/03/23 14:48:17 INFO storage.MemoryStore: Block broadcast_4_piece59 stored as bytes in memory (estimated size 4.0 MB, free 3.7 GB)
17/03/23 14:48:17 INFO storage.MemoryStore: Block broadcast_4_piece277 stored as bytes in memory (estimated size 4.0 MB, free 3.7 GB)
17/03/23 14:48:17 INFO storage.MemoryStore: Block broadcast_4_piece269 stored as bytes in memory (estimated size 4.0 MB, free 3.7 GB)
17/03/23 14:48:17 INFO storage.MemoryStore: Block broadcast_4_piece223 stored as bytes in memory (estimated size 4.0 MB, free 3.7 GB)
17/03/23 14:48:17 INFO storage.MemoryStore: Block broadcast_4_piece248 stored as bytes in memory (estimated size 4.0 MB, free 3.7 GB)
17/03/23 14:48:17 INFO storage.MemoryStore: Block broadcast_4_piece249 stored as bytes in memory (estimated size 4.0 MB, free 3.7 GB)
17/03/23 14:48:17 INFO storage.MemoryStore: Block broadcast_4_piece294 stored as bytes in memory (estimated size 4.0 MB, free 3.7 GB)
17/03/23 14:48:17 INFO storage.MemoryStore: Block broadcast_4_piece9 stored as bytes in memory (estimated size 4.0 MB, free 3.7 GB)
17/03/23 14:48:17 INFO storage.MemoryStore: Block broadcast_4_piece255 stored as bytes in memory (estimated size 4.0 MB, free 3.7 GB)
17/03/23 14:48:17 INFO storage.MemoryStore: Block broadcast_4_piece42 stored as bytes in memory (estimated size 4.0 MB, free 3.7 GB)
17/03/23 14:48:17 INFO storage.MemoryStore: Block broadcast_4_piece237 stored as bytes in memory (estimated size 4.0 MB, free 3.7 GB)
17/03/23 14:48:17 INFO storage.MemoryStore: Block broadcast_4_piece161 stored as bytes in memory (estimated size 4.0 MB, free 3.7 GB)
17/03/23 14:48:17 INFO storage.MemoryStore: Block broadcast_4_piece278 stored as bytes in memory (estimated size 4.0 MB, free 3.7 GB)
17/03/23 14:48:17 INFO storage.MemoryStore: Block broadcast_4_piece307 stored as bytes in memory (estimated size 4.0 MB, free 3.7 GB)
17/03/23 14:48:17 INFO storage.MemoryStore: Block broadcast_4_piece321 stored as bytes in memory (estimated size 4.0 MB, free 3.8 GB)
17/03/23 14:48:17 INFO storage.MemoryStore: Block broadcast_4_piece207 stored as bytes in memory (estimated size 4.0 MB, free 3.8 GB)
17/03/23 14:48:17 INFO storage.MemoryStore: Block broadcast_4_piece136 stored as bytes in memory (estimated size 4.0 MB, free 3.8 GB)
17/03/23 14:48:17 INFO storage.MemoryStore: Block broadcast_4_piece183 stored as bytes in memory (estimated size 4.0 MB, free 3.8 GB)
17/03/23 14:48:17 INFO storage.MemoryStore: Block broadcast_4_piece303 stored as bytes in memory (estimated size 4.0 MB, free 3.8 GB)
17/03/23 14:48:17 INFO storage.MemoryStore: Block broadcast_4_piece275 stored as bytes in memory (estimated size 4.0 MB, free 3.8 GB)
17/03/23 14:48:17 INFO storage.MemoryStore: Block broadcast_4_piece47 stored as bytes in memory (estimated size 4.0 MB, free 3.8 GB)
17/03/23 14:48:17 INFO storage.MemoryStore: Block broadcast_4_piece106 stored as bytes in memory (estimated size 4.0 MB, free 3.8 GB)
17/03/23 14:48:17 INFO storage.MemoryStore: Block broadcast_4_piece276 stored as bytes in memory (estimated size 4.0 MB, free 3.8 GB)
17/03/23 14:48:17 INFO storage.MemoryStore: Block broadcast_4_piece342 stored as bytes in memory (estimated size 4.0 MB, free 3.8 GB)
17/03/23 14:48:17 INFO storage.MemoryStore: Block broadcast_4_piece0 stored as bytes in memory (estimated size 4.0 MB, free 3.8 GB)
17/03/23 14:48:17 INFO storage.MemoryStore: Block broadcast_4_piece61 stored as bytes in memory (estimated size 4.0 MB, free 3.8 GB)
17/03/23 14:48:18 INFO storage.MemoryStore: Block broadcast_4_piece261 stored as bytes in memory (estimated size 4.0 MB, free 3.8 GB)
17/03/23 14:48:18 INFO storage.MemoryStore: Block broadcast_4_piece30 stored as bytes in memory (estimated size 4.0 MB, free 3.8 GB)
17/03/23 14:48:18 INFO storage.MemoryStore: Block broadcast_4_piece29 stored as bytes in memory (estimated size 4.0 MB, free 3.8 GB)
17/03/23 14:48:18 INFO storage.MemoryStore: Block broadcast_4_piece185 stored as bytes in memory (estimated size 4.0 MB, free 3.8 GB)
17/03/23 14:48:18 INFO storage.MemoryStore: Block broadcast_4_piece263 stored as bytes in memory (estimated size 4.0 MB, free 3.8 GB)
17/03/23 14:48:18 INFO storage.MemoryStore: Block broadcast_4_piece289 stored as bytes in memory (estimated size 4.0 MB, free 3.8 GB)
17/03/23 14:48:18 INFO storage.MemoryStore: Block broadcast_4_piece230 stored as bytes in memory (estimated size 4.0 MB, free 3.8 GB)
17/03/23 14:48:18 INFO storage.MemoryStore: Block broadcast_4_piece204 stored as bytes in memory (estimated size 4.0 MB, free 3.8 GB)
17/03/23 14:48:18 INFO storage.MemoryStore: Block broadcast_4_piece171 stored as bytes in memory (estimated size 4.0 MB, free 3.8 GB)
17/03/23 14:48:18 INFO storage.MemoryStore: Block broadcast_4_piece184 stored as bytes in memory (estimated size 4.0 MB, free 3.8 GB)
17/03/23 14:48:18 INFO storage.MemoryStore: Block broadcast_4_piece259 stored as bytes in memory (estimated size 4.0 MB, free 3.8 GB)
17/03/23 14:48:18 INFO storage.MemoryStore: Block broadcast_4_piece222 stored as bytes in memory (estimated size 4.0 MB, free 3.8 GB)
17/03/23 14:48:18 INFO storage.MemoryStore: Block broadcast_4_piece91 stored as bytes in memory (estimated size 4.0 MB, free 3.8 GB)
17/03/23 14:48:18 INFO storage.MemoryStore: Block broadcast_4_piece257 stored as bytes in memory (estimated size 4.0 MB, free 3.8 GB)
17/03/23 14:48:18 INFO storage.MemoryStore: Block broadcast_4_piece267 stored as bytes in memory (estimated size 4.0 MB, free 3.9 GB)
17/03/23 14:48:18 INFO storage.MemoryStore: Block broadcast_4_piece133 stored as bytes in memory (estimated size 4.0 MB, free 3.9 GB)
17/03/23 14:48:18 INFO storage.MemoryStore: Block broadcast_4_piece318 stored as bytes in memory (estimated size 4.0 MB, free 3.9 GB)
17/03/23 14:48:18 INFO storage.MemoryStore: Block broadcast_4_piece64 stored as bytes in memory (estimated size 4.0 MB, free 3.9 GB)
17/03/23 14:48:18 INFO storage.MemoryStore: Block broadcast_4_piece33 stored as bytes in memory (estimated size 4.0 MB, free 3.9 GB)
17/03/23 14:48:18 INFO storage.MemoryStore: Block broadcast_4_piece175 stored as bytes in memory (estimated size 4.0 MB, free 3.9 GB)
17/03/23 14:48:18 INFO storage.MemoryStore: Block broadcast_4_piece216 stored as bytes in memory (estimated size 4.0 MB, free 3.9 GB)
17/03/23 14:48:18 INFO storage.MemoryStore: Block broadcast_4_piece315 stored as bytes in memory (estimated size 4.0 MB, free 3.9 GB)
17/03/23 14:48:18 INFO storage.MemoryStore: Block broadcast_4_piece313 stored as bytes in memory (estimated size 4.0 MB, free 3.9 GB)
17/03/23 14:48:18 WARN server.TransportChannelHandler: Exception in connection from mesos-slave-10/10.10.34.20:50239
java.io.IOException: Connection reset by peer
	at sun.nio.ch.FileDispatcherImpl.read0(Native Method)
	at sun.nio.ch.SocketDispatcher.read(SocketDispatcher.java:39)
	at sun.nio.ch.IOUtil.readIntoNativeBuffer(IOUtil.java:223)
	at sun.nio.ch.IOUtil.read(IOUtil.java:192)
	at sun.nio.ch.SocketChannelImpl.read(SocketChannelImpl.java:379)
	at io.netty.buffer.PooledUnsafeDirectByteBuf.setBytes(PooledUnsafeDirectByteBuf.java:313)
	at io.netty.buffer.AbstractByteBuf.writeBytes(AbstractByteBuf.java:881)
	at io.netty.channel.socket.nio.NioSocketChannel.doReadBytes(NioSocketChannel.java:242)
	at io.netty.channel.nio.AbstractNioByteChannel$NioByteUnsafe.read(AbstractNioByteChannel.java:119)
	at io.netty.channel.nio.NioEventLoop.processSelectedKey(NioEventLoop.java:511)
	at io.netty.channel.nio.NioEventLoop.processSelectedKeysOptimized(NioEventLoop.java:468)
	at io.netty.channel.nio.NioEventLoop.processSelectedKeys(NioEventLoop.java:382)
	at io.netty.channel.nio.NioEventLoop.run(NioEventLoop.java:354)
	at io.netty.util.concurrent.SingleThreadEventExecutor$2.run(SingleThreadEventExecutor.java:111)
	at java.lang.Thread.run(Thread.java:745)
17/03/23 14:48:18 ERROR client.TransportResponseHandler: Still have 1 requests outstanding when connection from mesos-slave-10/10.10.34.20:50239 is closed
17/03/23 14:48:18 ERROR shuffle.OneForOneBlockFetcher: Failed while starting block fetches
java.io.IOException: Connection reset by peer
	at sun.nio.ch.FileDispatcherImpl.read0(Native Method)
	at sun.nio.ch.SocketDispatcher.read(SocketDispatcher.java:39)
	at sun.nio.ch.IOUtil.readIntoNativeBuffer(IOUtil.java:223)
	at sun.nio.ch.IOUtil.read(IOUtil.java:192)
	at sun.nio.ch.SocketChannelImpl.read(SocketChannelImpl.java:379)
	at io.netty.buffer.PooledUnsafeDirectByteBuf.setBytes(PooledUnsafeDirectByteBuf.java:313)
	at io.netty.buffer.AbstractByteBuf.writeBytes(AbstractByteBuf.java:881)
	at io.netty.channel.socket.nio.NioSocketChannel.doReadBytes(NioSocketChannel.java:242)
	at io.netty.channel.nio.AbstractNioByteChannel$NioByteUnsafe.read(AbstractNioByteChannel.java:119)
	at io.netty.channel.nio.NioEventLoop.processSelectedKey(NioEventLoop.java:511)
	at io.netty.channel.nio.NioEventLoop.processSelectedKeysOptimized(NioEventLoop.java:468)
	at io.netty.channel.nio.NioEventLoop.processSelectedKeys(NioEventLoop.java:382)
	at io.netty.channel.nio.NioEventLoop.run(NioEventLoop.java:354)
	at io.netty.util.concurrent.SingleThreadEventExecutor$2.run(SingleThreadEventExecutor.java:111)
	at java.lang.Thread.run(Thread.java:745)
17/03/23 14:48:18 INFO shuffle.RetryingBlockFetcher: Retrying fetch (1/3) for 1 outstanding blocks after 5000 ms
17/03/23 14:48:23 INFO client.TransportClientFactory: Found inactive connection to mesos-slave-10/10.10.34.20:50239, creating a new one.
17/03/23 14:48:23 ERROR shuffle.RetryingBlockFetcher: Exception while beginning fetch of 1 outstanding blocks (after 1 retries)
java.io.IOException: Failed to connect to mesos-slave-10/10.10.34.20:50239
	at org.apache.spark.network.client.TransportClientFactory.createClient(TransportClientFactory.java:216)
	at org.apache.spark.network.client.TransportClientFactory.createClient(TransportClientFactory.java:167)
	at org.apache.spark.network.netty.NettyBlockTransferService$$anon$1.createAndStart(NettyBlockTransferService.scala:90)
	at org.apache.spark.network.shuffle.RetryingBlockFetcher.fetchAllOutstanding(RetryingBlockFetcher.java:140)
	at org.apache.spark.network.shuffle.RetryingBlockFetcher.access$200(RetryingBlockFetcher.java:43)
	at org.apache.spark.network.shuffle.RetryingBlockFetcher$1.run(RetryingBlockFetcher.java:170)
	at java.util.concurrent.Executors$RunnableAdapter.call(Executors.java:471)
	at java.util.concurrent.FutureTask.run(FutureTask.java:262)
	at java.util.concurrent.ThreadPoolExecutor.runWorker(ThreadPoolExecutor.java:1145)
	at java.util.concurrent.ThreadPoolExecutor$Worker.run(ThreadPoolExecutor.java:615)
	at java.lang.Thread.run(Thread.java:745)
Caused by: java.net.ConnectException: Connection refused: mesos-slave-10/10.10.34.20:50239
	at sun.nio.ch.SocketChannelImpl.checkConnect(Native Method)
	at sun.nio.ch.SocketChannelImpl.finishConnect(SocketChannelImpl.java:739)
	at io.netty.channel.socket.nio.NioSocketChannel.doFinishConnect(NioSocketChannel.java:224)
	at io.netty.channel.nio.AbstractNioChannel$AbstractNioUnsafe.finishConnect(AbstractNioChannel.java:289)
	at io.netty.channel.nio.NioEventLoop.processSelectedKey(NioEventLoop.java:528)
	at io.netty.channel.nio.NioEventLoop.processSelectedKeysOptimized(NioEventLoop.java:468)
	at io.netty.channel.nio.NioEventLoop.processSelectedKeys(NioEventLoop.java:382)
	at io.netty.channel.nio.NioEventLoop.run(NioEventLoop.java:354)
	at io.netty.util.concurrent.SingleThreadEventExecutor$2.run(SingleThreadEventExecutor.java:111)
	... 1 more
17/03/23 14:48:23 INFO shuffle.RetryingBlockFetcher: Retrying fetch (2/3) for 1 outstanding blocks after 5000 ms
17/03/23 14:48:28 INFO client.TransportClientFactory: Found inactive connection to mesos-slave-10/10.10.34.20:50239, creating a new one.
17/03/23 14:48:28 ERROR shuffle.RetryingBlockFetcher: Exception while beginning fetch of 1 outstanding blocks (after 2 retries)
java.io.IOException: Failed to connect to mesos-slave-10/10.10.34.20:50239
	at org.apache.spark.network.client.TransportClientFactory.createClient(TransportClientFactory.java:216)
	at org.apache.spark.network.client.TransportClientFactory.createClient(TransportClientFactory.java:167)
	at org.apache.spark.network.netty.NettyBlockTransferService$$anon$1.createAndStart(NettyBlockTransferService.scala:90)
	at org.apache.spark.network.shuffle.RetryingBlockFetcher.fetchAllOutstanding(RetryingBlockFetcher.java:140)
	at org.apache.spark.network.shuffle.RetryingBlockFetcher.access$200(RetryingBlockFetcher.java:43)
	at org.apache.spark.network.shuffle.RetryingBlockFetcher$1.run(RetryingBlockFetcher.java:170)
	at java.util.concurrent.Executors$RunnableAdapter.call(Executors.java:471)
	at java.util.concurrent.FutureTask.run(FutureTask.java:262)
	at java.util.concurrent.ThreadPoolExecutor.runWorker(ThreadPoolExecutor.java:1145)
	at java.util.concurrent.ThreadPoolExecutor$Worker.run(ThreadPoolExecutor.java:615)
	at java.lang.Thread.run(Thread.java:745)
Caused by: java.net.ConnectException: Connection refused: mesos-slave-10/10.10.34.20:50239
	at sun.nio.ch.SocketChannelImpl.checkConnect(Native Method)
	at sun.nio.ch.SocketChannelImpl.finishConnect(SocketChannelImpl.java:739)
	at io.netty.channel.socket.nio.NioSocketChannel.doFinishConnect(NioSocketChannel.java:224)
	at io.netty.channel.nio.AbstractNioChannel$AbstractNioUnsafe.finishConnect(AbstractNioChannel.java:289)
	at io.netty.channel.nio.NioEventLoop.processSelectedKey(NioEventLoop.java:528)
	at io.netty.channel.nio.NioEventLoop.processSelectedKeysOptimized(NioEventLoop.java:468)
	at io.netty.channel.nio.NioEventLoop.processSelectedKeys(NioEventLoop.java:382)
	at io.netty.channel.nio.NioEventLoop.run(NioEventLoop.java:354)
	at io.netty.util.concurrent.SingleThreadEventExecutor$2.run(SingleThreadEventExecutor.java:111)
	... 1 more
17/03/23 14:48:28 INFO shuffle.RetryingBlockFetcher: Retrying fetch (3/3) for 1 outstanding blocks after 5000 ms
17/03/23 14:48:33 INFO client.TransportClientFactory: Found inactive connection to mesos-slave-10/10.10.34.20:50239, creating a new one.
17/03/23 14:48:33 ERROR shuffle.RetryingBlockFetcher: Exception while beginning fetch of 1 outstanding blocks (after 3 retries)
java.io.IOException: Failed to connect to mesos-slave-10/10.10.34.20:50239
	at org.apache.spark.network.client.TransportClientFactory.createClient(TransportClientFactory.java:216)
	at org.apache.spark.network.client.TransportClientFactory.createClient(TransportClientFactory.java:167)
	at org.apache.spark.network.netty.NettyBlockTransferService$$anon$1.createAndStart(NettyBlockTransferService.scala:90)
	at org.apache.spark.network.shuffle.RetryingBlockFetcher.fetchAllOutstanding(RetryingBlockFetcher.java:140)
	at org.apache.spark.network.shuffle.RetryingBlockFetcher.access$200(RetryingBlockFetcher.java:43)
	at org.apache.spark.network.shuffle.RetryingBlockFetcher$1.run(RetryingBlockFetcher.java:170)
	at java.util.concurrent.Executors$RunnableAdapter.call(Executors.java:471)
	at java.util.concurrent.FutureTask.run(FutureTask.java:262)
	at java.util.concurrent.ThreadPoolExecutor.runWorker(ThreadPoolExecutor.java:1145)
	at java.util.concurrent.ThreadPoolExecutor$Worker.run(ThreadPoolExecutor.java:615)
	at java.lang.Thread.run(Thread.java:745)
Caused by: java.net.ConnectException: Connection refused: mesos-slave-10/10.10.34.20:50239
	at sun.nio.ch.SocketChannelImpl.checkConnect(Native Method)
	at sun.nio.ch.SocketChannelImpl.finishConnect(SocketChannelImpl.java:739)
	at io.netty.channel.socket.nio.NioSocketChannel.doFinishConnect(NioSocketChannel.java:224)
	at io.netty.channel.nio.AbstractNioChannel$AbstractNioUnsafe.finishConnect(AbstractNioChannel.java:289)
	at io.netty.channel.nio.NioEventLoop.processSelectedKey(NioEventLoop.java:528)
	at io.netty.channel.nio.NioEventLoop.processSelectedKeysOptimized(NioEventLoop.java:468)
	at io.netty.channel.nio.NioEventLoop.processSelectedKeys(NioEventLoop.java:382)
	at io.netty.channel.nio.NioEventLoop.run(NioEventLoop.java:354)
	at io.netty.util.concurrent.SingleThreadEventExecutor$2.run(SingleThreadEventExecutor.java:111)
	... 1 more
17/03/23 14:48:33 WARN storage.BlockManager: Failed to fetch remote block broadcast_4_piece19 from BlockManagerId(5, mesos-slave-10, 50239) (failed attempt 1)
java.io.IOException: Failed to connect to mesos-slave-10/10.10.34.20:50239
	at org.apache.spark.network.client.TransportClientFactory.createClient(TransportClientFactory.java:216)
	at org.apache.spark.network.client.TransportClientFactory.createClient(TransportClientFactory.java:167)
	at org.apache.spark.network.netty.NettyBlockTransferService$$anon$1.createAndStart(NettyBlockTransferService.scala:90)
	at org.apache.spark.network.shuffle.RetryingBlockFetcher.fetchAllOutstanding(RetryingBlockFetcher.java:140)
	at org.apache.spark.network.shuffle.RetryingBlockFetcher.access$200(RetryingBlockFetcher.java:43)
	at org.apache.spark.network.shuffle.RetryingBlockFetcher$1.run(RetryingBlockFetcher.java:170)
	at java.util.concurrent.Executors$RunnableAdapter.call(Executors.java:471)
	at java.util.concurrent.FutureTask.run(FutureTask.java:262)
	at java.util.concurrent.ThreadPoolExecutor.runWorker(ThreadPoolExecutor.java:1145)
	at java.util.concurrent.ThreadPoolExecutor$Worker.run(ThreadPoolExecutor.java:615)
	at java.lang.Thread.run(Thread.java:745)
Caused by: java.net.ConnectException: Connection refused: mesos-slave-10/10.10.34.20:50239
	at sun.nio.ch.SocketChannelImpl.checkConnect(Native Method)
	at sun.nio.ch.SocketChannelImpl.finishConnect(SocketChannelImpl.java:739)
	at io.netty.channel.socket.nio.NioSocketChannel.doFinishConnect(NioSocketChannel.java:224)
	at io.netty.channel.nio.AbstractNioChannel$AbstractNioUnsafe.finishConnect(AbstractNioChannel.java:289)
	at io.netty.channel.nio.NioEventLoop.processSelectedKey(NioEventLoop.java:528)
	at io.netty.channel.nio.NioEventLoop.processSelectedKeysOptimized(NioEventLoop.java:468)
	at io.netty.channel.nio.NioEventLoop.processSelectedKeys(NioEventLoop.java:382)
	at io.netty.channel.nio.NioEventLoop.run(NioEventLoop.java:354)
	at io.netty.util.concurrent.SingleThreadEventExecutor$2.run(SingleThreadEventExecutor.java:111)
	... 1 more
17/03/23 14:48:33 INFO storage.MemoryStore: Block broadcast_4_piece19 stored as bytes in memory (estimated size 4.0 MB, free 3.9 GB)
17/03/23 14:48:33 INFO storage.MemoryStore: Block broadcast_4_piece326 stored as bytes in memory (estimated size 4.0 MB, free 3.9 GB)
17/03/23 14:48:33 INFO storage.MemoryStore: Block broadcast_4_piece215 stored as bytes in memory (estimated size 4.0 MB, free 3.9 GB)
17/03/23 14:48:33 INFO storage.MemoryStore: Block broadcast_4_piece296 stored as bytes in memory (estimated size 4.0 MB, free 3.9 GB)
17/03/23 14:48:33 INFO storage.MemoryStore: Block broadcast_4_piece333 stored as bytes in memory (estimated size 4.0 MB, free 3.9 GB)
17/03/23 14:48:33 INFO storage.MemoryStore: Block broadcast_4_piece121 stored as bytes in memory (estimated size 4.0 MB, free 3.9 GB)
17/03/23 14:48:33 INFO storage.MemoryStore: Block broadcast_4_piece271 stored as bytes in memory (estimated size 4.0 MB, free 3.9 GB)
17/03/23 14:48:33 INFO storage.MemoryStore: Block broadcast_4_piece118 stored as bytes in memory (estimated size 4.0 MB, free 3.9 GB)
17/03/23 14:48:33 INFO storage.MemoryStore: Block broadcast_4_piece120 stored as bytes in memory (estimated size 4.0 MB, free 3.9 GB)
17/03/23 14:48:33 INFO storage.MemoryStore: Block broadcast_4_piece73 stored as bytes in memory (estimated size 4.0 MB, free 3.9 GB)
17/03/23 14:48:33 INFO storage.MemoryStore: Block broadcast_4_piece349 stored as bytes in memory (estimated size 4.0 MB, free 3.9 GB)
17/03/23 14:48:33 INFO storage.MemoryStore: Block broadcast_4_piece203 stored as bytes in memory (estimated size 4.0 MB, free 3.9 GB)
17/03/23 14:48:33 INFO storage.MemoryStore: Block broadcast_4_piece166 stored as bytes in memory (estimated size 4.0 MB, free 3.9 GB)
17/03/23 14:48:33 INFO storage.MemoryStore: Block broadcast_4_piece37 stored as bytes in memory (estimated size 4.0 MB, free 3.9 GB)
17/03/23 14:48:33 INFO storage.MemoryStore: Block broadcast_4_piece71 stored as bytes in memory (estimated size 4.0 MB, free 3.9 GB)
17/03/23 14:48:34 INFO storage.MemoryStore: Block broadcast_4_piece290 stored as bytes in memory (estimated size 4.0 MB, free 3.9 GB)
17/03/23 14:48:34 INFO storage.MemoryStore: Block broadcast_4_piece272 stored as bytes in memory (estimated size 4.0 MB, free 3.9 GB)
17/03/23 14:48:34 INFO storage.MemoryStore: Block broadcast_4_piece335 stored as bytes in memory (estimated size 4.0 MB, free 4.0 GB)
17/03/23 14:48:34 INFO storage.MemoryStore: Block broadcast_4_piece54 stored as bytes in memory (estimated size 4.0 MB, free 4.0 GB)
17/03/23 14:48:34 INFO storage.MemoryStore: Block broadcast_4_piece96 stored as bytes in memory (estimated size 4.0 MB, free 4.0 GB)
17/03/23 14:48:34 INFO storage.MemoryStore: Block broadcast_4_piece99 stored as bytes in memory (estimated size 4.0 MB, free 4.0 GB)
17/03/23 14:48:34 INFO storage.MemoryStore: Block broadcast_4_piece122 stored as bytes in memory (estimated size 4.0 MB, free 4.0 GB)
17/03/23 14:48:34 INFO storage.MemoryStore: Block broadcast_4_piece205 stored as bytes in memory (estimated size 4.0 MB, free 4.0 GB)
17/03/23 14:48:34 INFO storage.MemoryStore: Block broadcast_4_piece41 stored as bytes in memory (estimated size 4.0 MB, free 4.0 GB)
17/03/23 14:48:34 INFO storage.MemoryStore: Block broadcast_4_piece154 stored as bytes in memory (estimated size 4.0 MB, free 4.0 GB)
17/03/23 14:48:34 INFO storage.MemoryStore: Block broadcast_4_piece156 stored as bytes in memory (estimated size 4.0 MB, free 4.0 GB)
17/03/23 14:48:34 INFO storage.MemoryStore: Block broadcast_4_piece77 stored as bytes in memory (estimated size 4.0 MB, free 4.0 GB)
17/03/23 14:48:34 INFO storage.MemoryStore: Block broadcast_4_piece279 stored as bytes in memory (estimated size 4.0 MB, free 4.0 GB)
17/03/23 14:48:34 INFO storage.MemoryStore: Block broadcast_4_piece330 stored as bytes in memory (estimated size 4.0 MB, free 4.0 GB)
17/03/23 14:48:34 INFO storage.MemoryStore: Block broadcast_4_piece218 stored as bytes in memory (estimated size 4.0 MB, free 4.0 GB)
17/03/23 14:48:34 INFO storage.MemoryStore: Block broadcast_4_piece62 stored as bytes in memory (estimated size 4.0 MB, free 4.0 GB)
17/03/23 14:48:34 INFO storage.MemoryStore: Block broadcast_4_piece250 stored as bytes in memory (estimated size 4.0 MB, free 4.0 GB)
17/03/23 14:48:34 INFO storage.MemoryStore: Block broadcast_4_piece101 stored as bytes in memory (estimated size 4.0 MB, free 4.0 GB)
17/03/23 14:48:34 INFO storage.MemoryStore: Block broadcast_4_piece193 stored as bytes in memory (estimated size 4.0 MB, free 4.0 GB)
17/03/23 14:48:34 INFO storage.MemoryStore: Block broadcast_4_piece49 stored as bytes in memory (estimated size 4.0 MB, free 4.0 GB)
17/03/23 14:48:34 INFO storage.MemoryStore: Block broadcast_4_piece63 stored as bytes in memory (estimated size 4.0 MB, free 4.0 GB)
17/03/23 14:48:34 INFO storage.MemoryStore: Block broadcast_4_piece22 stored as bytes in memory (estimated size 4.0 MB, free 4.0 GB)
17/03/23 14:48:34 INFO storage.MemoryStore: Block broadcast_4_piece302 stored as bytes in memory (estimated size 4.0 MB, free 4.0 GB)
17/03/23 14:48:34 INFO storage.MemoryStore: Block broadcast_4_piece151 stored as bytes in memory (estimated size 4.0 MB, free 4.0 GB)
17/03/23 14:48:34 INFO storage.MemoryStore: Block broadcast_4_piece191 stored as bytes in memory (estimated size 4.0 MB, free 4.0 GB)
17/03/23 14:48:34 INFO storage.MemoryStore: Block broadcast_4_piece70 stored as bytes in memory (estimated size 4.0 MB, free 4.0 GB)
17/03/23 14:48:34 INFO storage.MemoryStore: Block broadcast_4_piece339 stored as bytes in memory (estimated size 4.0 MB, free 4.0 GB)
17/03/23 14:48:34 INFO storage.MemoryStore: Block broadcast_4_piece286 stored as bytes in memory (estimated size 4.0 MB, free 4.1 GB)
17/03/23 14:48:34 INFO storage.MemoryStore: Block broadcast_4_piece137 stored as bytes in memory (estimated size 4.0 MB, free 4.1 GB)
17/03/23 14:48:34 INFO storage.MemoryStore: Block broadcast_4_piece226 stored as bytes in memory (estimated size 4.0 MB, free 4.1 GB)
17/03/23 14:48:34 INFO storage.MemoryStore: Block broadcast_4_piece75 stored as bytes in memory (estimated size 4.0 MB, free 4.1 GB)
17/03/23 14:48:34 INFO storage.MemoryStore: Block broadcast_4_piece199 stored as bytes in memory (estimated size 4.0 MB, free 4.1 GB)
17/03/23 14:48:34 INFO storage.MemoryStore: Block broadcast_4_piece134 stored as bytes in memory (estimated size 4.0 MB, free 4.1 GB)
17/03/23 14:48:34 INFO storage.MemoryStore: Block broadcast_4_piece107 stored as bytes in memory (estimated size 4.0 MB, free 4.1 GB)
17/03/23 14:48:34 INFO storage.MemoryStore: Block broadcast_4_piece16 stored as bytes in memory (estimated size 4.0 MB, free 4.1 GB)
17/03/23 14:48:34 INFO storage.MemoryStore: Block broadcast_4_piece179 stored as bytes in memory (estimated size 4.0 MB, free 4.1 GB)
17/03/23 14:48:34 INFO storage.MemoryStore: Block broadcast_4_piece93 stored as bytes in memory (estimated size 4.0 MB, free 4.1 GB)
17/03/23 14:48:34 INFO storage.MemoryStore: Block broadcast_4_piece319 stored as bytes in memory (estimated size 4.0 MB, free 4.1 GB)
17/03/23 14:48:34 INFO storage.MemoryStore: Block broadcast_4_piece228 stored as bytes in memory (estimated size 4.0 MB, free 4.1 GB)
17/03/23 14:48:34 INFO storage.MemoryStore: Block broadcast_4_piece124 stored as bytes in memory (estimated size 4.0 MB, free 4.1 GB)
17/03/23 14:48:34 INFO storage.MemoryStore: Block broadcast_4_piece46 stored as bytes in memory (estimated size 4.0 MB, free 4.1 GB)
17/03/23 14:48:34 INFO storage.MemoryStore: Block broadcast_4_piece209 stored as bytes in memory (estimated size 4.0 MB, free 4.1 GB)
17/03/23 14:48:34 INFO storage.MemoryStore: Block broadcast_4_piece293 stored as bytes in memory (estimated size 4.0 MB, free 4.1 GB)
17/03/23 14:48:34 INFO broadcast.TorrentBroadcast: Reading broadcast variable 4 took 22880 ms
17/03/23 14:48:47 INFO storage.MemoryStore: Block broadcast_4 stored as values in memory (estimated size 384.0 B, free 4.1 GB)
17/03/23 14:48:50 ERROR executor.CoarseGrainedExecutorBackend: RECEIVED SIGNAL 15: SIGTERM
17/03/23 14:48:50 INFO storage.DiskBlockManager: Shutdown hook called
17/03/23 14:48:50 INFO util.ShutdownHookManager: Shutdown hook called
17/03/23 14:48:50 INFO util.ShutdownHookManager: Deleting directory /opt/hdfs/nodemanager/usercache/curi/appcache/application_1485248649253_0038/spark-0083ce0f-cc75-4205-9631-397e56fddc85
