17/03/23 15:02:27 INFO executor.CoarseGrainedExecutorBackend: Registered signal handlers for [TERM, HUP, INT]
17/03/23 15:02:27 INFO spark.SecurityManager: Changing view acls to: yarn,curi
17/03/23 15:02:27 INFO spark.SecurityManager: Changing modify acls to: yarn,curi
17/03/23 15:02:27 INFO spark.SecurityManager: SecurityManager: authentication disabled; ui acls disabled; users with view permissions: Set(yarn, curi); users with modify permissions: Set(yarn, curi)
17/03/23 15:02:28 INFO spark.SecurityManager: Changing view acls to: yarn,curi
17/03/23 15:02:28 INFO spark.SecurityManager: Changing modify acls to: yarn,curi
17/03/23 15:02:28 INFO spark.SecurityManager: SecurityManager: authentication disabled; ui acls disabled; users with view permissions: Set(yarn, curi); users with modify permissions: Set(yarn, curi)
17/03/23 15:02:29 INFO slf4j.Slf4jLogger: Slf4jLogger started
17/03/23 15:02:29 INFO Remoting: Starting remoting
17/03/23 15:02:29 INFO Remoting: Remoting started; listening on addresses :[akka.tcp://sparkExecutorActorSystem@mesos-slave-13:36928]
17/03/23 15:02:29 INFO util.Utils: Successfully started service 'sparkExecutorActorSystem' on port 36928.
17/03/23 15:02:29 INFO storage.DiskBlockManager: Created local directory at /opt/hdfs/nodemanager/usercache/curi/appcache/application_1485248649253_0039/blockmgr-88b4abdb-82c0-4e63-8d34-970c3649df01
17/03/23 15:02:29 INFO storage.MemoryStore: MemoryStore started with capacity 14.2 GB
17/03/23 15:02:29 INFO executor.CoarseGrainedExecutorBackend: Connecting to driver: spark://CoarseGrainedScheduler@10.10.34.13:41309
17/03/23 15:02:29 INFO executor.CoarseGrainedExecutorBackend: Successfully registered with driver
17/03/23 15:02:29 INFO executor.Executor: Starting executor ID 1 on host mesos-slave-13
17/03/23 15:02:29 INFO util.Utils: Successfully started service 'org.apache.spark.network.netty.NettyBlockTransferService' on port 38456.
17/03/23 15:02:29 INFO netty.NettyBlockTransferService: Server created on 38456
17/03/23 15:02:29 INFO storage.BlockManagerMaster: Trying to register BlockManager
17/03/23 15:02:29 INFO storage.BlockManagerMaster: Registered BlockManager
17/03/23 15:14:20 INFO executor.CoarseGrainedExecutorBackend: Got assigned task 5
17/03/23 15:14:20 INFO executor.Executor: Running task 3.0 in stage 1.0 (TID 5)
17/03/23 15:14:20 INFO executor.CoarseGrainedExecutorBackend: Got assigned task 11
17/03/23 15:14:20 INFO executor.Executor: Running task 9.0 in stage 1.0 (TID 11)
17/03/23 15:14:20 INFO executor.CoarseGrainedExecutorBackend: Got assigned task 17
17/03/23 15:14:20 INFO executor.Executor: Running task 15.0 in stage 1.0 (TID 17)
17/03/23 15:14:20 INFO executor.CoarseGrainedExecutorBackend: Got assigned task 23
17/03/23 15:14:20 INFO executor.Executor: Running task 21.0 in stage 1.0 (TID 23)
17/03/23 15:14:20 INFO executor.CoarseGrainedExecutorBackend: Got assigned task 29
17/03/23 15:14:20 INFO executor.Executor: Running task 27.0 in stage 1.0 (TID 29)
17/03/23 15:14:20 INFO executor.CoarseGrainedExecutorBackend: Got assigned task 35
17/03/23 15:14:20 INFO executor.Executor: Running task 33.0 in stage 1.0 (TID 35)
17/03/23 15:14:20 INFO executor.CoarseGrainedExecutorBackend: Got assigned task 41
17/03/23 15:14:20 INFO executor.Executor: Running task 39.0 in stage 1.0 (TID 41)
17/03/23 15:14:20 INFO executor.CoarseGrainedExecutorBackend: Got assigned task 47
17/03/23 15:14:20 INFO executor.Executor: Running task 45.0 in stage 1.0 (TID 47)
17/03/23 15:14:20 INFO broadcast.TorrentBroadcast: Started reading broadcast variable 7
17/03/23 15:14:21 INFO storage.MemoryStore: Block broadcast_7_piece0 stored as bytes in memory (estimated size 2.8 KB, free 2.8 KB)
17/03/23 15:14:21 INFO broadcast.TorrentBroadcast: Reading broadcast variable 7 took 82 ms
17/03/23 15:14:21 INFO storage.MemoryStore: Block broadcast_7 stored as values in memory (estimated size 4.7 KB, free 7.5 KB)
17/03/23 15:14:22 INFO python.PythonRunner: Times: total = 1603, boot = 1567, init = 5, finish = 31
17/03/23 15:14:22 INFO python.PythonRunner: Times: total = 1606, boot = 1573, init = 2, finish = 31
17/03/23 15:14:22 INFO python.PythonRunner: Times: total = 1608, boot = 1556, init = 11, finish = 41
17/03/23 15:14:22 INFO python.PythonRunner: Times: total = 1609, boot = 1561, init = 6, finish = 42
17/03/23 15:14:22 INFO python.PythonRunner: Times: total = 1609, boot = 1564, init = 3, finish = 42
17/03/23 15:14:22 INFO python.PythonRunner: Times: total = 1611, boot = 1543, init = 24, finish = 44
17/03/23 15:14:22 INFO executor.Executor: Finished task 45.0 in stage 1.0 (TID 47). 1001 bytes result sent to driver
17/03/23 15:14:22 INFO executor.Executor: Finished task 15.0 in stage 1.0 (TID 17). 1001 bytes result sent to driver
17/03/23 15:14:22 INFO executor.Executor: Finished task 21.0 in stage 1.0 (TID 23). 1001 bytes result sent to driver
17/03/23 15:14:22 INFO executor.Executor: Finished task 3.0 in stage 1.0 (TID 5). 1001 bytes result sent to driver
17/03/23 15:14:22 INFO executor.Executor: Finished task 9.0 in stage 1.0 (TID 11). 1001 bytes result sent to driver
17/03/23 15:14:22 INFO executor.Executor: Finished task 33.0 in stage 1.0 (TID 35). 1001 bytes result sent to driver
17/03/23 15:14:22 INFO python.PythonRunner: Times: total = 1630, boot = 1553, init = 14, finish = 63
17/03/23 15:14:22 INFO executor.Executor: Finished task 27.0 in stage 1.0 (TID 29). 1001 bytes result sent to driver
17/03/23 15:14:22 INFO python.PythonRunner: Times: total = 1640, boot = 1549, init = 21, finish = 70
17/03/23 15:14:22 INFO executor.Executor: Finished task 39.0 in stage 1.0 (TID 41). 1001 bytes result sent to driver
17/03/23 15:14:23 INFO executor.CoarseGrainedExecutorBackend: Got assigned task 55
17/03/23 15:14:23 INFO executor.Executor: Running task 5.0 in stage 2.0 (TID 55)
17/03/23 15:14:23 INFO executor.CoarseGrainedExecutorBackend: Got assigned task 61
17/03/23 15:14:23 INFO executor.Executor: Running task 11.0 in stage 2.0 (TID 61)
17/03/23 15:14:23 INFO broadcast.TorrentBroadcast: Started reading broadcast variable 8
17/03/23 15:14:23 INFO executor.CoarseGrainedExecutorBackend: Got assigned task 67
17/03/23 15:14:23 INFO executor.Executor: Running task 17.0 in stage 2.0 (TID 67)
17/03/23 15:14:23 INFO executor.CoarseGrainedExecutorBackend: Got assigned task 73
17/03/23 15:14:23 INFO executor.Executor: Running task 23.0 in stage 2.0 (TID 73)
17/03/23 15:14:23 INFO executor.CoarseGrainedExecutorBackend: Got assigned task 79
17/03/23 15:14:23 INFO executor.Executor: Running task 29.0 in stage 2.0 (TID 79)
17/03/23 15:14:23 INFO executor.CoarseGrainedExecutorBackend: Got assigned task 85
17/03/23 15:14:23 INFO executor.Executor: Running task 35.0 in stage 2.0 (TID 85)
17/03/23 15:14:23 INFO executor.CoarseGrainedExecutorBackend: Got assigned task 91
17/03/23 15:14:23 INFO executor.Executor: Running task 41.0 in stage 2.0 (TID 91)
17/03/23 15:14:23 INFO executor.CoarseGrainedExecutorBackend: Got assigned task 97
17/03/23 15:14:23 INFO executor.Executor: Running task 47.0 in stage 2.0 (TID 97)
17/03/23 15:14:23 INFO storage.MemoryStore: Block broadcast_8_piece0 stored as bytes in memory (estimated size 5.8 KB, free 13.3 KB)
17/03/23 15:14:23 INFO broadcast.TorrentBroadcast: Reading broadcast variable 8 took 83 ms
17/03/23 15:14:23 INFO storage.MemoryStore: Block broadcast_8 stored as values in memory (estimated size 9.2 KB, free 22.5 KB)
17/03/23 15:14:23 INFO broadcast.TorrentBroadcast: Started reading broadcast variable 3
17/03/23 15:14:24 INFO storage.MemoryStore: Block broadcast_3_piece0 stored as bytes in memory (estimated size 95.0 B, free 22.6 KB)
17/03/23 15:14:24 INFO broadcast.TorrentBroadcast: Reading broadcast variable 3 took 48 ms
17/03/23 15:14:24 INFO storage.MemoryStore: Block broadcast_3 stored as values in memory (estimated size 384.0 B, free 23.0 KB)
17/03/23 15:14:24 INFO broadcast.TorrentBroadcast: Started reading broadcast variable 6
17/03/23 15:14:24 INFO storage.MemoryStore: Block broadcast_6_piece282 stored as bytes in memory (estimated size 4.0 MB, free 4.0 MB)
17/03/23 15:14:24 INFO storage.MemoryStore: Block broadcast_6_piece95 stored as bytes in memory (estimated size 4.0 MB, free 8.0 MB)
17/03/23 15:14:24 INFO storage.MemoryStore: Block broadcast_6_piece276 stored as bytes in memory (estimated size 4.0 MB, free 12.0 MB)
17/03/23 15:14:24 INFO storage.MemoryStore: Block broadcast_6_piece199 stored as bytes in memory (estimated size 4.0 MB, free 16.0 MB)
17/03/23 15:14:24 INFO storage.MemoryStore: Block broadcast_6_piece288 stored as bytes in memory (estimated size 4.0 MB, free 20.0 MB)
17/03/23 15:14:24 INFO storage.MemoryStore: Block broadcast_6_piece292 stored as bytes in memory (estimated size 4.0 MB, free 24.0 MB)
17/03/23 15:14:24 INFO storage.MemoryStore: Block broadcast_6_piece20 stored as bytes in memory (estimated size 4.0 MB, free 28.0 MB)
17/03/23 15:14:24 INFO storage.MemoryStore: Block broadcast_6_piece147 stored as bytes in memory (estimated size 4.0 MB, free 32.0 MB)
17/03/23 15:14:24 INFO storage.MemoryStore: Block broadcast_6_piece312 stored as bytes in memory (estimated size 4.0 MB, free 36.0 MB)
17/03/23 15:14:24 INFO storage.MemoryStore: Block broadcast_6_piece51 stored as bytes in memory (estimated size 4.0 MB, free 40.0 MB)
17/03/23 15:14:24 INFO storage.MemoryStore: Block broadcast_6_piece27 stored as bytes in memory (estimated size 4.0 MB, free 44.0 MB)
17/03/23 15:14:24 INFO storage.MemoryStore: Block broadcast_6_piece174 stored as bytes in memory (estimated size 4.0 MB, free 48.0 MB)
17/03/23 15:14:24 INFO storage.MemoryStore: Block broadcast_6_piece185 stored as bytes in memory (estimated size 4.0 MB, free 52.0 MB)
17/03/23 15:14:24 INFO storage.MemoryStore: Block broadcast_6_piece270 stored as bytes in memory (estimated size 4.0 MB, free 56.0 MB)
17/03/23 15:14:24 INFO storage.MemoryStore: Block broadcast_6_piece195 stored as bytes in memory (estimated size 4.0 MB, free 60.0 MB)
17/03/23 15:14:24 INFO storage.MemoryStore: Block broadcast_6_piece154 stored as bytes in memory (estimated size 4.0 MB, free 64.0 MB)
17/03/23 15:14:24 INFO storage.MemoryStore: Block broadcast_6_piece3 stored as bytes in memory (estimated size 4.0 MB, free 68.0 MB)
17/03/23 15:14:24 INFO storage.MemoryStore: Block broadcast_6_piece160 stored as bytes in memory (estimated size 4.0 MB, free 72.0 MB)
17/03/23 15:14:24 INFO storage.MemoryStore: Block broadcast_6_piece175 stored as bytes in memory (estimated size 4.0 MB, free 76.0 MB)
17/03/23 15:14:24 INFO storage.MemoryStore: Block broadcast_6_piece161 stored as bytes in memory (estimated size 4.0 MB, free 80.0 MB)
17/03/23 15:14:24 INFO storage.MemoryStore: Block broadcast_6_piece341 stored as bytes in memory (estimated size 4.0 MB, free 84.0 MB)
17/03/23 15:14:24 INFO storage.MemoryStore: Block broadcast_6_piece322 stored as bytes in memory (estimated size 4.0 MB, free 88.0 MB)
17/03/23 15:14:24 INFO storage.MemoryStore: Block broadcast_6_piece107 stored as bytes in memory (estimated size 4.0 MB, free 92.0 MB)
17/03/23 15:14:24 INFO storage.MemoryStore: Block broadcast_6_piece201 stored as bytes in memory (estimated size 4.0 MB, free 96.0 MB)
17/03/23 15:14:24 INFO storage.MemoryStore: Block broadcast_6_piece108 stored as bytes in memory (estimated size 4.0 MB, free 100.0 MB)
17/03/23 15:14:24 INFO storage.MemoryStore: Block broadcast_6_piece79 stored as bytes in memory (estimated size 4.0 MB, free 104.0 MB)
17/03/23 15:14:24 INFO storage.MemoryStore: Block broadcast_6_piece332 stored as bytes in memory (estimated size 4.0 MB, free 108.0 MB)
17/03/23 15:14:24 INFO storage.MemoryStore: Block broadcast_6_piece194 stored as bytes in memory (estimated size 4.0 MB, free 112.0 MB)
17/03/23 15:14:24 INFO storage.MemoryStore: Block broadcast_6_piece73 stored as bytes in memory (estimated size 4.0 MB, free 116.0 MB)
17/03/23 15:14:24 INFO storage.MemoryStore: Block broadcast_6_piece216 stored as bytes in memory (estimated size 4.0 MB, free 120.0 MB)
17/03/23 15:14:25 INFO storage.MemoryStore: Block broadcast_6_piece253 stored as bytes in memory (estimated size 4.0 MB, free 124.0 MB)
17/03/23 15:14:25 INFO storage.MemoryStore: Block broadcast_6_piece29 stored as bytes in memory (estimated size 4.0 MB, free 128.0 MB)
17/03/23 15:14:25 INFO storage.MemoryStore: Block broadcast_6_piece261 stored as bytes in memory (estimated size 4.0 MB, free 132.0 MB)
17/03/23 15:14:25 INFO storage.MemoryStore: Block broadcast_6_piece302 stored as bytes in memory (estimated size 4.0 MB, free 136.0 MB)
17/03/23 15:14:25 INFO storage.MemoryStore: Block broadcast_6_piece68 stored as bytes in memory (estimated size 4.0 MB, free 140.0 MB)
17/03/23 15:14:25 INFO storage.MemoryStore: Block broadcast_6_piece149 stored as bytes in memory (estimated size 4.0 MB, free 144.0 MB)
17/03/23 15:14:25 INFO storage.MemoryStore: Block broadcast_6_piece49 stored as bytes in memory (estimated size 4.0 MB, free 148.0 MB)
17/03/23 15:14:25 INFO storage.MemoryStore: Block broadcast_6_piece146 stored as bytes in memory (estimated size 4.0 MB, free 152.0 MB)
17/03/23 15:14:25 INFO storage.MemoryStore: Block broadcast_6_piece178 stored as bytes in memory (estimated size 4.0 MB, free 156.0 MB)
17/03/23 15:14:25 INFO storage.MemoryStore: Block broadcast_6_piece243 stored as bytes in memory (estimated size 4.0 MB, free 160.0 MB)
17/03/23 15:14:25 INFO storage.MemoryStore: Block broadcast_6_piece56 stored as bytes in memory (estimated size 4.0 MB, free 164.0 MB)
17/03/23 15:14:25 INFO storage.MemoryStore: Block broadcast_6_piece184 stored as bytes in memory (estimated size 4.0 MB, free 168.0 MB)
17/03/23 15:14:25 INFO storage.MemoryStore: Block broadcast_6_piece237 stored as bytes in memory (estimated size 4.0 MB, free 172.0 MB)
17/03/23 15:14:25 INFO storage.MemoryStore: Block broadcast_6_piece97 stored as bytes in memory (estimated size 4.0 MB, free 176.0 MB)
17/03/23 15:14:25 INFO storage.MemoryStore: Block broadcast_6_piece305 stored as bytes in memory (estimated size 4.0 MB, free 180.0 MB)
17/03/23 15:14:25 INFO storage.MemoryStore: Block broadcast_6_piece249 stored as bytes in memory (estimated size 4.0 MB, free 184.0 MB)
17/03/23 15:14:25 INFO storage.MemoryStore: Block broadcast_6_piece275 stored as bytes in memory (estimated size 4.0 MB, free 188.0 MB)
17/03/23 15:14:25 INFO storage.MemoryStore: Block broadcast_6_piece293 stored as bytes in memory (estimated size 4.0 MB, free 192.0 MB)
17/03/23 15:14:25 INFO storage.MemoryStore: Block broadcast_6_piece310 stored as bytes in memory (estimated size 4.0 MB, free 196.0 MB)
17/03/23 15:14:25 INFO storage.MemoryStore: Block broadcast_6_piece92 stored as bytes in memory (estimated size 4.0 MB, free 200.0 MB)
17/03/23 15:14:25 INFO storage.MemoryStore: Block broadcast_6_piece181 stored as bytes in memory (estimated size 4.0 MB, free 204.0 MB)
17/03/23 15:14:25 INFO storage.MemoryStore: Block broadcast_6_piece205 stored as bytes in memory (estimated size 4.0 MB, free 208.0 MB)
17/03/23 15:14:25 INFO storage.MemoryStore: Block broadcast_6_piece143 stored as bytes in memory (estimated size 4.0 MB, free 212.0 MB)
17/03/23 15:14:25 INFO storage.MemoryStore: Block broadcast_6_piece324 stored as bytes in memory (estimated size 4.0 MB, free 216.0 MB)
17/03/23 15:14:25 INFO storage.MemoryStore: Block broadcast_6_piece140 stored as bytes in memory (estimated size 4.0 MB, free 220.0 MB)
17/03/23 15:14:25 INFO storage.MemoryStore: Block broadcast_6_piece62 stored as bytes in memory (estimated size 4.0 MB, free 224.0 MB)
17/03/23 15:14:25 INFO storage.MemoryStore: Block broadcast_6_piece66 stored as bytes in memory (estimated size 4.0 MB, free 228.0 MB)
17/03/23 15:14:25 INFO storage.MemoryStore: Block broadcast_6_piece4 stored as bytes in memory (estimated size 4.0 MB, free 232.0 MB)
17/03/23 15:14:25 INFO storage.MemoryStore: Block broadcast_6_piece339 stored as bytes in memory (estimated size 4.0 MB, free 236.0 MB)
17/03/23 15:14:25 INFO storage.MemoryStore: Block broadcast_6_piece119 stored as bytes in memory (estimated size 4.0 MB, free 240.0 MB)
17/03/23 15:14:25 INFO storage.MemoryStore: Block broadcast_6_piece2 stored as bytes in memory (estimated size 4.0 MB, free 244.0 MB)
17/03/23 15:14:25 INFO storage.MemoryStore: Block broadcast_6_piece274 stored as bytes in memory (estimated size 4.0 MB, free 248.0 MB)
17/03/23 15:14:25 INFO storage.MemoryStore: Block broadcast_6_piece309 stored as bytes in memory (estimated size 4.0 MB, free 252.0 MB)
17/03/23 15:14:25 INFO storage.MemoryStore: Block broadcast_6_piece57 stored as bytes in memory (estimated size 4.0 MB, free 256.0 MB)
17/03/23 15:14:26 INFO storage.MemoryStore: Block broadcast_6_piece263 stored as bytes in memory (estimated size 4.0 MB, free 260.0 MB)
17/03/23 15:14:26 INFO storage.MemoryStore: Block broadcast_6_piece235 stored as bytes in memory (estimated size 4.0 MB, free 264.0 MB)
17/03/23 15:14:26 INFO storage.MemoryStore: Block broadcast_6_piece167 stored as bytes in memory (estimated size 4.0 MB, free 268.0 MB)
17/03/23 15:14:26 INFO storage.MemoryStore: Block broadcast_6_piece267 stored as bytes in memory (estimated size 4.0 MB, free 272.0 MB)
17/03/23 15:14:26 INFO storage.MemoryStore: Block broadcast_6_piece340 stored as bytes in memory (estimated size 4.0 MB, free 276.0 MB)
17/03/23 15:14:26 INFO storage.MemoryStore: Block broadcast_6_piece115 stored as bytes in memory (estimated size 4.0 MB, free 280.0 MB)
17/03/23 15:14:26 INFO storage.MemoryStore: Block broadcast_6_piece280 stored as bytes in memory (estimated size 4.0 MB, free 284.0 MB)
17/03/23 15:14:26 INFO storage.MemoryStore: Block broadcast_6_piece221 stored as bytes in memory (estimated size 4.0 MB, free 288.0 MB)
17/03/23 15:14:26 INFO storage.MemoryStore: Block broadcast_6_piece279 stored as bytes in memory (estimated size 4.0 MB, free 292.0 MB)
17/03/23 15:14:26 INFO storage.MemoryStore: Block broadcast_6_piece105 stored as bytes in memory (estimated size 4.0 MB, free 296.0 MB)
17/03/23 15:14:26 INFO storage.MemoryStore: Block broadcast_6_piece348 stored as bytes in memory (estimated size 4.0 MB, free 300.0 MB)
17/03/23 15:14:26 INFO storage.MemoryStore: Block broadcast_6_piece236 stored as bytes in memory (estimated size 4.0 MB, free 304.0 MB)
17/03/23 15:14:26 INFO storage.MemoryStore: Block broadcast_6_piece168 stored as bytes in memory (estimated size 4.0 MB, free 308.0 MB)
17/03/23 15:14:26 INFO storage.MemoryStore: Block broadcast_6_piece74 stored as bytes in memory (estimated size 4.0 MB, free 312.0 MB)
17/03/23 15:14:26 INFO storage.MemoryStore: Block broadcast_6_piece103 stored as bytes in memory (estimated size 4.0 MB, free 316.0 MB)
17/03/23 15:14:26 INFO storage.MemoryStore: Block broadcast_6_piece337 stored as bytes in memory (estimated size 4.0 MB, free 320.0 MB)
17/03/23 15:14:26 INFO storage.MemoryStore: Block broadcast_6_piece63 stored as bytes in memory (estimated size 4.0 MB, free 324.0 MB)
17/03/23 15:14:26 INFO storage.MemoryStore: Block broadcast_6_piece47 stored as bytes in memory (estimated size 4.0 MB, free 328.0 MB)
17/03/23 15:14:26 INFO storage.MemoryStore: Block broadcast_6_piece75 stored as bytes in memory (estimated size 4.0 MB, free 332.0 MB)
17/03/23 15:14:26 INFO storage.MemoryStore: Block broadcast_6_piece191 stored as bytes in memory (estimated size 4.0 MB, free 336.0 MB)
17/03/23 15:14:26 INFO storage.MemoryStore: Block broadcast_6_piece183 stored as bytes in memory (estimated size 4.0 MB, free 340.0 MB)
17/03/23 15:14:26 INFO storage.MemoryStore: Block broadcast_6_piece9 stored as bytes in memory (estimated size 4.0 MB, free 344.0 MB)
17/03/23 15:14:26 INFO storage.MemoryStore: Block broadcast_6_piece325 stored as bytes in memory (estimated size 4.0 MB, free 348.0 MB)
17/03/23 15:14:26 INFO storage.MemoryStore: Block broadcast_6_piece19 stored as bytes in memory (estimated size 4.0 MB, free 352.0 MB)
17/03/23 15:14:26 INFO storage.MemoryStore: Block broadcast_6_piece34 stored as bytes in memory (estimated size 4.0 MB, free 356.0 MB)
17/03/23 15:14:26 INFO storage.MemoryStore: Block broadcast_6_piece308 stored as bytes in memory (estimated size 4.0 MB, free 360.0 MB)
17/03/23 15:14:26 INFO storage.MemoryStore: Block broadcast_6_piece171 stored as bytes in memory (estimated size 4.0 MB, free 364.0 MB)
17/03/23 15:14:26 INFO storage.MemoryStore: Block broadcast_6_piece217 stored as bytes in memory (estimated size 4.0 MB, free 368.0 MB)
17/03/23 15:14:26 INFO storage.MemoryStore: Block broadcast_6_piece338 stored as bytes in memory (estimated size 4.0 MB, free 372.0 MB)
17/03/23 15:14:26 INFO storage.MemoryStore: Block broadcast_6_piece42 stored as bytes in memory (estimated size 4.0 MB, free 376.0 MB)
17/03/23 15:14:26 INFO storage.MemoryStore: Block broadcast_6_piece125 stored as bytes in memory (estimated size 4.0 MB, free 380.0 MB)
17/03/23 15:14:26 INFO storage.MemoryStore: Block broadcast_6_piece21 stored as bytes in memory (estimated size 4.0 MB, free 384.0 MB)
17/03/23 15:14:26 INFO storage.MemoryStore: Block broadcast_6_piece233 stored as bytes in memory (estimated size 4.0 MB, free 388.0 MB)
17/03/23 15:14:26 INFO storage.MemoryStore: Block broadcast_6_piece290 stored as bytes in memory (estimated size 4.0 MB, free 392.0 MB)
17/03/23 15:14:26 INFO storage.MemoryStore: Block broadcast_6_piece225 stored as bytes in memory (estimated size 4.0 MB, free 396.0 MB)
17/03/23 15:14:26 INFO storage.MemoryStore: Block broadcast_6_piece7 stored as bytes in memory (estimated size 4.0 MB, free 400.0 MB)
17/03/23 15:14:26 INFO storage.MemoryStore: Block broadcast_6_piece101 stored as bytes in memory (estimated size 4.0 MB, free 404.0 MB)
17/03/23 15:14:26 INFO storage.MemoryStore: Block broadcast_6_piece239 stored as bytes in memory (estimated size 4.0 MB, free 408.0 MB)
17/03/23 15:14:26 INFO storage.MemoryStore: Block broadcast_6_piece172 stored as bytes in memory (estimated size 4.0 MB, free 412.0 MB)
17/03/23 15:14:26 INFO storage.MemoryStore: Block broadcast_6_piece59 stored as bytes in memory (estimated size 4.0 MB, free 416.0 MB)
17/03/23 15:14:27 INFO storage.MemoryStore: Block broadcast_6_piece294 stored as bytes in memory (estimated size 4.0 MB, free 420.0 MB)
17/03/23 15:14:27 INFO storage.MemoryStore: Block broadcast_6_piece248 stored as bytes in memory (estimated size 4.0 MB, free 424.0 MB)
17/03/23 15:14:27 INFO storage.MemoryStore: Block broadcast_6_piece252 stored as bytes in memory (estimated size 4.0 MB, free 428.0 MB)
17/03/23 15:14:27 INFO storage.MemoryStore: Block broadcast_6_piece207 stored as bytes in memory (estimated size 4.0 MB, free 432.0 MB)
17/03/23 15:14:27 INFO storage.MemoryStore: Block broadcast_6_piece303 stored as bytes in memory (estimated size 4.0 MB, free 436.0 MB)
17/03/23 15:14:27 INFO storage.MemoryStore: Block broadcast_6_piece219 stored as bytes in memory (estimated size 4.0 MB, free 440.0 MB)
17/03/23 15:14:27 INFO storage.MemoryStore: Block broadcast_6_piece285 stored as bytes in memory (estimated size 4.0 MB, free 444.0 MB)
17/03/23 15:14:27 INFO storage.MemoryStore: Block broadcast_6_piece83 stored as bytes in memory (estimated size 4.0 MB, free 448.0 MB)
17/03/23 15:14:27 INFO storage.MemoryStore: Block broadcast_6_piece84 stored as bytes in memory (estimated size 4.0 MB, free 452.0 MB)
17/03/23 15:14:27 INFO storage.MemoryStore: Block broadcast_6_piece226 stored as bytes in memory (estimated size 4.0 MB, free 456.0 MB)
17/03/23 15:14:27 INFO storage.MemoryStore: Block broadcast_6_piece214 stored as bytes in memory (estimated size 4.0 MB, free 460.0 MB)
17/03/23 15:14:27 INFO storage.MemoryStore: Block broadcast_6_piece180 stored as bytes in memory (estimated size 4.0 MB, free 464.0 MB)
17/03/23 15:14:27 INFO storage.MemoryStore: Block broadcast_6_piece130 stored as bytes in memory (estimated size 4.0 MB, free 468.0 MB)
17/03/23 15:14:27 INFO storage.MemoryStore: Block broadcast_6_piece109 stored as bytes in memory (estimated size 4.0 MB, free 472.0 MB)
17/03/23 15:14:27 INFO storage.MemoryStore: Block broadcast_6_piece326 stored as bytes in memory (estimated size 4.0 MB, free 476.0 MB)
17/03/23 15:14:27 INFO storage.MemoryStore: Block broadcast_6_piece186 stored as bytes in memory (estimated size 4.0 MB, free 480.0 MB)
17/03/23 15:14:27 INFO storage.MemoryStore: Block broadcast_6_piece264 stored as bytes in memory (estimated size 4.0 MB, free 484.0 MB)
17/03/23 15:14:27 INFO storage.MemoryStore: Block broadcast_6_piece250 stored as bytes in memory (estimated size 4.0 MB, free 488.0 MB)
17/03/23 15:14:27 INFO storage.MemoryStore: Block broadcast_6_piece0 stored as bytes in memory (estimated size 4.0 MB, free 492.0 MB)
17/03/23 15:14:27 INFO storage.MemoryStore: Block broadcast_6_piece156 stored as bytes in memory (estimated size 4.0 MB, free 496.0 MB)
17/03/23 15:14:27 INFO storage.MemoryStore: Block broadcast_6_piece131 stored as bytes in memory (estimated size 4.0 MB, free 500.0 MB)
17/03/23 15:14:27 INFO storage.MemoryStore: Block broadcast_6_piece247 stored as bytes in memory (estimated size 4.0 MB, free 504.0 MB)
17/03/23 15:14:27 INFO storage.MemoryStore: Block broadcast_6_piece24 stored as bytes in memory (estimated size 4.0 MB, free 508.0 MB)
17/03/23 15:14:27 INFO storage.MemoryStore: Block broadcast_6_piece241 stored as bytes in memory (estimated size 4.0 MB, free 512.0 MB)
17/03/23 15:14:27 INFO storage.MemoryStore: Block broadcast_6_piece151 stored as bytes in memory (estimated size 4.0 MB, free 516.0 MB)
17/03/23 15:14:27 INFO storage.MemoryStore: Block broadcast_6_piece124 stored as bytes in memory (estimated size 4.0 MB, free 520.0 MB)
17/03/23 15:14:27 INFO storage.MemoryStore: Block broadcast_6_piece121 stored as bytes in memory (estimated size 4.0 MB, free 524.0 MB)
17/03/23 15:14:27 INFO storage.MemoryStore: Block broadcast_6_piece345 stored as bytes in memory (estimated size 4.0 MB, free 528.0 MB)
17/03/23 15:14:27 INFO storage.MemoryStore: Block broadcast_6_piece126 stored as bytes in memory (estimated size 4.0 MB, free 532.0 MB)
17/03/23 15:14:27 INFO storage.MemoryStore: Block broadcast_6_piece28 stored as bytes in memory (estimated size 4.0 MB, free 536.0 MB)
17/03/23 15:14:27 INFO storage.MemoryStore: Block broadcast_6_piece268 stored as bytes in memory (estimated size 4.0 MB, free 540.0 MB)
17/03/23 15:14:27 INFO storage.MemoryStore: Block broadcast_6_piece132 stored as bytes in memory (estimated size 4.0 MB, free 544.0 MB)
17/03/23 15:14:27 INFO storage.MemoryStore: Block broadcast_6_piece58 stored as bytes in memory (estimated size 4.0 MB, free 548.0 MB)
17/03/23 15:14:27 INFO storage.MemoryStore: Block broadcast_6_piece64 stored as bytes in memory (estimated size 4.0 MB, free 552.0 MB)
17/03/23 15:14:27 INFO storage.MemoryStore: Block broadcast_6_piece218 stored as bytes in memory (estimated size 4.0 MB, free 556.0 MB)
17/03/23 15:14:27 INFO storage.MemoryStore: Block broadcast_6_piece335 stored as bytes in memory (estimated size 4.0 MB, free 560.0 MB)
17/03/23 15:14:27 INFO storage.MemoryStore: Block broadcast_6_piece31 stored as bytes in memory (estimated size 4.0 MB, free 564.0 MB)
17/03/23 15:14:27 INFO storage.MemoryStore: Block broadcast_6_piece17 stored as bytes in memory (estimated size 4.0 MB, free 568.0 MB)
17/03/23 15:14:27 INFO storage.MemoryStore: Block broadcast_6_piece188 stored as bytes in memory (estimated size 4.0 MB, free 572.0 MB)
17/03/23 15:14:27 INFO storage.MemoryStore: Block broadcast_6_piece222 stored as bytes in memory (estimated size 4.0 MB, free 576.0 MB)
17/03/23 15:14:27 INFO storage.MemoryStore: Block broadcast_6_piece72 stored as bytes in memory (estimated size 4.0 MB, free 580.0 MB)
17/03/23 15:14:27 INFO storage.MemoryStore: Block broadcast_6_piece163 stored as bytes in memory (estimated size 4.0 MB, free 584.0 MB)
17/03/23 15:14:27 INFO storage.MemoryStore: Block broadcast_6_piece14 stored as bytes in memory (estimated size 4.0 MB, free 588.0 MB)
17/03/23 15:14:27 INFO storage.MemoryStore: Block broadcast_6_piece231 stored as bytes in memory (estimated size 4.0 MB, free 592.0 MB)
17/03/23 15:14:27 INFO storage.MemoryStore: Block broadcast_6_piece242 stored as bytes in memory (estimated size 4.0 MB, free 596.0 MB)
17/03/23 15:14:27 INFO storage.MemoryStore: Block broadcast_6_piece170 stored as bytes in memory (estimated size 4.0 MB, free 600.0 MB)
17/03/23 15:14:28 INFO storage.MemoryStore: Block broadcast_6_piece258 stored as bytes in memory (estimated size 4.0 MB, free 604.0 MB)
17/03/23 15:14:28 INFO storage.MemoryStore: Block broadcast_6_piece169 stored as bytes in memory (estimated size 4.0 MB, free 608.0 MB)
17/03/23 15:14:28 INFO storage.MemoryStore: Block broadcast_6_piece139 stored as bytes in memory (estimated size 4.0 MB, free 612.0 MB)
17/03/23 15:14:28 INFO storage.MemoryStore: Block broadcast_6_piece15 stored as bytes in memory (estimated size 4.0 MB, free 616.0 MB)
17/03/23 15:14:28 INFO storage.MemoryStore: Block broadcast_6_piece155 stored as bytes in memory (estimated size 4.0 MB, free 620.0 MB)
17/03/23 15:14:28 INFO storage.MemoryStore: Block broadcast_6_piece16 stored as bytes in memory (estimated size 4.0 MB, free 624.0 MB)
17/03/23 15:14:28 INFO storage.MemoryStore: Block broadcast_6_piece193 stored as bytes in memory (estimated size 4.0 MB, free 628.0 MB)
17/03/23 15:14:28 INFO storage.MemoryStore: Block broadcast_6_piece317 stored as bytes in memory (estimated size 4.0 MB, free 632.0 MB)
17/03/23 15:14:28 INFO storage.MemoryStore: Block broadcast_6_piece38 stored as bytes in memory (estimated size 4.0 MB, free 636.0 MB)
17/03/23 15:14:28 INFO storage.MemoryStore: Block broadcast_6_piece283 stored as bytes in memory (estimated size 4.0 MB, free 640.0 MB)
17/03/23 15:14:28 INFO storage.MemoryStore: Block broadcast_6_piece8 stored as bytes in memory (estimated size 4.0 MB, free 644.0 MB)
17/03/23 15:14:28 INFO storage.MemoryStore: Block broadcast_6_piece213 stored as bytes in memory (estimated size 4.0 MB, free 648.0 MB)
17/03/23 15:14:28 INFO storage.MemoryStore: Block broadcast_6_piece1 stored as bytes in memory (estimated size 4.0 MB, free 652.0 MB)
17/03/23 15:14:28 INFO storage.MemoryStore: Block broadcast_6_piece272 stored as bytes in memory (estimated size 4.0 MB, free 656.0 MB)
17/03/23 15:14:28 INFO storage.MemoryStore: Block broadcast_6_piece315 stored as bytes in memory (estimated size 4.0 MB, free 660.0 MB)
17/03/23 15:14:28 INFO storage.MemoryStore: Block broadcast_6_piece145 stored as bytes in memory (estimated size 4.0 MB, free 664.0 MB)
17/03/23 15:14:28 INFO storage.MemoryStore: Block broadcast_6_piece330 stored as bytes in memory (estimated size 4.0 MB, free 668.0 MB)
17/03/23 15:14:28 INFO storage.MemoryStore: Block broadcast_6_piece82 stored as bytes in memory (estimated size 4.0 MB, free 672.0 MB)
17/03/23 15:14:28 INFO storage.MemoryStore: Block broadcast_6_piece118 stored as bytes in memory (estimated size 4.0 MB, free 676.0 MB)
17/03/23 15:14:28 INFO storage.MemoryStore: Block broadcast_6_piece54 stored as bytes in memory (estimated size 4.0 MB, free 680.0 MB)
17/03/23 15:14:28 INFO storage.MemoryStore: Block broadcast_6_piece60 stored as bytes in memory (estimated size 4.0 MB, free 684.0 MB)
17/03/23 15:14:28 INFO storage.MemoryStore: Block broadcast_6_piece281 stored as bytes in memory (estimated size 4.0 MB, free 688.0 MB)
17/03/23 15:14:28 INFO storage.MemoryStore: Block broadcast_6_piece120 stored as bytes in memory (estimated size 4.0 MB, free 692.0 MB)
17/03/23 15:14:28 INFO storage.MemoryStore: Block broadcast_6_piece112 stored as bytes in memory (estimated size 4.0 MB, free 696.0 MB)
17/03/23 15:14:28 INFO storage.MemoryStore: Block broadcast_6_piece196 stored as bytes in memory (estimated size 4.0 MB, free 700.0 MB)
17/03/23 15:14:28 INFO storage.MemoryStore: Block broadcast_6_piece91 stored as bytes in memory (estimated size 4.0 MB, free 704.0 MB)
17/03/23 15:14:28 INFO storage.MemoryStore: Block broadcast_6_piece190 stored as bytes in memory (estimated size 4.0 MB, free 708.0 MB)
17/03/23 15:14:28 INFO storage.MemoryStore: Block broadcast_6_piece234 stored as bytes in memory (estimated size 4.0 MB, free 712.0 MB)
17/03/23 15:14:28 INFO storage.MemoryStore: Block broadcast_6_piece336 stored as bytes in memory (estimated size 4.0 MB, free 716.0 MB)
17/03/23 15:14:28 INFO storage.MemoryStore: Block broadcast_6_piece192 stored as bytes in memory (estimated size 4.0 MB, free 720.0 MB)
17/03/23 15:14:28 INFO storage.MemoryStore: Block broadcast_6_piece99 stored as bytes in memory (estimated size 4.0 MB, free 724.0 MB)
17/03/23 15:14:28 INFO storage.MemoryStore: Block broadcast_6_piece298 stored as bytes in memory (estimated size 4.0 MB, free 728.0 MB)
17/03/23 15:14:28 INFO storage.MemoryStore: Block broadcast_6_piece137 stored as bytes in memory (estimated size 4.0 MB, free 732.0 MB)
17/03/23 15:14:28 INFO storage.MemoryStore: Block broadcast_6_piece39 stored as bytes in memory (estimated size 4.0 MB, free 736.0 MB)
17/03/23 15:14:28 INFO storage.MemoryStore: Block broadcast_6_piece176 stored as bytes in memory (estimated size 4.0 MB, free 740.0 MB)
17/03/23 15:14:28 INFO storage.MemoryStore: Block broadcast_6_piece311 stored as bytes in memory (estimated size 4.0 MB, free 744.0 MB)
17/03/23 15:14:28 INFO storage.MemoryStore: Block broadcast_6_piece30 stored as bytes in memory (estimated size 4.0 MB, free 748.0 MB)
17/03/23 15:14:28 INFO storage.MemoryStore: Block broadcast_6_piece333 stored as bytes in memory (estimated size 4.0 MB, free 752.0 MB)
17/03/23 15:14:28 INFO storage.MemoryStore: Block broadcast_6_piece212 stored as bytes in memory (estimated size 4.0 MB, free 756.0 MB)
17/03/23 15:14:28 INFO storage.MemoryStore: Block broadcast_6_piece53 stored as bytes in memory (estimated size 4.0 MB, free 760.0 MB)
17/03/23 15:14:29 INFO storage.MemoryStore: Block broadcast_6_piece46 stored as bytes in memory (estimated size 4.0 MB, free 764.0 MB)
17/03/23 15:14:29 INFO storage.MemoryStore: Block broadcast_6_piece295 stored as bytes in memory (estimated size 4.0 MB, free 768.0 MB)
17/03/23 15:14:29 INFO storage.MemoryStore: Block broadcast_6_piece22 stored as bytes in memory (estimated size 4.0 MB, free 772.0 MB)
17/03/23 15:14:29 INFO storage.MemoryStore: Block broadcast_6_piece346 stored as bytes in memory (estimated size 4.0 MB, free 776.0 MB)
17/03/23 15:14:29 INFO storage.MemoryStore: Block broadcast_6_piece240 stored as bytes in memory (estimated size 4.0 MB, free 780.0 MB)
17/03/23 15:14:29 INFO storage.MemoryStore: Block broadcast_6_piece133 stored as bytes in memory (estimated size 4.0 MB, free 784.0 MB)
17/03/23 15:14:29 INFO storage.MemoryStore: Block broadcast_6_piece208 stored as bytes in memory (estimated size 4.0 MB, free 788.0 MB)
17/03/23 15:14:29 INFO storage.MemoryStore: Block broadcast_6_piece289 stored as bytes in memory (estimated size 4.0 MB, free 792.0 MB)
17/03/23 15:14:29 INFO storage.MemoryStore: Block broadcast_6_piece223 stored as bytes in memory (estimated size 4.0 MB, free 796.0 MB)
17/03/23 15:14:29 INFO storage.MemoryStore: Block broadcast_6_piece232 stored as bytes in memory (estimated size 4.0 MB, free 800.0 MB)
17/03/23 15:14:29 INFO storage.MemoryStore: Block broadcast_6_piece65 stored as bytes in memory (estimated size 4.0 MB, free 804.0 MB)
17/03/23 15:14:29 INFO storage.MemoryStore: Block broadcast_6_piece104 stored as bytes in memory (estimated size 4.0 MB, free 808.0 MB)
17/03/23 15:14:29 INFO storage.MemoryStore: Block broadcast_6_piece25 stored as bytes in memory (estimated size 4.0 MB, free 812.0 MB)
17/03/23 15:14:29 INFO storage.MemoryStore: Block broadcast_6_piece89 stored as bytes in memory (estimated size 4.0 MB, free 816.0 MB)
17/03/23 15:14:29 INFO storage.MemoryStore: Block broadcast_6_piece142 stored as bytes in memory (estimated size 4.0 MB, free 820.0 MB)
17/03/23 15:14:29 INFO storage.MemoryStore: Block broadcast_6_piece100 stored as bytes in memory (estimated size 4.0 MB, free 824.0 MB)
17/03/23 15:14:29 INFO storage.MemoryStore: Block broadcast_6_piece45 stored as bytes in memory (estimated size 4.0 MB, free 828.0 MB)
17/03/23 15:14:29 INFO storage.MemoryStore: Block broadcast_6_piece35 stored as bytes in memory (estimated size 4.0 MB, free 832.0 MB)
17/03/23 15:14:29 INFO storage.MemoryStore: Block broadcast_6_piece202 stored as bytes in memory (estimated size 4.0 MB, free 836.0 MB)
17/03/23 15:14:29 INFO storage.MemoryStore: Block broadcast_6_piece76 stored as bytes in memory (estimated size 4.0 MB, free 840.0 MB)
17/03/23 15:14:29 INFO storage.MemoryStore: Block broadcast_6_piece33 stored as bytes in memory (estimated size 4.0 MB, free 844.0 MB)
17/03/23 15:14:29 INFO storage.MemoryStore: Block broadcast_6_piece277 stored as bytes in memory (estimated size 4.0 MB, free 848.0 MB)
17/03/23 15:14:29 INFO storage.MemoryStore: Block broadcast_6_piece304 stored as bytes in memory (estimated size 4.0 MB, free 852.0 MB)
17/03/23 15:14:29 INFO storage.MemoryStore: Block broadcast_6_piece61 stored as bytes in memory (estimated size 4.0 MB, free 856.0 MB)
17/03/23 15:14:29 INFO storage.MemoryStore: Block broadcast_6_piece52 stored as bytes in memory (estimated size 4.0 MB, free 860.0 MB)
17/03/23 15:14:29 INFO storage.MemoryStore: Block broadcast_6_piece94 stored as bytes in memory (estimated size 4.0 MB, free 864.0 MB)
17/03/23 15:14:29 INFO storage.MemoryStore: Block broadcast_6_piece220 stored as bytes in memory (estimated size 4.0 MB, free 868.0 MB)
17/03/23 15:14:29 INFO storage.MemoryStore: Block broadcast_6_piece88 stored as bytes in memory (estimated size 4.0 MB, free 872.0 MB)
17/03/23 15:14:29 INFO storage.MemoryStore: Block broadcast_6_piece23 stored as bytes in memory (estimated size 4.0 MB, free 876.0 MB)
17/03/23 15:14:29 INFO storage.MemoryStore: Block broadcast_6_piece48 stored as bytes in memory (estimated size 4.0 MB, free 880.0 MB)
17/03/23 15:14:29 INFO storage.MemoryStore: Block broadcast_6_piece102 stored as bytes in memory (estimated size 4.0 MB, free 884.0 MB)
17/03/23 15:14:29 INFO storage.MemoryStore: Block broadcast_6_piece182 stored as bytes in memory (estimated size 4.0 MB, free 888.0 MB)
17/03/23 15:14:29 INFO storage.MemoryStore: Block broadcast_6_piece313 stored as bytes in memory (estimated size 4.0 MB, free 892.0 MB)
17/03/23 15:14:29 INFO storage.MemoryStore: Block broadcast_6_piece80 stored as bytes in memory (estimated size 4.0 MB, free 896.0 MB)
17/03/23 15:14:29 INFO storage.MemoryStore: Block broadcast_6_piece77 stored as bytes in memory (estimated size 4.0 MB, free 900.0 MB)
17/03/23 15:14:29 INFO storage.MemoryStore: Block broadcast_6_piece266 stored as bytes in memory (estimated size 4.0 MB, free 904.0 MB)
17/03/23 15:14:29 INFO storage.MemoryStore: Block broadcast_6_piece224 stored as bytes in memory (estimated size 4.0 MB, free 908.0 MB)
17/03/23 15:14:29 INFO storage.MemoryStore: Block broadcast_6_piece43 stored as bytes in memory (estimated size 4.0 MB, free 912.0 MB)
17/03/23 15:14:29 INFO storage.MemoryStore: Block broadcast_6_piece6 stored as bytes in memory (estimated size 4.0 MB, free 916.0 MB)
17/03/23 15:14:29 INFO storage.MemoryStore: Block broadcast_6_piece227 stored as bytes in memory (estimated size 4.0 MB, free 920.0 MB)
17/03/23 15:14:29 INFO storage.MemoryStore: Block broadcast_6_piece13 stored as bytes in memory (estimated size 4.0 MB, free 924.0 MB)
17/03/23 15:14:29 INFO storage.MemoryStore: Block broadcast_6_piece319 stored as bytes in memory (estimated size 4.0 MB, free 928.0 MB)
17/03/23 15:14:29 INFO storage.MemoryStore: Block broadcast_6_piece349 stored as bytes in memory (estimated size 4.0 MB, free 932.0 MB)
17/03/23 15:14:29 INFO storage.MemoryStore: Block broadcast_6_piece32 stored as bytes in memory (estimated size 4.0 MB, free 936.0 MB)
17/03/23 15:14:29 INFO storage.MemoryStore: Block broadcast_6_piece245 stored as bytes in memory (estimated size 4.0 MB, free 940.0 MB)
17/03/23 15:14:29 INFO storage.MemoryStore: Block broadcast_6_piece166 stored as bytes in memory (estimated size 4.0 MB, free 944.0 MB)
17/03/23 15:14:29 INFO storage.MemoryStore: Block broadcast_6_piece141 stored as bytes in memory (estimated size 4.0 MB, free 948.0 MB)
17/03/23 15:14:30 INFO storage.MemoryStore: Block broadcast_6_piece284 stored as bytes in memory (estimated size 4.0 MB, free 952.0 MB)
17/03/23 15:14:30 INFO storage.MemoryStore: Block broadcast_6_piece244 stored as bytes in memory (estimated size 4.0 MB, free 956.0 MB)
17/03/23 15:14:30 INFO storage.MemoryStore: Block broadcast_6_piece173 stored as bytes in memory (estimated size 4.0 MB, free 960.0 MB)
17/03/23 15:14:30 INFO storage.MemoryStore: Block broadcast_6_piece301 stored as bytes in memory (estimated size 4.0 MB, free 964.0 MB)
17/03/23 15:14:30 INFO storage.MemoryStore: Block broadcast_6_piece197 stored as bytes in memory (estimated size 4.0 MB, free 968.0 MB)
17/03/23 15:14:30 INFO storage.MemoryStore: Block broadcast_6_piece93 stored as bytes in memory (estimated size 4.0 MB, free 972.0 MB)
17/03/23 15:14:30 INFO storage.MemoryStore: Block broadcast_6_piece254 stored as bytes in memory (estimated size 4.0 MB, free 976.0 MB)
17/03/23 15:14:30 INFO storage.MemoryStore: Block broadcast_6_piece110 stored as bytes in memory (estimated size 4.0 MB, free 980.0 MB)
17/03/23 15:14:30 INFO storage.MemoryStore: Block broadcast_6_piece327 stored as bytes in memory (estimated size 4.0 MB, free 984.0 MB)
17/03/23 15:14:30 INFO storage.MemoryStore: Block broadcast_6_piece162 stored as bytes in memory (estimated size 4.0 MB, free 988.0 MB)
17/03/23 15:14:30 INFO storage.MemoryStore: Block broadcast_6_piece158 stored as bytes in memory (estimated size 4.0 MB, free 992.0 MB)
17/03/23 15:14:30 INFO storage.MemoryStore: Block broadcast_6_piece344 stored as bytes in memory (estimated size 4.0 MB, free 996.0 MB)
17/03/23 15:14:30 INFO storage.MemoryStore: Block broadcast_6_piece238 stored as bytes in memory (estimated size 4.0 MB, free 1000.0 MB)
17/03/23 15:14:30 INFO storage.MemoryStore: Block broadcast_6_piece150 stored as bytes in memory (estimated size 4.0 MB, free 1004.0 MB)
17/03/23 15:14:30 INFO storage.MemoryStore: Block broadcast_6_piece246 stored as bytes in memory (estimated size 4.0 MB, free 1008.0 MB)
17/03/23 15:14:30 INFO storage.MemoryStore: Block broadcast_6_piece307 stored as bytes in memory (estimated size 4.0 MB, free 1012.0 MB)
17/03/23 15:14:30 INFO storage.MemoryStore: Block broadcast_6_piece134 stored as bytes in memory (estimated size 4.0 MB, free 1016.0 MB)
17/03/23 15:14:30 INFO storage.MemoryStore: Block broadcast_6_piece260 stored as bytes in memory (estimated size 4.0 MB, free 1020.0 MB)
17/03/23 15:14:30 INFO storage.MemoryStore: Block broadcast_6_piece153 stored as bytes in memory (estimated size 4.0 MB, free 1024.0 MB)
17/03/23 15:14:30 INFO storage.MemoryStore: Block broadcast_6_piece40 stored as bytes in memory (estimated size 4.0 MB, free 1028.0 MB)
17/03/23 15:14:30 INFO storage.MemoryStore: Block broadcast_6_piece343 stored as bytes in memory (estimated size 4.0 MB, free 1032.0 MB)
17/03/23 15:14:30 INFO storage.MemoryStore: Block broadcast_6_piece262 stored as bytes in memory (estimated size 4.0 MB, free 1036.0 MB)
17/03/23 15:14:30 INFO storage.MemoryStore: Block broadcast_6_piece12 stored as bytes in memory (estimated size 4.0 MB, free 1040.0 MB)
17/03/23 15:14:30 INFO storage.MemoryStore: Block broadcast_6_piece286 stored as bytes in memory (estimated size 4.0 MB, free 1044.0 MB)
17/03/23 15:14:30 INFO storage.MemoryStore: Block broadcast_6_piece259 stored as bytes in memory (estimated size 4.0 MB, free 1048.0 MB)
17/03/23 15:14:30 INFO storage.MemoryStore: Block broadcast_6_piece229 stored as bytes in memory (estimated size 4.0 MB, free 1052.0 MB)
17/03/23 15:14:30 INFO storage.MemoryStore: Block broadcast_6_piece117 stored as bytes in memory (estimated size 4.0 MB, free 1056.0 MB)
17/03/23 15:14:30 INFO storage.MemoryStore: Block broadcast_6_piece81 stored as bytes in memory (estimated size 4.0 MB, free 1060.0 MB)
17/03/23 15:14:30 INFO storage.MemoryStore: Block broadcast_6_piece228 stored as bytes in memory (estimated size 4.0 MB, free 1064.0 MB)
17/03/23 15:14:30 INFO storage.MemoryStore: Block broadcast_6_piece129 stored as bytes in memory (estimated size 4.0 MB, free 1068.0 MB)
17/03/23 15:14:30 INFO storage.MemoryStore: Block broadcast_6_piece41 stored as bytes in memory (estimated size 4.0 MB, free 1072.0 MB)
17/03/23 15:14:30 INFO storage.MemoryStore: Block broadcast_6_piece10 stored as bytes in memory (estimated size 4.0 MB, free 1076.0 MB)
17/03/23 15:14:30 INFO storage.MemoryStore: Block broadcast_6_piece98 stored as bytes in memory (estimated size 4.0 MB, free 1080.0 MB)
17/03/23 15:14:30 INFO storage.MemoryStore: Block broadcast_6_piece257 stored as bytes in memory (estimated size 4.0 MB, free 1084.0 MB)
17/03/23 15:14:30 INFO storage.MemoryStore: Block broadcast_6_piece85 stored as bytes in memory (estimated size 4.0 MB, free 1088.0 MB)
17/03/23 15:14:30 INFO storage.MemoryStore: Block broadcast_6_piece11 stored as bytes in memory (estimated size 4.0 MB, free 1092.0 MB)
17/03/23 15:14:30 INFO storage.MemoryStore: Block broadcast_6_piece44 stored as bytes in memory (estimated size 4.0 MB, free 1096.0 MB)
17/03/23 15:14:30 INFO storage.MemoryStore: Block broadcast_6_piece106 stored as bytes in memory (estimated size 4.0 MB, free 1100.0 MB)
17/03/23 15:14:30 INFO storage.MemoryStore: Block broadcast_6_piece122 stored as bytes in memory (estimated size 4.0 MB, free 1104.0 MB)
17/03/23 15:14:30 INFO storage.MemoryStore: Block broadcast_6_piece251 stored as bytes in memory (estimated size 4.0 MB, free 1108.0 MB)
17/03/23 15:14:30 INFO storage.MemoryStore: Block broadcast_6_piece128 stored as bytes in memory (estimated size 4.0 MB, free 1112.0 MB)
17/03/23 15:14:30 INFO storage.MemoryStore: Block broadcast_6_piece5 stored as bytes in memory (estimated size 4.0 MB, free 1116.0 MB)
17/03/23 15:14:30 INFO storage.MemoryStore: Block broadcast_6_piece203 stored as bytes in memory (estimated size 4.0 MB, free 1120.0 MB)
17/03/23 15:14:30 INFO storage.MemoryStore: Block broadcast_6_piece96 stored as bytes in memory (estimated size 4.0 MB, free 1124.0 MB)
17/03/23 15:14:30 INFO storage.MemoryStore: Block broadcast_6_piece318 stored as bytes in memory (estimated size 4.0 MB, free 1128.0 MB)
17/03/23 15:14:31 INFO storage.MemoryStore: Block broadcast_6_piece316 stored as bytes in memory (estimated size 4.0 MB, free 1132.0 MB)
17/03/23 15:14:31 INFO storage.MemoryStore: Block broadcast_6_piece50 stored as bytes in memory (estimated size 4.0 MB, free 1136.0 MB)
17/03/23 15:14:31 INFO storage.MemoryStore: Block broadcast_6_piece200 stored as bytes in memory (estimated size 4.0 MB, free 1140.0 MB)
17/03/23 15:14:31 INFO storage.MemoryStore: Block broadcast_6_piece78 stored as bytes in memory (estimated size 4.0 MB, free 1144.0 MB)
17/03/23 15:14:31 INFO storage.MemoryStore: Block broadcast_6_piece256 stored as bytes in memory (estimated size 4.0 MB, free 1148.0 MB)
17/03/23 15:14:31 INFO storage.MemoryStore: Block broadcast_6_piece300 stored as bytes in memory (estimated size 4.0 MB, free 1152.0 MB)
17/03/23 15:14:31 INFO storage.MemoryStore: Block broadcast_6_piece36 stored as bytes in memory (estimated size 4.0 MB, free 1156.0 MB)
17/03/23 15:14:31 INFO storage.MemoryStore: Block broadcast_6_piece215 stored as bytes in memory (estimated size 4.0 MB, free 1160.0 MB)
17/03/23 15:14:31 INFO storage.MemoryStore: Block broadcast_6_piece152 stored as bytes in memory (estimated size 4.0 MB, free 1164.0 MB)
17/03/23 15:14:31 INFO storage.MemoryStore: Block broadcast_6_piece269 stored as bytes in memory (estimated size 4.0 MB, free 1168.0 MB)
17/03/23 15:14:31 INFO storage.MemoryStore: Block broadcast_6_piece211 stored as bytes in memory (estimated size 4.0 MB, free 1172.0 MB)
17/03/23 15:14:31 INFO storage.MemoryStore: Block broadcast_6_piece323 stored as bytes in memory (estimated size 4.0 MB, free 1176.0 MB)
17/03/23 15:14:31 INFO storage.MemoryStore: Block broadcast_6_piece230 stored as bytes in memory (estimated size 4.0 MB, free 1180.0 MB)
17/03/23 15:14:31 INFO storage.MemoryStore: Block broadcast_6_piece159 stored as bytes in memory (estimated size 4.0 MB, free 1184.0 MB)
17/03/23 15:14:31 INFO storage.MemoryStore: Block broadcast_6_piece123 stored as bytes in memory (estimated size 4.0 MB, free 1188.0 MB)
17/03/23 15:14:31 INFO storage.MemoryStore: Block broadcast_6_piece314 stored as bytes in memory (estimated size 4.0 MB, free 1192.0 MB)
17/03/23 15:14:31 INFO storage.MemoryStore: Block broadcast_6_piece113 stored as bytes in memory (estimated size 4.0 MB, free 1196.0 MB)
17/03/23 15:14:31 INFO storage.MemoryStore: Block broadcast_6_piece296 stored as bytes in memory (estimated size 4.0 MB, free 1200.0 MB)
17/03/23 15:14:31 INFO storage.MemoryStore: Block broadcast_6_piece342 stored as bytes in memory (estimated size 4.0 MB, free 1204.0 MB)
17/03/23 15:14:31 INFO storage.MemoryStore: Block broadcast_6_piece135 stored as bytes in memory (estimated size 4.0 MB, free 1208.0 MB)
17/03/23 15:14:31 INFO storage.MemoryStore: Block broadcast_6_piece164 stored as bytes in memory (estimated size 4.0 MB, free 1212.0 MB)
17/03/23 15:14:31 INFO storage.MemoryStore: Block broadcast_6_piece136 stored as bytes in memory (estimated size 4.0 MB, free 1216.0 MB)
17/03/23 15:14:31 INFO storage.MemoryStore: Block broadcast_6_piece114 stored as bytes in memory (estimated size 4.0 MB, free 1220.0 MB)
17/03/23 15:14:31 INFO storage.MemoryStore: Block broadcast_6_piece287 stored as bytes in memory (estimated size 4.0 MB, free 1224.0 MB)
17/03/23 15:14:31 INFO storage.MemoryStore: Block broadcast_6_piece69 stored as bytes in memory (estimated size 4.0 MB, free 1228.0 MB)
17/03/23 15:14:31 INFO storage.MemoryStore: Block broadcast_6_piece297 stored as bytes in memory (estimated size 4.0 MB, free 1232.0 MB)
17/03/23 15:14:31 INFO storage.MemoryStore: Block broadcast_6_piece18 stored as bytes in memory (estimated size 4.0 MB, free 1236.0 MB)
17/03/23 15:14:31 INFO storage.MemoryStore: Block broadcast_6_piece111 stored as bytes in memory (estimated size 4.0 MB, free 1240.0 MB)
17/03/23 15:14:31 INFO storage.MemoryStore: Block broadcast_6_piece187 stored as bytes in memory (estimated size 4.0 MB, free 1244.0 MB)
17/03/23 15:14:31 INFO storage.MemoryStore: Block broadcast_6_piece209 stored as bytes in memory (estimated size 4.0 MB, free 1248.0 MB)
17/03/23 15:14:31 INFO storage.MemoryStore: Block broadcast_6_piece204 stored as bytes in memory (estimated size 4.0 MB, free 1252.0 MB)
17/03/23 15:14:31 INFO storage.MemoryStore: Block broadcast_6_piece90 stored as bytes in memory (estimated size 4.0 MB, free 1256.0 MB)
17/03/23 15:14:31 INFO storage.MemoryStore: Block broadcast_6_piece206 stored as bytes in memory (estimated size 4.0 MB, free 1260.0 MB)
17/03/23 15:14:31 INFO storage.MemoryStore: Block broadcast_6_piece26 stored as bytes in memory (estimated size 4.0 MB, free 1264.0 MB)
17/03/23 15:14:31 INFO storage.MemoryStore: Block broadcast_6_piece331 stored as bytes in memory (estimated size 4.0 MB, free 1268.0 MB)
17/03/23 15:14:31 INFO storage.MemoryStore: Block broadcast_6_piece179 stored as bytes in memory (estimated size 4.0 MB, free 1272.0 MB)
17/03/23 15:14:31 INFO storage.MemoryStore: Block broadcast_6_piece67 stored as bytes in memory (estimated size 4.0 MB, free 1276.0 MB)
17/03/23 15:14:31 INFO storage.MemoryStore: Block broadcast_6_piece350 stored as bytes in memory (estimated size 2.7 MB, free 1278.7 MB)
17/03/23 15:14:31 INFO storage.MemoryStore: Block broadcast_6_piece189 stored as bytes in memory (estimated size 4.0 MB, free 1282.7 MB)
17/03/23 15:14:31 INFO storage.MemoryStore: Block broadcast_6_piece328 stored as bytes in memory (estimated size 4.0 MB, free 1286.7 MB)
17/03/23 15:14:31 INFO storage.MemoryStore: Block broadcast_6_piece37 stored as bytes in memory (estimated size 4.0 MB, free 1290.7 MB)
17/03/23 15:14:31 INFO storage.MemoryStore: Block broadcast_6_piece198 stored as bytes in memory (estimated size 4.0 MB, free 1294.7 MB)
17/03/23 15:14:31 INFO storage.MemoryStore: Block broadcast_6_piece306 stored as bytes in memory (estimated size 4.0 MB, free 1298.7 MB)
17/03/23 15:14:31 INFO storage.MemoryStore: Block broadcast_6_piece87 stored as bytes in memory (estimated size 4.0 MB, free 1302.7 MB)
17/03/23 15:14:31 INFO storage.MemoryStore: Block broadcast_6_piece138 stored as bytes in memory (estimated size 4.0 MB, free 1306.7 MB)
17/03/23 15:14:31 INFO storage.MemoryStore: Block broadcast_6_piece177 stored as bytes in memory (estimated size 4.0 MB, free 1310.7 MB)
17/03/23 15:14:32 INFO storage.MemoryStore: Block broadcast_6_piece299 stored as bytes in memory (estimated size 4.0 MB, free 1314.7 MB)
17/03/23 15:14:32 INFO storage.MemoryStore: Block broadcast_6_piece116 stored as bytes in memory (estimated size 4.0 MB, free 1318.7 MB)
17/03/23 15:14:32 INFO storage.MemoryStore: Block broadcast_6_piece157 stored as bytes in memory (estimated size 4.0 MB, free 1322.7 MB)
17/03/23 15:14:32 INFO storage.MemoryStore: Block broadcast_6_piece273 stored as bytes in memory (estimated size 4.0 MB, free 1326.7 MB)
17/03/23 15:14:32 INFO storage.MemoryStore: Block broadcast_6_piece55 stored as bytes in memory (estimated size 4.0 MB, free 1330.7 MB)
17/03/23 15:14:32 INFO storage.MemoryStore: Block broadcast_6_piece291 stored as bytes in memory (estimated size 4.0 MB, free 1334.7 MB)
17/03/23 15:14:32 INFO storage.MemoryStore: Block broadcast_6_piece320 stored as bytes in memory (estimated size 4.0 MB, free 1338.7 MB)
17/03/23 15:14:32 INFO storage.MemoryStore: Block broadcast_6_piece321 stored as bytes in memory (estimated size 4.0 MB, free 1342.7 MB)
17/03/23 15:14:32 INFO storage.MemoryStore: Block broadcast_6_piece71 stored as bytes in memory (estimated size 4.0 MB, free 1346.7 MB)
17/03/23 15:14:32 INFO storage.MemoryStore: Block broadcast_6_piece148 stored as bytes in memory (estimated size 4.0 MB, free 1350.7 MB)
17/03/23 15:14:32 INFO storage.MemoryStore: Block broadcast_6_piece127 stored as bytes in memory (estimated size 4.0 MB, free 1354.7 MB)
17/03/23 15:14:32 INFO storage.MemoryStore: Block broadcast_6_piece210 stored as bytes in memory (estimated size 4.0 MB, free 1358.7 MB)
17/03/23 15:14:32 INFO storage.MemoryStore: Block broadcast_6_piece347 stored as bytes in memory (estimated size 4.0 MB, free 1362.7 MB)
17/03/23 15:14:32 INFO storage.MemoryStore: Block broadcast_6_piece329 stored as bytes in memory (estimated size 4.0 MB, free 1366.7 MB)
17/03/23 15:14:32 INFO storage.MemoryStore: Block broadcast_6_piece271 stored as bytes in memory (estimated size 4.0 MB, free 1370.7 MB)
17/03/23 15:14:32 INFO storage.MemoryStore: Block broadcast_6_piece165 stored as bytes in memory (estimated size 4.0 MB, free 1374.7 MB)
17/03/23 15:14:32 INFO storage.MemoryStore: Block broadcast_6_piece265 stored as bytes in memory (estimated size 4.0 MB, free 1378.7 MB)
17/03/23 15:14:32 INFO storage.MemoryStore: Block broadcast_6_piece334 stored as bytes in memory (estimated size 4.0 MB, free 1382.7 MB)
17/03/23 15:14:32 INFO storage.MemoryStore: Block broadcast_6_piece144 stored as bytes in memory (estimated size 4.0 MB, free 1386.7 MB)
17/03/23 15:14:32 INFO storage.MemoryStore: Block broadcast_6_piece255 stored as bytes in memory (estimated size 4.0 MB, free 1390.7 MB)
17/03/23 15:14:32 INFO storage.MemoryStore: Block broadcast_6_piece278 stored as bytes in memory (estimated size 4.0 MB, free 1394.7 MB)
17/03/23 15:14:32 INFO storage.MemoryStore: Block broadcast_6_piece70 stored as bytes in memory (estimated size 4.0 MB, free 1398.7 MB)
17/03/23 15:14:32 INFO storage.MemoryStore: Block broadcast_6_piece86 stored as bytes in memory (estimated size 4.0 MB, free 1402.7 MB)
17/03/23 15:14:32 INFO broadcast.TorrentBroadcast: Reading broadcast variable 6 took 8466 ms
17/03/23 15:14:50 INFO storage.MemoryStore: Block broadcast_6 stored as values in memory (estimated size 384.0 B, free 1402.7 MB)
17/03/23 15:14:50 INFO broadcast.TorrentBroadcast: Started reading broadcast variable 5
17/03/23 15:14:50 INFO storage.MemoryStore: Block broadcast_5_piece125 stored as bytes in memory (estimated size 4.0 MB, free 1406.7 MB)
17/03/23 15:14:50 INFO storage.MemoryStore: Block broadcast_5_piece35 stored as bytes in memory (estimated size 4.0 MB, free 1410.7 MB)
17/03/23 15:14:50 INFO storage.MemoryStore: Block broadcast_5_piece254 stored as bytes in memory (estimated size 4.0 MB, free 1414.7 MB)
17/03/23 15:14:50 INFO storage.MemoryStore: Block broadcast_5_piece133 stored as bytes in memory (estimated size 4.0 MB, free 1418.7 MB)
17/03/23 15:14:50 INFO storage.MemoryStore: Block broadcast_5_piece306 stored as bytes in memory (estimated size 4.0 MB, free 1422.7 MB)
17/03/23 15:14:50 INFO storage.MemoryStore: Block broadcast_5_piece67 stored as bytes in memory (estimated size 4.0 MB, free 1426.7 MB)
17/03/23 15:14:50 INFO storage.MemoryStore: Block broadcast_5_piece83 stored as bytes in memory (estimated size 4.0 MB, free 1430.7 MB)
17/03/23 15:14:50 INFO storage.MemoryStore: Block broadcast_5_piece223 stored as bytes in memory (estimated size 4.0 MB, free 1434.7 MB)
17/03/23 15:14:50 INFO storage.MemoryStore: Block broadcast_5_piece50 stored as bytes in memory (estimated size 4.0 MB, free 1438.7 MB)
17/03/23 15:14:50 INFO storage.MemoryStore: Block broadcast_5_piece217 stored as bytes in memory (estimated size 4.0 MB, free 1442.7 MB)
17/03/23 15:14:50 INFO storage.MemoryStore: Block broadcast_5_piece251 stored as bytes in memory (estimated size 4.0 MB, free 1446.7 MB)
17/03/23 15:14:50 INFO storage.MemoryStore: Block broadcast_5_piece290 stored as bytes in memory (estimated size 4.0 MB, free 1450.7 MB)
17/03/23 15:14:51 INFO storage.MemoryStore: Block broadcast_5_piece70 stored as bytes in memory (estimated size 4.0 MB, free 1454.7 MB)
17/03/23 15:14:51 INFO storage.MemoryStore: Block broadcast_5_piece89 stored as bytes in memory (estimated size 4.0 MB, free 1458.7 MB)
17/03/23 15:14:51 INFO storage.MemoryStore: Block broadcast_5_piece311 stored as bytes in memory (estimated size 4.0 MB, free 1462.7 MB)
17/03/23 15:14:51 INFO storage.MemoryStore: Block broadcast_5_piece42 stored as bytes in memory (estimated size 4.0 MB, free 1466.7 MB)
17/03/23 15:14:51 INFO storage.MemoryStore: Block broadcast_5_piece183 stored as bytes in memory (estimated size 4.0 MB, free 1470.7 MB)
17/03/23 15:14:51 INFO storage.MemoryStore: Block broadcast_5_piece162 stored as bytes in memory (estimated size 4.0 MB, free 1474.7 MB)
17/03/23 15:14:51 INFO storage.MemoryStore: Block broadcast_5_piece238 stored as bytes in memory (estimated size 4.0 MB, free 1478.7 MB)
17/03/23 15:14:51 INFO storage.MemoryStore: Block broadcast_5_piece159 stored as bytes in memory (estimated size 4.0 MB, free 1482.7 MB)
17/03/23 15:14:51 INFO storage.MemoryStore: Block broadcast_5_piece332 stored as bytes in memory (estimated size 4.0 MB, free 1486.7 MB)
17/03/23 15:14:51 INFO storage.MemoryStore: Block broadcast_5_piece152 stored as bytes in memory (estimated size 4.0 MB, free 1490.7 MB)
17/03/23 15:14:51 INFO storage.MemoryStore: Block broadcast_5_piece240 stored as bytes in memory (estimated size 4.0 MB, free 1494.7 MB)
17/03/23 15:14:51 INFO storage.MemoryStore: Block broadcast_5_piece233 stored as bytes in memory (estimated size 4.0 MB, free 1498.7 MB)
17/03/23 15:14:51 INFO storage.MemoryStore: Block broadcast_5_piece12 stored as bytes in memory (estimated size 4.0 MB, free 1502.7 MB)
17/03/23 15:14:51 INFO storage.MemoryStore: Block broadcast_5_piece30 stored as bytes in memory (estimated size 4.0 MB, free 1506.7 MB)
17/03/23 15:14:51 INFO storage.MemoryStore: Block broadcast_5_piece129 stored as bytes in memory (estimated size 4.0 MB, free 1510.7 MB)
17/03/23 15:14:51 INFO storage.MemoryStore: Block broadcast_5_piece184 stored as bytes in memory (estimated size 4.0 MB, free 1514.7 MB)
17/03/23 15:14:51 INFO storage.MemoryStore: Block broadcast_5_piece101 stored as bytes in memory (estimated size 4.0 MB, free 1518.7 MB)
17/03/23 15:14:51 INFO storage.MemoryStore: Block broadcast_5_piece169 stored as bytes in memory (estimated size 4.0 MB, free 1522.7 MB)
17/03/23 15:14:51 INFO storage.MemoryStore: Block broadcast_5_piece27 stored as bytes in memory (estimated size 4.0 MB, free 1526.7 MB)
17/03/23 15:14:51 INFO storage.MemoryStore: Block broadcast_5_piece289 stored as bytes in memory (estimated size 4.0 MB, free 1530.7 MB)
17/03/23 15:14:51 INFO storage.MemoryStore: Block broadcast_5_piece20 stored as bytes in memory (estimated size 4.0 MB, free 1534.7 MB)
17/03/23 15:14:51 INFO storage.MemoryStore: Block broadcast_5_piece305 stored as bytes in memory (estimated size 4.0 MB, free 1538.7 MB)
17/03/23 15:14:51 INFO storage.MemoryStore: Block broadcast_5_piece95 stored as bytes in memory (estimated size 4.0 MB, free 1542.7 MB)
17/03/23 15:14:51 INFO storage.MemoryStore: Block broadcast_5_piece91 stored as bytes in memory (estimated size 4.0 MB, free 1546.7 MB)
17/03/23 15:14:51 INFO storage.MemoryStore: Block broadcast_5_piece6 stored as bytes in memory (estimated size 4.0 MB, free 1550.7 MB)
17/03/23 15:14:51 INFO storage.MemoryStore: Block broadcast_5_piece171 stored as bytes in memory (estimated size 4.0 MB, free 1554.7 MB)
17/03/23 15:14:51 INFO storage.MemoryStore: Block broadcast_5_piece209 stored as bytes in memory (estimated size 4.0 MB, free 1558.7 MB)
17/03/23 15:14:51 INFO storage.MemoryStore: Block broadcast_5_piece346 stored as bytes in memory (estimated size 4.0 MB, free 1562.7 MB)
17/03/23 15:14:51 INFO storage.MemoryStore: Block broadcast_5_piece150 stored as bytes in memory (estimated size 4.0 MB, free 1566.7 MB)
17/03/23 15:14:51 INFO storage.MemoryStore: Block broadcast_5_piece344 stored as bytes in memory (estimated size 4.0 MB, free 1570.7 MB)
17/03/23 15:14:51 INFO storage.MemoryStore: Block broadcast_5_piece44 stored as bytes in memory (estimated size 4.0 MB, free 1574.7 MB)
17/03/23 15:14:51 INFO storage.MemoryStore: Block broadcast_5_piece181 stored as bytes in memory (estimated size 4.0 MB, free 1578.7 MB)
17/03/23 15:14:51 INFO storage.MemoryStore: Block broadcast_5_piece143 stored as bytes in memory (estimated size 4.0 MB, free 1582.7 MB)
17/03/23 15:14:51 INFO storage.MemoryStore: Block broadcast_5_piece85 stored as bytes in memory (estimated size 4.0 MB, free 1586.7 MB)
17/03/23 15:14:52 INFO storage.MemoryStore: Block broadcast_5_piece69 stored as bytes in memory (estimated size 4.0 MB, free 1590.7 MB)
17/03/23 15:14:52 INFO storage.MemoryStore: Block broadcast_5_piece174 stored as bytes in memory (estimated size 4.0 MB, free 1594.7 MB)
17/03/23 15:14:52 INFO storage.MemoryStore: Block broadcast_5_piece102 stored as bytes in memory (estimated size 4.0 MB, free 1598.7 MB)
17/03/23 15:14:52 INFO storage.MemoryStore: Block broadcast_5_piece175 stored as bytes in memory (estimated size 4.0 MB, free 1602.7 MB)
17/03/23 15:14:52 INFO storage.MemoryStore: Block broadcast_5_piece168 stored as bytes in memory (estimated size 4.0 MB, free 1606.7 MB)
17/03/23 15:14:52 INFO storage.MemoryStore: Block broadcast_5_piece320 stored as bytes in memory (estimated size 4.0 MB, free 1610.7 MB)
17/03/23 15:14:52 INFO storage.MemoryStore: Block broadcast_5_piece93 stored as bytes in memory (estimated size 4.0 MB, free 1614.7 MB)
17/03/23 15:14:52 INFO storage.MemoryStore: Block broadcast_5_piece317 stored as bytes in memory (estimated size 4.0 MB, free 1618.7 MB)
17/03/23 15:14:52 INFO storage.MemoryStore: Block broadcast_5_piece56 stored as bytes in memory (estimated size 4.0 MB, free 1622.7 MB)
17/03/23 15:14:52 INFO storage.MemoryStore: Block broadcast_5_piece193 stored as bytes in memory (estimated size 4.0 MB, free 1626.7 MB)
17/03/23 15:14:52 INFO storage.MemoryStore: Block broadcast_5_piece284 stored as bytes in memory (estimated size 4.0 MB, free 1630.7 MB)
17/03/23 15:14:52 INFO storage.MemoryStore: Block broadcast_5_piece176 stored as bytes in memory (estimated size 4.0 MB, free 1634.7 MB)
17/03/23 15:14:52 INFO storage.MemoryStore: Block broadcast_5_piece61 stored as bytes in memory (estimated size 4.0 MB, free 1638.7 MB)
17/03/23 15:14:52 INFO storage.MemoryStore: Block broadcast_5_piece141 stored as bytes in memory (estimated size 4.0 MB, free 1642.7 MB)
17/03/23 15:14:52 INFO storage.MemoryStore: Block broadcast_5_piece182 stored as bytes in memory (estimated size 4.0 MB, free 1646.7 MB)
17/03/23 15:14:52 INFO storage.MemoryStore: Block broadcast_5_piece276 stored as bytes in memory (estimated size 4.0 MB, free 1650.7 MB)
17/03/23 15:14:52 INFO storage.MemoryStore: Block broadcast_5_piece195 stored as bytes in memory (estimated size 4.0 MB, free 1654.7 MB)
17/03/23 15:14:52 INFO storage.MemoryStore: Block broadcast_5_piece179 stored as bytes in memory (estimated size 4.0 MB, free 1658.7 MB)
17/03/23 15:14:52 INFO storage.MemoryStore: Block broadcast_5_piece131 stored as bytes in memory (estimated size 4.0 MB, free 1662.7 MB)
17/03/23 15:14:52 INFO storage.MemoryStore: Block broadcast_5_piece128 stored as bytes in memory (estimated size 4.0 MB, free 1666.7 MB)
17/03/23 15:14:52 INFO storage.MemoryStore: Block broadcast_5_piece318 stored as bytes in memory (estimated size 4.0 MB, free 1670.7 MB)
17/03/23 15:14:52 INFO storage.MemoryStore: Block broadcast_5_piece161 stored as bytes in memory (estimated size 4.0 MB, free 1674.7 MB)
17/03/23 15:14:52 INFO storage.MemoryStore: Block broadcast_5_piece234 stored as bytes in memory (estimated size 4.0 MB, free 1678.7 MB)
17/03/23 15:14:52 INFO storage.MemoryStore: Block broadcast_5_piece186 stored as bytes in memory (estimated size 4.0 MB, free 1682.7 MB)
17/03/23 15:14:52 INFO storage.MemoryStore: Block broadcast_5_piece241 stored as bytes in memory (estimated size 4.0 MB, free 1686.7 MB)
17/03/23 15:14:52 INFO storage.MemoryStore: Block broadcast_5_piece322 stored as bytes in memory (estimated size 4.0 MB, free 1690.7 MB)
17/03/23 15:14:52 INFO storage.MemoryStore: Block broadcast_5_piece270 stored as bytes in memory (estimated size 4.0 MB, free 1694.7 MB)
17/03/23 15:14:52 INFO storage.MemoryStore: Block broadcast_5_piece33 stored as bytes in memory (estimated size 4.0 MB, free 1698.7 MB)
17/03/23 15:14:52 INFO storage.MemoryStore: Block broadcast_5_piece29 stored as bytes in memory (estimated size 4.0 MB, free 1702.7 MB)
17/03/23 15:14:52 INFO storage.MemoryStore: Block broadcast_5_piece350 stored as bytes in memory (estimated size 2.7 MB, free 1705.5 MB)
17/03/23 15:14:52 INFO storage.MemoryStore: Block broadcast_5_piece15 stored as bytes in memory (estimated size 4.0 MB, free 1709.5 MB)
17/03/23 15:14:52 INFO storage.MemoryStore: Block broadcast_5_piece48 stored as bytes in memory (estimated size 4.0 MB, free 1713.5 MB)
17/03/23 15:14:52 INFO storage.MemoryStore: Block broadcast_5_piece167 stored as bytes in memory (estimated size 4.0 MB, free 1717.5 MB)
17/03/23 15:14:52 INFO storage.MemoryStore: Block broadcast_5_piece203 stored as bytes in memory (estimated size 4.0 MB, free 1721.5 MB)
17/03/23 15:14:52 INFO storage.MemoryStore: Block broadcast_5_piece90 stored as bytes in memory (estimated size 4.0 MB, free 1725.5 MB)
17/03/23 15:14:52 INFO storage.MemoryStore: Block broadcast_5_piece239 stored as bytes in memory (estimated size 4.0 MB, free 1729.5 MB)
17/03/23 15:14:52 INFO storage.MemoryStore: Block broadcast_5_piece149 stored as bytes in memory (estimated size 4.0 MB, free 1733.5 MB)
17/03/23 15:14:52 INFO storage.MemoryStore: Block broadcast_5_piece269 stored as bytes in memory (estimated size 4.0 MB, free 1737.5 MB)
17/03/23 15:14:52 INFO storage.MemoryStore: Block broadcast_5_piece116 stored as bytes in memory (estimated size 4.0 MB, free 1741.5 MB)
17/03/23 15:14:52 INFO storage.MemoryStore: Block broadcast_5_piece124 stored as bytes in memory (estimated size 4.0 MB, free 1745.5 MB)
17/03/23 15:14:52 INFO storage.MemoryStore: Block broadcast_5_piece25 stored as bytes in memory (estimated size 4.0 MB, free 1749.5 MB)
17/03/23 15:14:52 INFO storage.MemoryStore: Block broadcast_5_piece115 stored as bytes in memory (estimated size 4.0 MB, free 1753.5 MB)
17/03/23 15:14:52 INFO storage.MemoryStore: Block broadcast_5_piece63 stored as bytes in memory (estimated size 4.0 MB, free 1757.5 MB)
17/03/23 15:14:52 INFO storage.MemoryStore: Block broadcast_5_piece236 stored as bytes in memory (estimated size 4.0 MB, free 1761.5 MB)
17/03/23 15:14:52 INFO storage.MemoryStore: Block broadcast_5_piece260 stored as bytes in memory (estimated size 4.0 MB, free 1765.5 MB)
17/03/23 15:14:52 INFO storage.MemoryStore: Block broadcast_5_piece345 stored as bytes in memory (estimated size 4.0 MB, free 1769.5 MB)
17/03/23 15:14:52 INFO storage.MemoryStore: Block broadcast_5_piece153 stored as bytes in memory (estimated size 4.0 MB, free 1773.5 MB)
17/03/23 15:14:52 INFO storage.MemoryStore: Block broadcast_5_piece37 stored as bytes in memory (estimated size 4.0 MB, free 1777.5 MB)
17/03/23 15:14:52 INFO storage.MemoryStore: Block broadcast_5_piece130 stored as bytes in memory (estimated size 4.0 MB, free 1781.5 MB)
17/03/23 15:14:52 INFO storage.MemoryStore: Block broadcast_5_piece166 stored as bytes in memory (estimated size 4.0 MB, free 1785.5 MB)
17/03/23 15:14:52 INFO storage.MemoryStore: Block broadcast_5_piece261 stored as bytes in memory (estimated size 4.0 MB, free 1789.5 MB)
17/03/23 15:14:52 INFO storage.MemoryStore: Block broadcast_5_piece81 stored as bytes in memory (estimated size 4.0 MB, free 1793.5 MB)
17/03/23 15:14:52 INFO storage.MemoryStore: Block broadcast_5_piece220 stored as bytes in memory (estimated size 4.0 MB, free 1797.5 MB)
17/03/23 15:14:52 INFO storage.MemoryStore: Block broadcast_5_piece117 stored as bytes in memory (estimated size 4.0 MB, free 1801.5 MB)
17/03/23 15:14:52 INFO storage.MemoryStore: Block broadcast_5_piece164 stored as bytes in memory (estimated size 4.0 MB, free 1805.5 MB)
17/03/23 15:14:53 INFO storage.MemoryStore: Block broadcast_5_piece225 stored as bytes in memory (estimated size 4.0 MB, free 1809.5 MB)
17/03/23 15:14:53 INFO storage.MemoryStore: Block broadcast_5_piece147 stored as bytes in memory (estimated size 4.0 MB, free 1813.5 MB)
17/03/23 15:14:53 INFO storage.MemoryStore: Block broadcast_5_piece148 stored as bytes in memory (estimated size 4.0 MB, free 1817.5 MB)
17/03/23 15:14:53 INFO storage.MemoryStore: Block broadcast_5_piece252 stored as bytes in memory (estimated size 4.0 MB, free 1821.5 MB)
17/03/23 15:14:53 INFO storage.MemoryStore: Block broadcast_5_piece215 stored as bytes in memory (estimated size 4.0 MB, free 1825.5 MB)
17/03/23 15:14:53 INFO storage.MemoryStore: Block broadcast_5_piece4 stored as bytes in memory (estimated size 4.0 MB, free 1829.5 MB)
17/03/23 15:14:53 INFO storage.MemoryStore: Block broadcast_5_piece313 stored as bytes in memory (estimated size 4.0 MB, free 1833.5 MB)
17/03/23 15:14:53 INFO storage.MemoryStore: Block broadcast_5_piece207 stored as bytes in memory (estimated size 4.0 MB, free 1837.5 MB)
17/03/23 15:14:53 INFO storage.MemoryStore: Block broadcast_5_piece333 stored as bytes in memory (estimated size 4.0 MB, free 1841.5 MB)
17/03/23 15:14:53 INFO storage.MemoryStore: Block broadcast_5_piece77 stored as bytes in memory (estimated size 4.0 MB, free 1845.5 MB)
17/03/23 15:14:53 INFO storage.MemoryStore: Block broadcast_5_piece325 stored as bytes in memory (estimated size 4.0 MB, free 1849.5 MB)
17/03/23 15:14:53 INFO storage.MemoryStore: Block broadcast_5_piece107 stored as bytes in memory (estimated size 4.0 MB, free 1853.5 MB)
17/03/23 15:14:53 INFO storage.MemoryStore: Block broadcast_5_piece292 stored as bytes in memory (estimated size 4.0 MB, free 1857.5 MB)
17/03/23 15:14:53 INFO storage.MemoryStore: Block broadcast_5_piece334 stored as bytes in memory (estimated size 4.0 MB, free 1861.5 MB)
17/03/23 15:14:53 INFO storage.MemoryStore: Block broadcast_5_piece62 stored as bytes in memory (estimated size 4.0 MB, free 1865.5 MB)
17/03/23 15:14:53 INFO storage.MemoryStore: Block broadcast_5_piece165 stored as bytes in memory (estimated size 4.0 MB, free 1869.5 MB)
17/03/23 15:14:53 INFO storage.MemoryStore: Block broadcast_5_piece329 stored as bytes in memory (estimated size 4.0 MB, free 1873.5 MB)
17/03/23 15:14:53 INFO storage.MemoryStore: Block broadcast_5_piece285 stored as bytes in memory (estimated size 4.0 MB, free 1877.5 MB)
17/03/23 15:14:53 INFO storage.MemoryStore: Block broadcast_5_piece144 stored as bytes in memory (estimated size 4.0 MB, free 1881.5 MB)
17/03/23 15:14:53 INFO storage.MemoryStore: Block broadcast_5_piece250 stored as bytes in memory (estimated size 4.0 MB, free 1885.5 MB)
17/03/23 15:14:53 INFO storage.MemoryStore: Block broadcast_5_piece51 stored as bytes in memory (estimated size 4.0 MB, free 1889.5 MB)
17/03/23 15:14:53 INFO storage.MemoryStore: Block broadcast_5_piece265 stored as bytes in memory (estimated size 4.0 MB, free 1893.5 MB)
17/03/23 15:14:53 INFO storage.MemoryStore: Block broadcast_5_piece267 stored as bytes in memory (estimated size 4.0 MB, free 1897.5 MB)
17/03/23 15:14:53 INFO storage.MemoryStore: Block broadcast_5_piece127 stored as bytes in memory (estimated size 4.0 MB, free 1901.5 MB)
17/03/23 15:14:53 INFO storage.MemoryStore: Block broadcast_5_piece324 stored as bytes in memory (estimated size 4.0 MB, free 1905.5 MB)
17/03/23 15:14:53 INFO storage.MemoryStore: Block broadcast_5_piece187 stored as bytes in memory (estimated size 4.0 MB, free 1909.5 MB)
17/03/23 15:14:53 INFO storage.MemoryStore: Block broadcast_5_piece10 stored as bytes in memory (estimated size 4.0 MB, free 1913.5 MB)
17/03/23 15:14:53 INFO storage.MemoryStore: Block broadcast_5_piece72 stored as bytes in memory (estimated size 4.0 MB, free 1917.5 MB)
17/03/23 15:14:53 INFO storage.MemoryStore: Block broadcast_5_piece226 stored as bytes in memory (estimated size 4.0 MB, free 1921.5 MB)
17/03/23 15:14:53 INFO storage.MemoryStore: Block broadcast_5_piece105 stored as bytes in memory (estimated size 4.0 MB, free 1925.5 MB)
17/03/23 15:14:53 INFO storage.MemoryStore: Block broadcast_5_piece92 stored as bytes in memory (estimated size 4.0 MB, free 1929.5 MB)
17/03/23 15:14:53 INFO storage.MemoryStore: Block broadcast_5_piece256 stored as bytes in memory (estimated size 4.0 MB, free 1933.5 MB)
17/03/23 15:14:53 INFO storage.MemoryStore: Block broadcast_5_piece111 stored as bytes in memory (estimated size 4.0 MB, free 1937.5 MB)
17/03/23 15:14:53 INFO storage.MemoryStore: Block broadcast_5_piece103 stored as bytes in memory (estimated size 4.0 MB, free 1941.5 MB)
17/03/23 15:14:53 INFO storage.MemoryStore: Block broadcast_5_piece230 stored as bytes in memory (estimated size 4.0 MB, free 1945.5 MB)
17/03/23 15:14:53 INFO storage.MemoryStore: Block broadcast_5_piece272 stored as bytes in memory (estimated size 4.0 MB, free 1949.5 MB)
17/03/23 15:14:53 INFO storage.MemoryStore: Block broadcast_5_piece113 stored as bytes in memory (estimated size 4.0 MB, free 1953.5 MB)
17/03/23 15:14:53 INFO storage.MemoryStore: Block broadcast_5_piece316 stored as bytes in memory (estimated size 4.0 MB, free 1957.5 MB)
17/03/23 15:14:53 INFO storage.MemoryStore: Block broadcast_5_piece286 stored as bytes in memory (estimated size 4.0 MB, free 1961.5 MB)
17/03/23 15:14:53 INFO storage.MemoryStore: Block broadcast_5_piece177 stored as bytes in memory (estimated size 4.0 MB, free 1965.5 MB)
17/03/23 15:14:53 INFO storage.MemoryStore: Block broadcast_5_piece156 stored as bytes in memory (estimated size 4.0 MB, free 1969.5 MB)
17/03/23 15:14:53 INFO storage.MemoryStore: Block broadcast_5_piece246 stored as bytes in memory (estimated size 4.0 MB, free 1973.5 MB)
17/03/23 15:14:53 INFO storage.MemoryStore: Block broadcast_5_piece36 stored as bytes in memory (estimated size 4.0 MB, free 1977.5 MB)
17/03/23 15:14:53 INFO storage.MemoryStore: Block broadcast_5_piece268 stored as bytes in memory (estimated size 4.0 MB, free 1981.5 MB)
17/03/23 15:14:53 INFO storage.MemoryStore: Block broadcast_5_piece214 stored as bytes in memory (estimated size 4.0 MB, free 1985.5 MB)
17/03/23 15:14:53 INFO storage.MemoryStore: Block broadcast_5_piece135 stored as bytes in memory (estimated size 4.0 MB, free 1989.5 MB)
17/03/23 15:14:53 INFO storage.MemoryStore: Block broadcast_5_piece54 stored as bytes in memory (estimated size 4.0 MB, free 1993.5 MB)
17/03/23 15:14:53 INFO storage.MemoryStore: Block broadcast_5_piece210 stored as bytes in memory (estimated size 4.0 MB, free 1997.5 MB)
17/03/23 15:14:53 INFO storage.MemoryStore: Block broadcast_5_piece213 stored as bytes in memory (estimated size 4.0 MB, free 2001.5 MB)
17/03/23 15:14:54 INFO storage.MemoryStore: Block broadcast_5_piece126 stored as bytes in memory (estimated size 4.0 MB, free 2005.5 MB)
17/03/23 15:14:54 INFO storage.MemoryStore: Block broadcast_5_piece9 stored as bytes in memory (estimated size 4.0 MB, free 2009.5 MB)
17/03/23 15:14:54 INFO storage.MemoryStore: Block broadcast_5_piece264 stored as bytes in memory (estimated size 4.0 MB, free 2013.5 MB)
17/03/23 15:14:54 INFO storage.MemoryStore: Block broadcast_5_piece342 stored as bytes in memory (estimated size 4.0 MB, free 2017.5 MB)
17/03/23 15:14:54 INFO storage.MemoryStore: Block broadcast_5_piece340 stored as bytes in memory (estimated size 4.0 MB, free 2021.5 MB)
17/03/23 15:14:54 INFO storage.MemoryStore: Block broadcast_5_piece235 stored as bytes in memory (estimated size 4.0 MB, free 2025.5 MB)
17/03/23 15:14:54 INFO storage.MemoryStore: Block broadcast_5_piece194 stored as bytes in memory (estimated size 4.0 MB, free 2029.5 MB)
17/03/23 15:14:54 INFO storage.MemoryStore: Block broadcast_5_piece189 stored as bytes in memory (estimated size 4.0 MB, free 2033.5 MB)
17/03/23 15:14:54 INFO storage.MemoryStore: Block broadcast_5_piece275 stored as bytes in memory (estimated size 4.0 MB, free 2037.5 MB)
17/03/23 15:14:54 INFO storage.MemoryStore: Block broadcast_5_piece244 stored as bytes in memory (estimated size 4.0 MB, free 2041.5 MB)
17/03/23 15:14:54 INFO storage.MemoryStore: Block broadcast_5_piece249 stored as bytes in memory (estimated size 4.0 MB, free 2045.5 MB)
17/03/23 15:14:54 INFO storage.MemoryStore: Block broadcast_5_piece327 stored as bytes in memory (estimated size 4.0 MB, free 2.0 GB)
17/03/23 15:14:54 INFO storage.MemoryStore: Block broadcast_5_piece347 stored as bytes in memory (estimated size 4.0 MB, free 2.0 GB)
17/03/23 15:14:54 INFO storage.MemoryStore: Block broadcast_5_piece41 stored as bytes in memory (estimated size 4.0 MB, free 2.0 GB)
17/03/23 15:14:54 INFO storage.MemoryStore: Block broadcast_5_piece328 stored as bytes in memory (estimated size 4.0 MB, free 2.0 GB)
17/03/23 15:14:54 INFO storage.MemoryStore: Block broadcast_5_piece155 stored as bytes in memory (estimated size 4.0 MB, free 2.0 GB)
17/03/23 15:14:54 INFO storage.MemoryStore: Block broadcast_5_piece97 stored as bytes in memory (estimated size 4.0 MB, free 2.0 GB)
17/03/23 15:14:54 INFO storage.MemoryStore: Block broadcast_5_piece202 stored as bytes in memory (estimated size 4.0 MB, free 2.0 GB)
17/03/23 15:14:54 INFO storage.MemoryStore: Block broadcast_5_piece262 stored as bytes in memory (estimated size 4.0 MB, free 2.0 GB)
17/03/23 15:14:54 INFO storage.MemoryStore: Block broadcast_5_piece68 stored as bytes in memory (estimated size 4.0 MB, free 2.0 GB)
17/03/23 15:14:54 INFO storage.MemoryStore: Block broadcast_5_piece94 stored as bytes in memory (estimated size 4.0 MB, free 2.0 GB)
17/03/23 15:14:54 INFO storage.MemoryStore: Block broadcast_5_piece296 stored as bytes in memory (estimated size 4.0 MB, free 2.0 GB)
17/03/23 15:14:54 INFO storage.MemoryStore: Block broadcast_5_piece304 stored as bytes in memory (estimated size 4.0 MB, free 2.0 GB)
17/03/23 15:14:54 INFO storage.MemoryStore: Block broadcast_5_piece257 stored as bytes in memory (estimated size 4.0 MB, free 2.0 GB)
17/03/23 15:14:54 INFO storage.MemoryStore: Block broadcast_5_piece160 stored as bytes in memory (estimated size 4.0 MB, free 2.1 GB)
17/03/23 15:14:54 INFO storage.MemoryStore: Block broadcast_5_piece277 stored as bytes in memory (estimated size 4.0 MB, free 2.1 GB)
17/03/23 15:14:54 INFO storage.MemoryStore: Block broadcast_5_piece338 stored as bytes in memory (estimated size 4.0 MB, free 2.1 GB)
17/03/23 15:14:54 INFO storage.MemoryStore: Block broadcast_5_piece60 stored as bytes in memory (estimated size 4.0 MB, free 2.1 GB)
17/03/23 15:14:54 INFO storage.MemoryStore: Block broadcast_5_piece222 stored as bytes in memory (estimated size 4.0 MB, free 2.1 GB)
17/03/23 15:14:54 INFO storage.MemoryStore: Block broadcast_5_piece137 stored as bytes in memory (estimated size 4.0 MB, free 2.1 GB)
17/03/23 15:14:54 INFO storage.MemoryStore: Block broadcast_5_piece298 stored as bytes in memory (estimated size 4.0 MB, free 2.1 GB)
17/03/23 15:14:54 INFO storage.MemoryStore: Block broadcast_5_piece158 stored as bytes in memory (estimated size 4.0 MB, free 2.1 GB)
17/03/23 15:14:54 INFO storage.MemoryStore: Block broadcast_5_piece237 stored as bytes in memory (estimated size 4.0 MB, free 2.1 GB)
17/03/23 15:14:54 INFO storage.MemoryStore: Block broadcast_5_piece118 stored as bytes in memory (estimated size 4.0 MB, free 2.1 GB)
17/03/23 15:14:54 INFO storage.MemoryStore: Block broadcast_5_piece245 stored as bytes in memory (estimated size 4.0 MB, free 2.1 GB)
17/03/23 15:14:54 INFO storage.MemoryStore: Block broadcast_5_piece200 stored as bytes in memory (estimated size 4.0 MB, free 2.1 GB)
17/03/23 15:14:54 INFO storage.MemoryStore: Block broadcast_5_piece58 stored as bytes in memory (estimated size 4.0 MB, free 2.1 GB)
17/03/23 15:14:55 INFO storage.MemoryStore: Block broadcast_5_piece208 stored as bytes in memory (estimated size 4.0 MB, free 2.1 GB)
17/03/23 15:14:55 INFO storage.MemoryStore: Block broadcast_5_piece96 stored as bytes in memory (estimated size 4.0 MB, free 2.1 GB)
17/03/23 15:14:55 INFO storage.MemoryStore: Block broadcast_5_piece206 stored as bytes in memory (estimated size 4.0 MB, free 2.1 GB)
17/03/23 15:14:55 INFO storage.MemoryStore: Block broadcast_5_piece295 stored as bytes in memory (estimated size 4.0 MB, free 2.1 GB)
17/03/23 15:14:55 INFO storage.MemoryStore: Block broadcast_5_piece45 stored as bytes in memory (estimated size 4.0 MB, free 2.1 GB)
17/03/23 15:14:55 INFO storage.MemoryStore: Block broadcast_5_piece302 stored as bytes in memory (estimated size 4.0 MB, free 2.1 GB)
17/03/23 15:14:55 INFO storage.MemoryStore: Block broadcast_5_piece271 stored as bytes in memory (estimated size 4.0 MB, free 2.1 GB)
17/03/23 15:14:55 INFO storage.MemoryStore: Block broadcast_5_piece14 stored as bytes in memory (estimated size 4.0 MB, free 2.1 GB)
17/03/23 15:14:55 INFO storage.MemoryStore: Block broadcast_5_piece11 stored as bytes in memory (estimated size 4.0 MB, free 2.1 GB)
17/03/23 15:14:55 INFO storage.MemoryStore: Block broadcast_5_piece21 stored as bytes in memory (estimated size 4.0 MB, free 2.1 GB)
17/03/23 15:14:55 INFO storage.MemoryStore: Block broadcast_5_piece281 stored as bytes in memory (estimated size 4.0 MB, free 2.1 GB)
17/03/23 15:14:55 INFO storage.MemoryStore: Block broadcast_5_piece309 stored as bytes in memory (estimated size 4.0 MB, free 2.1 GB)
17/03/23 15:14:55 INFO storage.MemoryStore: Block broadcast_5_piece247 stored as bytes in memory (estimated size 4.0 MB, free 2.1 GB)
17/03/23 15:14:55 INFO storage.MemoryStore: Block broadcast_5_piece301 stored as bytes in memory (estimated size 4.0 MB, free 2.2 GB)
17/03/23 15:14:55 INFO storage.MemoryStore: Block broadcast_5_piece331 stored as bytes in memory (estimated size 4.0 MB, free 2.2 GB)
17/03/23 15:14:55 INFO storage.MemoryStore: Block broadcast_5_piece57 stored as bytes in memory (estimated size 4.0 MB, free 2.2 GB)
17/03/23 15:14:55 INFO storage.MemoryStore: Block broadcast_5_piece76 stored as bytes in memory (estimated size 4.0 MB, free 2.2 GB)
17/03/23 15:14:55 INFO storage.MemoryStore: Block broadcast_5_piece108 stored as bytes in memory (estimated size 4.0 MB, free 2.2 GB)
17/03/23 15:14:55 INFO storage.MemoryStore: Block broadcast_5_piece140 stored as bytes in memory (estimated size 4.0 MB, free 2.2 GB)
17/03/23 15:14:55 INFO storage.MemoryStore: Block broadcast_5_piece109 stored as bytes in memory (estimated size 4.0 MB, free 2.2 GB)
17/03/23 15:14:55 INFO storage.MemoryStore: Block broadcast_5_piece278 stored as bytes in memory (estimated size 4.0 MB, free 2.2 GB)
17/03/23 15:14:55 INFO storage.MemoryStore: Block broadcast_5_piece17 stored as bytes in memory (estimated size 4.0 MB, free 2.2 GB)
17/03/23 15:14:55 INFO storage.MemoryStore: Block broadcast_5_piece314 stored as bytes in memory (estimated size 4.0 MB, free 2.2 GB)
17/03/23 15:14:55 INFO storage.MemoryStore: Block broadcast_5_piece71 stored as bytes in memory (estimated size 4.0 MB, free 2.2 GB)
17/03/23 15:14:55 INFO storage.MemoryStore: Block broadcast_5_piece5 stored as bytes in memory (estimated size 4.0 MB, free 2.2 GB)
17/03/23 15:14:55 INFO storage.MemoryStore: Block broadcast_5_piece227 stored as bytes in memory (estimated size 4.0 MB, free 2.2 GB)
17/03/23 15:14:55 INFO storage.MemoryStore: Block broadcast_5_piece348 stored as bytes in memory (estimated size 4.0 MB, free 2.2 GB)
17/03/23 15:14:55 INFO storage.MemoryStore: Block broadcast_5_piece336 stored as bytes in memory (estimated size 4.0 MB, free 2.2 GB)
17/03/23 15:14:55 INFO storage.MemoryStore: Block broadcast_5_piece216 stored as bytes in memory (estimated size 4.0 MB, free 2.2 GB)
17/03/23 15:14:55 INFO storage.MemoryStore: Block broadcast_5_piece228 stored as bytes in memory (estimated size 4.0 MB, free 2.2 GB)
17/03/23 15:14:55 INFO storage.MemoryStore: Block broadcast_5_piece3 stored as bytes in memory (estimated size 4.0 MB, free 2.2 GB)
17/03/23 15:14:55 INFO storage.MemoryStore: Block broadcast_5_piece114 stored as bytes in memory (estimated size 4.0 MB, free 2.2 GB)
17/03/23 15:14:55 INFO storage.MemoryStore: Block broadcast_5_piece100 stored as bytes in memory (estimated size 4.0 MB, free 2.2 GB)
17/03/23 15:14:55 INFO storage.MemoryStore: Block broadcast_5_piece13 stored as bytes in memory (estimated size 4.0 MB, free 2.2 GB)
17/03/23 15:14:55 INFO storage.MemoryStore: Block broadcast_5_piece138 stored as bytes in memory (estimated size 4.0 MB, free 2.2 GB)
17/03/23 15:14:55 INFO storage.MemoryStore: Block broadcast_5_piece224 stored as bytes in memory (estimated size 4.0 MB, free 2.2 GB)
17/03/23 15:14:55 INFO storage.MemoryStore: Block broadcast_5_piece73 stored as bytes in memory (estimated size 4.0 MB, free 2.2 GB)
17/03/23 15:14:55 INFO storage.MemoryStore: Block broadcast_5_piece7 stored as bytes in memory (estimated size 4.0 MB, free 2.2 GB)
17/03/23 15:14:55 INFO storage.MemoryStore: Block broadcast_5_piece312 stored as bytes in memory (estimated size 4.0 MB, free 2.3 GB)
17/03/23 15:14:55 INFO storage.MemoryStore: Block broadcast_5_piece145 stored as bytes in memory (estimated size 4.0 MB, free 2.3 GB)
17/03/23 15:14:56 INFO storage.MemoryStore: Block broadcast_5_piece86 stored as bytes in memory (estimated size 4.0 MB, free 2.3 GB)
17/03/23 15:14:56 INFO storage.MemoryStore: Block broadcast_5_piece82 stored as bytes in memory (estimated size 4.0 MB, free 2.3 GB)
17/03/23 15:14:56 INFO storage.MemoryStore: Block broadcast_5_piece75 stored as bytes in memory (estimated size 4.0 MB, free 2.3 GB)
17/03/23 15:14:56 INFO storage.MemoryStore: Block broadcast_5_piece49 stored as bytes in memory (estimated size 4.0 MB, free 2.3 GB)
17/03/23 15:14:56 INFO storage.MemoryStore: Block broadcast_5_piece136 stored as bytes in memory (estimated size 4.0 MB, free 2.3 GB)
17/03/23 15:14:56 INFO storage.MemoryStore: Block broadcast_5_piece31 stored as bytes in memory (estimated size 4.0 MB, free 2.3 GB)
17/03/23 15:14:56 INFO storage.MemoryStore: Block broadcast_5_piece79 stored as bytes in memory (estimated size 4.0 MB, free 2.3 GB)
17/03/23 15:14:56 INFO storage.MemoryStore: Block broadcast_5_piece163 stored as bytes in memory (estimated size 4.0 MB, free 2.3 GB)
17/03/23 15:14:56 INFO storage.MemoryStore: Block broadcast_5_piece303 stored as bytes in memory (estimated size 4.0 MB, free 2.3 GB)
17/03/23 15:14:56 INFO storage.MemoryStore: Block broadcast_5_piece134 stored as bytes in memory (estimated size 4.0 MB, free 2.3 GB)
17/03/23 15:14:56 INFO storage.MemoryStore: Block broadcast_5_piece1 stored as bytes in memory (estimated size 4.0 MB, free 2.3 GB)
17/03/23 15:14:56 INFO storage.MemoryStore: Block broadcast_5_piece300 stored as bytes in memory (estimated size 4.0 MB, free 2.3 GB)
17/03/23 15:14:56 INFO storage.MemoryStore: Block broadcast_5_piece121 stored as bytes in memory (estimated size 4.0 MB, free 2.3 GB)
17/03/23 15:14:56 INFO storage.MemoryStore: Block broadcast_5_piece32 stored as bytes in memory (estimated size 4.0 MB, free 2.3 GB)
17/03/23 15:14:56 INFO storage.MemoryStore: Block broadcast_5_piece65 stored as bytes in memory (estimated size 4.0 MB, free 2.3 GB)
17/03/23 15:14:56 INFO storage.MemoryStore: Block broadcast_5_piece229 stored as bytes in memory (estimated size 4.0 MB, free 2.3 GB)
17/03/23 15:14:56 INFO storage.MemoryStore: Block broadcast_5_piece212 stored as bytes in memory (estimated size 4.0 MB, free 2.3 GB)
17/03/23 15:14:56 INFO storage.MemoryStore: Block broadcast_5_piece104 stored as bytes in memory (estimated size 4.0 MB, free 2.3 GB)
17/03/23 15:14:56 INFO storage.MemoryStore: Block broadcast_5_piece255 stored as bytes in memory (estimated size 4.0 MB, free 2.3 GB)
17/03/23 15:14:56 INFO storage.MemoryStore: Block broadcast_5_piece221 stored as bytes in memory (estimated size 4.0 MB, free 2.3 GB)
17/03/23 15:14:56 INFO storage.MemoryStore: Block broadcast_5_piece335 stored as bytes in memory (estimated size 4.0 MB, free 2.3 GB)
17/03/23 15:14:56 INFO storage.MemoryStore: Block broadcast_5_piece315 stored as bytes in memory (estimated size 4.0 MB, free 2.3 GB)
17/03/23 15:14:56 INFO storage.MemoryStore: Block broadcast_5_piece64 stored as bytes in memory (estimated size 4.0 MB, free 2.3 GB)
17/03/23 15:14:56 INFO storage.MemoryStore: Block broadcast_5_piece151 stored as bytes in memory (estimated size 4.0 MB, free 2.3 GB)
17/03/23 15:14:56 INFO storage.MemoryStore: Block broadcast_5_piece99 stored as bytes in memory (estimated size 4.0 MB, free 2.4 GB)
17/03/23 15:14:56 INFO storage.MemoryStore: Block broadcast_5_piece78 stored as bytes in memory (estimated size 4.0 MB, free 2.4 GB)
17/03/23 15:14:56 INFO storage.MemoryStore: Block broadcast_5_piece204 stored as bytes in memory (estimated size 4.0 MB, free 2.4 GB)
17/03/23 15:14:56 INFO storage.MemoryStore: Block broadcast_5_piece308 stored as bytes in memory (estimated size 4.0 MB, free 2.4 GB)
17/03/23 15:14:56 INFO storage.MemoryStore: Block broadcast_5_piece106 stored as bytes in memory (estimated size 4.0 MB, free 2.4 GB)
17/03/23 15:14:56 INFO storage.MemoryStore: Block broadcast_5_piece170 stored as bytes in memory (estimated size 4.0 MB, free 2.4 GB)
17/03/23 15:14:56 INFO storage.MemoryStore: Block broadcast_5_piece112 stored as bytes in memory (estimated size 4.0 MB, free 2.4 GB)
17/03/23 15:14:56 INFO storage.MemoryStore: Block broadcast_5_piece122 stored as bytes in memory (estimated size 4.0 MB, free 2.4 GB)
17/03/23 15:14:56 INFO storage.MemoryStore: Block broadcast_5_piece192 stored as bytes in memory (estimated size 4.0 MB, free 2.4 GB)
17/03/23 15:14:56 INFO storage.MemoryStore: Block broadcast_5_piece197 stored as bytes in memory (estimated size 4.0 MB, free 2.4 GB)
17/03/23 15:14:56 INFO storage.MemoryStore: Block broadcast_5_piece18 stored as bytes in memory (estimated size 4.0 MB, free 2.4 GB)
17/03/23 15:14:56 INFO storage.MemoryStore: Block broadcast_5_piece188 stored as bytes in memory (estimated size 4.0 MB, free 2.4 GB)
17/03/23 15:14:56 INFO storage.MemoryStore: Block broadcast_5_piece231 stored as bytes in memory (estimated size 4.0 MB, free 2.4 GB)
17/03/23 15:14:56 INFO storage.MemoryStore: Block broadcast_5_piece266 stored as bytes in memory (estimated size 4.0 MB, free 2.4 GB)
17/03/23 15:14:56 INFO storage.MemoryStore: Block broadcast_5_piece110 stored as bytes in memory (estimated size 4.0 MB, free 2.4 GB)
17/03/23 15:14:56 INFO storage.MemoryStore: Block broadcast_5_piece0 stored as bytes in memory (estimated size 4.0 MB, free 2.4 GB)
17/03/23 15:14:56 INFO storage.MemoryStore: Block broadcast_5_piece248 stored as bytes in memory (estimated size 4.0 MB, free 2.4 GB)
17/03/23 15:14:56 INFO storage.MemoryStore: Block broadcast_5_piece80 stored as bytes in memory (estimated size 4.0 MB, free 2.4 GB)
17/03/23 15:14:56 INFO storage.MemoryStore: Block broadcast_5_piece22 stored as bytes in memory (estimated size 4.0 MB, free 2.4 GB)
17/03/23 15:14:56 INFO storage.MemoryStore: Block broadcast_5_piece190 stored as bytes in memory (estimated size 4.0 MB, free 2.4 GB)
17/03/23 15:14:56 INFO storage.MemoryStore: Block broadcast_5_piece55 stored as bytes in memory (estimated size 4.0 MB, free 2.4 GB)
17/03/23 15:14:56 INFO storage.MemoryStore: Block broadcast_5_piece319 stored as bytes in memory (estimated size 4.0 MB, free 2.4 GB)
17/03/23 15:14:56 INFO storage.MemoryStore: Block broadcast_5_piece294 stored as bytes in memory (estimated size 4.0 MB, free 2.4 GB)
17/03/23 15:14:56 INFO storage.MemoryStore: Block broadcast_5_piece119 stored as bytes in memory (estimated size 4.0 MB, free 2.4 GB)
17/03/23 15:14:56 INFO storage.MemoryStore: Block broadcast_5_piece282 stored as bytes in memory (estimated size 4.0 MB, free 2.4 GB)
17/03/23 15:14:56 INFO storage.MemoryStore: Block broadcast_5_piece8 stored as bytes in memory (estimated size 4.0 MB, free 2.5 GB)
17/03/23 15:14:56 INFO storage.MemoryStore: Block broadcast_5_piece84 stored as bytes in memory (estimated size 4.0 MB, free 2.5 GB)
17/03/23 15:14:56 INFO storage.MemoryStore: Block broadcast_5_piece280 stored as bytes in memory (estimated size 4.0 MB, free 2.5 GB)
17/03/23 15:14:56 INFO storage.MemoryStore: Block broadcast_5_piece283 stored as bytes in memory (estimated size 4.0 MB, free 2.5 GB)
17/03/23 15:14:56 INFO storage.MemoryStore: Block broadcast_5_piece253 stored as bytes in memory (estimated size 4.0 MB, free 2.5 GB)
17/03/23 15:14:56 INFO storage.MemoryStore: Block broadcast_5_piece74 stored as bytes in memory (estimated size 4.0 MB, free 2.5 GB)
17/03/23 15:14:57 INFO storage.MemoryStore: Block broadcast_5_piece341 stored as bytes in memory (estimated size 4.0 MB, free 2.5 GB)
17/03/23 15:14:57 INFO storage.MemoryStore: Block broadcast_5_piece88 stored as bytes in memory (estimated size 4.0 MB, free 2.5 GB)
17/03/23 15:14:57 INFO storage.MemoryStore: Block broadcast_5_piece211 stored as bytes in memory (estimated size 4.0 MB, free 2.5 GB)
17/03/23 15:14:57 INFO storage.MemoryStore: Block broadcast_5_piece291 stored as bytes in memory (estimated size 4.0 MB, free 2.5 GB)
17/03/23 15:14:57 INFO storage.MemoryStore: Block broadcast_5_piece178 stored as bytes in memory (estimated size 4.0 MB, free 2.5 GB)
17/03/23 15:14:57 INFO storage.MemoryStore: Block broadcast_5_piece146 stored as bytes in memory (estimated size 4.0 MB, free 2.5 GB)
17/03/23 15:14:57 INFO storage.MemoryStore: Block broadcast_5_piece232 stored as bytes in memory (estimated size 4.0 MB, free 2.5 GB)
17/03/23 15:14:57 INFO storage.MemoryStore: Block broadcast_5_piece154 stored as bytes in memory (estimated size 4.0 MB, free 2.5 GB)
17/03/23 15:14:57 INFO storage.MemoryStore: Block broadcast_5_piece87 stored as bytes in memory (estimated size 4.0 MB, free 2.5 GB)
17/03/23 15:14:57 INFO storage.MemoryStore: Block broadcast_5_piece19 stored as bytes in memory (estimated size 4.0 MB, free 2.5 GB)
17/03/23 15:14:57 INFO storage.MemoryStore: Block broadcast_5_piece201 stored as bytes in memory (estimated size 4.0 MB, free 2.5 GB)
17/03/23 15:14:57 INFO storage.MemoryStore: Block broadcast_5_piece47 stored as bytes in memory (estimated size 4.0 MB, free 2.5 GB)
17/03/23 15:14:57 INFO storage.MemoryStore: Block broadcast_5_piece38 stored as bytes in memory (estimated size 4.0 MB, free 2.5 GB)
17/03/23 15:14:57 INFO storage.MemoryStore: Block broadcast_5_piece132 stored as bytes in memory (estimated size 4.0 MB, free 2.5 GB)
17/03/23 15:14:57 INFO storage.MemoryStore: Block broadcast_5_piece258 stored as bytes in memory (estimated size 4.0 MB, free 2.5 GB)
17/03/23 15:14:57 INFO storage.MemoryStore: Block broadcast_5_piece326 stored as bytes in memory (estimated size 4.0 MB, free 2.5 GB)
17/03/23 15:14:57 INFO storage.MemoryStore: Block broadcast_5_piece279 stored as bytes in memory (estimated size 4.0 MB, free 2.5 GB)
17/03/23 15:14:57 INFO storage.MemoryStore: Block broadcast_5_piece297 stored as bytes in memory (estimated size 4.0 MB, free 2.5 GB)
17/03/23 15:14:57 INFO storage.MemoryStore: Block broadcast_5_piece157 stored as bytes in memory (estimated size 4.0 MB, free 2.5 GB)
17/03/23 15:14:57 INFO storage.MemoryStore: Block broadcast_5_piece263 stored as bytes in memory (estimated size 4.0 MB, free 2.5 GB)
17/03/23 15:14:57 INFO storage.MemoryStore: Block broadcast_5_piece218 stored as bytes in memory (estimated size 4.0 MB, free 2.6 GB)
17/03/23 15:14:57 INFO storage.MemoryStore: Block broadcast_5_piece16 stored as bytes in memory (estimated size 4.0 MB, free 2.6 GB)
17/03/23 15:14:57 INFO storage.MemoryStore: Block broadcast_5_piece142 stored as bytes in memory (estimated size 4.0 MB, free 2.6 GB)
17/03/23 15:14:57 INFO storage.MemoryStore: Block broadcast_5_piece242 stored as bytes in memory (estimated size 4.0 MB, free 2.6 GB)
17/03/23 15:14:57 INFO storage.MemoryStore: Block broadcast_5_piece52 stored as bytes in memory (estimated size 4.0 MB, free 2.6 GB)
17/03/23 15:14:57 INFO storage.MemoryStore: Block broadcast_5_piece173 stored as bytes in memory (estimated size 4.0 MB, free 2.6 GB)
17/03/23 15:14:57 INFO storage.MemoryStore: Block broadcast_5_piece323 stored as bytes in memory (estimated size 4.0 MB, free 2.6 GB)
17/03/23 15:14:57 INFO storage.MemoryStore: Block broadcast_5_piece39 stored as bytes in memory (estimated size 4.0 MB, free 2.6 GB)
17/03/23 15:14:57 INFO storage.MemoryStore: Block broadcast_5_piece53 stored as bytes in memory (estimated size 4.0 MB, free 2.6 GB)
17/03/23 15:14:57 INFO storage.MemoryStore: Block broadcast_5_piece274 stored as bytes in memory (estimated size 4.0 MB, free 2.6 GB)
17/03/23 15:14:57 INFO storage.MemoryStore: Block broadcast_5_piece59 stored as bytes in memory (estimated size 4.0 MB, free 2.6 GB)
17/03/23 15:14:57 INFO storage.MemoryStore: Block broadcast_5_piece259 stored as bytes in memory (estimated size 4.0 MB, free 2.6 GB)
17/03/23 15:14:57 INFO storage.MemoryStore: Block broadcast_5_piece307 stored as bytes in memory (estimated size 4.0 MB, free 2.6 GB)
17/03/23 15:14:57 INFO storage.MemoryStore: Block broadcast_5_piece339 stored as bytes in memory (estimated size 4.0 MB, free 2.6 GB)
17/03/23 15:14:57 INFO storage.MemoryStore: Block broadcast_5_piece2 stored as bytes in memory (estimated size 4.0 MB, free 2.6 GB)
17/03/23 15:14:57 INFO storage.MemoryStore: Block broadcast_5_piece288 stored as bytes in memory (estimated size 4.0 MB, free 2.6 GB)
17/03/23 15:14:57 INFO storage.MemoryStore: Block broadcast_5_piece198 stored as bytes in memory (estimated size 4.0 MB, free 2.6 GB)
17/03/23 15:14:57 INFO storage.MemoryStore: Block broadcast_5_piece120 stored as bytes in memory (estimated size 4.0 MB, free 2.6 GB)
17/03/23 15:14:57 INFO storage.MemoryStore: Block broadcast_5_piece219 stored as bytes in memory (estimated size 4.0 MB, free 2.6 GB)
17/03/23 15:14:57 INFO storage.MemoryStore: Block broadcast_5_piece293 stored as bytes in memory (estimated size 4.0 MB, free 2.6 GB)
17/03/23 15:14:57 INFO storage.MemoryStore: Block broadcast_5_piece196 stored as bytes in memory (estimated size 4.0 MB, free 2.6 GB)
17/03/23 15:14:57 INFO storage.MemoryStore: Block broadcast_5_piece24 stored as bytes in memory (estimated size 4.0 MB, free 2.6 GB)
17/03/23 15:14:57 INFO storage.MemoryStore: Block broadcast_5_piece310 stored as bytes in memory (estimated size 4.0 MB, free 2.6 GB)
17/03/23 15:14:57 INFO storage.MemoryStore: Block broadcast_5_piece321 stored as bytes in memory (estimated size 4.0 MB, free 2.6 GB)
17/03/23 15:14:57 INFO storage.MemoryStore: Block broadcast_5_piece185 stored as bytes in memory (estimated size 4.0 MB, free 2.6 GB)
17/03/23 15:14:57 INFO storage.MemoryStore: Block broadcast_5_piece330 stored as bytes in memory (estimated size 4.0 MB, free 2.6 GB)
17/03/23 15:14:57 INFO storage.MemoryStore: Block broadcast_5_piece287 stored as bytes in memory (estimated size 4.0 MB, free 2.7 GB)
17/03/23 15:14:57 INFO storage.MemoryStore: Block broadcast_5_piece46 stored as bytes in memory (estimated size 4.0 MB, free 2.7 GB)
17/03/23 15:14:57 INFO storage.MemoryStore: Block broadcast_5_piece98 stored as bytes in memory (estimated size 4.0 MB, free 2.7 GB)
17/03/23 15:14:58 INFO storage.MemoryStore: Block broadcast_5_piece191 stored as bytes in memory (estimated size 4.0 MB, free 2.7 GB)
17/03/23 15:14:58 INFO storage.MemoryStore: Block broadcast_5_piece23 stored as bytes in memory (estimated size 4.0 MB, free 2.7 GB)
17/03/23 15:14:58 INFO storage.MemoryStore: Block broadcast_5_piece299 stored as bytes in memory (estimated size 4.0 MB, free 2.7 GB)
17/03/23 15:14:58 INFO storage.MemoryStore: Block broadcast_5_piece199 stored as bytes in memory (estimated size 4.0 MB, free 2.7 GB)
17/03/23 15:14:58 INFO storage.MemoryStore: Block broadcast_5_piece66 stored as bytes in memory (estimated size 4.0 MB, free 2.7 GB)
17/03/23 15:14:58 INFO storage.MemoryStore: Block broadcast_5_piece205 stored as bytes in memory (estimated size 4.0 MB, free 2.7 GB)
17/03/23 15:14:58 INFO storage.MemoryStore: Block broadcast_5_piece123 stored as bytes in memory (estimated size 4.0 MB, free 2.7 GB)
17/03/23 15:14:58 INFO storage.MemoryStore: Block broadcast_5_piece40 stored as bytes in memory (estimated size 4.0 MB, free 2.7 GB)
17/03/23 15:14:58 INFO storage.MemoryStore: Block broadcast_5_piece172 stored as bytes in memory (estimated size 4.0 MB, free 2.7 GB)
17/03/23 15:14:58 INFO storage.MemoryStore: Block broadcast_5_piece34 stored as bytes in memory (estimated size 4.0 MB, free 2.7 GB)
17/03/23 15:14:58 INFO storage.MemoryStore: Block broadcast_5_piece337 stored as bytes in memory (estimated size 4.0 MB, free 2.7 GB)
17/03/23 15:14:58 INFO storage.MemoryStore: Block broadcast_5_piece28 stored as bytes in memory (estimated size 4.0 MB, free 2.7 GB)
17/03/23 15:14:58 INFO storage.MemoryStore: Block broadcast_5_piece243 stored as bytes in memory (estimated size 4.0 MB, free 2.7 GB)
17/03/23 15:14:58 INFO storage.MemoryStore: Block broadcast_5_piece180 stored as bytes in memory (estimated size 4.0 MB, free 2.7 GB)
17/03/23 15:14:58 INFO storage.MemoryStore: Block broadcast_5_piece26 stored as bytes in memory (estimated size 4.0 MB, free 2.7 GB)
17/03/23 15:14:58 INFO storage.MemoryStore: Block broadcast_5_piece43 stored as bytes in memory (estimated size 4.0 MB, free 2.7 GB)
17/03/23 15:14:58 INFO storage.MemoryStore: Block broadcast_5_piece349 stored as bytes in memory (estimated size 4.0 MB, free 2.7 GB)
17/03/23 15:14:58 INFO storage.MemoryStore: Block broadcast_5_piece139 stored as bytes in memory (estimated size 4.0 MB, free 2.7 GB)
17/03/23 15:14:58 INFO storage.MemoryStore: Block broadcast_5_piece343 stored as bytes in memory (estimated size 4.0 MB, free 2.7 GB)
17/03/23 15:14:58 INFO storage.MemoryStore: Block broadcast_5_piece273 stored as bytes in memory (estimated size 4.0 MB, free 2.7 GB)
17/03/23 15:14:58 INFO broadcast.TorrentBroadcast: Reading broadcast variable 5 took 7653 ms
17/03/23 15:15:16 INFO storage.MemoryStore: Block broadcast_5 stored as values in memory (estimated size 384.0 B, free 2.7 GB)
17/03/23 15:15:16 INFO broadcast.TorrentBroadcast: Started reading broadcast variable 2
17/03/23 15:15:16 INFO storage.MemoryStore: Block broadcast_2_piece0 stored as bytes in memory (estimated size 92.0 B, free 2.7 GB)
17/03/23 15:15:16 INFO broadcast.TorrentBroadcast: Reading broadcast variable 2 took 8 ms
17/03/23 15:15:16 INFO storage.MemoryStore: Block broadcast_2 stored as values in memory (estimated size 384.0 B, free 2.7 GB)
17/03/23 15:15:16 INFO broadcast.TorrentBroadcast: Started reading broadcast variable 4
17/03/23 15:15:16 INFO storage.MemoryStore: Block broadcast_4_piece31 stored as bytes in memory (estimated size 4.0 MB, free 2.7 GB)
17/03/23 15:15:16 INFO storage.MemoryStore: Block broadcast_4_piece189 stored as bytes in memory (estimated size 4.0 MB, free 2.7 GB)
17/03/23 15:15:16 INFO storage.MemoryStore: Block broadcast_4_piece64 stored as bytes in memory (estimated size 4.0 MB, free 2.8 GB)
17/03/23 15:15:16 INFO storage.MemoryStore: Block broadcast_4_piece251 stored as bytes in memory (estimated size 4.0 MB, free 2.8 GB)
17/03/23 15:15:16 INFO storage.MemoryStore: Block broadcast_4_piece41 stored as bytes in memory (estimated size 4.0 MB, free 2.8 GB)
17/03/23 15:15:16 INFO storage.MemoryStore: Block broadcast_4_piece244 stored as bytes in memory (estimated size 4.0 MB, free 2.8 GB)
17/03/23 15:15:16 INFO storage.MemoryStore: Block broadcast_4_piece276 stored as bytes in memory (estimated size 4.0 MB, free 2.8 GB)
17/03/23 15:15:16 INFO storage.MemoryStore: Block broadcast_4_piece107 stored as bytes in memory (estimated size 4.0 MB, free 2.8 GB)
17/03/23 15:15:16 INFO storage.MemoryStore: Block broadcast_4_piece25 stored as bytes in memory (estimated size 4.0 MB, free 2.8 GB)
17/03/23 15:15:16 INFO storage.MemoryStore: Block broadcast_4_piece12 stored as bytes in memory (estimated size 4.0 MB, free 2.8 GB)
17/03/23 15:15:16 INFO storage.MemoryStore: Block broadcast_4_piece163 stored as bytes in memory (estimated size 4.0 MB, free 2.8 GB)
17/03/23 15:15:16 INFO storage.MemoryStore: Block broadcast_4_piece114 stored as bytes in memory (estimated size 4.0 MB, free 2.8 GB)
17/03/23 15:15:16 INFO storage.MemoryStore: Block broadcast_4_piece202 stored as bytes in memory (estimated size 4.0 MB, free 2.8 GB)
17/03/23 15:15:16 INFO storage.MemoryStore: Block broadcast_4_piece220 stored as bytes in memory (estimated size 4.0 MB, free 2.8 GB)
17/03/23 15:15:16 INFO storage.MemoryStore: Block broadcast_4_piece267 stored as bytes in memory (estimated size 4.0 MB, free 2.8 GB)
17/03/23 15:15:16 INFO storage.MemoryStore: Block broadcast_4_piece17 stored as bytes in memory (estimated size 4.0 MB, free 2.8 GB)
17/03/23 15:15:16 INFO storage.MemoryStore: Block broadcast_4_piece76 stored as bytes in memory (estimated size 4.0 MB, free 2.8 GB)
17/03/23 15:15:16 INFO storage.MemoryStore: Block broadcast_4_piece253 stored as bytes in memory (estimated size 4.0 MB, free 2.8 GB)
17/03/23 15:15:16 INFO storage.MemoryStore: Block broadcast_4_piece74 stored as bytes in memory (estimated size 4.0 MB, free 2.8 GB)
17/03/23 15:15:16 INFO storage.MemoryStore: Block broadcast_4_piece143 stored as bytes in memory (estimated size 4.0 MB, free 2.8 GB)
17/03/23 15:15:16 INFO storage.MemoryStore: Block broadcast_4_piece133 stored as bytes in memory (estimated size 4.0 MB, free 2.8 GB)
17/03/23 15:15:16 INFO storage.MemoryStore: Block broadcast_4_piece165 stored as bytes in memory (estimated size 4.0 MB, free 2.8 GB)
17/03/23 15:15:16 INFO storage.MemoryStore: Block broadcast_4_piece277 stored as bytes in memory (estimated size 4.0 MB, free 2.8 GB)
17/03/23 15:15:16 INFO storage.MemoryStore: Block broadcast_4_piece101 stored as bytes in memory (estimated size 4.0 MB, free 2.8 GB)
17/03/23 15:15:16 INFO storage.MemoryStore: Block broadcast_4_piece22 stored as bytes in memory (estimated size 4.0 MB, free 2.8 GB)
17/03/23 15:15:16 INFO storage.MemoryStore: Block broadcast_4_piece83 stored as bytes in memory (estimated size 4.0 MB, free 2.8 GB)
17/03/23 15:15:16 INFO storage.MemoryStore: Block broadcast_4_piece326 stored as bytes in memory (estimated size 4.0 MB, free 2.8 GB)
17/03/23 15:15:16 INFO storage.MemoryStore: Block broadcast_4_piece4 stored as bytes in memory (estimated size 4.0 MB, free 2.8 GB)
17/03/23 15:15:16 INFO storage.MemoryStore: Block broadcast_4_piece33 stored as bytes in memory (estimated size 4.0 MB, free 2.9 GB)
17/03/23 15:15:16 INFO storage.MemoryStore: Block broadcast_4_piece213 stored as bytes in memory (estimated size 4.0 MB, free 2.9 GB)
17/03/23 15:15:16 INFO storage.MemoryStore: Block broadcast_4_piece182 stored as bytes in memory (estimated size 4.0 MB, free 2.9 GB)
17/03/23 15:15:16 INFO storage.MemoryStore: Block broadcast_4_piece266 stored as bytes in memory (estimated size 4.0 MB, free 2.9 GB)
17/03/23 15:15:16 INFO storage.MemoryStore: Block broadcast_4_piece211 stored as bytes in memory (estimated size 4.0 MB, free 2.9 GB)
17/03/23 15:15:16 INFO storage.MemoryStore: Block broadcast_4_piece249 stored as bytes in memory (estimated size 4.0 MB, free 2.9 GB)
17/03/23 15:15:16 INFO storage.MemoryStore: Block broadcast_4_piece332 stored as bytes in memory (estimated size 4.0 MB, free 2.9 GB)
17/03/23 15:15:16 INFO storage.MemoryStore: Block broadcast_4_piece311 stored as bytes in memory (estimated size 4.0 MB, free 2.9 GB)
17/03/23 15:15:16 INFO storage.MemoryStore: Block broadcast_4_piece82 stored as bytes in memory (estimated size 4.0 MB, free 2.9 GB)
17/03/23 15:15:16 INFO storage.MemoryStore: Block broadcast_4_piece0 stored as bytes in memory (estimated size 4.0 MB, free 2.9 GB)
17/03/23 15:15:16 INFO storage.MemoryStore: Block broadcast_4_piece262 stored as bytes in memory (estimated size 4.0 MB, free 2.9 GB)
17/03/23 15:15:17 INFO storage.MemoryStore: Block broadcast_4_piece228 stored as bytes in memory (estimated size 4.0 MB, free 2.9 GB)
17/03/23 15:15:17 INFO storage.MemoryStore: Block broadcast_4_piece247 stored as bytes in memory (estimated size 4.0 MB, free 2.9 GB)
17/03/23 15:15:17 INFO storage.MemoryStore: Block broadcast_4_piece304 stored as bytes in memory (estimated size 4.0 MB, free 2.9 GB)
17/03/23 15:15:17 INFO storage.MemoryStore: Block broadcast_4_piece212 stored as bytes in memory (estimated size 4.0 MB, free 2.9 GB)
17/03/23 15:15:17 INFO storage.MemoryStore: Block broadcast_4_piece295 stored as bytes in memory (estimated size 4.0 MB, free 2.9 GB)
17/03/23 15:15:17 INFO storage.MemoryStore: Block broadcast_4_piece145 stored as bytes in memory (estimated size 4.0 MB, free 2.9 GB)
17/03/23 15:15:17 INFO storage.MemoryStore: Block broadcast_4_piece120 stored as bytes in memory (estimated size 4.0 MB, free 2.9 GB)
17/03/23 15:15:17 INFO storage.MemoryStore: Block broadcast_4_piece24 stored as bytes in memory (estimated size 4.0 MB, free 2.9 GB)
17/03/23 15:15:17 INFO storage.MemoryStore: Block broadcast_4_piece314 stored as bytes in memory (estimated size 4.0 MB, free 2.9 GB)
17/03/23 15:15:17 INFO storage.MemoryStore: Block broadcast_4_piece97 stored as bytes in memory (estimated size 4.0 MB, free 2.9 GB)
17/03/23 15:15:17 INFO storage.MemoryStore: Block broadcast_4_piece298 stored as bytes in memory (estimated size 4.0 MB, free 2.9 GB)
17/03/23 15:15:17 INFO storage.MemoryStore: Block broadcast_4_piece138 stored as bytes in memory (estimated size 4.0 MB, free 2.9 GB)
17/03/23 15:15:17 INFO storage.MemoryStore: Block broadcast_4_piece49 stored as bytes in memory (estimated size 4.0 MB, free 2.9 GB)
17/03/23 15:15:17 INFO storage.MemoryStore: Block broadcast_4_piece178 stored as bytes in memory (estimated size 4.0 MB, free 2.9 GB)
17/03/23 15:15:17 INFO storage.MemoryStore: Block broadcast_4_piece312 stored as bytes in memory (estimated size 4.0 MB, free 3.0 GB)
17/03/23 15:15:17 INFO storage.MemoryStore: Block broadcast_4_piece343 stored as bytes in memory (estimated size 4.0 MB, free 3.0 GB)
17/03/23 15:15:17 INFO storage.MemoryStore: Block broadcast_4_piece7 stored as bytes in memory (estimated size 4.0 MB, free 3.0 GB)
17/03/23 15:15:17 INFO storage.MemoryStore: Block broadcast_4_piece292 stored as bytes in memory (estimated size 4.0 MB, free 3.0 GB)
17/03/23 15:15:17 INFO storage.MemoryStore: Block broadcast_4_piece110 stored as bytes in memory (estimated size 4.0 MB, free 3.0 GB)
17/03/23 15:15:17 INFO storage.MemoryStore: Block broadcast_4_piece56 stored as bytes in memory (estimated size 4.0 MB, free 3.0 GB)
17/03/23 15:15:17 INFO storage.MemoryStore: Block broadcast_4_piece127 stored as bytes in memory (estimated size 4.0 MB, free 3.0 GB)
17/03/23 15:15:17 INFO storage.MemoryStore: Block broadcast_4_piece284 stored as bytes in memory (estimated size 4.0 MB, free 3.0 GB)
17/03/23 15:15:17 INFO storage.MemoryStore: Block broadcast_4_piece201 stored as bytes in memory (estimated size 4.0 MB, free 3.0 GB)
17/03/23 15:15:17 INFO storage.MemoryStore: Block broadcast_4_piece100 stored as bytes in memory (estimated size 4.0 MB, free 3.0 GB)
17/03/23 15:15:17 INFO storage.MemoryStore: Block broadcast_4_piece180 stored as bytes in memory (estimated size 4.0 MB, free 3.0 GB)
17/03/23 15:15:17 INFO storage.MemoryStore: Block broadcast_4_piece197 stored as bytes in memory (estimated size 4.0 MB, free 3.0 GB)
17/03/23 15:15:17 INFO storage.MemoryStore: Block broadcast_4_piece283 stored as bytes in memory (estimated size 4.0 MB, free 3.0 GB)
17/03/23 15:15:17 INFO storage.MemoryStore: Block broadcast_4_piece176 stored as bytes in memory (estimated size 4.0 MB, free 3.0 GB)
17/03/23 15:15:17 INFO storage.MemoryStore: Block broadcast_4_piece200 stored as bytes in memory (estimated size 4.0 MB, free 3.0 GB)
17/03/23 15:15:17 INFO storage.MemoryStore: Block broadcast_4_piece246 stored as bytes in memory (estimated size 4.0 MB, free 3.0 GB)
17/03/23 15:15:17 INFO storage.MemoryStore: Block broadcast_4_piece275 stored as bytes in memory (estimated size 4.0 MB, free 3.0 GB)
17/03/23 15:15:17 INFO storage.MemoryStore: Block broadcast_4_piece238 stored as bytes in memory (estimated size 4.0 MB, free 3.0 GB)
17/03/23 15:15:17 INFO storage.MemoryStore: Block broadcast_4_piece187 stored as bytes in memory (estimated size 4.0 MB, free 3.0 GB)
17/03/23 15:15:17 INFO storage.MemoryStore: Block broadcast_4_piece280 stored as bytes in memory (estimated size 4.0 MB, free 3.0 GB)
17/03/23 15:15:17 INFO storage.MemoryStore: Block broadcast_4_piece122 stored as bytes in memory (estimated size 4.0 MB, free 3.0 GB)
17/03/23 15:15:17 INFO storage.MemoryStore: Block broadcast_4_piece150 stored as bytes in memory (estimated size 4.0 MB, free 3.0 GB)
17/03/23 15:15:17 INFO storage.MemoryStore: Block broadcast_4_piece285 stored as bytes in memory (estimated size 4.0 MB, free 3.0 GB)
17/03/23 15:15:17 INFO storage.MemoryStore: Block broadcast_4_piece349 stored as bytes in memory (estimated size 4.0 MB, free 3.0 GB)
17/03/23 15:15:17 INFO storage.MemoryStore: Block broadcast_4_piece121 stored as bytes in memory (estimated size 4.0 MB, free 3.0 GB)
17/03/23 15:15:17 INFO storage.MemoryStore: Block broadcast_4_piece173 stored as bytes in memory (estimated size 4.0 MB, free 3.0 GB)
17/03/23 15:15:17 INFO storage.MemoryStore: Block broadcast_4_piece235 stored as bytes in memory (estimated size 4.0 MB, free 3.1 GB)
17/03/23 15:15:17 INFO storage.MemoryStore: Block broadcast_4_piece321 stored as bytes in memory (estimated size 4.0 MB, free 3.1 GB)
17/03/23 15:15:17 INFO storage.MemoryStore: Block broadcast_4_piece85 stored as bytes in memory (estimated size 4.0 MB, free 3.1 GB)
17/03/23 15:15:17 INFO storage.MemoryStore: Block broadcast_4_piece63 stored as bytes in memory (estimated size 4.0 MB, free 3.1 GB)
17/03/23 15:15:17 INFO storage.MemoryStore: Block broadcast_4_piece79 stored as bytes in memory (estimated size 4.0 MB, free 3.1 GB)
17/03/23 15:15:17 INFO storage.MemoryStore: Block broadcast_4_piece131 stored as bytes in memory (estimated size 4.0 MB, free 3.1 GB)
17/03/23 15:15:17 INFO storage.MemoryStore: Block broadcast_4_piece154 stored as bytes in memory (estimated size 4.0 MB, free 3.1 GB)
17/03/23 15:15:17 INFO storage.MemoryStore: Block broadcast_4_piece95 stored as bytes in memory (estimated size 4.0 MB, free 3.1 GB)
17/03/23 15:15:17 INFO storage.MemoryStore: Block broadcast_4_piece237 stored as bytes in memory (estimated size 4.0 MB, free 3.1 GB)
17/03/23 15:15:17 INFO storage.MemoryStore: Block broadcast_4_piece69 stored as bytes in memory (estimated size 4.0 MB, free 3.1 GB)
17/03/23 15:15:17 INFO storage.MemoryStore: Block broadcast_4_piece310 stored as bytes in memory (estimated size 4.0 MB, free 3.1 GB)
17/03/23 15:15:17 INFO storage.MemoryStore: Block broadcast_4_piece43 stored as bytes in memory (estimated size 4.0 MB, free 3.1 GB)
17/03/23 15:15:17 INFO storage.MemoryStore: Block broadcast_4_piece67 stored as bytes in memory (estimated size 4.0 MB, free 3.1 GB)
17/03/23 15:15:17 INFO storage.MemoryStore: Block broadcast_4_piece136 stored as bytes in memory (estimated size 4.0 MB, free 3.1 GB)
17/03/23 15:15:17 INFO storage.MemoryStore: Block broadcast_4_piece80 stored as bytes in memory (estimated size 4.0 MB, free 3.1 GB)
17/03/23 15:15:17 INFO storage.MemoryStore: Block broadcast_4_piece134 stored as bytes in memory (estimated size 4.0 MB, free 3.1 GB)
17/03/23 15:15:17 INFO storage.MemoryStore: Block broadcast_4_piece210 stored as bytes in memory (estimated size 4.0 MB, free 3.1 GB)
17/03/23 15:15:17 INFO storage.MemoryStore: Block broadcast_4_piece258 stored as bytes in memory (estimated size 4.0 MB, free 3.1 GB)
17/03/23 15:15:18 INFO storage.MemoryStore: Block broadcast_4_piece62 stored as bytes in memory (estimated size 4.0 MB, free 3.1 GB)
17/03/23 15:15:18 INFO storage.MemoryStore: Block broadcast_4_piece207 stored as bytes in memory (estimated size 4.0 MB, free 3.1 GB)
17/03/23 15:15:18 INFO storage.MemoryStore: Block broadcast_4_piece257 stored as bytes in memory (estimated size 4.0 MB, free 3.1 GB)
17/03/23 15:15:18 INFO storage.MemoryStore: Block broadcast_4_piece167 stored as bytes in memory (estimated size 4.0 MB, free 3.1 GB)
17/03/23 15:15:18 INFO storage.MemoryStore: Block broadcast_4_piece195 stored as bytes in memory (estimated size 4.0 MB, free 3.1 GB)
17/03/23 15:15:18 INFO storage.MemoryStore: Block broadcast_4_piece231 stored as bytes in memory (estimated size 4.0 MB, free 3.1 GB)
17/03/23 15:15:18 INFO storage.MemoryStore: Block broadcast_4_piece92 stored as bytes in memory (estimated size 4.0 MB, free 3.1 GB)
17/03/23 15:15:18 INFO storage.MemoryStore: Block broadcast_4_piece294 stored as bytes in memory (estimated size 4.0 MB, free 3.1 GB)
17/03/23 15:15:18 INFO storage.MemoryStore: Block broadcast_4_piece137 stored as bytes in memory (estimated size 4.0 MB, free 3.2 GB)
17/03/23 15:15:18 INFO storage.MemoryStore: Block broadcast_4_piece171 stored as bytes in memory (estimated size 4.0 MB, free 3.2 GB)
17/03/23 15:15:18 INFO storage.MemoryStore: Block broadcast_4_piece250 stored as bytes in memory (estimated size 4.0 MB, free 3.2 GB)
17/03/23 15:15:18 INFO storage.MemoryStore: Block broadcast_4_piece259 stored as bytes in memory (estimated size 4.0 MB, free 3.2 GB)
17/03/23 15:15:18 INFO storage.MemoryStore: Block broadcast_4_piece287 stored as bytes in memory (estimated size 4.0 MB, free 3.2 GB)
17/03/23 15:15:18 INFO storage.MemoryStore: Block broadcast_4_piece123 stored as bytes in memory (estimated size 4.0 MB, free 3.2 GB)
17/03/23 15:15:18 INFO storage.MemoryStore: Block broadcast_4_piece324 stored as bytes in memory (estimated size 4.0 MB, free 3.2 GB)
17/03/23 15:15:18 INFO storage.MemoryStore: Block broadcast_4_piece334 stored as bytes in memory (estimated size 4.0 MB, free 3.2 GB)
17/03/23 15:15:18 INFO storage.MemoryStore: Block broadcast_4_piece98 stored as bytes in memory (estimated size 4.0 MB, free 3.2 GB)
17/03/23 15:15:18 INFO storage.MemoryStore: Block broadcast_4_piece344 stored as bytes in memory (estimated size 4.0 MB, free 3.2 GB)
17/03/23 15:15:18 INFO storage.MemoryStore: Block broadcast_4_piece265 stored as bytes in memory (estimated size 4.0 MB, free 3.2 GB)
17/03/23 15:15:18 INFO storage.MemoryStore: Block broadcast_4_piece72 stored as bytes in memory (estimated size 4.0 MB, free 3.2 GB)
17/03/23 15:15:18 INFO storage.MemoryStore: Block broadcast_4_piece327 stored as bytes in memory (estimated size 4.0 MB, free 3.2 GB)
17/03/23 15:15:18 INFO storage.MemoryStore: Block broadcast_4_piece84 stored as bytes in memory (estimated size 4.0 MB, free 3.2 GB)
17/03/23 15:15:18 INFO storage.MemoryStore: Block broadcast_4_piece2 stored as bytes in memory (estimated size 4.0 MB, free 3.2 GB)
17/03/23 15:15:18 INFO storage.MemoryStore: Block broadcast_4_piece34 stored as bytes in memory (estimated size 4.0 MB, free 3.2 GB)
17/03/23 15:15:18 INFO storage.MemoryStore: Block broadcast_4_piece1 stored as bytes in memory (estimated size 4.0 MB, free 3.2 GB)
17/03/23 15:15:18 INFO storage.MemoryStore: Block broadcast_4_piece318 stored as bytes in memory (estimated size 4.0 MB, free 3.2 GB)
17/03/23 15:15:18 INFO storage.MemoryStore: Block broadcast_4_piece306 stored as bytes in memory (estimated size 4.0 MB, free 3.2 GB)
17/03/23 15:15:18 INFO storage.MemoryStore: Block broadcast_4_piece68 stored as bytes in memory (estimated size 4.0 MB, free 3.2 GB)
17/03/23 15:15:18 INFO storage.MemoryStore: Block broadcast_4_piece57 stored as bytes in memory (estimated size 4.0 MB, free 3.2 GB)
17/03/23 15:15:18 INFO storage.MemoryStore: Block broadcast_4_piece206 stored as bytes in memory (estimated size 4.0 MB, free 3.2 GB)
17/03/23 15:15:18 INFO storage.MemoryStore: Block broadcast_4_piece243 stored as bytes in memory (estimated size 4.0 MB, free 3.2 GB)
17/03/23 15:15:18 INFO storage.MemoryStore: Block broadcast_4_piece329 stored as bytes in memory (estimated size 4.0 MB, free 3.2 GB)
17/03/23 15:15:18 INFO storage.MemoryStore: Block broadcast_4_piece51 stored as bytes in memory (estimated size 4.0 MB, free 3.2 GB)
17/03/23 15:15:18 INFO storage.MemoryStore: Block broadcast_4_piece9 stored as bytes in memory (estimated size 4.0 MB, free 3.3 GB)
17/03/23 15:15:18 INFO storage.MemoryStore: Block broadcast_4_piece118 stored as bytes in memory (estimated size 4.0 MB, free 3.3 GB)
17/03/23 15:15:18 INFO storage.MemoryStore: Block broadcast_4_piece340 stored as bytes in memory (estimated size 4.0 MB, free 3.3 GB)
17/03/23 15:15:18 INFO storage.MemoryStore: Block broadcast_4_piece3 stored as bytes in memory (estimated size 4.0 MB, free 3.3 GB)
17/03/23 15:15:18 INFO storage.MemoryStore: Block broadcast_4_piece242 stored as bytes in memory (estimated size 4.0 MB, free 3.3 GB)
17/03/23 15:15:18 INFO storage.MemoryStore: Block broadcast_4_piece146 stored as bytes in memory (estimated size 4.0 MB, free 3.3 GB)
17/03/23 15:15:18 INFO storage.MemoryStore: Block broadcast_4_piece15 stored as bytes in memory (estimated size 4.0 MB, free 3.3 GB)
17/03/23 15:15:18 INFO storage.MemoryStore: Block broadcast_4_piece96 stored as bytes in memory (estimated size 4.0 MB, free 3.3 GB)
17/03/23 15:15:18 INFO storage.MemoryStore: Block broadcast_4_piece317 stored as bytes in memory (estimated size 4.0 MB, free 3.3 GB)
17/03/23 15:15:18 INFO storage.MemoryStore: Block broadcast_4_piece222 stored as bytes in memory (estimated size 4.0 MB, free 3.3 GB)
17/03/23 15:15:18 INFO storage.MemoryStore: Block broadcast_4_piece252 stored as bytes in memory (estimated size 4.0 MB, free 3.3 GB)
17/03/23 15:15:18 INFO storage.MemoryStore: Block broadcast_4_piece328 stored as bytes in memory (estimated size 4.0 MB, free 3.3 GB)
17/03/23 15:15:18 INFO storage.MemoryStore: Block broadcast_4_piece309 stored as bytes in memory (estimated size 4.0 MB, free 3.3 GB)
17/03/23 15:15:18 INFO storage.MemoryStore: Block broadcast_4_piece333 stored as bytes in memory (estimated size 4.0 MB, free 3.3 GB)
17/03/23 15:15:18 INFO storage.MemoryStore: Block broadcast_4_piece144 stored as bytes in memory (estimated size 4.0 MB, free 3.3 GB)
17/03/23 15:15:18 INFO storage.MemoryStore: Block broadcast_4_piece170 stored as bytes in memory (estimated size 4.0 MB, free 3.3 GB)
17/03/23 15:15:18 INFO storage.MemoryStore: Block broadcast_4_piece341 stored as bytes in memory (estimated size 4.0 MB, free 3.3 GB)
17/03/23 15:15:18 INFO storage.MemoryStore: Block broadcast_4_piece241 stored as bytes in memory (estimated size 4.0 MB, free 3.3 GB)
17/03/23 15:15:18 INFO storage.MemoryStore: Block broadcast_4_piece53 stored as bytes in memory (estimated size 4.0 MB, free 3.3 GB)
17/03/23 15:15:18 INFO storage.MemoryStore: Block broadcast_4_piece90 stored as bytes in memory (estimated size 4.0 MB, free 3.3 GB)
17/03/23 15:15:18 INFO storage.MemoryStore: Block broadcast_4_piece263 stored as bytes in memory (estimated size 4.0 MB, free 3.3 GB)
17/03/23 15:15:18 INFO storage.MemoryStore: Block broadcast_4_piece289 stored as bytes in memory (estimated size 4.0 MB, free 3.3 GB)
17/03/23 15:15:18 INFO storage.MemoryStore: Block broadcast_4_piece217 stored as bytes in memory (estimated size 4.0 MB, free 3.3 GB)
17/03/23 15:15:18 INFO storage.MemoryStore: Block broadcast_4_piece168 stored as bytes in memory (estimated size 4.0 MB, free 3.3 GB)
17/03/23 15:15:18 INFO storage.MemoryStore: Block broadcast_4_piece227 stored as bytes in memory (estimated size 4.0 MB, free 3.3 GB)
17/03/23 15:15:18 INFO storage.MemoryStore: Block broadcast_4_piece198 stored as bytes in memory (estimated size 4.0 MB, free 3.3 GB)
17/03/23 15:15:18 INFO storage.MemoryStore: Block broadcast_4_piece149 stored as bytes in memory (estimated size 4.0 MB, free 3.4 GB)
17/03/23 15:15:18 INFO storage.MemoryStore: Block broadcast_4_piece274 stored as bytes in memory (estimated size 4.0 MB, free 3.4 GB)
17/03/23 15:15:19 INFO storage.MemoryStore: Block broadcast_4_piece46 stored as bytes in memory (estimated size 4.0 MB, free 3.4 GB)
17/03/23 15:15:19 INFO storage.MemoryStore: Block broadcast_4_piece161 stored as bytes in memory (estimated size 4.0 MB, free 3.4 GB)
17/03/23 15:15:19 INFO storage.MemoryStore: Block broadcast_4_piece301 stored as bytes in memory (estimated size 4.0 MB, free 3.4 GB)
17/03/23 15:15:19 INFO storage.MemoryStore: Block broadcast_4_piece10 stored as bytes in memory (estimated size 4.0 MB, free 3.4 GB)
17/03/23 15:15:19 INFO storage.MemoryStore: Block broadcast_4_piece93 stored as bytes in memory (estimated size 4.0 MB, free 3.4 GB)
17/03/23 15:15:19 INFO storage.MemoryStore: Block broadcast_4_piece112 stored as bytes in memory (estimated size 4.0 MB, free 3.4 GB)
17/03/23 15:15:19 INFO storage.MemoryStore: Block broadcast_4_piece216 stored as bytes in memory (estimated size 4.0 MB, free 3.4 GB)
17/03/23 15:15:19 INFO storage.MemoryStore: Block broadcast_4_piece194 stored as bytes in memory (estimated size 4.0 MB, free 3.4 GB)
17/03/23 15:15:19 INFO storage.MemoryStore: Block broadcast_4_piece256 stored as bytes in memory (estimated size 4.0 MB, free 3.4 GB)
17/03/23 15:15:19 INFO storage.MemoryStore: Block broadcast_4_piece288 stored as bytes in memory (estimated size 4.0 MB, free 3.4 GB)
17/03/23 15:15:19 INFO storage.MemoryStore: Block broadcast_4_piece159 stored as bytes in memory (estimated size 4.0 MB, free 3.4 GB)
17/03/23 15:15:19 INFO storage.MemoryStore: Block broadcast_4_piece60 stored as bytes in memory (estimated size 4.0 MB, free 3.4 GB)
17/03/23 15:15:19 INFO storage.MemoryStore: Block broadcast_4_piece193 stored as bytes in memory (estimated size 4.0 MB, free 3.4 GB)
17/03/23 15:15:19 INFO storage.MemoryStore: Block broadcast_4_piece111 stored as bytes in memory (estimated size 4.0 MB, free 3.4 GB)
17/03/23 15:15:19 INFO storage.MemoryStore: Block broadcast_4_piece286 stored as bytes in memory (estimated size 4.0 MB, free 3.4 GB)
17/03/23 15:15:19 INFO storage.MemoryStore: Block broadcast_4_piece330 stored as bytes in memory (estimated size 4.0 MB, free 3.4 GB)
17/03/23 15:15:19 INFO storage.MemoryStore: Block broadcast_4_piece323 stored as bytes in memory (estimated size 4.0 MB, free 3.4 GB)
17/03/23 15:15:19 INFO storage.MemoryStore: Block broadcast_4_piece290 stored as bytes in memory (estimated size 4.0 MB, free 3.4 GB)
17/03/23 15:15:19 INFO storage.MemoryStore: Block broadcast_4_piece71 stored as bytes in memory (estimated size 4.0 MB, free 3.4 GB)
17/03/23 15:15:19 INFO storage.MemoryStore: Block broadcast_4_piece185 stored as bytes in memory (estimated size 4.0 MB, free 3.4 GB)
17/03/23 15:15:19 INFO storage.MemoryStore: Block broadcast_4_piece225 stored as bytes in memory (estimated size 4.0 MB, free 3.4 GB)
17/03/23 15:15:19 INFO storage.MemoryStore: Block broadcast_4_piece14 stored as bytes in memory (estimated size 4.0 MB, free 3.4 GB)
17/03/23 15:15:19 INFO storage.MemoryStore: Block broadcast_4_piece248 stored as bytes in memory (estimated size 4.0 MB, free 3.4 GB)
17/03/23 15:15:19 INFO storage.MemoryStore: Block broadcast_4_piece319 stored as bytes in memory (estimated size 4.0 MB, free 3.5 GB)
17/03/23 15:15:19 INFO storage.MemoryStore: Block broadcast_4_piece192 stored as bytes in memory (estimated size 4.0 MB, free 3.5 GB)
17/03/23 15:15:19 INFO storage.MemoryStore: Block broadcast_4_piece44 stored as bytes in memory (estimated size 4.0 MB, free 3.5 GB)
17/03/23 15:15:19 INFO storage.MemoryStore: Block broadcast_4_piece148 stored as bytes in memory (estimated size 4.0 MB, free 3.5 GB)
17/03/23 15:15:19 INFO storage.MemoryStore: Block broadcast_4_piece240 stored as bytes in memory (estimated size 4.0 MB, free 3.5 GB)
17/03/23 15:15:19 INFO storage.MemoryStore: Block broadcast_4_piece305 stored as bytes in memory (estimated size 4.0 MB, free 3.5 GB)
17/03/23 15:15:19 INFO storage.MemoryStore: Block broadcast_4_piece158 stored as bytes in memory (estimated size 4.0 MB, free 3.5 GB)
17/03/23 15:15:19 INFO storage.MemoryStore: Block broadcast_4_piece45 stored as bytes in memory (estimated size 4.0 MB, free 3.5 GB)
17/03/23 15:15:19 INFO storage.MemoryStore: Block broadcast_4_piece331 stored as bytes in memory (estimated size 4.0 MB, free 3.5 GB)
17/03/23 15:15:19 INFO storage.MemoryStore: Block broadcast_4_piece208 stored as bytes in memory (estimated size 4.0 MB, free 3.5 GB)
17/03/23 15:15:19 INFO storage.MemoryStore: Block broadcast_4_piece42 stored as bytes in memory (estimated size 4.0 MB, free 3.5 GB)
17/03/23 15:15:19 INFO storage.MemoryStore: Block broadcast_4_piece19 stored as bytes in memory (estimated size 4.0 MB, free 3.5 GB)
17/03/23 15:15:19 INFO storage.MemoryStore: Block broadcast_4_piece73 stored as bytes in memory (estimated size 4.0 MB, free 3.5 GB)
17/03/23 15:15:19 INFO storage.MemoryStore: Block broadcast_4_piece181 stored as bytes in memory (estimated size 4.0 MB, free 3.5 GB)
17/03/23 15:15:19 INFO storage.MemoryStore: Block broadcast_4_piece103 stored as bytes in memory (estimated size 4.0 MB, free 3.5 GB)
17/03/23 15:15:19 INFO storage.MemoryStore: Block broadcast_4_piece172 stored as bytes in memory (estimated size 4.0 MB, free 3.5 GB)
17/03/23 15:15:19 INFO storage.MemoryStore: Block broadcast_4_piece322 stored as bytes in memory (estimated size 4.0 MB, free 3.5 GB)
17/03/23 15:15:19 INFO storage.MemoryStore: Block broadcast_4_piece214 stored as bytes in memory (estimated size 4.0 MB, free 3.5 GB)
17/03/23 15:15:20 INFO storage.MemoryStore: Block broadcast_4_piece117 stored as bytes in memory (estimated size 4.0 MB, free 3.5 GB)
17/03/23 15:15:20 INFO storage.MemoryStore: Block broadcast_4_piece204 stored as bytes in memory (estimated size 4.0 MB, free 3.5 GB)
17/03/23 15:15:20 INFO storage.MemoryStore: Block broadcast_4_piece254 stored as bytes in memory (estimated size 4.0 MB, free 3.5 GB)
17/03/23 15:15:20 INFO storage.MemoryStore: Block broadcast_4_piece38 stored as bytes in memory (estimated size 4.0 MB, free 3.5 GB)
17/03/23 15:15:20 INFO storage.MemoryStore: Block broadcast_4_piece268 stored as bytes in memory (estimated size 4.0 MB, free 3.5 GB)
17/03/23 15:15:20 INFO storage.MemoryStore: Block broadcast_4_piece271 stored as bytes in memory (estimated size 4.0 MB, free 3.5 GB)
17/03/23 15:15:20 INFO storage.MemoryStore: Block broadcast_4_piece234 stored as bytes in memory (estimated size 4.0 MB, free 3.5 GB)
17/03/23 15:15:20 INFO storage.MemoryStore: Block broadcast_4_piece209 stored as bytes in memory (estimated size 4.0 MB, free 3.5 GB)
17/03/23 15:15:20 INFO storage.MemoryStore: Block broadcast_4_piece345 stored as bytes in memory (estimated size 4.0 MB, free 3.6 GB)
17/03/23 15:15:20 INFO storage.MemoryStore: Block broadcast_4_piece58 stored as bytes in memory (estimated size 4.0 MB, free 3.6 GB)
17/03/23 15:15:20 INFO storage.MemoryStore: Block broadcast_4_piece119 stored as bytes in memory (estimated size 4.0 MB, free 3.6 GB)
17/03/23 15:15:20 INFO storage.MemoryStore: Block broadcast_4_piece37 stored as bytes in memory (estimated size 4.0 MB, free 3.6 GB)
17/03/23 15:15:20 INFO storage.MemoryStore: Block broadcast_4_piece26 stored as bytes in memory (estimated size 4.0 MB, free 3.6 GB)
17/03/23 15:15:20 INFO storage.MemoryStore: Block broadcast_4_piece55 stored as bytes in memory (estimated size 4.0 MB, free 3.6 GB)
17/03/23 15:15:20 INFO storage.MemoryStore: Block broadcast_4_piece48 stored as bytes in memory (estimated size 4.0 MB, free 3.6 GB)
17/03/23 15:15:20 INFO storage.MemoryStore: Block broadcast_4_piece162 stored as bytes in memory (estimated size 4.0 MB, free 3.6 GB)
17/03/23 15:15:20 INFO storage.MemoryStore: Block broadcast_4_piece199 stored as bytes in memory (estimated size 4.0 MB, free 3.6 GB)
17/03/23 15:15:20 INFO storage.MemoryStore: Block broadcast_4_piece219 stored as bytes in memory (estimated size 4.0 MB, free 3.6 GB)
17/03/23 15:15:20 INFO storage.MemoryStore: Block broadcast_4_piece155 stored as bytes in memory (estimated size 4.0 MB, free 3.6 GB)
17/03/23 15:15:20 INFO storage.MemoryStore: Block broadcast_4_piece160 stored as bytes in memory (estimated size 4.0 MB, free 3.6 GB)
17/03/23 15:15:20 INFO storage.MemoryStore: Block broadcast_4_piece307 stored as bytes in memory (estimated size 4.0 MB, free 3.6 GB)
17/03/23 15:15:20 INFO storage.MemoryStore: Block broadcast_4_piece113 stored as bytes in memory (estimated size 4.0 MB, free 3.6 GB)
17/03/23 15:15:20 INFO storage.MemoryStore: Block broadcast_4_piece273 stored as bytes in memory (estimated size 4.0 MB, free 3.6 GB)
17/03/23 15:15:20 INFO storage.MemoryStore: Block broadcast_4_piece297 stored as bytes in memory (estimated size 4.0 MB, free 3.6 GB)
17/03/23 15:15:20 INFO storage.MemoryStore: Block broadcast_4_piece164 stored as bytes in memory (estimated size 4.0 MB, free 3.6 GB)
17/03/23 15:15:20 INFO storage.MemoryStore: Block broadcast_4_piece87 stored as bytes in memory (estimated size 4.0 MB, free 3.6 GB)
17/03/23 15:15:20 INFO storage.MemoryStore: Block broadcast_4_piece27 stored as bytes in memory (estimated size 4.0 MB, free 3.6 GB)
17/03/23 15:15:20 INFO storage.MemoryStore: Block broadcast_4_piece196 stored as bytes in memory (estimated size 4.0 MB, free 3.6 GB)
17/03/23 15:15:20 INFO storage.MemoryStore: Block broadcast_4_piece190 stored as bytes in memory (estimated size 4.0 MB, free 3.6 GB)
17/03/23 15:15:20 INFO storage.MemoryStore: Block broadcast_4_piece78 stored as bytes in memory (estimated size 4.0 MB, free 3.6 GB)
17/03/23 15:15:20 INFO storage.MemoryStore: Block broadcast_4_piece21 stored as bytes in memory (estimated size 4.0 MB, free 3.6 GB)
17/03/23 15:15:20 INFO storage.MemoryStore: Block broadcast_4_piece279 stored as bytes in memory (estimated size 4.0 MB, free 3.6 GB)
17/03/23 15:15:20 INFO storage.MemoryStore: Block broadcast_4_piece35 stored as bytes in memory (estimated size 4.0 MB, free 3.6 GB)
17/03/23 15:15:20 INFO storage.MemoryStore: Block broadcast_4_piece116 stored as bytes in memory (estimated size 4.0 MB, free 3.6 GB)
17/03/23 15:15:20 INFO storage.MemoryStore: Block broadcast_4_piece157 stored as bytes in memory (estimated size 4.0 MB, free 3.7 GB)
17/03/23 15:15:20 INFO storage.MemoryStore: Block broadcast_4_piece174 stored as bytes in memory (estimated size 4.0 MB, free 3.7 GB)
17/03/23 15:15:20 INFO storage.MemoryStore: Block broadcast_4_piece91 stored as bytes in memory (estimated size 4.0 MB, free 3.7 GB)
17/03/23 15:15:20 INFO storage.MemoryStore: Block broadcast_4_piece16 stored as bytes in memory (estimated size 4.0 MB, free 3.7 GB)
17/03/23 15:15:20 INFO storage.MemoryStore: Block broadcast_4_piece125 stored as bytes in memory (estimated size 4.0 MB, free 3.7 GB)
17/03/23 15:15:20 INFO storage.MemoryStore: Block broadcast_4_piece88 stored as bytes in memory (estimated size 4.0 MB, free 3.7 GB)
17/03/23 15:15:20 INFO storage.MemoryStore: Block broadcast_4_piece142 stored as bytes in memory (estimated size 4.0 MB, free 3.7 GB)
17/03/23 15:15:20 INFO storage.MemoryStore: Block broadcast_4_piece270 stored as bytes in memory (estimated size 4.0 MB, free 3.7 GB)
17/03/23 15:15:20 INFO storage.MemoryStore: Block broadcast_4_piece218 stored as bytes in memory (estimated size 4.0 MB, free 3.7 GB)
17/03/23 15:15:20 INFO storage.MemoryStore: Block broadcast_4_piece66 stored as bytes in memory (estimated size 4.0 MB, free 3.7 GB)
17/03/23 15:15:20 INFO storage.MemoryStore: Block broadcast_4_piece300 stored as bytes in memory (estimated size 4.0 MB, free 3.7 GB)
17/03/23 15:15:20 INFO storage.MemoryStore: Block broadcast_4_piece232 stored as bytes in memory (estimated size 4.0 MB, free 3.7 GB)
17/03/23 15:15:20 INFO storage.MemoryStore: Block broadcast_4_piece169 stored as bytes in memory (estimated size 4.0 MB, free 3.7 GB)
17/03/23 15:15:21 INFO storage.MemoryStore: Block broadcast_4_piece130 stored as bytes in memory (estimated size 4.0 MB, free 3.7 GB)
17/03/23 15:15:21 INFO storage.MemoryStore: Block broadcast_4_piece23 stored as bytes in memory (estimated size 4.0 MB, free 3.7 GB)
17/03/23 15:15:21 INFO storage.MemoryStore: Block broadcast_4_piece175 stored as bytes in memory (estimated size 4.0 MB, free 3.7 GB)
17/03/23 15:15:21 INFO storage.MemoryStore: Block broadcast_4_piece109 stored as bytes in memory (estimated size 4.0 MB, free 3.7 GB)
17/03/23 15:15:21 INFO storage.MemoryStore: Block broadcast_4_piece320 stored as bytes in memory (estimated size 4.0 MB, free 3.7 GB)
17/03/23 15:15:21 INFO storage.MemoryStore: Block broadcast_4_piece261 stored as bytes in memory (estimated size 4.0 MB, free 3.7 GB)
17/03/23 15:15:21 INFO storage.MemoryStore: Block broadcast_4_piece156 stored as bytes in memory (estimated size 4.0 MB, free 3.7 GB)
17/03/23 15:15:21 INFO storage.MemoryStore: Block broadcast_4_piece8 stored as bytes in memory (estimated size 4.0 MB, free 3.7 GB)
17/03/23 15:15:21 INFO storage.MemoryStore: Block broadcast_4_piece11 stored as bytes in memory (estimated size 4.0 MB, free 3.7 GB)
17/03/23 15:15:21 INFO storage.MemoryStore: Block broadcast_4_piece124 stored as bytes in memory (estimated size 4.0 MB, free 3.7 GB)
17/03/23 15:15:21 INFO storage.MemoryStore: Block broadcast_4_piece50 stored as bytes in memory (estimated size 4.0 MB, free 3.7 GB)
17/03/23 15:15:21 INFO storage.MemoryStore: Block broadcast_4_piece260 stored as bytes in memory (estimated size 4.0 MB, free 3.7 GB)
17/03/23 15:15:21 INFO storage.MemoryStore: Block broadcast_4_piece335 stored as bytes in memory (estimated size 4.0 MB, free 3.8 GB)
17/03/23 15:15:21 INFO storage.MemoryStore: Block broadcast_4_piece347 stored as bytes in memory (estimated size 4.0 MB, free 3.8 GB)
17/03/23 15:15:21 INFO storage.MemoryStore: Block broadcast_4_piece104 stored as bytes in memory (estimated size 4.0 MB, free 3.8 GB)
17/03/23 15:15:21 INFO storage.MemoryStore: Block broadcast_4_piece128 stored as bytes in memory (estimated size 4.0 MB, free 3.8 GB)
17/03/23 15:15:21 INFO storage.MemoryStore: Block broadcast_4_piece337 stored as bytes in memory (estimated size 4.0 MB, free 3.8 GB)
17/03/23 15:15:21 INFO storage.MemoryStore: Block broadcast_4_piece205 stored as bytes in memory (estimated size 4.0 MB, free 3.8 GB)
17/03/23 15:15:21 INFO storage.MemoryStore: Block broadcast_4_piece30 stored as bytes in memory (estimated size 4.0 MB, free 3.8 GB)
17/03/23 15:15:21 INFO storage.MemoryStore: Block broadcast_4_piece233 stored as bytes in memory (estimated size 4.0 MB, free 3.8 GB)
17/03/23 15:15:21 INFO storage.MemoryStore: Block broadcast_4_piece28 stored as bytes in memory (estimated size 4.0 MB, free 3.8 GB)
17/03/23 15:15:21 INFO storage.MemoryStore: Block broadcast_4_piece303 stored as bytes in memory (estimated size 4.0 MB, free 3.8 GB)
17/03/23 15:15:21 INFO storage.MemoryStore: Block broadcast_4_piece221 stored as bytes in memory (estimated size 4.0 MB, free 3.8 GB)
17/03/23 15:15:21 INFO storage.MemoryStore: Block broadcast_4_piece346 stored as bytes in memory (estimated size 4.0 MB, free 3.8 GB)
17/03/23 15:15:21 INFO storage.MemoryStore: Block broadcast_4_piece94 stored as bytes in memory (estimated size 4.0 MB, free 3.8 GB)
17/03/23 15:15:21 INFO storage.MemoryStore: Block broadcast_4_piece186 stored as bytes in memory (estimated size 4.0 MB, free 3.8 GB)
17/03/23 15:15:21 INFO storage.MemoryStore: Block broadcast_4_piece126 stored as bytes in memory (estimated size 4.0 MB, free 3.8 GB)
17/03/23 15:15:21 INFO storage.MemoryStore: Block broadcast_4_piece5 stored as bytes in memory (estimated size 4.0 MB, free 3.8 GB)
17/03/23 15:15:21 INFO storage.MemoryStore: Block broadcast_4_piece59 stored as bytes in memory (estimated size 4.0 MB, free 3.8 GB)
17/03/23 15:15:21 INFO storage.MemoryStore: Block broadcast_4_piece20 stored as bytes in memory (estimated size 4.0 MB, free 3.8 GB)
17/03/23 15:15:21 INFO storage.MemoryStore: Block broadcast_4_piece29 stored as bytes in memory (estimated size 4.0 MB, free 3.8 GB)
17/03/23 15:15:21 INFO storage.MemoryStore: Block broadcast_4_piece13 stored as bytes in memory (estimated size 4.0 MB, free 3.8 GB)
17/03/23 15:15:21 INFO storage.MemoryStore: Block broadcast_4_piece336 stored as bytes in memory (estimated size 4.0 MB, free 3.8 GB)
17/03/23 15:15:21 INFO storage.MemoryStore: Block broadcast_4_piece315 stored as bytes in memory (estimated size 4.0 MB, free 3.8 GB)
17/03/23 15:15:21 INFO storage.MemoryStore: Block broadcast_4_piece264 stored as bytes in memory (estimated size 4.0 MB, free 3.8 GB)
17/03/23 15:15:21 INFO storage.MemoryStore: Block broadcast_4_piece139 stored as bytes in memory (estimated size 4.0 MB, free 3.8 GB)
17/03/23 15:15:21 INFO storage.MemoryStore: Block broadcast_4_piece153 stored as bytes in memory (estimated size 4.0 MB, free 3.8 GB)
17/03/23 15:15:21 INFO storage.MemoryStore: Block broadcast_4_piece296 stored as bytes in memory (estimated size 4.0 MB, free 3.8 GB)
17/03/23 15:15:21 INFO storage.MemoryStore: Block broadcast_4_piece183 stored as bytes in memory (estimated size 4.0 MB, free 3.9 GB)
17/03/23 15:15:21 INFO storage.MemoryStore: Block broadcast_4_piece299 stored as bytes in memory (estimated size 4.0 MB, free 3.9 GB)
17/03/23 15:15:21 INFO storage.MemoryStore: Block broadcast_4_piece108 stored as bytes in memory (estimated size 4.0 MB, free 3.9 GB)
17/03/23 15:15:21 INFO storage.MemoryStore: Block broadcast_4_piece81 stored as bytes in memory (estimated size 4.0 MB, free 3.9 GB)
17/03/23 15:15:21 INFO storage.MemoryStore: Block broadcast_4_piece236 stored as bytes in memory (estimated size 4.0 MB, free 3.9 GB)
17/03/23 15:15:21 INFO storage.MemoryStore: Block broadcast_4_piece184 stored as bytes in memory (estimated size 4.0 MB, free 3.9 GB)
17/03/23 15:15:21 INFO storage.MemoryStore: Block broadcast_4_piece302 stored as bytes in memory (estimated size 4.0 MB, free 3.9 GB)
17/03/23 15:15:21 INFO storage.MemoryStore: Block broadcast_4_piece6 stored as bytes in memory (estimated size 4.0 MB, free 3.9 GB)
17/03/23 15:15:21 INFO storage.MemoryStore: Block broadcast_4_piece339 stored as bytes in memory (estimated size 4.0 MB, free 3.9 GB)
17/03/23 15:15:21 INFO storage.MemoryStore: Block broadcast_4_piece226 stored as bytes in memory (estimated size 4.0 MB, free 3.9 GB)
17/03/23 15:15:21 INFO storage.MemoryStore: Block broadcast_4_piece281 stored as bytes in memory (estimated size 4.0 MB, free 3.9 GB)
17/03/23 15:15:21 INFO storage.MemoryStore: Block broadcast_4_piece239 stored as bytes in memory (estimated size 4.0 MB, free 3.9 GB)
17/03/23 15:15:22 INFO storage.MemoryStore: Block broadcast_4_piece102 stored as bytes in memory (estimated size 4.0 MB, free 3.9 GB)
17/03/23 15:15:22 INFO storage.MemoryStore: Block broadcast_4_piece245 stored as bytes in memory (estimated size 4.0 MB, free 3.9 GB)
17/03/23 15:15:22 INFO storage.MemoryStore: Block broadcast_4_piece18 stored as bytes in memory (estimated size 4.0 MB, free 3.9 GB)
17/03/23 15:15:22 INFO storage.MemoryStore: Block broadcast_4_piece293 stored as bytes in memory (estimated size 4.0 MB, free 3.9 GB)
17/03/23 15:15:22 INFO storage.MemoryStore: Block broadcast_4_piece132 stored as bytes in memory (estimated size 4.0 MB, free 3.9 GB)
17/03/23 15:15:22 INFO storage.MemoryStore: Block broadcast_4_piece77 stored as bytes in memory (estimated size 4.0 MB, free 3.9 GB)
17/03/23 15:15:22 INFO storage.MemoryStore: Block broadcast_4_piece215 stored as bytes in memory (estimated size 4.0 MB, free 3.9 GB)
17/03/23 15:15:22 INFO storage.MemoryStore: Block broadcast_4_piece36 stored as bytes in memory (estimated size 4.0 MB, free 3.9 GB)
17/03/23 15:15:22 INFO storage.MemoryStore: Block broadcast_4_piece106 stored as bytes in memory (estimated size 4.0 MB, free 3.9 GB)
17/03/23 15:15:22 INFO storage.MemoryStore: Block broadcast_4_piece129 stored as bytes in memory (estimated size 4.0 MB, free 3.9 GB)
17/03/23 15:15:22 INFO storage.MemoryStore: Block broadcast_4_piece147 stored as bytes in memory (estimated size 4.0 MB, free 3.9 GB)
17/03/23 15:15:22 INFO storage.MemoryStore: Block broadcast_4_piece140 stored as bytes in memory (estimated size 4.0 MB, free 3.9 GB)
17/03/23 15:15:22 INFO storage.MemoryStore: Block broadcast_4_piece75 stored as bytes in memory (estimated size 4.0 MB, free 3.9 GB)
17/03/23 15:15:22 INFO storage.MemoryStore: Block broadcast_4_piece152 stored as bytes in memory (estimated size 4.0 MB, free 4.0 GB)
17/03/23 15:15:22 INFO storage.MemoryStore: Block broadcast_4_piece188 stored as bytes in memory (estimated size 4.0 MB, free 4.0 GB)
17/03/23 15:15:22 INFO storage.MemoryStore: Block broadcast_4_piece282 stored as bytes in memory (estimated size 4.0 MB, free 4.0 GB)
17/03/23 15:15:22 INFO storage.MemoryStore: Block broadcast_4_piece350 stored as bytes in memory (estimated size 2.7 MB, free 4.0 GB)
17/03/23 15:15:22 INFO storage.MemoryStore: Block broadcast_4_piece32 stored as bytes in memory (estimated size 4.0 MB, free 4.0 GB)
17/03/23 15:15:22 INFO storage.MemoryStore: Block broadcast_4_piece291 stored as bytes in memory (estimated size 4.0 MB, free 4.0 GB)
17/03/23 15:15:22 INFO storage.MemoryStore: Block broadcast_4_piece65 stored as bytes in memory (estimated size 4.0 MB, free 4.0 GB)
17/03/23 15:15:22 INFO storage.MemoryStore: Block broadcast_4_piece278 stored as bytes in memory (estimated size 4.0 MB, free 4.0 GB)
17/03/23 15:15:22 INFO storage.MemoryStore: Block broadcast_4_piece99 stored as bytes in memory (estimated size 4.0 MB, free 4.0 GB)
17/03/23 15:15:22 INFO storage.MemoryStore: Block broadcast_4_piece54 stored as bytes in memory (estimated size 4.0 MB, free 4.0 GB)
17/03/23 15:15:22 INFO storage.MemoryStore: Block broadcast_4_piece61 stored as bytes in memory (estimated size 4.0 MB, free 4.0 GB)
17/03/23 15:15:22 INFO storage.MemoryStore: Block broadcast_4_piece105 stored as bytes in memory (estimated size 4.0 MB, free 4.0 GB)
17/03/23 15:15:22 INFO storage.MemoryStore: Block broadcast_4_piece141 stored as bytes in memory (estimated size 4.0 MB, free 4.0 GB)
17/03/23 15:15:22 INFO storage.MemoryStore: Block broadcast_4_piece255 stored as bytes in memory (estimated size 4.0 MB, free 4.0 GB)
17/03/23 15:15:22 INFO storage.MemoryStore: Block broadcast_4_piece135 stored as bytes in memory (estimated size 4.0 MB, free 4.0 GB)
17/03/23 15:15:22 INFO storage.MemoryStore: Block broadcast_4_piece40 stored as bytes in memory (estimated size 4.0 MB, free 4.0 GB)
17/03/23 15:15:22 INFO storage.MemoryStore: Block broadcast_4_piece272 stored as bytes in memory (estimated size 4.0 MB, free 4.0 GB)
17/03/23 15:15:22 INFO storage.MemoryStore: Block broadcast_4_piece308 stored as bytes in memory (estimated size 4.0 MB, free 4.0 GB)
17/03/23 15:15:22 INFO storage.MemoryStore: Block broadcast_4_piece269 stored as bytes in memory (estimated size 4.0 MB, free 4.0 GB)
17/03/23 15:15:22 INFO storage.MemoryStore: Block broadcast_4_piece229 stored as bytes in memory (estimated size 4.0 MB, free 4.0 GB)
17/03/23 15:15:22 INFO storage.MemoryStore: Block broadcast_4_piece203 stored as bytes in memory (estimated size 4.0 MB, free 4.0 GB)
17/03/23 15:15:22 INFO storage.MemoryStore: Block broadcast_4_piece224 stored as bytes in memory (estimated size 4.0 MB, free 4.0 GB)
17/03/23 15:15:22 INFO storage.MemoryStore: Block broadcast_4_piece230 stored as bytes in memory (estimated size 4.0 MB, free 4.0 GB)
17/03/23 15:15:22 INFO storage.MemoryStore: Block broadcast_4_piece39 stored as bytes in memory (estimated size 4.0 MB, free 4.0 GB)
17/03/23 15:15:22 INFO storage.MemoryStore: Block broadcast_4_piece47 stored as bytes in memory (estimated size 4.0 MB, free 4.0 GB)
17/03/23 15:15:22 INFO storage.MemoryStore: Block broadcast_4_piece115 stored as bytes in memory (estimated size 4.0 MB, free 4.0 GB)
17/03/23 15:15:23 INFO storage.MemoryStore: Block broadcast_4_piece313 stored as bytes in memory (estimated size 4.0 MB, free 4.1 GB)
17/03/23 15:15:23 INFO storage.MemoryStore: Block broadcast_4_piece191 stored as bytes in memory (estimated size 4.0 MB, free 4.1 GB)
17/03/23 15:15:23 INFO storage.MemoryStore: Block broadcast_4_piece348 stored as bytes in memory (estimated size 4.0 MB, free 4.1 GB)
17/03/23 15:15:23 INFO storage.MemoryStore: Block broadcast_4_piece338 stored as bytes in memory (estimated size 4.0 MB, free 4.1 GB)
17/03/23 15:15:23 INFO storage.MemoryStore: Block broadcast_4_piece177 stored as bytes in memory (estimated size 4.0 MB, free 4.1 GB)
17/03/23 15:15:23 INFO storage.MemoryStore: Block broadcast_4_piece223 stored as bytes in memory (estimated size 4.0 MB, free 4.1 GB)
17/03/23 15:15:23 INFO storage.MemoryStore: Block broadcast_4_piece342 stored as bytes in memory (estimated size 4.0 MB, free 4.1 GB)
17/03/23 15:15:23 INFO storage.MemoryStore: Block broadcast_4_piece325 stored as bytes in memory (estimated size 4.0 MB, free 4.1 GB)
17/03/23 15:15:23 INFO storage.MemoryStore: Block broadcast_4_piece316 stored as bytes in memory (estimated size 4.0 MB, free 4.1 GB)
17/03/23 15:15:23 INFO storage.MemoryStore: Block broadcast_4_piece52 stored as bytes in memory (estimated size 4.0 MB, free 4.1 GB)
17/03/23 15:15:23 INFO storage.MemoryStore: Block broadcast_4_piece166 stored as bytes in memory (estimated size 4.0 MB, free 4.1 GB)
17/03/23 15:15:23 INFO storage.MemoryStore: Block broadcast_4_piece70 stored as bytes in memory (estimated size 4.0 MB, free 4.1 GB)
17/03/23 15:15:23 INFO storage.MemoryStore: Block broadcast_4_piece86 stored as bytes in memory (estimated size 4.0 MB, free 4.1 GB)
17/03/23 15:15:23 INFO storage.MemoryStore: Block broadcast_4_piece151 stored as bytes in memory (estimated size 4.0 MB, free 4.1 GB)
17/03/23 15:15:23 INFO storage.MemoryStore: Block broadcast_4_piece89 stored as bytes in memory (estimated size 4.0 MB, free 4.1 GB)
17/03/23 15:15:23 INFO storage.MemoryStore: Block broadcast_4_piece179 stored as bytes in memory (estimated size 4.0 MB, free 4.1 GB)
17/03/23 15:15:23 INFO broadcast.TorrentBroadcast: Reading broadcast variable 4 took 6977 ms
17/03/23 15:15:40 INFO storage.MemoryStore: Block broadcast_4 stored as values in memory (estimated size 384.0 B, free 4.1 GB)
17/03/23 15:15:41 ERROR executor.CoarseGrainedExecutorBackend: RECEIVED SIGNAL 15: SIGTERM
17/03/23 15:15:41 INFO storage.DiskBlockManager: Shutdown hook called
17/03/23 15:15:41 INFO util.ShutdownHookManager: Shutdown hook called
17/03/23 15:15:41 INFO util.ShutdownHookManager: Deleting directory /opt/hdfs/nodemanager/usercache/curi/appcache/application_1485248649253_0039/spark-d5bcf728-8848-4f48-a39b-003fd6b1c48d
