17/03/16 17:53:44 INFO executor.CoarseGrainedExecutorBackend: Registered signal handlers for [TERM, HUP, INT]
17/03/16 17:53:44 INFO spark.SecurityManager: Changing view acls to: yarn,curi
17/03/16 17:53:44 INFO spark.SecurityManager: Changing modify acls to: yarn,curi
17/03/16 17:53:44 INFO spark.SecurityManager: SecurityManager: authentication disabled; ui acls disabled; users with view permissions: Set(yarn, curi); users with modify permissions: Set(yarn, curi)
17/03/16 17:53:45 INFO spark.SecurityManager: Changing view acls to: yarn,curi
17/03/16 17:53:45 INFO spark.SecurityManager: Changing modify acls to: yarn,curi
17/03/16 17:53:45 INFO spark.SecurityManager: SecurityManager: authentication disabled; ui acls disabled; users with view permissions: Set(yarn, curi); users with modify permissions: Set(yarn, curi)
17/03/16 17:53:45 INFO slf4j.Slf4jLogger: Slf4jLogger started
17/03/16 17:53:46 INFO Remoting: Starting remoting
17/03/16 17:53:46 INFO Remoting: Remoting started; listening on addresses :[akka.tcp://sparkExecutorActorSystem@mesos-slave-17:51665]
17/03/16 17:53:46 INFO util.Utils: Successfully started service 'sparkExecutorActorSystem' on port 51665.
17/03/16 17:53:46 INFO storage.DiskBlockManager: Created local directory at /opt/hdfs/nodemanager/usercache/curi/appcache/application_1485248649253_0030/blockmgr-7d52837c-071e-4ebb-a44c-4d9b22913718
17/03/16 17:53:46 INFO storage.MemoryStore: MemoryStore started with capacity 14.2 GB
17/03/16 17:53:46 INFO executor.CoarseGrainedExecutorBackend: Connecting to driver: spark://CoarseGrainedScheduler@10.10.34.38:36751
17/03/16 17:53:46 INFO executor.CoarseGrainedExecutorBackend: Successfully registered with driver
17/03/16 17:53:46 INFO executor.Executor: Starting executor ID 2 on host mesos-slave-17
17/03/16 17:53:46 INFO util.Utils: Successfully started service 'org.apache.spark.network.netty.NettyBlockTransferService' on port 47587.
17/03/16 17:53:46 INFO netty.NettyBlockTransferService: Server created on 47587
17/03/16 17:53:46 INFO storage.BlockManagerMaster: Trying to register BlockManager
17/03/16 17:53:46 INFO storage.BlockManagerMaster: Registered BlockManager
17/03/16 18:01:24 INFO executor.CoarseGrainedExecutorBackend: Got assigned task 6
17/03/16 18:01:24 INFO executor.Executor: Running task 4.0 in stage 1.0 (TID 6)
17/03/16 18:01:24 INFO executor.CoarseGrainedExecutorBackend: Got assigned task 12
17/03/16 18:01:24 INFO executor.Executor: Running task 10.0 in stage 1.0 (TID 12)
17/03/16 18:01:24 INFO executor.CoarseGrainedExecutorBackend: Got assigned task 18
17/03/16 18:01:24 INFO executor.Executor: Running task 16.0 in stage 1.0 (TID 18)
17/03/16 18:01:24 INFO executor.CoarseGrainedExecutorBackend: Got assigned task 24
17/03/16 18:01:24 INFO executor.Executor: Running task 22.0 in stage 1.0 (TID 24)
17/03/16 18:01:24 INFO executor.CoarseGrainedExecutorBackend: Got assigned task 30
17/03/16 18:01:24 INFO executor.Executor: Running task 28.0 in stage 1.0 (TID 30)
17/03/16 18:01:24 INFO executor.CoarseGrainedExecutorBackend: Got assigned task 36
17/03/16 18:01:24 INFO executor.Executor: Running task 34.0 in stage 1.0 (TID 36)
17/03/16 18:01:24 INFO executor.CoarseGrainedExecutorBackend: Got assigned task 42
17/03/16 18:01:24 INFO executor.Executor: Running task 40.0 in stage 1.0 (TID 42)
17/03/16 18:01:24 INFO executor.CoarseGrainedExecutorBackend: Got assigned task 48
17/03/16 18:01:24 INFO executor.Executor: Running task 46.0 in stage 1.0 (TID 48)
17/03/16 18:01:24 INFO broadcast.TorrentBroadcast: Started reading broadcast variable 3
17/03/16 18:01:24 INFO storage.MemoryStore: Block broadcast_3_piece0 stored as bytes in memory (estimated size 5.4 KB, free 5.4 KB)
17/03/16 18:01:24 INFO broadcast.TorrentBroadcast: Reading broadcast variable 3 took 91 ms
17/03/16 18:01:24 INFO storage.MemoryStore: Block broadcast_3 stored as values in memory (estimated size 8.6 KB, free 14.0 KB)
17/03/16 18:01:25 INFO broadcast.TorrentBroadcast: Started reading broadcast variable 2
17/03/16 18:01:25 INFO storage.MemoryStore: Block broadcast_2_piece65 stored as bytes in memory (estimated size 4.0 MB, free 4.0 MB)
17/03/16 18:01:25 INFO storage.MemoryStore: Block broadcast_2_piece54 stored as bytes in memory (estimated size 4.0 MB, free 8.0 MB)
17/03/16 18:01:25 INFO storage.MemoryStore: Block broadcast_2_piece56 stored as bytes in memory (estimated size 4.0 MB, free 12.0 MB)
17/03/16 18:01:25 INFO storage.MemoryStore: Block broadcast_2_piece93 stored as bytes in memory (estimated size 4.0 MB, free 16.0 MB)
17/03/16 18:01:25 INFO storage.MemoryStore: Block broadcast_2_piece105 stored as bytes in memory (estimated size 838.9 KB, free 16.8 MB)
17/03/16 18:01:25 INFO storage.MemoryStore: Block broadcast_2_piece30 stored as bytes in memory (estimated size 4.0 MB, free 20.8 MB)
17/03/16 18:01:25 INFO storage.MemoryStore: Block broadcast_2_piece88 stored as bytes in memory (estimated size 4.0 MB, free 24.8 MB)
17/03/16 18:01:25 INFO storage.MemoryStore: Block broadcast_2_piece64 stored as bytes in memory (estimated size 4.0 MB, free 28.8 MB)
17/03/16 18:01:25 INFO storage.MemoryStore: Block broadcast_2_piece14 stored as bytes in memory (estimated size 4.0 MB, free 32.8 MB)
17/03/16 18:01:25 INFO storage.MemoryStore: Block broadcast_2_piece39 stored as bytes in memory (estimated size 4.0 MB, free 36.8 MB)
17/03/16 18:01:25 INFO storage.MemoryStore: Block broadcast_2_piece61 stored as bytes in memory (estimated size 4.0 MB, free 40.8 MB)
17/03/16 18:01:25 INFO storage.MemoryStore: Block broadcast_2_piece37 stored as bytes in memory (estimated size 4.0 MB, free 44.8 MB)
17/03/16 18:01:26 INFO storage.MemoryStore: Block broadcast_2_piece43 stored as bytes in memory (estimated size 4.0 MB, free 48.8 MB)
17/03/16 18:01:26 INFO storage.MemoryStore: Block broadcast_2_piece57 stored as bytes in memory (estimated size 4.0 MB, free 52.8 MB)
17/03/16 18:01:26 INFO storage.MemoryStore: Block broadcast_2_piece96 stored as bytes in memory (estimated size 4.0 MB, free 56.8 MB)
17/03/16 18:01:26 INFO storage.MemoryStore: Block broadcast_2_piece85 stored as bytes in memory (estimated size 4.0 MB, free 60.8 MB)
17/03/16 18:01:26 INFO storage.MemoryStore: Block broadcast_2_piece62 stored as bytes in memory (estimated size 4.0 MB, free 64.8 MB)
17/03/16 18:01:26 INFO storage.MemoryStore: Block broadcast_2_piece58 stored as bytes in memory (estimated size 4.0 MB, free 68.8 MB)
17/03/16 18:01:26 INFO storage.MemoryStore: Block broadcast_2_piece52 stored as bytes in memory (estimated size 4.0 MB, free 72.8 MB)
17/03/16 18:01:26 INFO storage.MemoryStore: Block broadcast_2_piece79 stored as bytes in memory (estimated size 4.0 MB, free 76.8 MB)
17/03/16 18:01:26 INFO storage.MemoryStore: Block broadcast_2_piece4 stored as bytes in memory (estimated size 4.0 MB, free 80.8 MB)
17/03/16 18:01:26 INFO storage.MemoryStore: Block broadcast_2_piece87 stored as bytes in memory (estimated size 4.0 MB, free 84.8 MB)
17/03/16 18:01:26 INFO storage.MemoryStore: Block broadcast_2_piece5 stored as bytes in memory (estimated size 4.0 MB, free 88.8 MB)
17/03/16 18:01:26 INFO storage.MemoryStore: Block broadcast_2_piece32 stored as bytes in memory (estimated size 4.0 MB, free 92.8 MB)
17/03/16 18:01:26 INFO storage.MemoryStore: Block broadcast_2_piece80 stored as bytes in memory (estimated size 4.0 MB, free 96.8 MB)
17/03/16 18:01:26 INFO storage.MemoryStore: Block broadcast_2_piece35 stored as bytes in memory (estimated size 4.0 MB, free 100.8 MB)
17/03/16 18:01:26 INFO storage.MemoryStore: Block broadcast_2_piece55 stored as bytes in memory (estimated size 4.0 MB, free 104.8 MB)
17/03/16 18:01:26 INFO storage.MemoryStore: Block broadcast_2_piece34 stored as bytes in memory (estimated size 4.0 MB, free 108.8 MB)
17/03/16 18:01:26 INFO storage.MemoryStore: Block broadcast_2_piece15 stored as bytes in memory (estimated size 4.0 MB, free 112.8 MB)
17/03/16 18:01:26 INFO storage.MemoryStore: Block broadcast_2_piece67 stored as bytes in memory (estimated size 4.0 MB, free 116.8 MB)
17/03/16 18:01:26 INFO storage.MemoryStore: Block broadcast_2_piece12 stored as bytes in memory (estimated size 4.0 MB, free 120.8 MB)
17/03/16 18:01:26 INFO storage.MemoryStore: Block broadcast_2_piece103 stored as bytes in memory (estimated size 4.0 MB, free 124.8 MB)
17/03/16 18:01:26 INFO storage.MemoryStore: Block broadcast_2_piece25 stored as bytes in memory (estimated size 4.0 MB, free 128.8 MB)
17/03/16 18:01:26 INFO storage.MemoryStore: Block broadcast_2_piece91 stored as bytes in memory (estimated size 4.0 MB, free 132.8 MB)
17/03/16 18:01:26 INFO storage.MemoryStore: Block broadcast_2_piece77 stored as bytes in memory (estimated size 4.0 MB, free 136.8 MB)
17/03/16 18:01:26 INFO storage.MemoryStore: Block broadcast_2_piece21 stored as bytes in memory (estimated size 4.0 MB, free 140.8 MB)
17/03/16 18:01:26 INFO storage.MemoryStore: Block broadcast_2_piece69 stored as bytes in memory (estimated size 4.0 MB, free 144.8 MB)
17/03/16 18:01:26 INFO storage.MemoryStore: Block broadcast_2_piece28 stored as bytes in memory (estimated size 4.0 MB, free 148.8 MB)
17/03/16 18:01:26 INFO storage.MemoryStore: Block broadcast_2_piece13 stored as bytes in memory (estimated size 4.0 MB, free 152.8 MB)
17/03/16 18:01:26 INFO storage.MemoryStore: Block broadcast_2_piece66 stored as bytes in memory (estimated size 4.0 MB, free 156.8 MB)
17/03/16 18:01:26 INFO storage.MemoryStore: Block broadcast_2_piece16 stored as bytes in memory (estimated size 4.0 MB, free 160.8 MB)
17/03/16 18:01:26 INFO storage.MemoryStore: Block broadcast_2_piece53 stored as bytes in memory (estimated size 4.0 MB, free 164.8 MB)
17/03/16 18:01:26 INFO storage.MemoryStore: Block broadcast_2_piece42 stored as bytes in memory (estimated size 4.0 MB, free 168.8 MB)
17/03/16 18:01:26 INFO storage.MemoryStore: Block broadcast_2_piece90 stored as bytes in memory (estimated size 4.0 MB, free 172.8 MB)
17/03/16 18:01:26 INFO storage.MemoryStore: Block broadcast_2_piece50 stored as bytes in memory (estimated size 4.0 MB, free 176.8 MB)
17/03/16 18:01:26 INFO storage.MemoryStore: Block broadcast_2_piece98 stored as bytes in memory (estimated size 4.0 MB, free 180.8 MB)
17/03/16 18:01:26 INFO storage.MemoryStore: Block broadcast_2_piece27 stored as bytes in memory (estimated size 4.0 MB, free 184.8 MB)
17/03/16 18:01:26 INFO storage.MemoryStore: Block broadcast_2_piece47 stored as bytes in memory (estimated size 4.0 MB, free 188.8 MB)
17/03/16 18:01:26 INFO storage.MemoryStore: Block broadcast_2_piece6 stored as bytes in memory (estimated size 4.0 MB, free 192.8 MB)
17/03/16 18:01:27 INFO storage.MemoryStore: Block broadcast_2_piece48 stored as bytes in memory (estimated size 4.0 MB, free 196.8 MB)
17/03/16 18:01:27 INFO storage.MemoryStore: Block broadcast_2_piece29 stored as bytes in memory (estimated size 4.0 MB, free 200.8 MB)
17/03/16 18:01:27 INFO storage.MemoryStore: Block broadcast_2_piece11 stored as bytes in memory (estimated size 4.0 MB, free 204.8 MB)
17/03/16 18:01:27 INFO storage.MemoryStore: Block broadcast_2_piece73 stored as bytes in memory (estimated size 4.0 MB, free 208.8 MB)
17/03/16 18:01:27 INFO storage.MemoryStore: Block broadcast_2_piece9 stored as bytes in memory (estimated size 4.0 MB, free 212.8 MB)
17/03/16 18:01:27 INFO storage.MemoryStore: Block broadcast_2_piece38 stored as bytes in memory (estimated size 4.0 MB, free 216.8 MB)
17/03/16 18:01:27 INFO storage.MemoryStore: Block broadcast_2_piece102 stored as bytes in memory (estimated size 4.0 MB, free 220.8 MB)
17/03/16 18:01:27 INFO storage.MemoryStore: Block broadcast_2_piece94 stored as bytes in memory (estimated size 4.0 MB, free 224.8 MB)
17/03/16 18:01:27 INFO storage.MemoryStore: Block broadcast_2_piece1 stored as bytes in memory (estimated size 4.0 MB, free 228.8 MB)
17/03/16 18:01:27 INFO storage.MemoryStore: Block broadcast_2_piece10 stored as bytes in memory (estimated size 4.0 MB, free 232.8 MB)
17/03/16 18:01:27 INFO storage.MemoryStore: Block broadcast_2_piece49 stored as bytes in memory (estimated size 4.0 MB, free 236.8 MB)
17/03/16 18:01:27 INFO storage.MemoryStore: Block broadcast_2_piece101 stored as bytes in memory (estimated size 4.0 MB, free 240.8 MB)
17/03/16 18:01:27 INFO storage.MemoryStore: Block broadcast_2_piece44 stored as bytes in memory (estimated size 4.0 MB, free 244.8 MB)
17/03/16 18:01:27 INFO storage.MemoryStore: Block broadcast_2_piece82 stored as bytes in memory (estimated size 4.0 MB, free 248.8 MB)
17/03/16 18:01:27 INFO storage.MemoryStore: Block broadcast_2_piece19 stored as bytes in memory (estimated size 4.0 MB, free 252.8 MB)
17/03/16 18:01:27 INFO storage.MemoryStore: Block broadcast_2_piece46 stored as bytes in memory (estimated size 4.0 MB, free 256.8 MB)
17/03/16 18:01:27 INFO storage.MemoryStore: Block broadcast_2_piece104 stored as bytes in memory (estimated size 4.0 MB, free 260.8 MB)
17/03/16 18:01:27 INFO storage.MemoryStore: Block broadcast_2_piece18 stored as bytes in memory (estimated size 4.0 MB, free 264.8 MB)
17/03/16 18:01:27 INFO storage.MemoryStore: Block broadcast_2_piece95 stored as bytes in memory (estimated size 4.0 MB, free 268.8 MB)
17/03/16 18:01:27 INFO storage.MemoryStore: Block broadcast_2_piece81 stored as bytes in memory (estimated size 4.0 MB, free 272.8 MB)
17/03/16 18:01:27 INFO storage.MemoryStore: Block broadcast_2_piece36 stored as bytes in memory (estimated size 4.0 MB, free 276.8 MB)
17/03/16 18:01:27 INFO storage.MemoryStore: Block broadcast_2_piece17 stored as bytes in memory (estimated size 4.0 MB, free 280.8 MB)
17/03/16 18:01:27 INFO storage.MemoryStore: Block broadcast_2_piece0 stored as bytes in memory (estimated size 4.0 MB, free 284.8 MB)
17/03/16 18:01:27 INFO storage.MemoryStore: Block broadcast_2_piece92 stored as bytes in memory (estimated size 4.0 MB, free 288.8 MB)
17/03/16 18:01:27 INFO storage.MemoryStore: Block broadcast_2_piece89 stored as bytes in memory (estimated size 4.0 MB, free 292.8 MB)
17/03/16 18:01:27 INFO storage.MemoryStore: Block broadcast_2_piece31 stored as bytes in memory (estimated size 4.0 MB, free 296.8 MB)
17/03/16 18:01:27 INFO storage.MemoryStore: Block broadcast_2_piece40 stored as bytes in memory (estimated size 4.0 MB, free 300.8 MB)
17/03/16 18:01:27 INFO storage.MemoryStore: Block broadcast_2_piece7 stored as bytes in memory (estimated size 4.0 MB, free 304.8 MB)
17/03/16 18:01:27 INFO storage.MemoryStore: Block broadcast_2_piece70 stored as bytes in memory (estimated size 4.0 MB, free 308.8 MB)
17/03/16 18:01:27 INFO storage.MemoryStore: Block broadcast_2_piece23 stored as bytes in memory (estimated size 4.0 MB, free 312.8 MB)
17/03/16 18:01:27 INFO storage.MemoryStore: Block broadcast_2_piece84 stored as bytes in memory (estimated size 4.0 MB, free 316.8 MB)
17/03/16 18:01:27 INFO storage.MemoryStore: Block broadcast_2_piece75 stored as bytes in memory (estimated size 4.0 MB, free 320.8 MB)
17/03/16 18:01:27 INFO storage.MemoryStore: Block broadcast_2_piece99 stored as bytes in memory (estimated size 4.0 MB, free 324.8 MB)
17/03/16 18:01:27 INFO storage.MemoryStore: Block broadcast_2_piece63 stored as bytes in memory (estimated size 4.0 MB, free 328.8 MB)
17/03/16 18:01:27 INFO storage.MemoryStore: Block broadcast_2_piece51 stored as bytes in memory (estimated size 4.0 MB, free 332.8 MB)
17/03/16 18:01:27 INFO storage.MemoryStore: Block broadcast_2_piece24 stored as bytes in memory (estimated size 4.0 MB, free 336.8 MB)
17/03/16 18:01:27 INFO storage.MemoryStore: Block broadcast_2_piece60 stored as bytes in memory (estimated size 4.0 MB, free 340.8 MB)
17/03/16 18:01:27 INFO storage.MemoryStore: Block broadcast_2_piece8 stored as bytes in memory (estimated size 4.0 MB, free 344.8 MB)
17/03/16 18:01:27 INFO storage.MemoryStore: Block broadcast_2_piece68 stored as bytes in memory (estimated size 4.0 MB, free 348.8 MB)
17/03/16 18:01:27 INFO storage.MemoryStore: Block broadcast_2_piece83 stored as bytes in memory (estimated size 4.0 MB, free 352.8 MB)
17/03/16 18:01:27 INFO storage.MemoryStore: Block broadcast_2_piece41 stored as bytes in memory (estimated size 4.0 MB, free 356.8 MB)
17/03/16 18:01:27 INFO storage.MemoryStore: Block broadcast_2_piece2 stored as bytes in memory (estimated size 4.0 MB, free 360.8 MB)
17/03/16 18:01:27 INFO storage.MemoryStore: Block broadcast_2_piece20 stored as bytes in memory (estimated size 4.0 MB, free 364.8 MB)
17/03/16 18:01:27 INFO storage.MemoryStore: Block broadcast_2_piece74 stored as bytes in memory (estimated size 4.0 MB, free 368.8 MB)
17/03/16 18:01:28 INFO storage.MemoryStore: Block broadcast_2_piece26 stored as bytes in memory (estimated size 4.0 MB, free 372.8 MB)
17/03/16 18:01:28 INFO storage.MemoryStore: Block broadcast_2_piece100 stored as bytes in memory (estimated size 4.0 MB, free 376.8 MB)
17/03/16 18:01:28 INFO storage.MemoryStore: Block broadcast_2_piece33 stored as bytes in memory (estimated size 4.0 MB, free 380.8 MB)
17/03/16 18:01:28 INFO storage.MemoryStore: Block broadcast_2_piece3 stored as bytes in memory (estimated size 4.0 MB, free 384.8 MB)
17/03/16 18:01:28 INFO storage.MemoryStore: Block broadcast_2_piece45 stored as bytes in memory (estimated size 4.0 MB, free 388.8 MB)
17/03/16 18:01:28 INFO storage.MemoryStore: Block broadcast_2_piece76 stored as bytes in memory (estimated size 4.0 MB, free 392.8 MB)
17/03/16 18:01:28 INFO storage.MemoryStore: Block broadcast_2_piece72 stored as bytes in memory (estimated size 4.0 MB, free 396.8 MB)
17/03/16 18:01:28 INFO storage.MemoryStore: Block broadcast_2_piece97 stored as bytes in memory (estimated size 4.0 MB, free 400.8 MB)
17/03/16 18:01:28 INFO storage.MemoryStore: Block broadcast_2_piece59 stored as bytes in memory (estimated size 4.0 MB, free 404.8 MB)
17/03/16 18:01:28 INFO storage.MemoryStore: Block broadcast_2_piece71 stored as bytes in memory (estimated size 4.0 MB, free 408.8 MB)
17/03/16 18:01:28 INFO storage.MemoryStore: Block broadcast_2_piece78 stored as bytes in memory (estimated size 4.0 MB, free 412.8 MB)
17/03/16 18:01:28 INFO storage.MemoryStore: Block broadcast_2_piece86 stored as bytes in memory (estimated size 4.0 MB, free 416.8 MB)
17/03/16 18:01:28 INFO storage.MemoryStore: Block broadcast_2_piece22 stored as bytes in memory (estimated size 4.0 MB, free 420.8 MB)
17/03/16 18:01:28 INFO broadcast.TorrentBroadcast: Reading broadcast variable 2 took 2689 ms
17/03/16 18:01:34 INFO storage.MemoryStore: Block broadcast_2 stored as values in memory (estimated size 384.0 B, free 420.8 MB)
17/03/16 18:01:42 INFO python.PythonRunner: Times: total = 18236, boot = 1115, init = 9249, finish = 7872
17/03/16 18:01:42 INFO python.PythonRunner: Times: total = 18283, boot = 1111, init = 9257, finish = 7915
17/03/16 18:01:42 INFO python.PythonRunner: Times: total = 18379, boot = 1135, init = 9229, finish = 8015
17/03/16 18:01:42 INFO executor.Executor: Finished task 22.0 in stage 1.0 (TID 24). 1274 bytes result sent to driver
17/03/16 18:01:42 INFO python.PythonRunner: Times: total = 18382, boot = 1129, init = 9237, finish = 8016
17/03/16 18:01:42 INFO executor.Executor: Finished task 4.0 in stage 1.0 (TID 6). 1274 bytes result sent to driver
17/03/16 18:01:42 INFO python.PythonRunner: Times: total = 18421, boot = 1122, init = 9249, finish = 8050
17/03/16 18:01:42 INFO python.PythonRunner: Times: total = 18449, boot = 1132, init = 9233, finish = 8084
17/03/16 18:01:42 INFO executor.Executor: Finished task 28.0 in stage 1.0 (TID 30). 1274 bytes result sent to driver
17/03/16 18:01:42 INFO executor.Executor: Finished task 16.0 in stage 1.0 (TID 18). 1274 bytes result sent to driver
17/03/16 18:01:42 INFO python.PythonRunner: Times: total = 18500, boot = 1125, init = 9242, finish = 8133
17/03/16 18:01:42 INFO executor.Executor: Finished task 10.0 in stage 1.0 (TID 12). 1274 bytes result sent to driver
17/03/16 18:01:43 INFO executor.Executor: Finished task 34.0 in stage 1.0 (TID 36). 1274 bytes result sent to driver
17/03/16 18:01:43 INFO executor.Executor: Finished task 46.0 in stage 1.0 (TID 48). 1274 bytes result sent to driver
17/03/16 18:01:43 INFO python.PythonRunner: Times: total = 18593, boot = 1119, init = 9250, finish = 8224
17/03/16 18:01:43 INFO executor.Executor: Finished task 40.0 in stage 1.0 (TID 42). 1274 bytes result sent to driver
17/03/16 18:01:46 INFO executor.CoarseGrainedExecutorBackend: Got assigned task 55
17/03/16 18:01:46 INFO executor.Executor: Running task 5.0 in stage 2.0 (TID 55)
17/03/16 18:01:46 INFO executor.CoarseGrainedExecutorBackend: Got assigned task 61
17/03/16 18:01:46 INFO executor.Executor: Running task 11.0 in stage 2.0 (TID 61)
17/03/16 18:01:46 INFO executor.CoarseGrainedExecutorBackend: Got assigned task 67
17/03/16 18:01:46 INFO executor.Executor: Running task 17.0 in stage 2.0 (TID 67)
17/03/16 18:01:46 INFO executor.CoarseGrainedExecutorBackend: Got assigned task 73
17/03/16 18:01:46 INFO executor.Executor: Running task 23.0 in stage 2.0 (TID 73)
17/03/16 18:01:46 INFO executor.CoarseGrainedExecutorBackend: Got assigned task 79
17/03/16 18:01:46 INFO executor.Executor: Running task 29.0 in stage 2.0 (TID 79)
17/03/16 18:01:46 INFO spark.MapOutputTrackerWorker: Updating epoch to 1 and clearing cache
17/03/16 18:01:46 INFO broadcast.TorrentBroadcast: Started reading broadcast variable 4
17/03/16 18:01:46 INFO executor.CoarseGrainedExecutorBackend: Got assigned task 85
17/03/16 18:01:46 INFO executor.Executor: Running task 35.0 in stage 2.0 (TID 85)
17/03/16 18:01:46 INFO executor.CoarseGrainedExecutorBackend: Got assigned task 91
17/03/16 18:01:46 INFO executor.Executor: Running task 41.0 in stage 2.0 (TID 91)
17/03/16 18:01:46 INFO executor.CoarseGrainedExecutorBackend: Got assigned task 97
17/03/16 18:01:46 INFO executor.Executor: Running task 47.0 in stage 2.0 (TID 97)
17/03/16 18:01:46 INFO storage.MemoryStore: Block broadcast_4_piece0 stored as bytes in memory (estimated size 3.3 KB, free 420.8 MB)
17/03/16 18:01:46 INFO broadcast.TorrentBroadcast: Reading broadcast variable 4 took 15 ms
17/03/16 18:01:46 INFO storage.MemoryStore: Block broadcast_4 stored as values in memory (estimated size 5.3 KB, free 420.8 MB)
17/03/16 18:01:46 INFO spark.MapOutputTrackerWorker: Don't have map outputs for shuffle 0, fetching them
17/03/16 18:01:46 INFO spark.MapOutputTrackerWorker: Don't have map outputs for shuffle 0, fetching them
17/03/16 18:01:46 INFO spark.MapOutputTrackerWorker: Don't have map outputs for shuffle 0, fetching them
17/03/16 18:01:46 INFO spark.MapOutputTrackerWorker: Don't have map outputs for shuffle 0, fetching them
17/03/16 18:01:46 INFO spark.MapOutputTrackerWorker: Don't have map outputs for shuffle 0, fetching them
17/03/16 18:01:46 INFO spark.MapOutputTrackerWorker: Don't have map outputs for shuffle 0, fetching them
17/03/16 18:01:46 INFO spark.MapOutputTrackerWorker: Don't have map outputs for shuffle 0, fetching them
17/03/16 18:01:46 INFO spark.MapOutputTrackerWorker: Don't have map outputs for shuffle 0, fetching them
17/03/16 18:01:46 INFO spark.MapOutputTrackerWorker: Doing the fetch; tracker endpoint = NettyRpcEndpointRef(spark://MapOutputTracker@10.10.34.38:36751)
17/03/16 18:01:46 INFO spark.MapOutputTrackerWorker: Got the output locations
17/03/16 18:01:46 INFO storage.ShuffleBlockFetcherIterator: Getting 48 non-empty blocks out of 48 blocks
17/03/16 18:01:46 INFO storage.ShuffleBlockFetcherIterator: Getting 48 non-empty blocks out of 48 blocks
17/03/16 18:01:46 INFO storage.ShuffleBlockFetcherIterator: Getting 48 non-empty blocks out of 48 blocks
17/03/16 18:01:46 INFO storage.ShuffleBlockFetcherIterator: Getting 48 non-empty blocks out of 48 blocks
17/03/16 18:01:46 INFO storage.ShuffleBlockFetcherIterator: Getting 48 non-empty blocks out of 48 blocks
17/03/16 18:01:46 INFO storage.ShuffleBlockFetcherIterator: Getting 48 non-empty blocks out of 48 blocks
17/03/16 18:01:46 INFO storage.ShuffleBlockFetcherIterator: Getting 48 non-empty blocks out of 48 blocks
17/03/16 18:01:46 INFO storage.ShuffleBlockFetcherIterator: Getting 48 non-empty blocks out of 48 blocks
17/03/16 18:01:46 INFO storage.ShuffleBlockFetcherIterator: Started 6 remote fetches in 14 ms
17/03/16 18:01:46 INFO storage.ShuffleBlockFetcherIterator: Started 5 remote fetches in 17 ms
17/03/16 18:01:46 INFO storage.ShuffleBlockFetcherIterator: Started 7 remote fetches in 8 ms
17/03/16 18:01:46 INFO storage.ShuffleBlockFetcherIterator: Started 7 remote fetches in 15 ms
17/03/16 18:01:46 INFO storage.ShuffleBlockFetcherIterator: Started 7 remote fetches in 7 ms
17/03/16 18:01:46 INFO storage.ShuffleBlockFetcherIterator: Started 6 remote fetches in 17 ms
17/03/16 18:01:46 INFO storage.ShuffleBlockFetcherIterator: Started 6 remote fetches in 12 ms
17/03/16 18:01:46 INFO storage.ShuffleBlockFetcherIterator: Started 7 remote fetches in 15 ms
17/03/16 18:01:47 INFO python.PythonRunner: Times: total = 970, boot = -3429, init = 3439, finish = 960
17/03/16 18:01:47 INFO executor.Executor: Finished task 47.0 in stage 2.0 (TID 97). 9543419 bytes result sent to driver
17/03/16 18:01:47 INFO python.PythonRunner: Times: total = 1009, boot = -3553, init = 3563, finish = 999
17/03/16 18:01:47 INFO executor.Executor: Finished task 35.0 in stage 2.0 (TID 85). 9564962 bytes result sent to driver
17/03/16 18:01:47 INFO python.PythonRunner: Times: total = 1076, boot = -3700, init = 3710, finish = 1066
17/03/16 18:01:47 INFO python.PythonRunner: Times: total = 1093, boot = -3340, init = 3350, finish = 1083
17/03/16 18:01:47 INFO executor.Executor: Finished task 11.0 in stage 2.0 (TID 61). 9562886 bytes result sent to driver
17/03/16 18:01:47 INFO executor.Executor: Finished task 29.0 in stage 2.0 (TID 79). 9577260 bytes result sent to driver
17/03/16 18:01:47 INFO python.PythonRunner: Times: total = 1447, boot = -3547, init = 3557, finish = 1437
17/03/16 18:01:47 INFO executor.Executor: Finished task 23.0 in stage 2.0 (TID 73). 9571453 bytes result sent to driver
17/03/16 18:01:47 INFO python.PythonRunner: Times: total = 1494, boot = -3478, init = 3488, finish = 1484
17/03/16 18:01:48 INFO python.PythonRunner: Times: total = 1537, boot = -3652, init = 3662, finish = 1527
17/03/16 18:01:48 INFO executor.Executor: Finished task 5.0 in stage 2.0 (TID 55). 9572512 bytes result sent to driver
17/03/16 18:01:48 INFO executor.Executor: Finished task 17.0 in stage 2.0 (TID 67). 9575537 bytes result sent to driver
17/03/16 18:01:48 INFO python.PythonRunner: Times: total = 1629, boot = -3514, init = 3524, finish = 1619
17/03/16 18:01:48 INFO executor.Executor: Finished task 41.0 in stage 2.0 (TID 91). 9567576 bytes result sent to driver
17/03/16 18:01:51 INFO storage.BlockManager: Removing RDD 3
17/03/16 18:01:51 INFO storage.BlockManager: Removing RDD 8
17/03/16 18:09:07 INFO executor.CoarseGrainedExecutorBackend: Got assigned task 98
17/03/16 18:09:07 INFO executor.Executor: Running task 0.0 in stage 3.0 (TID 98)
17/03/16 18:09:07 INFO executor.CoarseGrainedExecutorBackend: Got assigned task 104
17/03/16 18:09:07 INFO executor.Executor: Running task 6.0 in stage 3.0 (TID 104)
17/03/16 18:09:07 INFO broadcast.TorrentBroadcast: Started reading broadcast variable 6
17/03/16 18:09:07 INFO executor.CoarseGrainedExecutorBackend: Got assigned task 110
17/03/16 18:09:07 INFO executor.Executor: Running task 12.0 in stage 3.0 (TID 110)
17/03/16 18:09:07 INFO executor.CoarseGrainedExecutorBackend: Got assigned task 116
17/03/16 18:09:07 INFO executor.Executor: Running task 18.0 in stage 3.0 (TID 116)
17/03/16 18:09:07 INFO executor.CoarseGrainedExecutorBackend: Got assigned task 122
17/03/16 18:09:07 INFO executor.Executor: Running task 24.0 in stage 3.0 (TID 122)
17/03/16 18:09:07 INFO executor.CoarseGrainedExecutorBackend: Got assigned task 128
17/03/16 18:09:07 INFO executor.Executor: Running task 30.0 in stage 3.0 (TID 128)
17/03/16 18:09:07 INFO executor.CoarseGrainedExecutorBackend: Got assigned task 134
17/03/16 18:09:07 INFO executor.Executor: Running task 36.0 in stage 3.0 (TID 134)
17/03/16 18:09:07 INFO executor.CoarseGrainedExecutorBackend: Got assigned task 140
17/03/16 18:09:07 INFO executor.Executor: Running task 42.0 in stage 3.0 (TID 140)
17/03/16 18:09:07 INFO storage.MemoryStore: Block broadcast_6_piece0 stored as bytes in memory (estimated size 5.4 KB, free 420.8 MB)
17/03/16 18:09:07 INFO broadcast.TorrentBroadcast: Reading broadcast variable 6 took 27 ms
17/03/16 18:09:07 INFO storage.MemoryStore: Block broadcast_6 stored as values in memory (estimated size 8.6 KB, free 420.8 MB)
17/03/16 18:09:07 INFO broadcast.TorrentBroadcast: Started reading broadcast variable 5
17/03/16 18:09:07 INFO storage.MemoryStore: Block broadcast_5_piece47 stored as bytes in memory (estimated size 4.0 MB, free 424.8 MB)
17/03/16 18:09:07 INFO storage.MemoryStore: Block broadcast_5_piece75 stored as bytes in memory (estimated size 4.0 MB, free 428.8 MB)
17/03/16 18:09:07 INFO storage.MemoryStore: Block broadcast_5_piece5 stored as bytes in memory (estimated size 4.0 MB, free 432.8 MB)
17/03/16 18:09:07 INFO storage.MemoryStore: Block broadcast_5_piece82 stored as bytes in memory (estimated size 4.0 MB, free 436.8 MB)
17/03/16 18:09:07 INFO storage.MemoryStore: Block broadcast_5_piece83 stored as bytes in memory (estimated size 4.0 MB, free 440.8 MB)
17/03/16 18:09:07 INFO storage.MemoryStore: Block broadcast_5_piece50 stored as bytes in memory (estimated size 4.0 MB, free 444.8 MB)
17/03/16 18:09:07 INFO storage.MemoryStore: Block broadcast_5_piece71 stored as bytes in memory (estimated size 4.0 MB, free 448.8 MB)
17/03/16 18:09:07 INFO storage.MemoryStore: Block broadcast_5_piece67 stored as bytes in memory (estimated size 4.0 MB, free 452.8 MB)
17/03/16 18:09:07 INFO storage.MemoryStore: Block broadcast_5_piece91 stored as bytes in memory (estimated size 4.0 MB, free 456.8 MB)
17/03/16 18:09:07 INFO storage.MemoryStore: Block broadcast_5_piece102 stored as bytes in memory (estimated size 4.0 MB, free 460.8 MB)
17/03/16 18:09:07 INFO storage.MemoryStore: Block broadcast_5_piece85 stored as bytes in memory (estimated size 4.0 MB, free 464.8 MB)
17/03/16 18:09:07 INFO storage.MemoryStore: Block broadcast_5_piece10 stored as bytes in memory (estimated size 4.0 MB, free 468.8 MB)
17/03/16 18:09:07 INFO storage.MemoryStore: Block broadcast_5_piece16 stored as bytes in memory (estimated size 4.0 MB, free 472.8 MB)
17/03/16 18:09:07 INFO storage.MemoryStore: Block broadcast_5_piece8 stored as bytes in memory (estimated size 4.0 MB, free 476.8 MB)
17/03/16 18:09:07 INFO storage.MemoryStore: Block broadcast_5_piece3 stored as bytes in memory (estimated size 4.0 MB, free 480.8 MB)
17/03/16 18:09:07 INFO storage.MemoryStore: Block broadcast_5_piece100 stored as bytes in memory (estimated size 4.0 MB, free 484.8 MB)
17/03/16 18:09:07 INFO storage.MemoryStore: Block broadcast_5_piece76 stored as bytes in memory (estimated size 4.0 MB, free 488.8 MB)
17/03/16 18:09:07 INFO storage.MemoryStore: Block broadcast_5_piece48 stored as bytes in memory (estimated size 4.0 MB, free 492.8 MB)
17/03/16 18:09:07 INFO storage.MemoryStore: Block broadcast_5_piece58 stored as bytes in memory (estimated size 4.0 MB, free 496.8 MB)
17/03/16 18:09:07 INFO storage.MemoryStore: Block broadcast_5_piece0 stored as bytes in memory (estimated size 4.0 MB, free 500.8 MB)
17/03/16 18:09:07 INFO storage.MemoryStore: Block broadcast_5_piece88 stored as bytes in memory (estimated size 4.0 MB, free 504.8 MB)
17/03/16 18:09:07 INFO storage.MemoryStore: Block broadcast_5_piece41 stored as bytes in memory (estimated size 4.0 MB, free 508.8 MB)
17/03/16 18:09:07 INFO storage.MemoryStore: Block broadcast_5_piece4 stored as bytes in memory (estimated size 4.0 MB, free 512.8 MB)
17/03/16 18:09:07 INFO storage.MemoryStore: Block broadcast_5_piece13 stored as bytes in memory (estimated size 4.0 MB, free 516.8 MB)
17/03/16 18:09:07 INFO storage.MemoryStore: Block broadcast_5_piece26 stored as bytes in memory (estimated size 4.0 MB, free 520.8 MB)
17/03/16 18:09:07 INFO storage.MemoryStore: Block broadcast_5_piece22 stored as bytes in memory (estimated size 4.0 MB, free 524.8 MB)
17/03/16 18:09:08 INFO storage.MemoryStore: Block broadcast_5_piece52 stored as bytes in memory (estimated size 4.0 MB, free 528.8 MB)
17/03/16 18:09:08 INFO storage.MemoryStore: Block broadcast_5_piece51 stored as bytes in memory (estimated size 4.0 MB, free 532.8 MB)
17/03/16 18:09:08 INFO storage.MemoryStore: Block broadcast_5_piece95 stored as bytes in memory (estimated size 4.0 MB, free 536.8 MB)
17/03/16 18:09:08 INFO storage.MemoryStore: Block broadcast_5_piece21 stored as bytes in memory (estimated size 4.0 MB, free 540.8 MB)
17/03/16 18:09:08 INFO storage.MemoryStore: Block broadcast_5_piece73 stored as bytes in memory (estimated size 4.0 MB, free 544.8 MB)
17/03/16 18:09:08 INFO storage.MemoryStore: Block broadcast_5_piece7 stored as bytes in memory (estimated size 4.0 MB, free 548.8 MB)
17/03/16 18:09:08 INFO storage.MemoryStore: Block broadcast_5_piece20 stored as bytes in memory (estimated size 4.0 MB, free 552.8 MB)
17/03/16 18:09:08 INFO storage.MemoryStore: Block broadcast_5_piece37 stored as bytes in memory (estimated size 4.0 MB, free 556.8 MB)
17/03/16 18:09:08 INFO storage.MemoryStore: Block broadcast_5_piece69 stored as bytes in memory (estimated size 4.0 MB, free 560.8 MB)
17/03/16 18:09:08 INFO storage.MemoryStore: Block broadcast_5_piece42 stored as bytes in memory (estimated size 4.0 MB, free 564.8 MB)
17/03/16 18:09:08 INFO storage.MemoryStore: Block broadcast_5_piece35 stored as bytes in memory (estimated size 4.0 MB, free 568.8 MB)
17/03/16 18:09:08 INFO storage.MemoryStore: Block broadcast_5_piece72 stored as bytes in memory (estimated size 4.0 MB, free 572.8 MB)
17/03/16 18:09:08 INFO storage.MemoryStore: Block broadcast_5_piece78 stored as bytes in memory (estimated size 4.0 MB, free 576.8 MB)
17/03/16 18:09:08 INFO storage.MemoryStore: Block broadcast_5_piece97 stored as bytes in memory (estimated size 4.0 MB, free 580.8 MB)
17/03/16 18:09:08 INFO storage.MemoryStore: Block broadcast_5_piece29 stored as bytes in memory (estimated size 4.0 MB, free 584.8 MB)
17/03/16 18:09:08 INFO storage.MemoryStore: Block broadcast_5_piece90 stored as bytes in memory (estimated size 4.0 MB, free 588.8 MB)
17/03/16 18:09:08 INFO storage.MemoryStore: Block broadcast_5_piece46 stored as bytes in memory (estimated size 4.0 MB, free 592.8 MB)
17/03/16 18:09:08 INFO storage.MemoryStore: Block broadcast_5_piece33 stored as bytes in memory (estimated size 4.0 MB, free 596.8 MB)
17/03/16 18:09:08 INFO storage.MemoryStore: Block broadcast_5_piece84 stored as bytes in memory (estimated size 4.0 MB, free 600.8 MB)
17/03/16 18:09:08 INFO storage.MemoryStore: Block broadcast_5_piece80 stored as bytes in memory (estimated size 4.0 MB, free 604.8 MB)
17/03/16 18:09:08 INFO storage.MemoryStore: Block broadcast_5_piece25 stored as bytes in memory (estimated size 4.0 MB, free 608.8 MB)
17/03/16 18:09:08 INFO storage.MemoryStore: Block broadcast_5_piece54 stored as bytes in memory (estimated size 4.0 MB, free 612.8 MB)
17/03/16 18:09:08 INFO storage.MemoryStore: Block broadcast_5_piece64 stored as bytes in memory (estimated size 4.0 MB, free 616.8 MB)
17/03/16 18:09:08 INFO storage.MemoryStore: Block broadcast_5_piece12 stored as bytes in memory (estimated size 4.0 MB, free 620.8 MB)
17/03/16 18:09:08 INFO storage.MemoryStore: Block broadcast_5_piece11 stored as bytes in memory (estimated size 4.0 MB, free 624.8 MB)
17/03/16 18:09:08 INFO storage.MemoryStore: Block broadcast_5_piece27 stored as bytes in memory (estimated size 4.0 MB, free 628.8 MB)
17/03/16 18:09:08 INFO storage.MemoryStore: Block broadcast_5_piece19 stored as bytes in memory (estimated size 4.0 MB, free 632.8 MB)
17/03/16 18:09:08 INFO storage.MemoryStore: Block broadcast_5_piece63 stored as bytes in memory (estimated size 4.0 MB, free 636.8 MB)
17/03/16 18:09:08 INFO storage.MemoryStore: Block broadcast_5_piece61 stored as bytes in memory (estimated size 4.0 MB, free 640.8 MB)
17/03/16 18:09:08 INFO storage.MemoryStore: Block broadcast_5_piece70 stored as bytes in memory (estimated size 4.0 MB, free 644.8 MB)
17/03/16 18:09:08 INFO storage.MemoryStore: Block broadcast_5_piece36 stored as bytes in memory (estimated size 4.0 MB, free 648.8 MB)
17/03/16 18:09:08 INFO storage.MemoryStore: Block broadcast_5_piece59 stored as bytes in memory (estimated size 4.0 MB, free 652.8 MB)
17/03/16 18:09:08 INFO storage.MemoryStore: Block broadcast_5_piece38 stored as bytes in memory (estimated size 4.0 MB, free 656.8 MB)
17/03/16 18:09:08 INFO storage.MemoryStore: Block broadcast_5_piece57 stored as bytes in memory (estimated size 4.0 MB, free 660.8 MB)
17/03/16 18:09:08 INFO storage.MemoryStore: Block broadcast_5_piece77 stored as bytes in memory (estimated size 4.0 MB, free 664.8 MB)
17/03/16 18:09:08 INFO storage.MemoryStore: Block broadcast_5_piece24 stored as bytes in memory (estimated size 4.0 MB, free 668.8 MB)
17/03/16 18:09:08 INFO storage.MemoryStore: Block broadcast_5_piece31 stored as bytes in memory (estimated size 4.0 MB, free 672.8 MB)
17/03/16 18:09:08 INFO storage.MemoryStore: Block broadcast_5_piece40 stored as bytes in memory (estimated size 4.0 MB, free 676.8 MB)
17/03/16 18:09:08 INFO storage.MemoryStore: Block broadcast_5_piece65 stored as bytes in memory (estimated size 4.0 MB, free 680.8 MB)
17/03/16 18:09:08 INFO storage.MemoryStore: Block broadcast_5_piece89 stored as bytes in memory (estimated size 4.0 MB, free 684.8 MB)
17/03/16 18:09:08 INFO storage.MemoryStore: Block broadcast_5_piece28 stored as bytes in memory (estimated size 4.0 MB, free 688.8 MB)
17/03/16 18:09:08 INFO storage.MemoryStore: Block broadcast_5_piece92 stored as bytes in memory (estimated size 4.0 MB, free 692.8 MB)
17/03/16 18:09:08 INFO storage.MemoryStore: Block broadcast_5_piece44 stored as bytes in memory (estimated size 4.0 MB, free 696.8 MB)
17/03/16 18:09:08 INFO storage.MemoryStore: Block broadcast_5_piece103 stored as bytes in memory (estimated size 2.9 MB, free 699.7 MB)
17/03/16 18:09:08 INFO storage.MemoryStore: Block broadcast_5_piece17 stored as bytes in memory (estimated size 4.0 MB, free 703.7 MB)
17/03/16 18:09:08 INFO storage.MemoryStore: Block broadcast_5_piece94 stored as bytes in memory (estimated size 4.0 MB, free 707.7 MB)
17/03/16 18:09:08 INFO storage.MemoryStore: Block broadcast_5_piece68 stored as bytes in memory (estimated size 4.0 MB, free 711.7 MB)
17/03/16 18:09:08 INFO storage.MemoryStore: Block broadcast_5_piece79 stored as bytes in memory (estimated size 4.0 MB, free 715.7 MB)
17/03/16 18:09:08 INFO storage.MemoryStore: Block broadcast_5_piece101 stored as bytes in memory (estimated size 4.0 MB, free 719.7 MB)
17/03/16 18:09:08 INFO storage.MemoryStore: Block broadcast_5_piece99 stored as bytes in memory (estimated size 4.0 MB, free 723.7 MB)
17/03/16 18:09:09 INFO storage.MemoryStore: Block broadcast_5_piece86 stored as bytes in memory (estimated size 4.0 MB, free 727.7 MB)
17/03/16 18:09:09 INFO storage.MemoryStore: Block broadcast_5_piece14 stored as bytes in memory (estimated size 4.0 MB, free 731.7 MB)
17/03/16 18:09:09 INFO storage.MemoryStore: Block broadcast_5_piece23 stored as bytes in memory (estimated size 4.0 MB, free 735.7 MB)
17/03/16 18:09:09 INFO storage.MemoryStore: Block broadcast_5_piece93 stored as bytes in memory (estimated size 4.0 MB, free 739.7 MB)
17/03/16 18:09:09 INFO storage.MemoryStore: Block broadcast_5_piece39 stored as bytes in memory (estimated size 4.0 MB, free 743.7 MB)
17/03/16 18:09:09 INFO storage.MemoryStore: Block broadcast_5_piece15 stored as bytes in memory (estimated size 4.0 MB, free 747.7 MB)
17/03/16 18:09:09 INFO storage.MemoryStore: Block broadcast_5_piece43 stored as bytes in memory (estimated size 4.0 MB, free 751.7 MB)
17/03/16 18:09:09 INFO storage.MemoryStore: Block broadcast_5_piece74 stored as bytes in memory (estimated size 4.0 MB, free 755.7 MB)
17/03/16 18:09:09 INFO storage.MemoryStore: Block broadcast_5_piece66 stored as bytes in memory (estimated size 4.0 MB, free 759.7 MB)
17/03/16 18:09:09 INFO storage.MemoryStore: Block broadcast_5_piece87 stored as bytes in memory (estimated size 4.0 MB, free 763.7 MB)
17/03/16 18:09:09 INFO storage.MemoryStore: Block broadcast_5_piece32 stored as bytes in memory (estimated size 4.0 MB, free 767.7 MB)
17/03/16 18:09:09 INFO storage.MemoryStore: Block broadcast_5_piece1 stored as bytes in memory (estimated size 4.0 MB, free 771.7 MB)
17/03/16 18:09:09 INFO storage.MemoryStore: Block broadcast_5_piece56 stored as bytes in memory (estimated size 4.0 MB, free 775.7 MB)
17/03/16 18:09:09 INFO storage.MemoryStore: Block broadcast_5_piece81 stored as bytes in memory (estimated size 4.0 MB, free 779.7 MB)
17/03/16 18:09:09 INFO storage.MemoryStore: Block broadcast_5_piece2 stored as bytes in memory (estimated size 4.0 MB, free 783.7 MB)
17/03/16 18:09:09 INFO storage.MemoryStore: Block broadcast_5_piece49 stored as bytes in memory (estimated size 4.0 MB, free 787.7 MB)
17/03/16 18:09:09 INFO storage.MemoryStore: Block broadcast_5_piece60 stored as bytes in memory (estimated size 4.0 MB, free 791.7 MB)
17/03/16 18:09:09 INFO storage.MemoryStore: Block broadcast_5_piece34 stored as bytes in memory (estimated size 4.0 MB, free 795.7 MB)
17/03/16 18:09:09 INFO storage.MemoryStore: Block broadcast_5_piece18 stored as bytes in memory (estimated size 4.0 MB, free 799.7 MB)
17/03/16 18:09:09 INFO storage.MemoryStore: Block broadcast_5_piece98 stored as bytes in memory (estimated size 4.0 MB, free 803.7 MB)
17/03/16 18:09:09 INFO storage.MemoryStore: Block broadcast_5_piece6 stored as bytes in memory (estimated size 4.0 MB, free 807.7 MB)
17/03/16 18:09:09 INFO storage.MemoryStore: Block broadcast_5_piece55 stored as bytes in memory (estimated size 4.0 MB, free 811.7 MB)
17/03/16 18:09:09 INFO storage.MemoryStore: Block broadcast_5_piece30 stored as bytes in memory (estimated size 4.0 MB, free 815.7 MB)
17/03/16 18:09:09 INFO storage.MemoryStore: Block broadcast_5_piece53 stored as bytes in memory (estimated size 4.0 MB, free 819.7 MB)
17/03/16 18:09:09 INFO storage.MemoryStore: Block broadcast_5_piece9 stored as bytes in memory (estimated size 4.0 MB, free 823.7 MB)
17/03/16 18:09:09 INFO storage.MemoryStore: Block broadcast_5_piece62 stored as bytes in memory (estimated size 4.0 MB, free 827.7 MB)
17/03/16 18:09:09 INFO storage.MemoryStore: Block broadcast_5_piece96 stored as bytes in memory (estimated size 4.0 MB, free 831.7 MB)
17/03/16 18:09:09 INFO storage.MemoryStore: Block broadcast_5_piece45 stored as bytes in memory (estimated size 4.0 MB, free 835.7 MB)
17/03/16 18:09:09 INFO broadcast.TorrentBroadcast: Reading broadcast variable 5 took 2146 ms
17/03/16 18:09:16 INFO storage.MemoryStore: Block broadcast_5 stored as values in memory (estimated size 384.0 B, free 835.7 MB)
17/03/16 18:09:23 INFO python.PythonRunner: Times: total = 16325, boot = 18, init = 8769, finish = 7538
17/03/16 18:09:23 INFO executor.Executor: Finished task 6.0 in stage 3.0 (TID 104). 1274 bytes result sent to driver
17/03/16 18:09:23 INFO python.PythonRunner: Times: total = 16504, boot = 15, init = 8777, finish = 7712
17/03/16 18:09:23 INFO python.PythonRunner: Times: total = 16558, boot = 23, init = 8764, finish = 7771
17/03/16 18:09:24 INFO python.PythonRunner: Times: total = 16593, boot = 4, init = 8785, finish = 7804
17/03/16 18:09:24 INFO executor.Executor: Finished task 36.0 in stage 3.0 (TID 134). 1274 bytes result sent to driver
17/03/16 18:09:24 INFO python.PythonRunner: Times: total = 16627, boot = 19, init = 8773, finish = 7835
17/03/16 18:09:24 INFO executor.Executor: Finished task 12.0 in stage 3.0 (TID 110). 1274 bytes result sent to driver
17/03/16 18:09:24 INFO executor.Executor: Finished task 0.0 in stage 3.0 (TID 98). 1274 bytes result sent to driver
17/03/16 18:09:24 INFO python.PythonRunner: Times: total = 16719, boot = 12, init = 8781, finish = 7926
17/03/16 18:09:24 INFO executor.Executor: Finished task 42.0 in stage 3.0 (TID 140). 1274 bytes result sent to driver
17/03/16 18:09:24 INFO python.PythonRunner: Times: total = 16769, boot = 8, init = 8784, finish = 7977
17/03/16 18:09:24 INFO python.PythonRunner: Times: total = 16809, boot = 4, init = 8788, finish = 8017
17/03/16 18:09:24 INFO executor.Executor: Finished task 30.0 in stage 3.0 (TID 128). 1274 bytes result sent to driver
17/03/16 18:09:24 INFO executor.Executor: Finished task 24.0 in stage 3.0 (TID 122). 1274 bytes result sent to driver
17/03/16 18:09:24 INFO executor.Executor: Finished task 18.0 in stage 3.0 (TID 116). 1274 bytes result sent to driver
17/03/16 18:09:33 INFO executor.CoarseGrainedExecutorBackend: Got assigned task 146
17/03/16 18:09:33 INFO executor.Executor: Running task 0.0 in stage 4.0 (TID 146)
17/03/16 18:09:33 INFO executor.CoarseGrainedExecutorBackend: Got assigned task 152
17/03/16 18:09:33 INFO executor.Executor: Running task 6.0 in stage 4.0 (TID 152)
17/03/16 18:09:33 INFO spark.MapOutputTrackerWorker: Updating epoch to 2 and clearing cache
17/03/16 18:09:33 INFO executor.CoarseGrainedExecutorBackend: Got assigned task 158
17/03/16 18:09:33 INFO executor.Executor: Running task 12.0 in stage 4.0 (TID 158)
17/03/16 18:09:33 INFO broadcast.TorrentBroadcast: Started reading broadcast variable 7
17/03/16 18:09:33 INFO executor.CoarseGrainedExecutorBackend: Got assigned task 164
17/03/16 18:09:33 INFO executor.Executor: Running task 18.0 in stage 4.0 (TID 164)
17/03/16 18:09:33 INFO executor.CoarseGrainedExecutorBackend: Got assigned task 170
17/03/16 18:09:33 INFO executor.Executor: Running task 24.0 in stage 4.0 (TID 170)
17/03/16 18:09:33 INFO executor.CoarseGrainedExecutorBackend: Got assigned task 176
17/03/16 18:09:33 INFO executor.Executor: Running task 30.0 in stage 4.0 (TID 176)
17/03/16 18:09:33 INFO executor.CoarseGrainedExecutorBackend: Got assigned task 182
17/03/16 18:09:33 INFO executor.Executor: Running task 36.0 in stage 4.0 (TID 182)
17/03/16 18:09:33 INFO executor.CoarseGrainedExecutorBackend: Got assigned task 188
17/03/16 18:09:33 INFO executor.Executor: Running task 42.0 in stage 4.0 (TID 188)
17/03/16 18:09:33 INFO storage.MemoryStore: Block broadcast_7_piece0 stored as bytes in memory (estimated size 3.3 KB, free 835.7 MB)
17/03/16 18:09:33 INFO broadcast.TorrentBroadcast: Reading broadcast variable 7 took 10 ms
17/03/16 18:09:33 INFO storage.MemoryStore: Block broadcast_7 stored as values in memory (estimated size 5.3 KB, free 835.7 MB)
17/03/16 18:09:33 INFO spark.MapOutputTrackerWorker: Don't have map outputs for shuffle 1, fetching them
17/03/16 18:09:33 INFO spark.MapOutputTrackerWorker: Doing the fetch; tracker endpoint = NettyRpcEndpointRef(spark://MapOutputTracker@10.10.34.38:36751)
17/03/16 18:09:33 INFO spark.MapOutputTrackerWorker: Don't have map outputs for shuffle 1, fetching them
17/03/16 18:09:33 INFO spark.MapOutputTrackerWorker: Don't have map outputs for shuffle 1, fetching them
17/03/16 18:09:33 INFO spark.MapOutputTrackerWorker: Don't have map outputs for shuffle 1, fetching them
17/03/16 18:09:33 INFO spark.MapOutputTrackerWorker: Don't have map outputs for shuffle 1, fetching them
17/03/16 18:09:33 INFO spark.MapOutputTrackerWorker: Don't have map outputs for shuffle 1, fetching them
17/03/16 18:09:33 INFO spark.MapOutputTrackerWorker: Don't have map outputs for shuffle 1, fetching them
17/03/16 18:09:33 INFO spark.MapOutputTrackerWorker: Got the output locations
17/03/16 18:09:33 INFO storage.ShuffleBlockFetcherIterator: Getting 48 non-empty blocks out of 48 blocks
17/03/16 18:09:33 INFO storage.ShuffleBlockFetcherIterator: Getting 48 non-empty blocks out of 48 blocks
17/03/16 18:09:33 INFO storage.ShuffleBlockFetcherIterator: Getting 48 non-empty blocks out of 48 blocks
17/03/16 18:09:33 INFO storage.ShuffleBlockFetcherIterator: Started 7 remote fetches in 5 ms
17/03/16 18:09:33 INFO storage.ShuffleBlockFetcherIterator: Getting 48 non-empty blocks out of 48 blocks
17/03/16 18:09:33 INFO storage.ShuffleBlockFetcherIterator: Started 7 remote fetches in 5 ms
17/03/16 18:09:33 INFO storage.ShuffleBlockFetcherIterator: Getting 48 non-empty blocks out of 48 blocks
17/03/16 18:09:33 INFO storage.ShuffleBlockFetcherIterator: Getting 48 non-empty blocks out of 48 blocks
17/03/16 18:09:33 INFO storage.ShuffleBlockFetcherIterator: Started 6 remote fetches in 5 ms
17/03/16 18:09:33 INFO storage.ShuffleBlockFetcherIterator: Started 6 remote fetches in 6 ms
17/03/16 18:09:33 INFO storage.ShuffleBlockFetcherIterator: Getting 48 non-empty blocks out of 48 blocks
17/03/16 18:09:33 INFO storage.ShuffleBlockFetcherIterator: Started 6 remote fetches in 6 ms
17/03/16 18:09:33 INFO storage.ShuffleBlockFetcherIterator: Getting 48 non-empty blocks out of 48 blocks
17/03/16 18:09:33 INFO storage.ShuffleBlockFetcherIterator: Started 6 remote fetches in 5 ms
17/03/16 18:09:33 INFO storage.ShuffleBlockFetcherIterator: Started 7 remote fetches in 6 ms
17/03/16 18:09:33 INFO storage.ShuffleBlockFetcherIterator: Started 6 remote fetches in 6 ms
17/03/16 18:09:34 INFO python.PythonRunner: Times: total = 830, boot = -9884, init = 9889, finish = 825
17/03/16 18:09:34 INFO python.PythonRunner: Times: total = 845, boot = -10118, init = 10122, finish = 841
17/03/16 18:09:34 INFO executor.Executor: Finished task 42.0 in stage 4.0 (TID 188). 9535557 bytes result sent to driver
17/03/16 18:09:34 INFO executor.Executor: Finished task 0.0 in stage 4.0 (TID 146). 9556910 bytes result sent to driver
17/03/16 18:09:34 INFO python.PythonRunner: Times: total = 895, boot = -9680, init = 9698, finish = 877
17/03/16 18:09:34 INFO python.PythonRunner: Times: total = 900, boot = -9853, init = 9857, finish = 896
17/03/16 18:09:34 INFO python.PythonRunner: Times: total = 921, boot = -9946, init = 9949, finish = 918
17/03/16 18:09:34 INFO executor.Executor: Finished task 18.0 in stage 4.0 (TID 164). 9564682 bytes result sent to driver
17/03/16 18:09:34 INFO executor.Executor: Finished task 24.0 in stage 4.0 (TID 170). 9542612 bytes result sent to driver
17/03/16 18:09:34 INFO executor.Executor: Finished task 36.0 in stage 4.0 (TID 182). 9559333 bytes result sent to driver
17/03/16 18:09:34 INFO python.PythonRunner: Times: total = 962, boot = -9830, init = 9834, finish = 958
17/03/16 18:09:34 INFO executor.Executor: Finished task 12.0 in stage 4.0 (TID 158). 9561046 bytes result sent to driver
17/03/16 18:09:34 INFO python.PythonRunner: Times: total = 1021, boot = -9738, init = 9743, finish = 1016
17/03/16 18:09:34 INFO executor.Executor: Finished task 30.0 in stage 4.0 (TID 176). 9564593 bytes result sent to driver
17/03/16 18:09:34 INFO python.PythonRunner: Times: total = 1051, boot = -9649, init = 9655, finish = 1045
17/03/16 18:09:35 INFO executor.Executor: Finished task 6.0 in stage 4.0 (TID 152). 9576522 bytes result sent to driver
17/03/16 18:09:39 INFO storage.BlockManager: Removing RDD 9
17/03/16 18:09:39 INFO storage.BlockManager: Removing RDD 14
17/03/16 18:16:54 INFO executor.CoarseGrainedExecutorBackend: Got assigned task 199
17/03/16 18:16:54 INFO executor.Executor: Running task 5.0 in stage 5.0 (TID 199)
17/03/16 18:16:54 INFO broadcast.TorrentBroadcast: Started reading broadcast variable 9
17/03/16 18:16:54 INFO executor.CoarseGrainedExecutorBackend: Got assigned task 205
17/03/16 18:16:54 INFO executor.Executor: Running task 11.0 in stage 5.0 (TID 205)
17/03/16 18:16:54 INFO executor.CoarseGrainedExecutorBackend: Got assigned task 211
17/03/16 18:16:54 INFO executor.Executor: Running task 17.0 in stage 5.0 (TID 211)
17/03/16 18:16:54 INFO executor.CoarseGrainedExecutorBackend: Got assigned task 217
17/03/16 18:16:54 INFO executor.Executor: Running task 23.0 in stage 5.0 (TID 217)
17/03/16 18:16:54 INFO executor.CoarseGrainedExecutorBackend: Got assigned task 223
17/03/16 18:16:54 INFO executor.Executor: Running task 29.0 in stage 5.0 (TID 223)
17/03/16 18:16:54 INFO executor.CoarseGrainedExecutorBackend: Got assigned task 229
17/03/16 18:16:54 INFO executor.Executor: Running task 35.0 in stage 5.0 (TID 229)
17/03/16 18:16:54 INFO executor.CoarseGrainedExecutorBackend: Got assigned task 235
17/03/16 18:16:54 INFO storage.MemoryStore: Block broadcast_9_piece0 stored as bytes in memory (estimated size 5.4 KB, free 835.7 MB)
17/03/16 18:16:54 INFO executor.Executor: Running task 41.0 in stage 5.0 (TID 235)
17/03/16 18:16:54 INFO executor.CoarseGrainedExecutorBackend: Got assigned task 241
17/03/16 18:16:54 INFO executor.Executor: Running task 47.0 in stage 5.0 (TID 241)
17/03/16 18:16:54 INFO broadcast.TorrentBroadcast: Reading broadcast variable 9 took 51 ms
17/03/16 18:16:54 INFO storage.MemoryStore: Block broadcast_9 stored as values in memory (estimated size 8.6 KB, free 835.7 MB)
17/03/16 18:16:54 INFO broadcast.TorrentBroadcast: Started reading broadcast variable 8
17/03/16 18:16:54 INFO storage.MemoryStore: Block broadcast_8_piece65 stored as bytes in memory (estimated size 4.0 MB, free 839.7 MB)
17/03/16 18:16:54 INFO storage.MemoryStore: Block broadcast_8_piece81 stored as bytes in memory (estimated size 4.0 MB, free 843.7 MB)
17/03/16 18:16:54 INFO storage.MemoryStore: Block broadcast_8_piece83 stored as bytes in memory (estimated size 4.0 MB, free 847.7 MB)
17/03/16 18:16:54 INFO storage.MemoryStore: Block broadcast_8_piece36 stored as bytes in memory (estimated size 4.0 MB, free 851.7 MB)
17/03/16 18:16:54 INFO storage.MemoryStore: Block broadcast_8_piece49 stored as bytes in memory (estimated size 4.0 MB, free 855.7 MB)
17/03/16 18:16:54 INFO storage.MemoryStore: Block broadcast_8_piece73 stored as bytes in memory (estimated size 4.0 MB, free 859.7 MB)
17/03/16 18:16:54 INFO storage.MemoryStore: Block broadcast_8_piece87 stored as bytes in memory (estimated size 4.0 MB, free 863.7 MB)
17/03/16 18:16:54 INFO storage.MemoryStore: Block broadcast_8_piece20 stored as bytes in memory (estimated size 4.0 MB, free 867.7 MB)
17/03/16 18:16:54 INFO storage.MemoryStore: Block broadcast_8_piece85 stored as bytes in memory (estimated size 4.0 MB, free 871.7 MB)
17/03/16 18:16:54 INFO storage.MemoryStore: Block broadcast_8_piece8 stored as bytes in memory (estimated size 4.0 MB, free 875.7 MB)
17/03/16 18:16:54 INFO storage.MemoryStore: Block broadcast_8_piece25 stored as bytes in memory (estimated size 4.0 MB, free 879.7 MB)
17/03/16 18:16:54 INFO storage.MemoryStore: Block broadcast_8_piece13 stored as bytes in memory (estimated size 4.0 MB, free 883.7 MB)
17/03/16 18:16:54 INFO storage.MemoryStore: Block broadcast_8_piece61 stored as bytes in memory (estimated size 4.0 MB, free 887.7 MB)
17/03/16 18:16:54 INFO storage.MemoryStore: Block broadcast_8_piece50 stored as bytes in memory (estimated size 4.0 MB, free 891.7 MB)
17/03/16 18:16:54 INFO storage.MemoryStore: Block broadcast_8_piece99 stored as bytes in memory (estimated size 4.0 MB, free 895.7 MB)
17/03/16 18:16:55 INFO storage.MemoryStore: Block broadcast_8_piece41 stored as bytes in memory (estimated size 4.0 MB, free 899.7 MB)
17/03/16 18:16:55 INFO storage.MemoryStore: Block broadcast_8_piece16 stored as bytes in memory (estimated size 4.0 MB, free 903.7 MB)
17/03/16 18:16:55 INFO storage.MemoryStore: Block broadcast_8_piece84 stored as bytes in memory (estimated size 4.0 MB, free 907.7 MB)
17/03/16 18:16:55 INFO storage.MemoryStore: Block broadcast_8_piece10 stored as bytes in memory (estimated size 4.0 MB, free 911.7 MB)
17/03/16 18:16:55 INFO storage.MemoryStore: Block broadcast_8_piece1 stored as bytes in memory (estimated size 4.0 MB, free 915.7 MB)
17/03/16 18:16:55 INFO storage.MemoryStore: Block broadcast_8_piece88 stored as bytes in memory (estimated size 4.0 MB, free 919.7 MB)
17/03/16 18:16:55 INFO storage.MemoryStore: Block broadcast_8_piece52 stored as bytes in memory (estimated size 4.0 MB, free 923.7 MB)
17/03/16 18:16:55 INFO storage.MemoryStore: Block broadcast_8_piece22 stored as bytes in memory (estimated size 4.0 MB, free 927.7 MB)
17/03/16 18:16:55 INFO storage.MemoryStore: Block broadcast_8_piece0 stored as bytes in memory (estimated size 4.0 MB, free 931.7 MB)
17/03/16 18:16:55 INFO storage.MemoryStore: Block broadcast_8_piece103 stored as bytes in memory (estimated size 2.9 MB, free 934.6 MB)
17/03/16 18:16:55 INFO storage.MemoryStore: Block broadcast_8_piece40 stored as bytes in memory (estimated size 4.0 MB, free 938.6 MB)
17/03/16 18:16:55 INFO storage.MemoryStore: Block broadcast_8_piece26 stored as bytes in memory (estimated size 4.0 MB, free 942.6 MB)
17/03/16 18:16:55 INFO storage.MemoryStore: Block broadcast_8_piece14 stored as bytes in memory (estimated size 4.0 MB, free 946.6 MB)
17/03/16 18:16:55 INFO storage.MemoryStore: Block broadcast_8_piece69 stored as bytes in memory (estimated size 4.0 MB, free 950.6 MB)
17/03/16 18:16:55 INFO storage.MemoryStore: Block broadcast_8_piece57 stored as bytes in memory (estimated size 4.0 MB, free 954.6 MB)
17/03/16 18:16:55 INFO storage.MemoryStore: Block broadcast_8_piece60 stored as bytes in memory (estimated size 4.0 MB, free 958.6 MB)
17/03/16 18:16:55 INFO storage.MemoryStore: Block broadcast_8_piece33 stored as bytes in memory (estimated size 4.0 MB, free 962.6 MB)
17/03/16 18:16:55 INFO storage.MemoryStore: Block broadcast_8_piece12 stored as bytes in memory (estimated size 4.0 MB, free 966.6 MB)
17/03/16 18:16:55 INFO storage.MemoryStore: Block broadcast_8_piece38 stored as bytes in memory (estimated size 4.0 MB, free 970.6 MB)
17/03/16 18:16:55 INFO storage.MemoryStore: Block broadcast_8_piece3 stored as bytes in memory (estimated size 4.0 MB, free 974.6 MB)
17/03/16 18:16:55 INFO storage.MemoryStore: Block broadcast_8_piece28 stored as bytes in memory (estimated size 4.0 MB, free 978.6 MB)
17/03/16 18:16:55 INFO storage.MemoryStore: Block broadcast_8_piece30 stored as bytes in memory (estimated size 4.0 MB, free 982.6 MB)
17/03/16 18:16:55 INFO storage.MemoryStore: Block broadcast_8_piece6 stored as bytes in memory (estimated size 4.0 MB, free 986.6 MB)
17/03/16 18:16:55 INFO storage.MemoryStore: Block broadcast_8_piece96 stored as bytes in memory (estimated size 4.0 MB, free 990.6 MB)
17/03/16 18:16:55 INFO storage.MemoryStore: Block broadcast_8_piece102 stored as bytes in memory (estimated size 4.0 MB, free 994.6 MB)
17/03/16 18:16:55 INFO storage.MemoryStore: Block broadcast_8_piece2 stored as bytes in memory (estimated size 4.0 MB, free 998.6 MB)
17/03/16 18:16:55 INFO storage.MemoryStore: Block broadcast_8_piece32 stored as bytes in memory (estimated size 4.0 MB, free 1002.6 MB)
17/03/16 18:16:55 INFO storage.MemoryStore: Block broadcast_8_piece11 stored as bytes in memory (estimated size 4.0 MB, free 1006.6 MB)
17/03/16 18:16:55 INFO storage.MemoryStore: Block broadcast_8_piece45 stored as bytes in memory (estimated size 4.0 MB, free 1010.6 MB)
17/03/16 18:16:55 INFO storage.MemoryStore: Block broadcast_8_piece42 stored as bytes in memory (estimated size 4.0 MB, free 1014.6 MB)
17/03/16 18:16:55 INFO storage.MemoryStore: Block broadcast_8_piece43 stored as bytes in memory (estimated size 4.0 MB, free 1018.6 MB)
17/03/16 18:16:55 INFO storage.MemoryStore: Block broadcast_8_piece17 stored as bytes in memory (estimated size 4.0 MB, free 1022.6 MB)
17/03/16 18:16:55 INFO storage.MemoryStore: Block broadcast_8_piece75 stored as bytes in memory (estimated size 4.0 MB, free 1026.6 MB)
17/03/16 18:16:55 INFO storage.MemoryStore: Block broadcast_8_piece37 stored as bytes in memory (estimated size 4.0 MB, free 1030.6 MB)
17/03/16 18:16:55 INFO storage.MemoryStore: Block broadcast_8_piece64 stored as bytes in memory (estimated size 4.0 MB, free 1034.6 MB)
17/03/16 18:16:55 INFO storage.MemoryStore: Block broadcast_8_piece79 stored as bytes in memory (estimated size 4.0 MB, free 1038.6 MB)
17/03/16 18:16:55 INFO storage.MemoryStore: Block broadcast_8_piece82 stored as bytes in memory (estimated size 4.0 MB, free 1042.6 MB)
17/03/16 18:16:55 INFO storage.MemoryStore: Block broadcast_8_piece46 stored as bytes in memory (estimated size 4.0 MB, free 1046.6 MB)
17/03/16 18:16:55 INFO storage.MemoryStore: Block broadcast_8_piece67 stored as bytes in memory (estimated size 4.0 MB, free 1050.6 MB)
17/03/16 18:16:55 INFO storage.MemoryStore: Block broadcast_8_piece51 stored as bytes in memory (estimated size 4.0 MB, free 1054.6 MB)
17/03/16 18:16:55 INFO storage.MemoryStore: Block broadcast_8_piece59 stored as bytes in memory (estimated size 4.0 MB, free 1058.6 MB)
17/03/16 18:16:55 INFO storage.MemoryStore: Block broadcast_8_piece5 stored as bytes in memory (estimated size 4.0 MB, free 1062.6 MB)
17/03/16 18:16:55 INFO storage.MemoryStore: Block broadcast_8_piece29 stored as bytes in memory (estimated size 4.0 MB, free 1066.6 MB)
17/03/16 18:16:55 INFO storage.MemoryStore: Block broadcast_8_piece74 stored as bytes in memory (estimated size 4.0 MB, free 1070.6 MB)
17/03/16 18:16:55 INFO storage.MemoryStore: Block broadcast_8_piece91 stored as bytes in memory (estimated size 4.0 MB, free 1074.6 MB)
17/03/16 18:16:55 INFO storage.MemoryStore: Block broadcast_8_piece15 stored as bytes in memory (estimated size 4.0 MB, free 1078.6 MB)
17/03/16 18:16:55 INFO storage.MemoryStore: Block broadcast_8_piece21 stored as bytes in memory (estimated size 4.0 MB, free 1082.6 MB)
17/03/16 18:16:55 INFO storage.MemoryStore: Block broadcast_8_piece47 stored as bytes in memory (estimated size 4.0 MB, free 1086.6 MB)
17/03/16 18:16:55 INFO storage.MemoryStore: Block broadcast_8_piece48 stored as bytes in memory (estimated size 4.0 MB, free 1090.6 MB)
17/03/16 18:16:55 INFO storage.MemoryStore: Block broadcast_8_piece4 stored as bytes in memory (estimated size 4.0 MB, free 1094.6 MB)
17/03/16 18:16:55 INFO storage.MemoryStore: Block broadcast_8_piece80 stored as bytes in memory (estimated size 4.0 MB, free 1098.6 MB)
17/03/16 18:16:55 INFO storage.MemoryStore: Block broadcast_8_piece18 stored as bytes in memory (estimated size 4.0 MB, free 1102.6 MB)
17/03/16 18:16:56 INFO storage.MemoryStore: Block broadcast_8_piece63 stored as bytes in memory (estimated size 4.0 MB, free 1106.6 MB)
17/03/16 18:16:56 INFO storage.MemoryStore: Block broadcast_8_piece53 stored as bytes in memory (estimated size 4.0 MB, free 1110.6 MB)
17/03/16 18:16:56 INFO storage.MemoryStore: Block broadcast_8_piece7 stored as bytes in memory (estimated size 4.0 MB, free 1114.6 MB)
17/03/16 18:16:56 INFO storage.MemoryStore: Block broadcast_8_piece71 stored as bytes in memory (estimated size 4.0 MB, free 1118.6 MB)
17/03/16 18:16:56 INFO storage.MemoryStore: Block broadcast_8_piece35 stored as bytes in memory (estimated size 4.0 MB, free 1122.6 MB)
17/03/16 18:16:56 INFO storage.MemoryStore: Block broadcast_8_piece34 stored as bytes in memory (estimated size 4.0 MB, free 1126.6 MB)
17/03/16 18:16:56 INFO storage.MemoryStore: Block broadcast_8_piece72 stored as bytes in memory (estimated size 4.0 MB, free 1130.6 MB)
17/03/16 18:16:56 INFO storage.MemoryStore: Block broadcast_8_piece44 stored as bytes in memory (estimated size 4.0 MB, free 1134.6 MB)
17/03/16 18:16:56 INFO storage.MemoryStore: Block broadcast_8_piece58 stored as bytes in memory (estimated size 4.0 MB, free 1138.6 MB)
17/03/16 18:16:56 INFO storage.MemoryStore: Block broadcast_8_piece39 stored as bytes in memory (estimated size 4.0 MB, free 1142.6 MB)
17/03/16 18:16:56 INFO storage.MemoryStore: Block broadcast_8_piece97 stored as bytes in memory (estimated size 4.0 MB, free 1146.6 MB)
17/03/16 18:16:56 INFO storage.MemoryStore: Block broadcast_8_piece101 stored as bytes in memory (estimated size 4.0 MB, free 1150.6 MB)
17/03/16 18:16:56 INFO storage.MemoryStore: Block broadcast_8_piece77 stored as bytes in memory (estimated size 4.0 MB, free 1154.6 MB)
17/03/16 18:16:56 INFO storage.MemoryStore: Block broadcast_8_piece55 stored as bytes in memory (estimated size 4.0 MB, free 1158.6 MB)
17/03/16 18:16:56 INFO storage.MemoryStore: Block broadcast_8_piece92 stored as bytes in memory (estimated size 4.0 MB, free 1162.6 MB)
17/03/16 18:16:56 INFO storage.MemoryStore: Block broadcast_8_piece89 stored as bytes in memory (estimated size 4.0 MB, free 1166.6 MB)
17/03/16 18:16:56 INFO storage.MemoryStore: Block broadcast_8_piece54 stored as bytes in memory (estimated size 4.0 MB, free 1170.6 MB)
17/03/16 18:16:56 INFO storage.MemoryStore: Block broadcast_8_piece90 stored as bytes in memory (estimated size 4.0 MB, free 1174.6 MB)
17/03/16 18:16:56 INFO storage.MemoryStore: Block broadcast_8_piece9 stored as bytes in memory (estimated size 4.0 MB, free 1178.6 MB)
17/03/16 18:16:56 INFO storage.MemoryStore: Block broadcast_8_piece56 stored as bytes in memory (estimated size 4.0 MB, free 1182.6 MB)
17/03/16 18:16:56 INFO storage.MemoryStore: Block broadcast_8_piece95 stored as bytes in memory (estimated size 4.0 MB, free 1186.6 MB)
17/03/16 18:16:56 INFO storage.MemoryStore: Block broadcast_8_piece24 stored as bytes in memory (estimated size 4.0 MB, free 1190.6 MB)
17/03/16 18:16:56 INFO storage.MemoryStore: Block broadcast_8_piece31 stored as bytes in memory (estimated size 4.0 MB, free 1194.6 MB)
17/03/16 18:16:56 INFO storage.MemoryStore: Block broadcast_8_piece93 stored as bytes in memory (estimated size 4.0 MB, free 1198.6 MB)
17/03/16 18:16:56 INFO storage.MemoryStore: Block broadcast_8_piece70 stored as bytes in memory (estimated size 4.0 MB, free 1202.6 MB)
17/03/16 18:16:56 INFO storage.MemoryStore: Block broadcast_8_piece19 stored as bytes in memory (estimated size 4.0 MB, free 1206.6 MB)
17/03/16 18:16:56 INFO storage.MemoryStore: Block broadcast_8_piece76 stored as bytes in memory (estimated size 4.0 MB, free 1210.6 MB)
17/03/16 18:16:56 INFO storage.MemoryStore: Block broadcast_8_piece98 stored as bytes in memory (estimated size 4.0 MB, free 1214.6 MB)
17/03/16 18:16:56 INFO storage.MemoryStore: Block broadcast_8_piece86 stored as bytes in memory (estimated size 4.0 MB, free 1218.6 MB)
17/03/16 18:16:56 INFO storage.MemoryStore: Block broadcast_8_piece68 stored as bytes in memory (estimated size 4.0 MB, free 1222.6 MB)
17/03/16 18:16:56 INFO storage.MemoryStore: Block broadcast_8_piece27 stored as bytes in memory (estimated size 4.0 MB, free 1226.6 MB)
17/03/16 18:16:56 INFO storage.MemoryStore: Block broadcast_8_piece23 stored as bytes in memory (estimated size 4.0 MB, free 1230.6 MB)
17/03/16 18:16:56 INFO storage.MemoryStore: Block broadcast_8_piece100 stored as bytes in memory (estimated size 4.0 MB, free 1234.6 MB)
17/03/16 18:16:56 INFO storage.MemoryStore: Block broadcast_8_piece94 stored as bytes in memory (estimated size 4.0 MB, free 1238.6 MB)
17/03/16 18:16:56 INFO storage.MemoryStore: Block broadcast_8_piece62 stored as bytes in memory (estimated size 4.0 MB, free 1242.6 MB)
17/03/16 18:16:56 INFO storage.MemoryStore: Block broadcast_8_piece78 stored as bytes in memory (estimated size 4.0 MB, free 1246.6 MB)
17/03/16 18:16:56 INFO storage.MemoryStore: Block broadcast_8_piece66 stored as bytes in memory (estimated size 4.0 MB, free 1250.6 MB)
17/03/16 18:16:56 INFO broadcast.TorrentBroadcast: Reading broadcast variable 8 took 2066 ms
17/03/16 18:17:02 INFO storage.MemoryStore: Block broadcast_8 stored as values in memory (estimated size 384.0 B, free 1250.6 MB)
17/03/16 18:17:11 INFO python.PythonRunner: Times: total = 16757, boot = 21, init = 8216, finish = 8520
17/03/16 18:17:11 INFO executor.Executor: Finished task 41.0 in stage 5.0 (TID 235). 1274 bytes result sent to driver
17/03/16 18:17:11 INFO python.PythonRunner: Times: total = 16919, boot = 8, init = 8232, finish = 8679
17/03/16 18:17:11 INFO python.PythonRunner: Times: total = 16934, boot = 15, init = 8225, finish = 8694
17/03/16 18:17:11 INFO python.PythonRunner: Times: total = 16964, boot = 25, init = 8213, finish = 8726
17/03/16 18:17:11 INFO executor.Executor: Finished task 17.0 in stage 5.0 (TID 211). 1274 bytes result sent to driver
17/03/16 18:17:11 INFO executor.Executor: Finished task 29.0 in stage 5.0 (TID 223). 1274 bytes result sent to driver
17/03/16 18:17:11 INFO executor.Executor: Finished task 5.0 in stage 5.0 (TID 199). 1274 bytes result sent to driver
17/03/16 18:17:11 INFO python.PythonRunner: Times: total = 17139, boot = 11, init = 8228, finish = 8900
17/03/16 18:17:11 INFO python.PythonRunner: Times: total = 17184, boot = 4, init = 8236, finish = 8944
17/03/16 18:17:11 INFO executor.Executor: Finished task 23.0 in stage 5.0 (TID 217). 1274 bytes result sent to driver
17/03/16 18:17:11 INFO executor.Executor: Finished task 11.0 in stage 5.0 (TID 205). 1274 bytes result sent to driver
17/03/16 18:17:13 INFO python.PythonRunner: Times: total = 19244, boot = 4, init = 8233, finish = 11007
17/03/16 18:17:13 INFO executor.Executor: Finished task 47.0 in stage 5.0 (TID 241). 1274 bytes result sent to driver
17/03/16 18:17:14 INFO python.PythonRunner: Times: total = 20058, boot = 18, init = 8221, finish = 11819
17/03/16 18:17:14 INFO executor.Executor: Finished task 35.0 in stage 5.0 (TID 229). 1274 bytes result sent to driver
17/03/16 18:17:30 INFO executor.CoarseGrainedExecutorBackend: Got assigned task 245
17/03/16 18:17:30 INFO executor.Executor: Running task 3.0 in stage 6.0 (TID 245)
17/03/16 18:17:30 INFO executor.CoarseGrainedExecutorBackend: Got assigned task 251
17/03/16 18:17:30 INFO executor.Executor: Running task 9.0 in stage 6.0 (TID 251)
17/03/16 18:17:30 INFO executor.CoarseGrainedExecutorBackend: Got assigned task 257
17/03/16 18:17:30 INFO executor.Executor: Running task 15.0 in stage 6.0 (TID 257)
17/03/16 18:17:30 INFO executor.CoarseGrainedExecutorBackend: Got assigned task 263
17/03/16 18:17:30 INFO executor.Executor: Running task 21.0 in stage 6.0 (TID 263)
17/03/16 18:17:30 INFO spark.MapOutputTrackerWorker: Updating epoch to 3 and clearing cache
17/03/16 18:17:30 INFO executor.CoarseGrainedExecutorBackend: Got assigned task 269
17/03/16 18:17:30 INFO executor.Executor: Running task 27.0 in stage 6.0 (TID 269)
17/03/16 18:17:30 INFO executor.CoarseGrainedExecutorBackend: Got assigned task 275
17/03/16 18:17:30 INFO executor.Executor: Running task 33.0 in stage 6.0 (TID 275)
17/03/16 18:17:30 INFO broadcast.TorrentBroadcast: Started reading broadcast variable 10
17/03/16 18:17:30 INFO executor.CoarseGrainedExecutorBackend: Got assigned task 281
17/03/16 18:17:30 INFO executor.Executor: Running task 39.0 in stage 6.0 (TID 281)
17/03/16 18:17:30 INFO executor.CoarseGrainedExecutorBackend: Got assigned task 287
17/03/16 18:17:30 INFO executor.Executor: Running task 45.0 in stage 6.0 (TID 287)
17/03/16 18:17:30 INFO storage.MemoryStore: Block broadcast_10_piece0 stored as bytes in memory (estimated size 3.3 KB, free 1250.6 MB)
17/03/16 18:17:30 INFO broadcast.TorrentBroadcast: Reading broadcast variable 10 took 11 ms
17/03/16 18:17:30 INFO storage.MemoryStore: Block broadcast_10 stored as values in memory (estimated size 5.3 KB, free 1250.6 MB)
17/03/16 18:17:30 INFO spark.MapOutputTrackerWorker: Don't have map outputs for shuffle 2, fetching them
17/03/16 18:17:30 INFO spark.MapOutputTrackerWorker: Doing the fetch; tracker endpoint = NettyRpcEndpointRef(spark://MapOutputTracker@10.10.34.38:36751)
17/03/16 18:17:30 INFO spark.MapOutputTrackerWorker: Don't have map outputs for shuffle 2, fetching them
17/03/16 18:17:30 INFO spark.MapOutputTrackerWorker: Don't have map outputs for shuffle 2, fetching them
17/03/16 18:17:30 INFO spark.MapOutputTrackerWorker: Don't have map outputs for shuffle 2, fetching them
17/03/16 18:17:30 INFO spark.MapOutputTrackerWorker: Don't have map outputs for shuffle 2, fetching them
17/03/16 18:17:30 INFO spark.MapOutputTrackerWorker: Don't have map outputs for shuffle 2, fetching them
17/03/16 18:17:30 INFO spark.MapOutputTrackerWorker: Don't have map outputs for shuffle 2, fetching them
17/03/16 18:17:30 INFO spark.MapOutputTrackerWorker: Don't have map outputs for shuffle 2, fetching them
17/03/16 18:17:30 INFO spark.MapOutputTrackerWorker: Got the output locations
17/03/16 18:17:30 INFO storage.ShuffleBlockFetcherIterator: Getting 48 non-empty blocks out of 48 blocks
17/03/16 18:17:30 INFO storage.ShuffleBlockFetcherIterator: Getting 48 non-empty blocks out of 48 blocks
17/03/16 18:17:30 INFO storage.ShuffleBlockFetcherIterator: Getting 48 non-empty blocks out of 48 blocks
17/03/16 18:17:30 INFO storage.ShuffleBlockFetcherIterator: Started 6 remote fetches in 5 ms
17/03/16 18:17:30 INFO storage.ShuffleBlockFetcherIterator: Getting 48 non-empty blocks out of 48 blocks
17/03/16 18:17:30 INFO storage.ShuffleBlockFetcherIterator: Started 6 remote fetches in 4 ms
17/03/16 18:17:30 INFO storage.ShuffleBlockFetcherIterator: Started 7 remote fetches in 4 ms
17/03/16 18:17:30 INFO storage.ShuffleBlockFetcherIterator: Getting 48 non-empty blocks out of 48 blocks
17/03/16 18:17:30 INFO storage.ShuffleBlockFetcherIterator: Getting 48 non-empty blocks out of 48 blocks
17/03/16 18:17:30 INFO storage.ShuffleBlockFetcherIterator: Getting 48 non-empty blocks out of 48 blocks
17/03/16 18:17:30 INFO storage.ShuffleBlockFetcherIterator: Started 8 remote fetches in 6 ms
17/03/16 18:17:30 INFO storage.ShuffleBlockFetcherIterator: Started 5 remote fetches in 5 ms
17/03/16 18:17:30 INFO storage.ShuffleBlockFetcherIterator: Started 7 remote fetches in 4 ms
17/03/16 18:17:30 INFO storage.ShuffleBlockFetcherIterator: Getting 48 non-empty blocks out of 48 blocks
17/03/16 18:17:30 INFO storage.ShuffleBlockFetcherIterator: Started 8 remote fetches in 4 ms
17/03/16 18:17:30 INFO storage.ShuffleBlockFetcherIterator: Started 8 remote fetches in 7 ms
17/03/16 18:17:31 INFO python.PythonRunner: Times: total = 916, boot = -18725, init = 18731, finish = 910
17/03/16 18:17:31 INFO executor.Executor: Finished task 9.0 in stage 6.0 (TID 251). 9575900 bytes result sent to driver
17/03/16 18:17:31 INFO python.PythonRunner: Times: total = 1030, boot = -18564, init = 18567, finish = 1027
17/03/16 18:17:31 INFO python.PythonRunner: Times: total = 1036, boot = -18525, init = 18533, finish = 1028
17/03/16 18:17:31 INFO executor.Executor: Finished task 45.0 in stage 6.0 (TID 287). 9544373 bytes result sent to driver
17/03/16 18:17:31 INFO python.PythonRunner: Times: total = 1068, boot = -18343, init = 18351, finish = 1060
17/03/16 18:17:31 INFO executor.Executor: Finished task 27.0 in stage 6.0 (TID 269). 9565725 bytes result sent to driver
17/03/16 18:17:31 INFO executor.Executor: Finished task 21.0 in stage 6.0 (TID 263). 9566614 bytes result sent to driver
17/03/16 18:17:31 INFO python.PythonRunner: Times: total = 1604, boot = -18551, init = 18554, finish = 1601
17/03/16 18:17:31 INFO python.PythonRunner: Times: total = 1618, boot = -18295, init = 18301, finish = 1612
17/03/16 18:17:31 INFO executor.Executor: Finished task 39.0 in stage 6.0 (TID 281). 9557365 bytes result sent to driver
17/03/16 18:17:31 INFO executor.Executor: Finished task 33.0 in stage 6.0 (TID 275). 9574429 bytes result sent to driver
17/03/16 18:17:31 INFO python.PythonRunner: Times: total = 1642, boot = -16251, init = 16258, finish = 1635
17/03/16 18:17:31 INFO python.PythonRunner: Times: total = 1651, boot = -15442, init = 15455, finish = 1638
17/03/16 18:17:31 INFO executor.Executor: Finished task 15.0 in stage 6.0 (TID 257). 9548571 bytes result sent to driver
17/03/16 18:17:31 INFO executor.Executor: Finished task 3.0 in stage 6.0 (TID 245). 9567620 bytes result sent to driver
17/03/16 18:17:35 INFO storage.BlockManager: Removing RDD 15
17/03/16 18:17:35 INFO storage.BlockManager: Removing RDD 20
17/03/16 18:24:51 INFO executor.CoarseGrainedExecutorBackend: Got assigned task 292
17/03/16 18:24:51 INFO executor.Executor: Running task 2.0 in stage 7.0 (TID 292)
17/03/16 18:24:51 INFO executor.CoarseGrainedExecutorBackend: Got assigned task 298
17/03/16 18:24:51 INFO broadcast.TorrentBroadcast: Started reading broadcast variable 12
17/03/16 18:24:51 INFO executor.Executor: Running task 8.0 in stage 7.0 (TID 298)
17/03/16 18:24:51 INFO executor.CoarseGrainedExecutorBackend: Got assigned task 304
17/03/16 18:24:51 INFO executor.Executor: Running task 14.0 in stage 7.0 (TID 304)
17/03/16 18:24:51 INFO executor.CoarseGrainedExecutorBackend: Got assigned task 310
17/03/16 18:24:51 INFO executor.Executor: Running task 20.0 in stage 7.0 (TID 310)
17/03/16 18:24:51 INFO executor.CoarseGrainedExecutorBackend: Got assigned task 316
17/03/16 18:24:51 INFO executor.Executor: Running task 26.0 in stage 7.0 (TID 316)
17/03/16 18:24:51 INFO storage.MemoryStore: Block broadcast_12_piece0 stored as bytes in memory (estimated size 5.4 KB, free 414.9 MB)
17/03/16 18:24:51 INFO executor.CoarseGrainedExecutorBackend: Got assigned task 322
17/03/16 18:24:51 INFO executor.Executor: Running task 32.0 in stage 7.0 (TID 322)
17/03/16 18:24:51 INFO broadcast.TorrentBroadcast: Reading broadcast variable 12 took 15 ms
17/03/16 18:24:51 INFO executor.CoarseGrainedExecutorBackend: Got assigned task 328
17/03/16 18:24:51 INFO executor.Executor: Running task 38.0 in stage 7.0 (TID 328)
17/03/16 18:24:51 INFO storage.MemoryStore: Block broadcast_12 stored as values in memory (estimated size 8.6 KB, free 414.9 MB)
17/03/16 18:24:51 INFO executor.CoarseGrainedExecutorBackend: Got assigned task 334
17/03/16 18:24:51 INFO executor.Executor: Running task 44.0 in stage 7.0 (TID 334)
17/03/16 18:24:51 INFO broadcast.TorrentBroadcast: Started reading broadcast variable 11
17/03/16 18:24:51 INFO storage.MemoryStore: Block broadcast_11_piece51 stored as bytes in memory (estimated size 4.0 MB, free 418.9 MB)
17/03/16 18:24:51 INFO storage.MemoryStore: Block broadcast_11_piece83 stored as bytes in memory (estimated size 4.0 MB, free 422.9 MB)
17/03/16 18:24:51 INFO storage.MemoryStore: Block broadcast_11_piece93 stored as bytes in memory (estimated size 4.0 MB, free 426.9 MB)
17/03/16 18:24:51 INFO storage.MemoryStore: Block broadcast_11_piece68 stored as bytes in memory (estimated size 4.0 MB, free 430.9 MB)
17/03/16 18:24:51 INFO storage.MemoryStore: Block broadcast_11_piece69 stored as bytes in memory (estimated size 4.0 MB, free 434.9 MB)
17/03/16 18:24:51 INFO storage.MemoryStore: Block broadcast_11_piece90 stored as bytes in memory (estimated size 4.0 MB, free 438.9 MB)
17/03/16 18:24:51 INFO storage.MemoryStore: Block broadcast_11_piece89 stored as bytes in memory (estimated size 4.0 MB, free 442.9 MB)
17/03/16 18:24:51 INFO storage.MemoryStore: Block broadcast_11_piece11 stored as bytes in memory (estimated size 4.0 MB, free 446.9 MB)
17/03/16 18:24:51 INFO storage.MemoryStore: Block broadcast_11_piece23 stored as bytes in memory (estimated size 4.0 MB, free 450.9 MB)
17/03/16 18:24:51 INFO storage.MemoryStore: Block broadcast_11_piece32 stored as bytes in memory (estimated size 4.0 MB, free 454.9 MB)
17/03/16 18:24:51 INFO storage.MemoryStore: Block broadcast_11_piece54 stored as bytes in memory (estimated size 4.0 MB, free 458.9 MB)
17/03/16 18:24:51 INFO storage.MemoryStore: Block broadcast_11_piece57 stored as bytes in memory (estimated size 4.0 MB, free 462.9 MB)
17/03/16 18:24:51 INFO storage.MemoryStore: Block broadcast_11_piece29 stored as bytes in memory (estimated size 4.0 MB, free 466.9 MB)
17/03/16 18:24:51 INFO storage.MemoryStore: Block broadcast_11_piece74 stored as bytes in memory (estimated size 4.0 MB, free 470.9 MB)
17/03/16 18:24:51 INFO storage.MemoryStore: Block broadcast_11_piece33 stored as bytes in memory (estimated size 4.0 MB, free 474.9 MB)
17/03/16 18:24:51 INFO storage.MemoryStore: Block broadcast_11_piece76 stored as bytes in memory (estimated size 4.0 MB, free 478.9 MB)
17/03/16 18:24:51 INFO storage.MemoryStore: Block broadcast_11_piece95 stored as bytes in memory (estimated size 4.0 MB, free 482.9 MB)
17/03/16 18:24:52 INFO storage.MemoryStore: Block broadcast_11_piece19 stored as bytes in memory (estimated size 4.0 MB, free 486.9 MB)
17/03/16 18:24:52 INFO storage.MemoryStore: Block broadcast_11_piece103 stored as bytes in memory (estimated size 2.6 MB, free 489.5 MB)
17/03/16 18:24:52 INFO storage.MemoryStore: Block broadcast_11_piece26 stored as bytes in memory (estimated size 4.0 MB, free 493.5 MB)
17/03/16 18:24:52 INFO storage.MemoryStore: Block broadcast_11_piece99 stored as bytes in memory (estimated size 4.0 MB, free 497.5 MB)
17/03/16 18:24:52 INFO storage.MemoryStore: Block broadcast_11_piece43 stored as bytes in memory (estimated size 4.0 MB, free 501.5 MB)
17/03/16 18:24:52 INFO storage.MemoryStore: Block broadcast_11_piece71 stored as bytes in memory (estimated size 4.0 MB, free 505.5 MB)
17/03/16 18:24:52 INFO storage.MemoryStore: Block broadcast_11_piece18 stored as bytes in memory (estimated size 4.0 MB, free 509.5 MB)
17/03/16 18:24:52 INFO storage.MemoryStore: Block broadcast_11_piece47 stored as bytes in memory (estimated size 4.0 MB, free 513.5 MB)
17/03/16 18:24:52 INFO storage.MemoryStore: Block broadcast_11_piece96 stored as bytes in memory (estimated size 4.0 MB, free 517.5 MB)
17/03/16 18:24:52 INFO storage.MemoryStore: Block broadcast_11_piece66 stored as bytes in memory (estimated size 4.0 MB, free 521.5 MB)
17/03/16 18:24:52 INFO storage.MemoryStore: Block broadcast_11_piece22 stored as bytes in memory (estimated size 4.0 MB, free 525.5 MB)
17/03/16 18:24:52 INFO storage.MemoryStore: Block broadcast_11_piece59 stored as bytes in memory (estimated size 4.0 MB, free 529.5 MB)
17/03/16 18:24:52 INFO storage.MemoryStore: Block broadcast_11_piece52 stored as bytes in memory (estimated size 4.0 MB, free 533.5 MB)
17/03/16 18:24:52 INFO storage.MemoryStore: Block broadcast_11_piece67 stored as bytes in memory (estimated size 4.0 MB, free 537.5 MB)
17/03/16 18:24:52 INFO storage.MemoryStore: Block broadcast_11_piece73 stored as bytes in memory (estimated size 4.0 MB, free 541.5 MB)
17/03/16 18:24:52 INFO storage.MemoryStore: Block broadcast_11_piece39 stored as bytes in memory (estimated size 4.0 MB, free 545.5 MB)
17/03/16 18:24:52 INFO storage.MemoryStore: Block broadcast_11_piece75 stored as bytes in memory (estimated size 4.0 MB, free 549.5 MB)
17/03/16 18:24:52 INFO storage.MemoryStore: Block broadcast_11_piece0 stored as bytes in memory (estimated size 4.0 MB, free 553.5 MB)
17/03/16 18:24:52 INFO storage.MemoryStore: Block broadcast_11_piece38 stored as bytes in memory (estimated size 4.0 MB, free 557.5 MB)
17/03/16 18:24:52 INFO storage.MemoryStore: Block broadcast_11_piece31 stored as bytes in memory (estimated size 4.0 MB, free 561.5 MB)
17/03/16 18:24:52 INFO storage.MemoryStore: Block broadcast_11_piece82 stored as bytes in memory (estimated size 4.0 MB, free 565.5 MB)
17/03/16 18:24:52 INFO storage.MemoryStore: Block broadcast_11_piece102 stored as bytes in memory (estimated size 4.0 MB, free 569.5 MB)
17/03/16 18:24:52 INFO storage.MemoryStore: Block broadcast_11_piece65 stored as bytes in memory (estimated size 4.0 MB, free 573.5 MB)
17/03/16 18:24:52 INFO storage.MemoryStore: Block broadcast_11_piece17 stored as bytes in memory (estimated size 4.0 MB, free 577.5 MB)
17/03/16 18:24:52 INFO storage.MemoryStore: Block broadcast_11_piece91 stored as bytes in memory (estimated size 4.0 MB, free 581.5 MB)
17/03/16 18:24:52 INFO storage.MemoryStore: Block broadcast_11_piece24 stored as bytes in memory (estimated size 4.0 MB, free 585.5 MB)
17/03/16 18:24:52 INFO storage.MemoryStore: Block broadcast_11_piece87 stored as bytes in memory (estimated size 4.0 MB, free 589.5 MB)
17/03/16 18:24:52 INFO storage.MemoryStore: Block broadcast_11_piece48 stored as bytes in memory (estimated size 4.0 MB, free 593.5 MB)
17/03/16 18:24:52 INFO storage.MemoryStore: Block broadcast_11_piece13 stored as bytes in memory (estimated size 4.0 MB, free 597.5 MB)
17/03/16 18:24:52 INFO storage.MemoryStore: Block broadcast_11_piece94 stored as bytes in memory (estimated size 4.0 MB, free 601.5 MB)
17/03/16 18:24:52 INFO storage.MemoryStore: Block broadcast_11_piece92 stored as bytes in memory (estimated size 4.0 MB, free 605.5 MB)
17/03/16 18:24:52 INFO storage.MemoryStore: Block broadcast_11_piece4 stored as bytes in memory (estimated size 4.0 MB, free 609.5 MB)
17/03/16 18:24:52 INFO storage.MemoryStore: Block broadcast_11_piece12 stored as bytes in memory (estimated size 4.0 MB, free 613.5 MB)
17/03/16 18:24:52 INFO storage.MemoryStore: Block broadcast_11_piece1 stored as bytes in memory (estimated size 4.0 MB, free 617.5 MB)
17/03/16 18:24:52 INFO storage.MemoryStore: Block broadcast_11_piece63 stored as bytes in memory (estimated size 4.0 MB, free 621.5 MB)
17/03/16 18:24:52 INFO storage.MemoryStore: Block broadcast_11_piece84 stored as bytes in memory (estimated size 4.0 MB, free 625.5 MB)
17/03/16 18:24:52 INFO storage.MemoryStore: Block broadcast_11_piece46 stored as bytes in memory (estimated size 4.0 MB, free 629.5 MB)
17/03/16 18:24:52 INFO storage.MemoryStore: Block broadcast_11_piece101 stored as bytes in memory (estimated size 4.0 MB, free 633.5 MB)
17/03/16 18:24:52 INFO storage.MemoryStore: Block broadcast_11_piece70 stored as bytes in memory (estimated size 4.0 MB, free 637.5 MB)
17/03/16 18:24:52 INFO storage.MemoryStore: Block broadcast_11_piece55 stored as bytes in memory (estimated size 4.0 MB, free 641.5 MB)
17/03/16 18:24:52 INFO storage.MemoryStore: Block broadcast_11_piece100 stored as bytes in memory (estimated size 4.0 MB, free 645.5 MB)
17/03/16 18:24:52 INFO storage.MemoryStore: Block broadcast_11_piece80 stored as bytes in memory (estimated size 4.0 MB, free 649.5 MB)
17/03/16 18:24:52 INFO storage.MemoryStore: Block broadcast_11_piece78 stored as bytes in memory (estimated size 4.0 MB, free 653.5 MB)
17/03/16 18:24:52 INFO storage.MemoryStore: Block broadcast_11_piece25 stored as bytes in memory (estimated size 4.0 MB, free 657.5 MB)
17/03/16 18:24:52 INFO storage.MemoryStore: Block broadcast_11_piece3 stored as bytes in memory (estimated size 4.0 MB, free 661.5 MB)
17/03/16 18:24:52 INFO storage.MemoryStore: Block broadcast_11_piece15 stored as bytes in memory (estimated size 4.0 MB, free 665.5 MB)
17/03/16 18:24:52 INFO storage.MemoryStore: Block broadcast_11_piece10 stored as bytes in memory (estimated size 4.0 MB, free 669.5 MB)
17/03/16 18:24:52 INFO storage.MemoryStore: Block broadcast_11_piece98 stored as bytes in memory (estimated size 4.0 MB, free 673.5 MB)
17/03/16 18:24:52 INFO storage.MemoryStore: Block broadcast_11_piece30 stored as bytes in memory (estimated size 4.0 MB, free 677.5 MB)
17/03/16 18:24:52 INFO storage.MemoryStore: Block broadcast_11_piece85 stored as bytes in memory (estimated size 4.0 MB, free 681.5 MB)
17/03/16 18:24:53 INFO storage.MemoryStore: Block broadcast_11_piece41 stored as bytes in memory (estimated size 4.0 MB, free 685.5 MB)
17/03/16 18:24:53 INFO storage.MemoryStore: Block broadcast_11_piece72 stored as bytes in memory (estimated size 4.0 MB, free 689.5 MB)
17/03/16 18:24:53 INFO storage.MemoryStore: Block broadcast_11_piece40 stored as bytes in memory (estimated size 4.0 MB, free 693.5 MB)
17/03/16 18:24:53 INFO storage.MemoryStore: Block broadcast_11_piece79 stored as bytes in memory (estimated size 4.0 MB, free 697.5 MB)
17/03/16 18:24:53 INFO storage.MemoryStore: Block broadcast_11_piece27 stored as bytes in memory (estimated size 4.0 MB, free 701.5 MB)
17/03/16 18:24:53 INFO storage.MemoryStore: Block broadcast_11_piece61 stored as bytes in memory (estimated size 4.0 MB, free 705.5 MB)
17/03/16 18:24:53 INFO storage.MemoryStore: Block broadcast_11_piece36 stored as bytes in memory (estimated size 4.0 MB, free 709.5 MB)
17/03/16 18:24:53 INFO storage.MemoryStore: Block broadcast_11_piece2 stored as bytes in memory (estimated size 4.0 MB, free 713.5 MB)
17/03/16 18:24:53 INFO storage.MemoryStore: Block broadcast_11_piece97 stored as bytes in memory (estimated size 4.0 MB, free 717.5 MB)
17/03/16 18:24:53 INFO storage.MemoryStore: Block broadcast_11_piece28 stored as bytes in memory (estimated size 4.0 MB, free 721.5 MB)
17/03/16 18:24:53 INFO storage.MemoryStore: Block broadcast_11_piece88 stored as bytes in memory (estimated size 4.0 MB, free 725.5 MB)
17/03/16 18:24:53 INFO storage.MemoryStore: Block broadcast_11_piece14 stored as bytes in memory (estimated size 4.0 MB, free 729.5 MB)
17/03/16 18:24:53 INFO storage.MemoryStore: Block broadcast_11_piece5 stored as bytes in memory (estimated size 4.0 MB, free 733.5 MB)
17/03/16 18:24:53 INFO storage.MemoryStore: Block broadcast_11_piece6 stored as bytes in memory (estimated size 4.0 MB, free 737.5 MB)
17/03/16 18:24:53 INFO storage.MemoryStore: Block broadcast_11_piece58 stored as bytes in memory (estimated size 4.0 MB, free 741.5 MB)
17/03/16 18:24:53 INFO storage.MemoryStore: Block broadcast_11_piece20 stored as bytes in memory (estimated size 4.0 MB, free 745.5 MB)
17/03/16 18:24:53 INFO storage.MemoryStore: Block broadcast_11_piece53 stored as bytes in memory (estimated size 4.0 MB, free 749.5 MB)
17/03/16 18:24:53 INFO storage.MemoryStore: Block broadcast_11_piece62 stored as bytes in memory (estimated size 4.0 MB, free 753.5 MB)
17/03/16 18:24:53 INFO storage.MemoryStore: Block broadcast_11_piece42 stored as bytes in memory (estimated size 4.0 MB, free 757.5 MB)
17/03/16 18:24:53 INFO storage.MemoryStore: Block broadcast_11_piece45 stored as bytes in memory (estimated size 4.0 MB, free 761.5 MB)
17/03/16 18:24:53 INFO storage.MemoryStore: Block broadcast_11_piece86 stored as bytes in memory (estimated size 4.0 MB, free 765.5 MB)
17/03/16 18:24:53 INFO storage.MemoryStore: Block broadcast_11_piece64 stored as bytes in memory (estimated size 4.0 MB, free 769.5 MB)
17/03/16 18:24:53 INFO storage.MemoryStore: Block broadcast_11_piece7 stored as bytes in memory (estimated size 4.0 MB, free 773.5 MB)
17/03/16 18:24:53 INFO storage.MemoryStore: Block broadcast_11_piece21 stored as bytes in memory (estimated size 4.0 MB, free 777.5 MB)
17/03/16 18:24:53 INFO storage.MemoryStore: Block broadcast_11_piece81 stored as bytes in memory (estimated size 4.0 MB, free 781.5 MB)
17/03/16 18:24:53 INFO storage.MemoryStore: Block broadcast_11_piece37 stored as bytes in memory (estimated size 4.0 MB, free 785.5 MB)
17/03/16 18:24:53 INFO storage.MemoryStore: Block broadcast_11_piece49 stored as bytes in memory (estimated size 4.0 MB, free 789.5 MB)
17/03/16 18:24:53 INFO storage.MemoryStore: Block broadcast_11_piece16 stored as bytes in memory (estimated size 4.0 MB, free 793.5 MB)
17/03/16 18:24:53 INFO storage.MemoryStore: Block broadcast_11_piece50 stored as bytes in memory (estimated size 4.0 MB, free 797.5 MB)
17/03/16 18:24:53 INFO storage.MemoryStore: Block broadcast_11_piece56 stored as bytes in memory (estimated size 4.0 MB, free 801.5 MB)
17/03/16 18:24:53 INFO storage.MemoryStore: Block broadcast_11_piece35 stored as bytes in memory (estimated size 4.0 MB, free 805.5 MB)
17/03/16 18:24:53 INFO storage.MemoryStore: Block broadcast_11_piece60 stored as bytes in memory (estimated size 4.0 MB, free 809.5 MB)
17/03/16 18:24:53 INFO storage.MemoryStore: Block broadcast_11_piece34 stored as bytes in memory (estimated size 4.0 MB, free 813.5 MB)
17/03/16 18:24:53 INFO storage.MemoryStore: Block broadcast_11_piece9 stored as bytes in memory (estimated size 4.0 MB, free 817.5 MB)
17/03/16 18:24:53 INFO storage.MemoryStore: Block broadcast_11_piece8 stored as bytes in memory (estimated size 4.0 MB, free 821.5 MB)
17/03/16 18:24:53 INFO storage.MemoryStore: Block broadcast_11_piece77 stored as bytes in memory (estimated size 4.0 MB, free 825.5 MB)
17/03/16 18:24:53 INFO storage.MemoryStore: Block broadcast_11_piece44 stored as bytes in memory (estimated size 4.0 MB, free 829.5 MB)
17/03/16 18:24:53 INFO broadcast.TorrentBroadcast: Reading broadcast variable 11 took 2090 ms
17/03/16 18:25:01 INFO storage.MemoryStore: Block broadcast_11 stored as values in memory (estimated size 384.0 B, free 829.5 MB)
17/03/16 18:25:08 INFO python.PythonRunner: Times: total = 17336, boot = 21, init = 9770, finish = 7545
17/03/16 18:25:08 INFO python.PythonRunner: Times: total = 17370, boot = 22, init = 9775, finish = 7573
17/03/16 18:25:08 INFO python.PythonRunner: Times: total = 17400, boot = 11, init = 9789, finish = 7600
17/03/16 18:25:09 INFO executor.Executor: Finished task 44.0 in stage 7.0 (TID 334). 1274 bytes result sent to driver
17/03/16 18:25:09 INFO executor.Executor: Finished task 32.0 in stage 7.0 (TID 322). 1274 bytes result sent to driver
17/03/16 18:25:09 INFO python.PythonRunner: Times: total = 17490, boot = 18, init = 9780, finish = 7692
17/03/16 18:25:09 INFO executor.Executor: Finished task 38.0 in stage 7.0 (TID 328). 1274 bytes result sent to driver
17/03/16 18:25:09 INFO python.PythonRunner: Times: total = 17556, boot = 7, init = 9793, finish = 7756
17/03/16 18:25:09 INFO executor.Executor: Finished task 26.0 in stage 7.0 (TID 316). 1274 bytes result sent to driver
17/03/16 18:25:09 INFO executor.Executor: Finished task 14.0 in stage 7.0 (TID 304). 1274 bytes result sent to driver
17/03/16 18:25:09 INFO python.PythonRunner: Times: total = 17755, boot = 14, init = 9784, finish = 7957
17/03/16 18:25:09 INFO python.PythonRunner: Times: total = 17772, boot = 3, init = 9797, finish = 7972
17/03/16 18:25:09 INFO python.PythonRunner: Times: total = 17795, boot = 4, init = 9792, finish = 7999
17/03/16 18:25:09 INFO executor.Executor: Finished task 20.0 in stage 7.0 (TID 310). 1274 bytes result sent to driver
17/03/16 18:25:09 INFO executor.Executor: Finished task 8.0 in stage 7.0 (TID 298). 1274 bytes result sent to driver
17/03/16 18:25:09 INFO executor.Executor: Finished task 2.0 in stage 7.0 (TID 292). 1274 bytes result sent to driver
17/03/16 18:25:23 INFO executor.CoarseGrainedExecutorBackend: Got assigned task 341
17/03/16 18:25:23 INFO executor.Executor: Running task 3.0 in stage 8.0 (TID 341)
17/03/16 18:25:23 INFO executor.CoarseGrainedExecutorBackend: Got assigned task 347
17/03/16 18:25:23 INFO executor.Executor: Running task 9.0 in stage 8.0 (TID 347)
17/03/16 18:25:23 INFO executor.CoarseGrainedExecutorBackend: Got assigned task 353
17/03/16 18:25:23 INFO executor.Executor: Running task 15.0 in stage 8.0 (TID 353)
17/03/16 18:25:23 INFO executor.CoarseGrainedExecutorBackend: Got assigned task 359
17/03/16 18:25:23 INFO spark.MapOutputTrackerWorker: Updating epoch to 4 and clearing cache
17/03/16 18:25:23 INFO executor.Executor: Running task 21.0 in stage 8.0 (TID 359)
17/03/16 18:25:23 INFO executor.CoarseGrainedExecutorBackend: Got assigned task 365
17/03/16 18:25:23 INFO broadcast.TorrentBroadcast: Started reading broadcast variable 13
17/03/16 18:25:23 INFO executor.Executor: Running task 27.0 in stage 8.0 (TID 365)
17/03/16 18:25:23 INFO executor.CoarseGrainedExecutorBackend: Got assigned task 371
17/03/16 18:25:23 INFO executor.Executor: Running task 33.0 in stage 8.0 (TID 371)
17/03/16 18:25:23 INFO executor.CoarseGrainedExecutorBackend: Got assigned task 377
17/03/16 18:25:23 INFO executor.CoarseGrainedExecutorBackend: Got assigned task 383
17/03/16 18:25:23 INFO executor.Executor: Running task 39.0 in stage 8.0 (TID 377)
17/03/16 18:25:23 INFO executor.Executor: Running task 45.0 in stage 8.0 (TID 383)
17/03/16 18:25:23 INFO storage.MemoryStore: Block broadcast_13_piece0 stored as bytes in memory (estimated size 3.3 KB, free 829.5 MB)
17/03/16 18:25:23 INFO broadcast.TorrentBroadcast: Reading broadcast variable 13 took 10 ms
17/03/16 18:25:23 INFO storage.MemoryStore: Block broadcast_13 stored as values in memory (estimated size 5.3 KB, free 829.5 MB)
17/03/16 18:25:23 INFO spark.MapOutputTrackerWorker: Don't have map outputs for shuffle 3, fetching them
17/03/16 18:25:23 INFO spark.MapOutputTrackerWorker: Doing the fetch; tracker endpoint = NettyRpcEndpointRef(spark://MapOutputTracker@10.10.34.38:36751)
17/03/16 18:25:23 INFO spark.MapOutputTrackerWorker: Don't have map outputs for shuffle 3, fetching them
17/03/16 18:25:23 INFO spark.MapOutputTrackerWorker: Don't have map outputs for shuffle 3, fetching them
17/03/16 18:25:23 INFO spark.MapOutputTrackerWorker: Don't have map outputs for shuffle 3, fetching them
17/03/16 18:25:23 INFO spark.MapOutputTrackerWorker: Don't have map outputs for shuffle 3, fetching them
17/03/16 18:25:23 INFO spark.MapOutputTrackerWorker: Don't have map outputs for shuffle 3, fetching them
17/03/16 18:25:23 INFO spark.MapOutputTrackerWorker: Don't have map outputs for shuffle 3, fetching them
17/03/16 18:25:23 INFO spark.MapOutputTrackerWorker: Got the output locations
17/03/16 18:25:23 INFO storage.ShuffleBlockFetcherIterator: Getting 48 non-empty blocks out of 48 blocks
17/03/16 18:25:23 INFO storage.ShuffleBlockFetcherIterator: Getting 48 non-empty blocks out of 48 blocks
17/03/16 18:25:23 INFO storage.ShuffleBlockFetcherIterator: Getting 48 non-empty blocks out of 48 blocks
17/03/16 18:25:23 INFO storage.ShuffleBlockFetcherIterator: Started 8 remote fetches in 6 ms
17/03/16 18:25:23 INFO storage.ShuffleBlockFetcherIterator: Getting 48 non-empty blocks out of 48 blocks
17/03/16 18:25:23 INFO storage.ShuffleBlockFetcherIterator: Getting 48 non-empty blocks out of 48 blocks
17/03/16 18:25:23 INFO storage.ShuffleBlockFetcherIterator: Started 7 remote fetches in 6 ms
17/03/16 18:25:23 INFO storage.ShuffleBlockFetcherIterator: Getting 48 non-empty blocks out of 48 blocks
17/03/16 18:25:23 INFO storage.ShuffleBlockFetcherIterator: Getting 48 non-empty blocks out of 48 blocks
17/03/16 18:25:23 INFO storage.ShuffleBlockFetcherIterator: Started 8 remote fetches in 8 ms
17/03/16 18:25:23 INFO storage.ShuffleBlockFetcherIterator: Started 7 remote fetches in 8 ms
17/03/16 18:25:23 INFO storage.ShuffleBlockFetcherIterator: Started 8 remote fetches in 6 ms
17/03/16 18:25:23 INFO storage.ShuffleBlockFetcherIterator: Started 5 remote fetches in 6 ms
17/03/16 18:25:23 INFO storage.ShuffleBlockFetcherIterator: Getting 48 non-empty blocks out of 48 blocks
17/03/16 18:25:23 INFO storage.ShuffleBlockFetcherIterator: Started 8 remote fetches in 16 ms
17/03/16 18:25:23 INFO storage.ShuffleBlockFetcherIterator: Started 7 remote fetches in 11 ms
17/03/16 18:25:24 INFO python.PythonRunner: Times: total = 844, boot = -14742, init = 14746, finish = 840
17/03/16 18:25:24 INFO python.PythonRunner: Times: total = 859, boot = -14780, init = 14784, finish = 855
17/03/16 18:25:24 INFO executor.Executor: Finished task 45.0 in stage 8.0 (TID 383). 9568742 bytes result sent to driver
17/03/16 18:25:24 INFO executor.Executor: Finished task 3.0 in stage 8.0 (TID 341). 9560747 bytes result sent to driver
17/03/16 18:25:24 INFO python.PythonRunner: Times: total = 892, boot = -14356, init = 14361, finish = 887
17/03/16 18:25:24 INFO python.PythonRunner: Times: total = 922, boot = -14568, init = 14572, finish = 918
17/03/16 18:25:24 INFO executor.Executor: Finished task 27.0 in stage 8.0 (TID 365). 9559746 bytes result sent to driver
17/03/16 18:25:24 INFO python.PythonRunner: Times: total = 941, boot = -14722, init = 14726, finish = 937
17/03/16 18:25:24 INFO executor.Executor: Finished task 39.0 in stage 8.0 (TID 377). 9561273 bytes result sent to driver
17/03/16 18:25:24 INFO python.PythonRunner: Times: total = 947, boot = -14365, init = 14368, finish = 944
17/03/16 18:25:24 INFO executor.Executor: Finished task 33.0 in stage 8.0 (TID 371). 9562216 bytes result sent to driver
17/03/16 18:25:24 INFO executor.Executor: Finished task 21.0 in stage 8.0 (TID 359). 9561422 bytes result sent to driver
17/03/16 18:25:24 INFO python.PythonRunner: Times: total = 1049, boot = -14635, init = 14639, finish = 1045
17/03/16 18:25:24 INFO python.PythonRunner: Times: total = 1038, boot = -14342, init = 14346, finish = 1034
17/03/16 18:25:24 INFO executor.Executor: Finished task 9.0 in stage 8.0 (TID 347). 9554449 bytes result sent to driver
17/03/16 18:25:24 INFO executor.Executor: Finished task 15.0 in stage 8.0 (TID 353). 9554248 bytes result sent to driver
17/03/16 18:25:28 INFO storage.BlockManager: Removing RDD 21
17/03/16 18:25:28 INFO storage.BlockManager: Removing RDD 26
17/03/16 18:32:43 INFO executor.CoarseGrainedExecutorBackend: Got assigned task 386
17/03/16 18:32:43 INFO executor.Executor: Running task 0.0 in stage 9.0 (TID 386)
17/03/16 18:32:43 INFO executor.CoarseGrainedExecutorBackend: Got assigned task 392
17/03/16 18:32:43 INFO broadcast.TorrentBroadcast: Started reading broadcast variable 15
17/03/16 18:32:43 INFO executor.Executor: Running task 6.0 in stage 9.0 (TID 392)
17/03/16 18:32:43 INFO executor.CoarseGrainedExecutorBackend: Got assigned task 398
17/03/16 18:32:43 INFO executor.Executor: Running task 12.0 in stage 9.0 (TID 398)
17/03/16 18:32:43 INFO executor.CoarseGrainedExecutorBackend: Got assigned task 404
17/03/16 18:32:43 INFO executor.Executor: Running task 18.0 in stage 9.0 (TID 404)
17/03/16 18:32:43 INFO executor.CoarseGrainedExecutorBackend: Got assigned task 410
17/03/16 18:32:43 INFO executor.Executor: Running task 24.0 in stage 9.0 (TID 410)
17/03/16 18:32:43 INFO executor.CoarseGrainedExecutorBackend: Got assigned task 416
17/03/16 18:32:43 INFO executor.Executor: Running task 30.0 in stage 9.0 (TID 416)
17/03/16 18:32:43 INFO storage.MemoryStore: Block broadcast_15_piece0 stored as bytes in memory (estimated size 5.4 KB, free 829.5 MB)
17/03/16 18:32:43 INFO executor.CoarseGrainedExecutorBackend: Got assigned task 422
17/03/16 18:32:43 INFO executor.Executor: Running task 36.0 in stage 9.0 (TID 422)
17/03/16 18:32:43 INFO executor.CoarseGrainedExecutorBackend: Got assigned task 428
17/03/16 18:32:43 INFO executor.Executor: Running task 42.0 in stage 9.0 (TID 428)
17/03/16 18:32:43 INFO broadcast.TorrentBroadcast: Reading broadcast variable 15 took 16 ms
17/03/16 18:32:43 INFO storage.MemoryStore: Block broadcast_15 stored as values in memory (estimated size 8.6 KB, free 829.5 MB)
17/03/16 18:32:43 INFO broadcast.TorrentBroadcast: Started reading broadcast variable 14
17/03/16 18:32:43 INFO storage.MemoryStore: Block broadcast_14_piece60 stored as bytes in memory (estimated size 4.0 MB, free 833.5 MB)
17/03/16 18:32:43 INFO storage.MemoryStore: Block broadcast_14_piece93 stored as bytes in memory (estimated size 4.0 MB, free 837.5 MB)
17/03/16 18:32:43 INFO storage.MemoryStore: Block broadcast_14_piece41 stored as bytes in memory (estimated size 4.0 MB, free 841.5 MB)
17/03/16 18:32:43 INFO storage.MemoryStore: Block broadcast_14_piece70 stored as bytes in memory (estimated size 4.0 MB, free 845.5 MB)
17/03/16 18:32:43 INFO storage.MemoryStore: Block broadcast_14_piece102 stored as bytes in memory (estimated size 4.0 MB, free 849.5 MB)
17/03/16 18:32:43 INFO storage.MemoryStore: Block broadcast_14_piece32 stored as bytes in memory (estimated size 4.0 MB, free 853.5 MB)
17/03/16 18:32:43 INFO storage.MemoryStore: Block broadcast_14_piece99 stored as bytes in memory (estimated size 4.0 MB, free 857.5 MB)
17/03/16 18:32:43 INFO storage.MemoryStore: Block broadcast_14_piece100 stored as bytes in memory (estimated size 4.0 MB, free 861.5 MB)
17/03/16 18:32:43 INFO storage.MemoryStore: Block broadcast_14_piece13 stored as bytes in memory (estimated size 4.0 MB, free 865.5 MB)
17/03/16 18:32:43 INFO storage.MemoryStore: Block broadcast_14_piece55 stored as bytes in memory (estimated size 4.0 MB, free 869.5 MB)
17/03/16 18:32:43 INFO storage.MemoryStore: Block broadcast_14_piece72 stored as bytes in memory (estimated size 4.0 MB, free 873.5 MB)
17/03/16 18:32:43 INFO storage.MemoryStore: Block broadcast_14_piece84 stored as bytes in memory (estimated size 4.0 MB, free 877.5 MB)
17/03/16 18:32:43 INFO storage.MemoryStore: Block broadcast_14_piece90 stored as bytes in memory (estimated size 4.0 MB, free 881.5 MB)
17/03/16 18:32:43 INFO storage.MemoryStore: Block broadcast_14_piece18 stored as bytes in memory (estimated size 4.0 MB, free 885.5 MB)
17/03/16 18:32:43 INFO storage.MemoryStore: Block broadcast_14_piece61 stored as bytes in memory (estimated size 4.0 MB, free 889.5 MB)
17/03/16 18:32:43 INFO storage.MemoryStore: Block broadcast_14_piece11 stored as bytes in memory (estimated size 4.0 MB, free 893.5 MB)
17/03/16 18:32:43 INFO storage.MemoryStore: Block broadcast_14_piece8 stored as bytes in memory (estimated size 4.0 MB, free 897.5 MB)
17/03/16 18:32:43 INFO storage.MemoryStore: Block broadcast_14_piece31 stored as bytes in memory (estimated size 4.0 MB, free 901.5 MB)
17/03/16 18:32:43 INFO storage.MemoryStore: Block broadcast_14_piece103 stored as bytes in memory (estimated size 2.3 MB, free 903.8 MB)
17/03/16 18:32:43 INFO storage.MemoryStore: Block broadcast_14_piece27 stored as bytes in memory (estimated size 4.0 MB, free 907.8 MB)
17/03/16 18:32:43 INFO storage.MemoryStore: Block broadcast_14_piece79 stored as bytes in memory (estimated size 4.0 MB, free 911.8 MB)
17/03/16 18:32:43 INFO storage.MemoryStore: Block broadcast_14_piece86 stored as bytes in memory (estimated size 4.0 MB, free 915.8 MB)
17/03/16 18:32:43 INFO storage.MemoryStore: Block broadcast_14_piece2 stored as bytes in memory (estimated size 4.0 MB, free 919.8 MB)
17/03/16 18:32:43 INFO storage.MemoryStore: Block broadcast_14_piece101 stored as bytes in memory (estimated size 4.0 MB, free 923.8 MB)
17/03/16 18:32:43 INFO storage.MemoryStore: Block broadcast_14_piece89 stored as bytes in memory (estimated size 4.0 MB, free 927.8 MB)
17/03/16 18:32:43 INFO storage.MemoryStore: Block broadcast_14_piece83 stored as bytes in memory (estimated size 4.0 MB, free 931.8 MB)
17/03/16 18:32:43 INFO storage.MemoryStore: Block broadcast_14_piece4 stored as bytes in memory (estimated size 4.0 MB, free 935.8 MB)
17/03/16 18:32:43 INFO storage.MemoryStore: Block broadcast_14_piece26 stored as bytes in memory (estimated size 4.0 MB, free 939.8 MB)
17/03/16 18:32:43 INFO storage.MemoryStore: Block broadcast_14_piece77 stored as bytes in memory (estimated size 4.0 MB, free 943.8 MB)
17/03/16 18:32:43 INFO storage.MemoryStore: Block broadcast_14_piece22 stored as bytes in memory (estimated size 4.0 MB, free 947.8 MB)
17/03/16 18:32:43 INFO storage.MemoryStore: Block broadcast_14_piece37 stored as bytes in memory (estimated size 4.0 MB, free 951.8 MB)
17/03/16 18:32:43 INFO storage.MemoryStore: Block broadcast_14_piece49 stored as bytes in memory (estimated size 4.0 MB, free 955.8 MB)
17/03/16 18:32:43 INFO storage.MemoryStore: Block broadcast_14_piece45 stored as bytes in memory (estimated size 4.0 MB, free 959.8 MB)
17/03/16 18:32:43 INFO storage.MemoryStore: Block broadcast_14_piece87 stored as bytes in memory (estimated size 4.0 MB, free 963.8 MB)
17/03/16 18:32:43 INFO storage.MemoryStore: Block broadcast_14_piece62 stored as bytes in memory (estimated size 4.0 MB, free 967.8 MB)
17/03/16 18:32:43 INFO storage.MemoryStore: Block broadcast_14_piece68 stored as bytes in memory (estimated size 4.0 MB, free 971.8 MB)
17/03/16 18:32:43 INFO storage.MemoryStore: Block broadcast_14_piece76 stored as bytes in memory (estimated size 4.0 MB, free 975.8 MB)
17/03/16 18:32:43 INFO storage.MemoryStore: Block broadcast_14_piece35 stored as bytes in memory (estimated size 4.0 MB, free 979.8 MB)
17/03/16 18:32:43 INFO storage.MemoryStore: Block broadcast_14_piece12 stored as bytes in memory (estimated size 4.0 MB, free 983.8 MB)
17/03/16 18:32:43 INFO storage.MemoryStore: Block broadcast_14_piece73 stored as bytes in memory (estimated size 4.0 MB, free 987.8 MB)
17/03/16 18:32:43 INFO storage.MemoryStore: Block broadcast_14_piece96 stored as bytes in memory (estimated size 4.0 MB, free 991.8 MB)
17/03/16 18:32:44 INFO storage.MemoryStore: Block broadcast_14_piece52 stored as bytes in memory (estimated size 4.0 MB, free 995.8 MB)
17/03/16 18:32:44 INFO storage.MemoryStore: Block broadcast_14_piece44 stored as bytes in memory (estimated size 4.0 MB, free 999.8 MB)
17/03/16 18:32:44 INFO storage.MemoryStore: Block broadcast_14_piece91 stored as bytes in memory (estimated size 4.0 MB, free 1003.8 MB)
17/03/16 18:32:44 INFO storage.MemoryStore: Block broadcast_14_piece34 stored as bytes in memory (estimated size 4.0 MB, free 1007.8 MB)
17/03/16 18:32:44 INFO storage.MemoryStore: Block broadcast_14_piece95 stored as bytes in memory (estimated size 4.0 MB, free 1011.8 MB)
17/03/16 18:32:44 INFO storage.MemoryStore: Block broadcast_14_piece36 stored as bytes in memory (estimated size 4.0 MB, free 1015.8 MB)
17/03/16 18:32:44 INFO storage.MemoryStore: Block broadcast_14_piece7 stored as bytes in memory (estimated size 4.0 MB, free 1019.8 MB)
17/03/16 18:32:44 INFO storage.MemoryStore: Block broadcast_14_piece51 stored as bytes in memory (estimated size 4.0 MB, free 1023.8 MB)
17/03/16 18:32:44 INFO storage.MemoryStore: Block broadcast_14_piece98 stored as bytes in memory (estimated size 4.0 MB, free 1027.8 MB)
17/03/16 18:32:44 INFO storage.MemoryStore: Block broadcast_14_piece15 stored as bytes in memory (estimated size 4.0 MB, free 1031.8 MB)
17/03/16 18:32:44 INFO storage.MemoryStore: Block broadcast_14_piece20 stored as bytes in memory (estimated size 4.0 MB, free 1035.8 MB)
17/03/16 18:32:44 INFO storage.MemoryStore: Block broadcast_14_piece85 stored as bytes in memory (estimated size 4.0 MB, free 1039.8 MB)
17/03/16 18:32:44 INFO storage.MemoryStore: Block broadcast_14_piece46 stored as bytes in memory (estimated size 4.0 MB, free 1043.8 MB)
17/03/16 18:32:44 INFO storage.MemoryStore: Block broadcast_14_piece38 stored as bytes in memory (estimated size 4.0 MB, free 1047.8 MB)
17/03/16 18:32:44 INFO storage.MemoryStore: Block broadcast_14_piece58 stored as bytes in memory (estimated size 4.0 MB, free 1051.8 MB)
17/03/16 18:32:44 INFO storage.MemoryStore: Block broadcast_14_piece92 stored as bytes in memory (estimated size 4.0 MB, free 1055.8 MB)
17/03/16 18:32:44 INFO storage.MemoryStore: Block broadcast_14_piece64 stored as bytes in memory (estimated size 4.0 MB, free 1059.8 MB)
17/03/16 18:32:44 INFO storage.MemoryStore: Block broadcast_14_piece65 stored as bytes in memory (estimated size 4.0 MB, free 1063.8 MB)
17/03/16 18:32:44 INFO storage.MemoryStore: Block broadcast_14_piece0 stored as bytes in memory (estimated size 4.0 MB, free 1067.8 MB)
17/03/16 18:32:44 INFO storage.MemoryStore: Block broadcast_14_piece6 stored as bytes in memory (estimated size 4.0 MB, free 1071.8 MB)
17/03/16 18:32:44 INFO storage.MemoryStore: Block broadcast_14_piece3 stored as bytes in memory (estimated size 4.0 MB, free 1075.8 MB)
17/03/16 18:32:44 INFO storage.MemoryStore: Block broadcast_14_piece80 stored as bytes in memory (estimated size 4.0 MB, free 1079.8 MB)
17/03/16 18:32:44 INFO storage.MemoryStore: Block broadcast_14_piece74 stored as bytes in memory (estimated size 4.0 MB, free 1083.8 MB)
17/03/16 18:32:44 INFO storage.MemoryStore: Block broadcast_14_piece63 stored as bytes in memory (estimated size 4.0 MB, free 1087.8 MB)
17/03/16 18:32:44 INFO storage.MemoryStore: Block broadcast_14_piece81 stored as bytes in memory (estimated size 4.0 MB, free 1091.8 MB)
17/03/16 18:32:44 INFO storage.MemoryStore: Block broadcast_14_piece54 stored as bytes in memory (estimated size 4.0 MB, free 1095.8 MB)
17/03/16 18:32:44 INFO storage.MemoryStore: Block broadcast_14_piece1 stored as bytes in memory (estimated size 4.0 MB, free 1099.8 MB)
17/03/16 18:32:44 INFO storage.MemoryStore: Block broadcast_14_piece94 stored as bytes in memory (estimated size 4.0 MB, free 1103.8 MB)
17/03/16 18:32:44 INFO storage.MemoryStore: Block broadcast_14_piece66 stored as bytes in memory (estimated size 4.0 MB, free 1107.8 MB)
17/03/16 18:32:44 INFO storage.MemoryStore: Block broadcast_14_piece48 stored as bytes in memory (estimated size 4.0 MB, free 1111.8 MB)
17/03/16 18:32:44 INFO storage.MemoryStore: Block broadcast_14_piece53 stored as bytes in memory (estimated size 4.0 MB, free 1115.8 MB)
17/03/16 18:32:44 INFO storage.MemoryStore: Block broadcast_14_piece88 stored as bytes in memory (estimated size 4.0 MB, free 1119.8 MB)
17/03/16 18:32:44 INFO storage.MemoryStore: Block broadcast_14_piece14 stored as bytes in memory (estimated size 4.0 MB, free 1123.8 MB)
17/03/16 18:32:44 INFO storage.MemoryStore: Block broadcast_14_piece40 stored as bytes in memory (estimated size 4.0 MB, free 1127.8 MB)
17/03/16 18:32:44 INFO storage.MemoryStore: Block broadcast_14_piece10 stored as bytes in memory (estimated size 4.0 MB, free 1131.8 MB)
17/03/16 18:32:44 INFO storage.MemoryStore: Block broadcast_14_piece5 stored as bytes in memory (estimated size 4.0 MB, free 1135.8 MB)
17/03/16 18:32:44 INFO storage.MemoryStore: Block broadcast_14_piece43 stored as bytes in memory (estimated size 4.0 MB, free 1139.8 MB)
17/03/16 18:32:44 INFO storage.MemoryStore: Block broadcast_14_piece67 stored as bytes in memory (estimated size 4.0 MB, free 1143.8 MB)
17/03/16 18:32:44 INFO storage.MemoryStore: Block broadcast_14_piece19 stored as bytes in memory (estimated size 4.0 MB, free 1147.8 MB)
17/03/16 18:32:44 INFO storage.MemoryStore: Block broadcast_14_piece71 stored as bytes in memory (estimated size 4.0 MB, free 1151.8 MB)
17/03/16 18:32:44 INFO storage.MemoryStore: Block broadcast_14_piece78 stored as bytes in memory (estimated size 4.0 MB, free 1155.8 MB)
17/03/16 18:32:44 INFO storage.MemoryStore: Block broadcast_14_piece57 stored as bytes in memory (estimated size 4.0 MB, free 1159.8 MB)
17/03/16 18:32:44 INFO storage.MemoryStore: Block broadcast_14_piece24 stored as bytes in memory (estimated size 4.0 MB, free 1163.8 MB)
17/03/16 18:32:44 INFO storage.MemoryStore: Block broadcast_14_piece56 stored as bytes in memory (estimated size 4.0 MB, free 1167.8 MB)
17/03/16 18:32:44 INFO storage.MemoryStore: Block broadcast_14_piece28 stored as bytes in memory (estimated size 4.0 MB, free 1171.8 MB)
17/03/16 18:32:44 INFO storage.MemoryStore: Block broadcast_14_piece69 stored as bytes in memory (estimated size 4.0 MB, free 1175.8 MB)
17/03/16 18:32:44 INFO storage.MemoryStore: Block broadcast_14_piece82 stored as bytes in memory (estimated size 4.0 MB, free 1179.8 MB)
17/03/16 18:32:44 INFO storage.MemoryStore: Block broadcast_14_piece59 stored as bytes in memory (estimated size 4.0 MB, free 1183.8 MB)
17/03/16 18:32:44 INFO storage.MemoryStore: Block broadcast_14_piece25 stored as bytes in memory (estimated size 4.0 MB, free 1187.8 MB)
17/03/16 18:32:44 INFO storage.MemoryStore: Block broadcast_14_piece23 stored as bytes in memory (estimated size 4.0 MB, free 1191.8 MB)
17/03/16 18:32:44 INFO storage.MemoryStore: Block broadcast_14_piece97 stored as bytes in memory (estimated size 4.0 MB, free 1195.8 MB)
17/03/16 18:32:44 INFO storage.MemoryStore: Block broadcast_14_piece16 stored as bytes in memory (estimated size 4.0 MB, free 1199.8 MB)
17/03/16 18:32:44 INFO storage.MemoryStore: Block broadcast_14_piece30 stored as bytes in memory (estimated size 4.0 MB, free 1203.8 MB)
17/03/16 18:32:44 INFO storage.MemoryStore: Block broadcast_14_piece75 stored as bytes in memory (estimated size 4.0 MB, free 1207.8 MB)
17/03/16 18:32:45 INFO storage.MemoryStore: Block broadcast_14_piece9 stored as bytes in memory (estimated size 4.0 MB, free 1211.8 MB)
17/03/16 18:32:45 INFO storage.MemoryStore: Block broadcast_14_piece39 stored as bytes in memory (estimated size 4.0 MB, free 1215.8 MB)
17/03/16 18:32:45 INFO storage.MemoryStore: Block broadcast_14_piece47 stored as bytes in memory (estimated size 4.0 MB, free 1219.8 MB)
17/03/16 18:32:45 INFO storage.MemoryStore: Block broadcast_14_piece21 stored as bytes in memory (estimated size 4.0 MB, free 1223.8 MB)
17/03/16 18:32:45 INFO storage.MemoryStore: Block broadcast_14_piece17 stored as bytes in memory (estimated size 4.0 MB, free 1227.8 MB)
17/03/16 18:32:45 INFO storage.MemoryStore: Block broadcast_14_piece42 stored as bytes in memory (estimated size 4.0 MB, free 1231.8 MB)
17/03/16 18:32:45 INFO storage.MemoryStore: Block broadcast_14_piece29 stored as bytes in memory (estimated size 4.0 MB, free 1235.8 MB)
17/03/16 18:32:45 INFO storage.MemoryStore: Block broadcast_14_piece50 stored as bytes in memory (estimated size 4.0 MB, free 1239.8 MB)
17/03/16 18:32:45 INFO storage.MemoryStore: Block broadcast_14_piece33 stored as bytes in memory (estimated size 4.0 MB, free 1243.8 MB)
17/03/16 18:32:45 INFO broadcast.TorrentBroadcast: Reading broadcast variable 14 took 2077 ms
17/03/16 18:32:52 INFO storage.MemoryStore: Block broadcast_14 stored as values in memory (estimated size 384.0 B, free 1243.8 MB)
17/03/16 18:33:00 INFO python.PythonRunner: Times: total = 17272, boot = 12, init = 9453, finish = 7807
17/03/16 18:33:00 INFO python.PythonRunner: Times: total = 17309, boot = 19, init = 9445, finish = 7845
17/03/16 18:33:00 INFO python.PythonRunner: Times: total = 17328, boot = 23, init = 9436, finish = 7869
17/03/16 18:33:00 INFO python.PythonRunner: Times: total = 17334, boot = 4, init = 9459, finish = 7871
17/03/16 18:33:00 INFO python.PythonRunner: Times: total = 17339, boot = 23, init = 9440, finish = 7876
17/03/16 18:33:00 INFO executor.Executor: Finished task 24.0 in stage 9.0 (TID 410). 1274 bytes result sent to driver
17/03/16 18:33:00 INFO executor.Executor: Finished task 36.0 in stage 9.0 (TID 422). 1274 bytes result sent to driver
17/03/16 18:33:00 INFO executor.Executor: Finished task 6.0 in stage 9.0 (TID 392). 1274 bytes result sent to driver
17/03/16 18:33:00 INFO executor.Executor: Finished task 0.0 in stage 9.0 (TID 386). 1274 bytes result sent to driver
17/03/16 18:33:00 INFO executor.Executor: Finished task 42.0 in stage 9.0 (TID 428). 1274 bytes result sent to driver
17/03/16 18:33:00 INFO python.PythonRunner: Times: total = 17513, boot = 8, init = 9457, finish = 8048
17/03/16 18:33:00 INFO executor.Executor: Finished task 18.0 in stage 9.0 (TID 404). 1274 bytes result sent to driver
17/03/16 18:33:00 INFO python.PythonRunner: Times: total = 17709, boot = 4, init = 9461, finish = 8244
17/03/16 18:33:00 INFO python.PythonRunner: Times: total = 17727, boot = 15, init = 9449, finish = 8263
17/03/16 18:33:00 INFO executor.Executor: Finished task 12.0 in stage 9.0 (TID 398). 1274 bytes result sent to driver
17/03/16 18:33:00 INFO executor.Executor: Finished task 30.0 in stage 9.0 (TID 416). 1274 bytes result sent to driver
17/03/16 18:33:18 INFO executor.CoarseGrainedExecutorBackend: Got assigned task 436
17/03/16 18:33:18 INFO executor.CoarseGrainedExecutorBackend: Got assigned task 442
17/03/16 18:33:18 INFO executor.Executor: Running task 2.0 in stage 10.0 (TID 436)
17/03/16 18:33:18 INFO executor.Executor: Running task 8.0 in stage 10.0 (TID 442)
17/03/16 18:33:18 INFO executor.CoarseGrainedExecutorBackend: Got assigned task 448
17/03/16 18:33:18 INFO executor.Executor: Running task 14.0 in stage 10.0 (TID 448)
17/03/16 18:33:18 INFO executor.CoarseGrainedExecutorBackend: Got assigned task 454
17/03/16 18:33:18 INFO spark.MapOutputTrackerWorker: Updating epoch to 5 and clearing cache
17/03/16 18:33:18 INFO executor.Executor: Running task 20.0 in stage 10.0 (TID 454)
17/03/16 18:33:18 INFO executor.CoarseGrainedExecutorBackend: Got assigned task 460
17/03/16 18:33:18 INFO executor.Executor: Running task 26.0 in stage 10.0 (TID 460)
17/03/16 18:33:18 INFO executor.CoarseGrainedExecutorBackend: Got assigned task 466
17/03/16 18:33:18 INFO broadcast.TorrentBroadcast: Started reading broadcast variable 16
17/03/16 18:33:18 INFO executor.Executor: Running task 32.0 in stage 10.0 (TID 466)
17/03/16 18:33:18 INFO executor.CoarseGrainedExecutorBackend: Got assigned task 472
17/03/16 18:33:18 INFO executor.Executor: Running task 38.0 in stage 10.0 (TID 472)
17/03/16 18:33:18 INFO executor.CoarseGrainedExecutorBackend: Got assigned task 478
17/03/16 18:33:18 INFO executor.Executor: Running task 44.0 in stage 10.0 (TID 478)
17/03/16 18:33:18 INFO storage.MemoryStore: Block broadcast_16_piece0 stored as bytes in memory (estimated size 3.3 KB, free 1243.8 MB)
17/03/16 18:33:18 INFO broadcast.TorrentBroadcast: Reading broadcast variable 16 took 9 ms
17/03/16 18:33:18 INFO storage.MemoryStore: Block broadcast_16 stored as values in memory (estimated size 5.3 KB, free 1243.8 MB)
17/03/16 18:33:18 INFO spark.MapOutputTrackerWorker: Don't have map outputs for shuffle 4, fetching them
17/03/16 18:33:18 INFO spark.MapOutputTrackerWorker: Doing the fetch; tracker endpoint = NettyRpcEndpointRef(spark://MapOutputTracker@10.10.34.38:36751)
17/03/16 18:33:18 INFO spark.MapOutputTrackerWorker: Don't have map outputs for shuffle 4, fetching them
17/03/16 18:33:18 INFO spark.MapOutputTrackerWorker: Don't have map outputs for shuffle 4, fetching them
17/03/16 18:33:18 INFO spark.MapOutputTrackerWorker: Don't have map outputs for shuffle 4, fetching them
17/03/16 18:33:18 INFO spark.MapOutputTrackerWorker: Don't have map outputs for shuffle 4, fetching them
17/03/16 18:33:18 INFO spark.MapOutputTrackerWorker: Don't have map outputs for shuffle 4, fetching them
17/03/16 18:33:18 INFO spark.MapOutputTrackerWorker: Don't have map outputs for shuffle 4, fetching them
17/03/16 18:33:18 INFO spark.MapOutputTrackerWorker: Don't have map outputs for shuffle 4, fetching them
17/03/16 18:33:18 INFO spark.MapOutputTrackerWorker: Got the output locations
17/03/16 18:33:18 INFO storage.ShuffleBlockFetcherIterator: Getting 48 non-empty blocks out of 48 blocks
17/03/16 18:33:18 INFO storage.ShuffleBlockFetcherIterator: Getting 48 non-empty blocks out of 48 blocks
17/03/16 18:33:18 INFO storage.ShuffleBlockFetcherIterator: Getting 48 non-empty blocks out of 48 blocks
17/03/16 18:33:18 INFO storage.ShuffleBlockFetcherIterator: Getting 48 non-empty blocks out of 48 blocks
17/03/16 18:33:18 INFO storage.ShuffleBlockFetcherIterator: Getting 48 non-empty blocks out of 48 blocks
17/03/16 18:33:18 INFO storage.ShuffleBlockFetcherIterator: Started 7 remote fetches in 5 ms
17/03/16 18:33:18 INFO storage.ShuffleBlockFetcherIterator: Started 7 remote fetches in 5 ms
17/03/16 18:33:18 INFO storage.ShuffleBlockFetcherIterator: Getting 48 non-empty blocks out of 48 blocks
17/03/16 18:33:18 INFO storage.ShuffleBlockFetcherIterator: Getting 48 non-empty blocks out of 48 blocks
17/03/16 18:33:18 INFO storage.ShuffleBlockFetcherIterator: Started 5 remote fetches in 4 ms
17/03/16 18:33:18 INFO storage.ShuffleBlockFetcherIterator: Started 7 remote fetches in 6 ms
17/03/16 18:33:18 INFO storage.ShuffleBlockFetcherIterator: Started 6 remote fetches in 6 ms
17/03/16 18:33:18 INFO storage.ShuffleBlockFetcherIterator: Getting 48 non-empty blocks out of 48 blocks
17/03/16 18:33:18 INFO storage.ShuffleBlockFetcherIterator: Started 7 remote fetches in 5 ms
17/03/16 18:33:18 INFO storage.ShuffleBlockFetcherIterator: Started 7 remote fetches in 4 ms
17/03/16 18:33:18 INFO storage.ShuffleBlockFetcherIterator: Started 8 remote fetches in 7 ms
17/03/16 18:33:19 INFO python.PythonRunner: Times: total = 889, boot = -17753, init = 17758, finish = 884
17/03/16 18:33:19 INFO executor.Executor: Finished task 32.0 in stage 10.0 (TID 466). 9560048 bytes result sent to driver
17/03/16 18:33:19 INFO python.PythonRunner: Times: total = 931, boot = -17757, init = 17763, finish = 925
17/03/16 18:33:19 INFO executor.Executor: Finished task 38.0 in stage 10.0 (TID 472). 9565080 bytes result sent to driver
17/03/16 18:33:19 INFO python.PythonRunner: Times: total = 951, boot = -17377, init = 17388, finish = 940
17/03/16 18:33:19 INFO python.PythonRunner: Times: total = 959, boot = -17759, init = 17764, finish = 954
17/03/16 18:33:19 INFO python.PythonRunner: Times: total = 959, boot = -17584, init = 17587, finish = 956
17/03/16 18:33:19 INFO python.PythonRunner: Times: total = 960, boot = -17387, init = 17398, finish = 949
17/03/16 18:33:19 INFO executor.Executor: Finished task 20.0 in stage 10.0 (TID 454). 9557479 bytes result sent to driver
17/03/16 18:33:19 INFO executor.Executor: Finished task 26.0 in stage 10.0 (TID 460). 9555171 bytes result sent to driver
17/03/16 18:33:19 INFO executor.Executor: Finished task 14.0 in stage 10.0 (TID 448). 9565620 bytes result sent to driver
17/03/16 18:33:19 INFO executor.Executor: Finished task 2.0 in stage 10.0 (TID 436). 9554720 bytes result sent to driver
17/03/16 18:33:19 INFO python.PythonRunner: Times: total = 1004, boot = -17788, init = 17793, finish = 999
17/03/16 18:33:19 INFO executor.Executor: Finished task 44.0 in stage 10.0 (TID 478). 9584761 bytes result sent to driver
17/03/16 18:33:19 INFO python.PythonRunner: Times: total = 1059, boot = -17825, init = 17832, finish = 1052
17/03/16 18:33:19 INFO executor.Executor: Finished task 8.0 in stage 10.0 (TID 442). 9572378 bytes result sent to driver
17/03/16 18:33:23 INFO storage.BlockManager: Removing RDD 27
17/03/16 18:33:23 INFO storage.BlockManager: Removing RDD 32
17/03/16 18:40:37 INFO executor.CoarseGrainedExecutorBackend: Got assigned task 484
17/03/16 18:40:37 INFO executor.Executor: Running task 2.0 in stage 11.0 (TID 484)
17/03/16 18:40:37 INFO broadcast.TorrentBroadcast: Started reading broadcast variable 18
17/03/16 18:40:37 INFO executor.CoarseGrainedExecutorBackend: Got assigned task 490
17/03/16 18:40:37 INFO executor.Executor: Running task 8.0 in stage 11.0 (TID 490)
17/03/16 18:40:37 INFO executor.CoarseGrainedExecutorBackend: Got assigned task 496
17/03/16 18:40:37 INFO executor.Executor: Running task 14.0 in stage 11.0 (TID 496)
17/03/16 18:40:37 INFO executor.CoarseGrainedExecutorBackend: Got assigned task 502
17/03/16 18:40:37 INFO executor.Executor: Running task 20.0 in stage 11.0 (TID 502)
17/03/16 18:40:37 INFO executor.CoarseGrainedExecutorBackend: Got assigned task 508
17/03/16 18:40:37 INFO executor.Executor: Running task 26.0 in stage 11.0 (TID 508)
17/03/16 18:40:37 INFO executor.CoarseGrainedExecutorBackend: Got assigned task 514
17/03/16 18:40:37 INFO executor.Executor: Running task 32.0 in stage 11.0 (TID 514)
17/03/16 18:40:37 INFO executor.CoarseGrainedExecutorBackend: Got assigned task 520
17/03/16 18:40:37 INFO executor.Executor: Running task 38.0 in stage 11.0 (TID 520)
17/03/16 18:40:37 INFO storage.MemoryStore: Block broadcast_18_piece0 stored as bytes in memory (estimated size 5.4 KB, free 1243.8 MB)
17/03/16 18:40:37 INFO executor.CoarseGrainedExecutorBackend: Got assigned task 526
17/03/16 18:40:37 INFO executor.Executor: Running task 44.0 in stage 11.0 (TID 526)
17/03/16 18:40:37 INFO broadcast.TorrentBroadcast: Reading broadcast variable 18 took 22 ms
17/03/16 18:40:37 INFO storage.MemoryStore: Block broadcast_18 stored as values in memory (estimated size 8.6 KB, free 1243.8 MB)
17/03/16 18:40:37 INFO broadcast.TorrentBroadcast: Started reading broadcast variable 17
17/03/16 18:40:37 INFO storage.MemoryStore: Block broadcast_17_piece93 stored as bytes in memory (estimated size 4.0 MB, free 1247.8 MB)
17/03/16 18:40:37 INFO storage.MemoryStore: Block broadcast_17_piece40 stored as bytes in memory (estimated size 4.0 MB, free 1251.8 MB)
17/03/16 18:40:37 INFO storage.MemoryStore: Block broadcast_17_piece22 stored as bytes in memory (estimated size 4.0 MB, free 1255.8 MB)
17/03/16 18:40:37 INFO storage.MemoryStore: Block broadcast_17_piece84 stored as bytes in memory (estimated size 4.0 MB, free 1259.8 MB)
17/03/16 18:40:37 INFO storage.MemoryStore: Block broadcast_17_piece59 stored as bytes in memory (estimated size 4.0 MB, free 1263.8 MB)
17/03/16 18:40:37 INFO storage.MemoryStore: Block broadcast_17_piece38 stored as bytes in memory (estimated size 4.0 MB, free 1267.8 MB)
17/03/16 18:40:37 INFO storage.MemoryStore: Block broadcast_17_piece41 stored as bytes in memory (estimated size 4.0 MB, free 1271.8 MB)
17/03/16 18:40:37 INFO storage.MemoryStore: Block broadcast_17_piece70 stored as bytes in memory (estimated size 4.0 MB, free 1275.8 MB)
17/03/16 18:40:37 INFO storage.MemoryStore: Block broadcast_17_piece30 stored as bytes in memory (estimated size 4.0 MB, free 1279.8 MB)
17/03/16 18:40:37 INFO storage.MemoryStore: Block broadcast_17_piece67 stored as bytes in memory (estimated size 4.0 MB, free 1283.8 MB)
17/03/16 18:40:37 INFO storage.MemoryStore: Block broadcast_17_piece94 stored as bytes in memory (estimated size 4.0 MB, free 1287.8 MB)
17/03/16 18:40:38 INFO storage.MemoryStore: Block broadcast_17_piece83 stored as bytes in memory (estimated size 4.0 MB, free 1291.8 MB)
17/03/16 18:40:38 INFO storage.MemoryStore: Block broadcast_17_piece69 stored as bytes in memory (estimated size 4.0 MB, free 1295.8 MB)
17/03/16 18:40:38 INFO storage.MemoryStore: Block broadcast_17_piece64 stored as bytes in memory (estimated size 4.0 MB, free 1299.8 MB)
17/03/16 18:40:38 INFO storage.MemoryStore: Block broadcast_17_piece39 stored as bytes in memory (estimated size 4.0 MB, free 1303.8 MB)
17/03/16 18:40:38 INFO storage.MemoryStore: Block broadcast_17_piece10 stored as bytes in memory (estimated size 4.0 MB, free 1307.8 MB)
17/03/16 18:40:38 INFO storage.MemoryStore: Block broadcast_17_piece98 stored as bytes in memory (estimated size 4.0 MB, free 1311.8 MB)
17/03/16 18:40:38 INFO storage.MemoryStore: Block broadcast_17_piece99 stored as bytes in memory (estimated size 4.0 MB, free 1315.8 MB)
17/03/16 18:40:38 INFO storage.MemoryStore: Block broadcast_17_piece26 stored as bytes in memory (estimated size 4.0 MB, free 1319.8 MB)
17/03/16 18:40:38 INFO storage.MemoryStore: Block broadcast_17_piece87 stored as bytes in memory (estimated size 4.0 MB, free 1323.8 MB)
17/03/16 18:40:38 INFO storage.MemoryStore: Block broadcast_17_piece13 stored as bytes in memory (estimated size 4.0 MB, free 1327.8 MB)
17/03/16 18:40:38 INFO storage.MemoryStore: Block broadcast_17_piece53 stored as bytes in memory (estimated size 4.0 MB, free 1331.8 MB)
17/03/16 18:40:38 INFO storage.MemoryStore: Block broadcast_17_piece56 stored as bytes in memory (estimated size 4.0 MB, free 1335.8 MB)
17/03/16 18:40:38 INFO storage.MemoryStore: Block broadcast_17_piece16 stored as bytes in memory (estimated size 4.0 MB, free 1339.8 MB)
17/03/16 18:40:38 INFO storage.MemoryStore: Block broadcast_17_piece15 stored as bytes in memory (estimated size 4.0 MB, free 1343.8 MB)
17/03/16 18:40:38 INFO storage.MemoryStore: Block broadcast_17_piece25 stored as bytes in memory (estimated size 4.0 MB, free 1347.8 MB)
17/03/16 18:40:38 INFO storage.MemoryStore: Block broadcast_17_piece43 stored as bytes in memory (estimated size 4.0 MB, free 1351.8 MB)
17/03/16 18:40:38 INFO storage.MemoryStore: Block broadcast_17_piece89 stored as bytes in memory (estimated size 4.0 MB, free 1355.8 MB)
17/03/16 18:40:38 INFO storage.MemoryStore: Block broadcast_17_piece12 stored as bytes in memory (estimated size 4.0 MB, free 1359.8 MB)
17/03/16 18:40:38 INFO storage.MemoryStore: Block broadcast_17_piece86 stored as bytes in memory (estimated size 4.0 MB, free 1363.8 MB)
17/03/16 18:40:38 INFO storage.MemoryStore: Block broadcast_17_piece68 stored as bytes in memory (estimated size 4.0 MB, free 1367.8 MB)
17/03/16 18:40:38 INFO storage.MemoryStore: Block broadcast_17_piece4 stored as bytes in memory (estimated size 4.0 MB, free 1371.8 MB)
17/03/16 18:40:38 INFO storage.MemoryStore: Block broadcast_17_piece82 stored as bytes in memory (estimated size 4.0 MB, free 1375.8 MB)
17/03/16 18:40:38 INFO storage.MemoryStore: Block broadcast_17_piece42 stored as bytes in memory (estimated size 4.0 MB, free 1379.8 MB)
17/03/16 18:40:38 INFO storage.MemoryStore: Block broadcast_17_piece8 stored as bytes in memory (estimated size 4.0 MB, free 1383.8 MB)
17/03/16 18:40:38 INFO storage.MemoryStore: Block broadcast_17_piece63 stored as bytes in memory (estimated size 4.0 MB, free 1387.8 MB)
17/03/16 18:40:38 INFO storage.MemoryStore: Block broadcast_17_piece29 stored as bytes in memory (estimated size 4.0 MB, free 1391.8 MB)
17/03/16 18:40:38 INFO storage.MemoryStore: Block broadcast_17_piece101 stored as bytes in memory (estimated size 4.0 MB, free 1395.8 MB)
17/03/16 18:40:38 INFO storage.MemoryStore: Block broadcast_17_piece5 stored as bytes in memory (estimated size 4.0 MB, free 1399.8 MB)
17/03/16 18:40:38 INFO storage.MemoryStore: Block broadcast_17_piece27 stored as bytes in memory (estimated size 4.0 MB, free 1403.8 MB)
17/03/16 18:40:38 INFO storage.MemoryStore: Block broadcast_17_piece33 stored as bytes in memory (estimated size 4.0 MB, free 1407.8 MB)
17/03/16 18:40:38 INFO storage.MemoryStore: Block broadcast_17_piece88 stored as bytes in memory (estimated size 4.0 MB, free 1411.8 MB)
17/03/16 18:40:38 INFO storage.MemoryStore: Block broadcast_17_piece17 stored as bytes in memory (estimated size 4.0 MB, free 1415.8 MB)
17/03/16 18:40:38 INFO storage.MemoryStore: Block broadcast_17_piece45 stored as bytes in memory (estimated size 4.0 MB, free 1419.8 MB)
17/03/16 18:40:38 INFO storage.MemoryStore: Block broadcast_17_piece32 stored as bytes in memory (estimated size 4.0 MB, free 1423.8 MB)
17/03/16 18:40:38 INFO storage.MemoryStore: Block broadcast_17_piece92 stored as bytes in memory (estimated size 4.0 MB, free 1427.8 MB)
17/03/16 18:40:38 INFO storage.MemoryStore: Block broadcast_17_piece52 stored as bytes in memory (estimated size 4.0 MB, free 1431.8 MB)
17/03/16 18:40:38 INFO storage.MemoryStore: Block broadcast_17_piece66 stored as bytes in memory (estimated size 4.0 MB, free 1435.8 MB)
17/03/16 18:40:38 INFO storage.MemoryStore: Block broadcast_17_piece71 stored as bytes in memory (estimated size 4.0 MB, free 1439.8 MB)
17/03/16 18:40:38 INFO storage.MemoryStore: Block broadcast_17_piece90 stored as bytes in memory (estimated size 4.0 MB, free 1443.8 MB)
17/03/16 18:40:38 INFO storage.MemoryStore: Block broadcast_17_piece96 stored as bytes in memory (estimated size 4.0 MB, free 1447.8 MB)
17/03/16 18:40:38 INFO storage.MemoryStore: Block broadcast_17_piece50 stored as bytes in memory (estimated size 4.0 MB, free 1451.8 MB)
17/03/16 18:40:38 INFO storage.MemoryStore: Block broadcast_17_piece55 stored as bytes in memory (estimated size 4.0 MB, free 1455.8 MB)
17/03/16 18:40:38 INFO storage.MemoryStore: Block broadcast_17_piece2 stored as bytes in memory (estimated size 4.0 MB, free 1459.8 MB)
17/03/16 18:40:38 INFO storage.MemoryStore: Block broadcast_17_piece100 stored as bytes in memory (estimated size 4.0 MB, free 1463.8 MB)
17/03/16 18:40:38 INFO storage.MemoryStore: Block broadcast_17_piece31 stored as bytes in memory (estimated size 4.0 MB, free 1467.8 MB)
17/03/16 18:40:38 INFO storage.MemoryStore: Block broadcast_17_piece47 stored as bytes in memory (estimated size 4.0 MB, free 1471.8 MB)
17/03/16 18:40:38 INFO storage.MemoryStore: Block broadcast_17_piece91 stored as bytes in memory (estimated size 4.0 MB, free 1475.8 MB)
17/03/16 18:40:38 INFO storage.MemoryStore: Block broadcast_17_piece6 stored as bytes in memory (estimated size 4.0 MB, free 1479.8 MB)
17/03/16 18:40:38 INFO storage.MemoryStore: Block broadcast_17_piece97 stored as bytes in memory (estimated size 4.0 MB, free 1483.8 MB)
17/03/16 18:40:38 INFO storage.MemoryStore: Block broadcast_17_piece3 stored as bytes in memory (estimated size 4.0 MB, free 1487.8 MB)
17/03/16 18:40:38 INFO storage.MemoryStore: Block broadcast_17_piece7 stored as bytes in memory (estimated size 4.0 MB, free 1491.8 MB)
17/03/16 18:40:38 INFO storage.MemoryStore: Block broadcast_17_piece78 stored as bytes in memory (estimated size 4.0 MB, free 1495.8 MB)
17/03/16 18:40:39 INFO storage.MemoryStore: Block broadcast_17_piece35 stored as bytes in memory (estimated size 4.0 MB, free 1499.8 MB)
17/03/16 18:40:39 INFO storage.MemoryStore: Block broadcast_17_piece61 stored as bytes in memory (estimated size 4.0 MB, free 1503.8 MB)
17/03/16 18:40:39 INFO storage.MemoryStore: Block broadcast_17_piece75 stored as bytes in memory (estimated size 4.0 MB, free 1507.8 MB)
17/03/16 18:40:39 INFO storage.MemoryStore: Block broadcast_17_piece21 stored as bytes in memory (estimated size 4.0 MB, free 1511.8 MB)
17/03/16 18:40:39 INFO storage.MemoryStore: Block broadcast_17_piece36 stored as bytes in memory (estimated size 4.0 MB, free 1515.8 MB)
17/03/16 18:40:39 INFO storage.MemoryStore: Block broadcast_17_piece103 stored as bytes in memory (estimated size 2031.4 KB, free 1517.7 MB)
17/03/16 18:40:39 INFO storage.MemoryStore: Block broadcast_17_piece9 stored as bytes in memory (estimated size 4.0 MB, free 1521.7 MB)
17/03/16 18:40:39 INFO storage.MemoryStore: Block broadcast_17_piece24 stored as bytes in memory (estimated size 4.0 MB, free 1525.7 MB)
17/03/16 18:40:39 INFO storage.MemoryStore: Block broadcast_17_piece60 stored as bytes in memory (estimated size 4.0 MB, free 1529.7 MB)
17/03/16 18:40:39 INFO storage.MemoryStore: Block broadcast_17_piece18 stored as bytes in memory (estimated size 4.0 MB, free 1533.7 MB)
17/03/16 18:40:39 INFO storage.MemoryStore: Block broadcast_17_piece14 stored as bytes in memory (estimated size 4.0 MB, free 1537.7 MB)
17/03/16 18:40:39 INFO storage.MemoryStore: Block broadcast_17_piece19 stored as bytes in memory (estimated size 4.0 MB, free 1541.7 MB)
17/03/16 18:40:39 INFO storage.MemoryStore: Block broadcast_17_piece81 stored as bytes in memory (estimated size 4.0 MB, free 1545.7 MB)
17/03/16 18:40:39 INFO storage.MemoryStore: Block broadcast_17_piece62 stored as bytes in memory (estimated size 4.0 MB, free 1549.7 MB)
17/03/16 18:40:39 INFO storage.MemoryStore: Block broadcast_17_piece95 stored as bytes in memory (estimated size 4.0 MB, free 1553.7 MB)
17/03/16 18:40:39 INFO storage.MemoryStore: Block broadcast_17_piece1 stored as bytes in memory (estimated size 4.0 MB, free 1557.7 MB)
17/03/16 18:40:39 INFO storage.MemoryStore: Block broadcast_17_piece0 stored as bytes in memory (estimated size 4.0 MB, free 1561.7 MB)
17/03/16 18:40:39 INFO storage.MemoryStore: Block broadcast_17_piece44 stored as bytes in memory (estimated size 4.0 MB, free 1565.7 MB)
17/03/16 18:40:39 INFO storage.MemoryStore: Block broadcast_17_piece77 stored as bytes in memory (estimated size 4.0 MB, free 1569.7 MB)
17/03/16 18:40:39 INFO storage.MemoryStore: Block broadcast_17_piece65 stored as bytes in memory (estimated size 4.0 MB, free 1573.7 MB)
17/03/16 18:40:39 INFO storage.MemoryStore: Block broadcast_17_piece85 stored as bytes in memory (estimated size 4.0 MB, free 1577.7 MB)
17/03/16 18:40:39 INFO storage.MemoryStore: Block broadcast_17_piece11 stored as bytes in memory (estimated size 4.0 MB, free 1581.7 MB)
17/03/16 18:40:39 INFO storage.MemoryStore: Block broadcast_17_piece54 stored as bytes in memory (estimated size 4.0 MB, free 1585.7 MB)
17/03/16 18:40:39 INFO storage.MemoryStore: Block broadcast_17_piece49 stored as bytes in memory (estimated size 4.0 MB, free 1589.7 MB)
17/03/16 18:40:39 INFO storage.MemoryStore: Block broadcast_17_piece58 stored as bytes in memory (estimated size 4.0 MB, free 1593.7 MB)
17/03/16 18:40:39 INFO storage.MemoryStore: Block broadcast_17_piece102 stored as bytes in memory (estimated size 4.0 MB, free 1597.7 MB)
17/03/16 18:40:39 INFO storage.MemoryStore: Block broadcast_17_piece79 stored as bytes in memory (estimated size 4.0 MB, free 1601.7 MB)
17/03/16 18:40:39 INFO storage.MemoryStore: Block broadcast_17_piece23 stored as bytes in memory (estimated size 4.0 MB, free 1605.7 MB)
17/03/16 18:40:39 INFO storage.MemoryStore: Block broadcast_17_piece72 stored as bytes in memory (estimated size 4.0 MB, free 1609.7 MB)
17/03/16 18:40:39 INFO storage.MemoryStore: Block broadcast_17_piece74 stored as bytes in memory (estimated size 4.0 MB, free 1613.7 MB)
17/03/16 18:40:39 INFO storage.MemoryStore: Block broadcast_17_piece57 stored as bytes in memory (estimated size 4.0 MB, free 1617.7 MB)
17/03/16 18:40:39 INFO storage.MemoryStore: Block broadcast_17_piece76 stored as bytes in memory (estimated size 4.0 MB, free 1621.7 MB)
17/03/16 18:40:39 INFO storage.MemoryStore: Block broadcast_17_piece80 stored as bytes in memory (estimated size 4.0 MB, free 1625.7 MB)
17/03/16 18:40:39 INFO storage.MemoryStore: Block broadcast_17_piece37 stored as bytes in memory (estimated size 4.0 MB, free 1629.7 MB)
17/03/16 18:40:39 INFO storage.MemoryStore: Block broadcast_17_piece28 stored as bytes in memory (estimated size 4.0 MB, free 1633.7 MB)
17/03/16 18:40:39 INFO storage.MemoryStore: Block broadcast_17_piece73 stored as bytes in memory (estimated size 4.0 MB, free 1637.7 MB)
17/03/16 18:40:39 INFO storage.MemoryStore: Block broadcast_17_piece34 stored as bytes in memory (estimated size 4.0 MB, free 1641.7 MB)
17/03/16 18:40:39 INFO storage.MemoryStore: Block broadcast_17_piece46 stored as bytes in memory (estimated size 4.0 MB, free 1645.7 MB)
17/03/16 18:40:39 INFO storage.MemoryStore: Block broadcast_17_piece20 stored as bytes in memory (estimated size 4.0 MB, free 1649.7 MB)
17/03/16 18:40:39 INFO storage.MemoryStore: Block broadcast_17_piece51 stored as bytes in memory (estimated size 4.0 MB, free 1653.7 MB)
17/03/16 18:40:39 INFO storage.MemoryStore: Block broadcast_17_piece48 stored as bytes in memory (estimated size 4.0 MB, free 1657.7 MB)
17/03/16 18:40:39 INFO broadcast.TorrentBroadcast: Reading broadcast variable 17 took 1985 ms
17/03/16 18:40:46 INFO storage.MemoryStore: Block broadcast_17 stored as values in memory (estimated size 384.0 B, free 1657.7 MB)
17/03/16 18:40:53 INFO python.PythonRunner: Times: total = 16286, boot = 18, init = 8784, finish = 7484
17/03/16 18:40:54 INFO python.PythonRunner: Times: total = 16382, boot = 22, init = 8779, finish = 7581
17/03/16 18:40:54 INFO executor.Executor: Finished task 32.0 in stage 11.0 (TID 514). 1274 bytes result sent to driver
17/03/16 18:40:54 INFO executor.Executor: Finished task 38.0 in stage 11.0 (TID 520). 1274 bytes result sent to driver
17/03/16 18:40:54 INFO python.PythonRunner: Times: total = 16523, boot = 4, init = 8799, finish = 7720
17/03/16 18:40:54 INFO executor.Executor: Finished task 8.0 in stage 11.0 (TID 490). 1274 bytes result sent to driver
17/03/16 18:40:54 INFO python.PythonRunner: Times: total = 16657, boot = 14, init = 8787, finish = 7856
17/03/16 18:40:54 INFO executor.Executor: Finished task 26.0 in stage 11.0 (TID 508). 1274 bytes result sent to driver
17/03/16 18:40:54 INFO python.PythonRunner: Times: total = 16740, boot = 11, init = 8792, finish = 7937
17/03/16 18:40:54 INFO python.PythonRunner: Times: total = 16751, boot = 5, init = 8797, finish = 7949
17/03/16 18:40:54 INFO executor.Executor: Finished task 20.0 in stage 11.0 (TID 502). 1274 bytes result sent to driver
17/03/16 18:40:54 INFO executor.Executor: Finished task 2.0 in stage 11.0 (TID 484). 1274 bytes result sent to driver
17/03/16 18:40:54 INFO python.PythonRunner: Times: total = 17276, boot = 26, init = 8775, finish = 8475
17/03/16 18:40:55 INFO executor.Executor: Finished task 44.0 in stage 11.0 (TID 526). 1274 bytes result sent to driver
17/03/16 18:40:55 INFO python.PythonRunner: Times: total = 17640, boot = 7, init = 8795, finish = 8838
17/03/16 18:40:55 INFO executor.Executor: Finished task 14.0 in stage 11.0 (TID 496). 1274 bytes result sent to driver
17/03/16 18:41:13 INFO executor.CoarseGrainedExecutorBackend: Got assigned task 534
17/03/16 18:41:13 INFO executor.Executor: Running task 4.0 in stage 12.0 (TID 534)
17/03/16 18:41:13 INFO executor.CoarseGrainedExecutorBackend: Got assigned task 540
17/03/16 18:41:13 INFO executor.Executor: Running task 10.0 in stage 12.0 (TID 540)
17/03/16 18:41:13 INFO executor.CoarseGrainedExecutorBackend: Got assigned task 546
17/03/16 18:41:13 INFO executor.Executor: Running task 16.0 in stage 12.0 (TID 546)
17/03/16 18:41:13 INFO executor.CoarseGrainedExecutorBackend: Got assigned task 552
17/03/16 18:41:13 INFO spark.MapOutputTrackerWorker: Updating epoch to 6 and clearing cache
17/03/16 18:41:13 INFO executor.Executor: Running task 22.0 in stage 12.0 (TID 552)
17/03/16 18:41:13 INFO executor.CoarseGrainedExecutorBackend: Got assigned task 558
17/03/16 18:41:13 INFO executor.Executor: Running task 28.0 in stage 12.0 (TID 558)
17/03/16 18:41:13 INFO executor.CoarseGrainedExecutorBackend: Got assigned task 564
17/03/16 18:41:13 INFO executor.Executor: Running task 34.0 in stage 12.0 (TID 564)
17/03/16 18:41:13 INFO broadcast.TorrentBroadcast: Started reading broadcast variable 19
17/03/16 18:41:13 INFO executor.CoarseGrainedExecutorBackend: Got assigned task 570
17/03/16 18:41:13 INFO executor.Executor: Running task 40.0 in stage 12.0 (TID 570)
17/03/16 18:41:13 INFO executor.CoarseGrainedExecutorBackend: Got assigned task 576
17/03/16 18:41:13 INFO executor.Executor: Running task 46.0 in stage 12.0 (TID 576)
17/03/16 18:41:13 INFO storage.MemoryStore: Block broadcast_19_piece0 stored as bytes in memory (estimated size 3.3 KB, free 1657.8 MB)
17/03/16 18:41:13 INFO broadcast.TorrentBroadcast: Reading broadcast variable 19 took 8 ms
17/03/16 18:41:13 INFO storage.MemoryStore: Block broadcast_19 stored as values in memory (estimated size 5.3 KB, free 1657.8 MB)
17/03/16 18:41:13 INFO spark.MapOutputTrackerWorker: Don't have map outputs for shuffle 5, fetching them
17/03/16 18:41:13 INFO spark.MapOutputTrackerWorker: Doing the fetch; tracker endpoint = NettyRpcEndpointRef(spark://MapOutputTracker@10.10.34.38:36751)
17/03/16 18:41:13 INFO spark.MapOutputTrackerWorker: Don't have map outputs for shuffle 5, fetching them
17/03/16 18:41:13 INFO spark.MapOutputTrackerWorker: Don't have map outputs for shuffle 5, fetching them
17/03/16 18:41:13 INFO spark.MapOutputTrackerWorker: Don't have map outputs for shuffle 5, fetching them
17/03/16 18:41:13 INFO spark.MapOutputTrackerWorker: Don't have map outputs for shuffle 5, fetching them
17/03/16 18:41:13 INFO spark.MapOutputTrackerWorker: Don't have map outputs for shuffle 5, fetching them
17/03/16 18:41:13 INFO spark.MapOutputTrackerWorker: Got the output locations
17/03/16 18:41:13 INFO spark.MapOutputTrackerWorker: Don't have map outputs for shuffle 5, fetching them
17/03/16 18:41:13 INFO storage.ShuffleBlockFetcherIterator: Getting 48 non-empty blocks out of 48 blocks
17/03/16 18:41:13 INFO storage.ShuffleBlockFetcherIterator: Getting 48 non-empty blocks out of 48 blocks
17/03/16 18:41:13 INFO storage.ShuffleBlockFetcherIterator: Getting 48 non-empty blocks out of 48 blocks
17/03/16 18:41:13 INFO storage.ShuffleBlockFetcherIterator: Getting 48 non-empty blocks out of 48 blocks
17/03/16 18:41:13 INFO storage.ShuffleBlockFetcherIterator: Started 7 remote fetches in 5 ms
17/03/16 18:41:13 INFO storage.ShuffleBlockFetcherIterator: Started 5 remote fetches in 4 ms
17/03/16 18:41:13 INFO storage.ShuffleBlockFetcherIterator: Getting 48 non-empty blocks out of 48 blocks
17/03/16 18:41:13 INFO storage.ShuffleBlockFetcherIterator: Started 6 remote fetches in 4 ms
17/03/16 18:41:13 INFO storage.ShuffleBlockFetcherIterator: Started 5 remote fetches in 4 ms
17/03/16 18:41:13 INFO storage.ShuffleBlockFetcherIterator: Getting 48 non-empty blocks out of 48 blocks
17/03/16 18:41:13 INFO storage.ShuffleBlockFetcherIterator: Getting 48 non-empty blocks out of 48 blocks
17/03/16 18:41:13 INFO storage.ShuffleBlockFetcherIterator: Getting 48 non-empty blocks out of 48 blocks
17/03/16 18:41:13 INFO storage.ShuffleBlockFetcherIterator: Started 8 remote fetches in 7 ms
17/03/16 18:41:13 INFO storage.ShuffleBlockFetcherIterator: Started 6 remote fetches in 4 ms
17/03/16 18:41:13 INFO storage.ShuffleBlockFetcherIterator: Started 6 remote fetches in 5 ms
17/03/16 18:41:13 INFO storage.ShuffleBlockFetcherIterator: Started 6 remote fetches in 5 ms
17/03/16 18:41:14 INFO python.PythonRunner: Times: total = 890, boot = -18774, init = 18778, finish = 886
17/03/16 18:41:14 INFO python.PythonRunner: Times: total = 909, boot = -18250, init = 18254, finish = 905
17/03/16 18:41:14 INFO python.PythonRunner: Times: total = 966, boot = -18853, init = 18857, finish = 962
17/03/16 18:41:14 INFO executor.Executor: Finished task 40.0 in stage 12.0 (TID 570). 9568427 bytes result sent to driver
17/03/16 18:41:14 INFO python.PythonRunner: Times: total = 1027, boot = -17887, init = 17893, finish = 1021
17/03/16 18:41:14 INFO executor.Executor: Finished task 22.0 in stage 12.0 (TID 552). 9567820 bytes result sent to driver
17/03/16 18:41:14 INFO executor.Executor: Finished task 34.0 in stage 12.0 (TID 564). 9562958 bytes result sent to driver
17/03/16 18:41:14 INFO executor.Executor: Finished task 16.0 in stage 12.0 (TID 546). 9550914 bytes result sent to driver
17/03/16 18:41:14 INFO python.PythonRunner: Times: total = 1049, boot = -18766, init = 18775, finish = 1040
17/03/16 18:41:14 INFO python.PythonRunner: Times: total = 1055, boot = -18994, init = 18997, finish = 1052
17/03/16 18:41:14 INFO python.PythonRunner: Times: total = 1073, boot = -19231, init = 19235, finish = 1069
17/03/16 18:41:14 INFO python.PythonRunner: Times: total = 1078, boot = -19126, init = 19130, finish = 1074
17/03/16 18:41:14 INFO executor.Executor: Finished task 28.0 in stage 12.0 (TID 558). 9564339 bytes result sent to driver
17/03/16 18:41:14 INFO executor.Executor: Finished task 46.0 in stage 12.0 (TID 576). 9561962 bytes result sent to driver
17/03/16 18:41:14 INFO executor.Executor: Finished task 4.0 in stage 12.0 (TID 534). 9575157 bytes result sent to driver
17/03/16 18:41:14 INFO executor.Executor: Finished task 10.0 in stage 12.0 (TID 540). 9551935 bytes result sent to driver
17/03/16 18:41:17 INFO storage.BlockManager: Removing RDD 33
17/03/16 18:41:17 INFO storage.BlockManager: Removing RDD 38
17/03/16 18:48:33 INFO executor.CoarseGrainedExecutorBackend: Got assigned task 583
17/03/16 18:48:33 INFO executor.Executor: Running task 5.0 in stage 13.0 (TID 583)
17/03/16 18:48:33 INFO broadcast.TorrentBroadcast: Started reading broadcast variable 21
17/03/16 18:48:33 INFO executor.CoarseGrainedExecutorBackend: Got assigned task 589
17/03/16 18:48:33 INFO executor.Executor: Running task 11.0 in stage 13.0 (TID 589)
17/03/16 18:48:33 INFO executor.CoarseGrainedExecutorBackend: Got assigned task 595
17/03/16 18:48:33 INFO executor.Executor: Running task 17.0 in stage 13.0 (TID 595)
17/03/16 18:48:33 INFO executor.CoarseGrainedExecutorBackend: Got assigned task 601
17/03/16 18:48:33 INFO executor.Executor: Running task 23.0 in stage 13.0 (TID 601)
17/03/16 18:48:33 INFO executor.CoarseGrainedExecutorBackend: Got assigned task 607
17/03/16 18:48:33 INFO executor.Executor: Running task 29.0 in stage 13.0 (TID 607)
17/03/16 18:48:33 INFO executor.CoarseGrainedExecutorBackend: Got assigned task 613
17/03/16 18:48:33 INFO executor.Executor: Running task 35.0 in stage 13.0 (TID 613)
17/03/16 18:48:33 INFO storage.MemoryStore: Block broadcast_21_piece0 stored as bytes in memory (estimated size 5.4 KB, free 1657.7 MB)
17/03/16 18:48:33 INFO executor.CoarseGrainedExecutorBackend: Got assigned task 619
17/03/16 18:48:33 INFO executor.Executor: Running task 41.0 in stage 13.0 (TID 619)
17/03/16 18:48:33 INFO executor.CoarseGrainedExecutorBackend: Got assigned task 625
17/03/16 18:48:33 INFO broadcast.TorrentBroadcast: Reading broadcast variable 21 took 21 ms
17/03/16 18:48:33 INFO executor.Executor: Running task 47.0 in stage 13.0 (TID 625)
17/03/16 18:48:33 INFO storage.MemoryStore: Block broadcast_21 stored as values in memory (estimated size 8.6 KB, free 1657.8 MB)
17/03/16 18:48:33 INFO broadcast.TorrentBroadcast: Started reading broadcast variable 20
17/03/16 18:48:33 INFO storage.MemoryStore: Block broadcast_20_piece60 stored as bytes in memory (estimated size 4.0 MB, free 1661.8 MB)
17/03/16 18:48:33 INFO storage.MemoryStore: Block broadcast_20_piece25 stored as bytes in memory (estimated size 4.0 MB, free 1665.8 MB)
17/03/16 18:48:33 INFO storage.MemoryStore: Block broadcast_20_piece33 stored as bytes in memory (estimated size 4.0 MB, free 1669.8 MB)
17/03/16 18:48:33 INFO storage.MemoryStore: Block broadcast_20_piece86 stored as bytes in memory (estimated size 4.0 MB, free 1673.8 MB)
17/03/16 18:48:33 INFO storage.MemoryStore: Block broadcast_20_piece63 stored as bytes in memory (estimated size 4.0 MB, free 1677.8 MB)
17/03/16 18:48:33 INFO storage.MemoryStore: Block broadcast_20_piece100 stored as bytes in memory (estimated size 4.0 MB, free 1681.8 MB)
17/03/16 18:48:33 INFO storage.MemoryStore: Block broadcast_20_piece26 stored as bytes in memory (estimated size 4.0 MB, free 1685.8 MB)
17/03/16 18:48:33 INFO storage.MemoryStore: Block broadcast_20_piece19 stored as bytes in memory (estimated size 4.0 MB, free 1689.8 MB)
17/03/16 18:48:33 INFO storage.MemoryStore: Block broadcast_20_piece23 stored as bytes in memory (estimated size 4.0 MB, free 1693.8 MB)
17/03/16 18:48:33 INFO storage.MemoryStore: Block broadcast_20_piece59 stored as bytes in memory (estimated size 4.0 MB, free 1697.8 MB)
17/03/16 18:48:33 INFO storage.MemoryStore: Block broadcast_20_piece47 stored as bytes in memory (estimated size 4.0 MB, free 1701.8 MB)
17/03/16 18:48:33 INFO storage.MemoryStore: Block broadcast_20_piece17 stored as bytes in memory (estimated size 4.0 MB, free 1705.8 MB)
17/03/16 18:48:33 INFO storage.MemoryStore: Block broadcast_20_piece2 stored as bytes in memory (estimated size 4.0 MB, free 1709.8 MB)
17/03/16 18:48:33 INFO storage.MemoryStore: Block broadcast_20_piece58 stored as bytes in memory (estimated size 4.0 MB, free 1713.8 MB)
17/03/16 18:48:33 INFO storage.MemoryStore: Block broadcast_20_piece102 stored as bytes in memory (estimated size 4.0 MB, free 1717.8 MB)
17/03/16 18:48:33 INFO storage.MemoryStore: Block broadcast_20_piece99 stored as bytes in memory (estimated size 4.0 MB, free 1721.8 MB)
17/03/16 18:48:33 INFO storage.MemoryStore: Block broadcast_20_piece41 stored as bytes in memory (estimated size 4.0 MB, free 1725.8 MB)
17/03/16 18:48:33 INFO storage.MemoryStore: Block broadcast_20_piece96 stored as bytes in memory (estimated size 4.0 MB, free 1729.8 MB)
17/03/16 18:48:33 INFO storage.MemoryStore: Block broadcast_20_piece57 stored as bytes in memory (estimated size 4.0 MB, free 1733.8 MB)
17/03/16 18:48:33 INFO storage.MemoryStore: Block broadcast_20_piece5 stored as bytes in memory (estimated size 4.0 MB, free 1737.8 MB)
17/03/16 18:48:33 INFO storage.MemoryStore: Block broadcast_20_piece30 stored as bytes in memory (estimated size 4.0 MB, free 1741.8 MB)
17/03/16 18:48:33 INFO storage.MemoryStore: Block broadcast_20_piece74 stored as bytes in memory (estimated size 4.0 MB, free 1745.8 MB)
17/03/16 18:48:33 INFO storage.MemoryStore: Block broadcast_20_piece10 stored as bytes in memory (estimated size 4.0 MB, free 1749.8 MB)
17/03/16 18:48:33 INFO storage.MemoryStore: Block broadcast_20_piece46 stored as bytes in memory (estimated size 4.0 MB, free 1753.8 MB)
17/03/16 18:48:33 INFO storage.MemoryStore: Block broadcast_20_piece69 stored as bytes in memory (estimated size 4.0 MB, free 1757.8 MB)
17/03/16 18:48:33 INFO storage.MemoryStore: Block broadcast_20_piece29 stored as bytes in memory (estimated size 4.0 MB, free 1761.8 MB)
17/03/16 18:48:33 INFO storage.MemoryStore: Block broadcast_20_piece65 stored as bytes in memory (estimated size 4.0 MB, free 1765.8 MB)
17/03/16 18:48:33 INFO storage.MemoryStore: Block broadcast_20_piece56 stored as bytes in memory (estimated size 4.0 MB, free 1769.8 MB)
17/03/16 18:48:33 INFO storage.MemoryStore: Block broadcast_20_piece72 stored as bytes in memory (estimated size 4.0 MB, free 1773.8 MB)
17/03/16 18:48:33 INFO storage.MemoryStore: Block broadcast_20_piece3 stored as bytes in memory (estimated size 4.0 MB, free 1777.8 MB)
17/03/16 18:48:33 INFO storage.MemoryStore: Block broadcast_20_piece61 stored as bytes in memory (estimated size 4.0 MB, free 1781.8 MB)
17/03/16 18:48:33 INFO storage.MemoryStore: Block broadcast_20_piece0 stored as bytes in memory (estimated size 4.0 MB, free 1785.8 MB)
17/03/16 18:48:33 INFO storage.MemoryStore: Block broadcast_20_piece97 stored as bytes in memory (estimated size 4.0 MB, free 1789.8 MB)
17/03/16 18:48:33 INFO storage.MemoryStore: Block broadcast_20_piece98 stored as bytes in memory (estimated size 4.0 MB, free 1793.8 MB)
17/03/16 18:48:33 INFO storage.MemoryStore: Block broadcast_20_piece78 stored as bytes in memory (estimated size 4.0 MB, free 1797.8 MB)
17/03/16 18:48:33 INFO storage.MemoryStore: Block broadcast_20_piece44 stored as bytes in memory (estimated size 4.0 MB, free 1801.8 MB)
17/03/16 18:48:33 INFO storage.MemoryStore: Block broadcast_20_piece16 stored as bytes in memory (estimated size 4.0 MB, free 1805.8 MB)
17/03/16 18:48:33 INFO storage.MemoryStore: Block broadcast_20_piece83 stored as bytes in memory (estimated size 4.0 MB, free 1809.8 MB)
17/03/16 18:48:33 INFO storage.MemoryStore: Block broadcast_20_piece42 stored as bytes in memory (estimated size 4.0 MB, free 1813.8 MB)
17/03/16 18:48:34 INFO storage.MemoryStore: Block broadcast_20_piece54 stored as bytes in memory (estimated size 4.0 MB, free 1817.8 MB)
17/03/16 18:48:34 INFO storage.MemoryStore: Block broadcast_20_piece24 stored as bytes in memory (estimated size 4.0 MB, free 1821.8 MB)
17/03/16 18:48:34 INFO storage.MemoryStore: Block broadcast_20_piece52 stored as bytes in memory (estimated size 4.0 MB, free 1825.8 MB)
17/03/16 18:48:34 INFO storage.MemoryStore: Block broadcast_20_piece89 stored as bytes in memory (estimated size 4.0 MB, free 1829.8 MB)
17/03/16 18:48:34 INFO storage.MemoryStore: Block broadcast_20_piece43 stored as bytes in memory (estimated size 4.0 MB, free 1833.8 MB)
17/03/16 18:48:34 INFO storage.MemoryStore: Block broadcast_20_piece53 stored as bytes in memory (estimated size 4.0 MB, free 1837.8 MB)
17/03/16 18:48:34 INFO storage.MemoryStore: Block broadcast_20_piece87 stored as bytes in memory (estimated size 4.0 MB, free 1841.8 MB)
17/03/16 18:48:34 INFO storage.MemoryStore: Block broadcast_20_piece9 stored as bytes in memory (estimated size 4.0 MB, free 1845.8 MB)
17/03/16 18:48:34 INFO storage.MemoryStore: Block broadcast_20_piece81 stored as bytes in memory (estimated size 4.0 MB, free 1849.8 MB)
17/03/16 18:48:34 INFO storage.MemoryStore: Block broadcast_20_piece36 stored as bytes in memory (estimated size 4.0 MB, free 1853.8 MB)
17/03/16 18:48:34 INFO storage.MemoryStore: Block broadcast_20_piece40 stored as bytes in memory (estimated size 4.0 MB, free 1857.8 MB)
17/03/16 18:48:34 INFO storage.MemoryStore: Block broadcast_20_piece70 stored as bytes in memory (estimated size 4.0 MB, free 1861.8 MB)
17/03/16 18:48:34 INFO storage.MemoryStore: Block broadcast_20_piece64 stored as bytes in memory (estimated size 4.0 MB, free 1865.8 MB)
17/03/16 18:48:34 INFO storage.MemoryStore: Block broadcast_20_piece49 stored as bytes in memory (estimated size 4.0 MB, free 1869.8 MB)
17/03/16 18:48:34 INFO storage.MemoryStore: Block broadcast_20_piece68 stored as bytes in memory (estimated size 4.0 MB, free 1873.8 MB)
17/03/16 18:48:34 INFO storage.MemoryStore: Block broadcast_20_piece91 stored as bytes in memory (estimated size 4.0 MB, free 1877.8 MB)
17/03/16 18:48:34 INFO storage.MemoryStore: Block broadcast_20_piece95 stored as bytes in memory (estimated size 4.0 MB, free 1881.8 MB)
17/03/16 18:48:34 INFO storage.MemoryStore: Block broadcast_20_piece21 stored as bytes in memory (estimated size 4.0 MB, free 1885.8 MB)
17/03/16 18:48:34 INFO storage.MemoryStore: Block broadcast_20_piece66 stored as bytes in memory (estimated size 4.0 MB, free 1889.8 MB)
17/03/16 18:48:34 INFO storage.MemoryStore: Block broadcast_20_piece20 stored as bytes in memory (estimated size 4.0 MB, free 1893.8 MB)
17/03/16 18:48:34 INFO storage.MemoryStore: Block broadcast_20_piece13 stored as bytes in memory (estimated size 4.0 MB, free 1897.8 MB)
17/03/16 18:48:34 INFO storage.MemoryStore: Block broadcast_20_piece85 stored as bytes in memory (estimated size 4.0 MB, free 1901.8 MB)
17/03/16 18:48:34 INFO storage.MemoryStore: Block broadcast_20_piece45 stored as bytes in memory (estimated size 4.0 MB, free 1905.8 MB)
17/03/16 18:48:34 INFO storage.MemoryStore: Block broadcast_20_piece90 stored as bytes in memory (estimated size 4.0 MB, free 1909.8 MB)
17/03/16 18:48:34 INFO storage.MemoryStore: Block broadcast_20_piece67 stored as bytes in memory (estimated size 4.0 MB, free 1913.8 MB)
17/03/16 18:48:34 INFO storage.MemoryStore: Block broadcast_20_piece51 stored as bytes in memory (estimated size 4.0 MB, free 1917.8 MB)
17/03/16 18:48:34 INFO storage.MemoryStore: Block broadcast_20_piece22 stored as bytes in memory (estimated size 4.0 MB, free 1921.8 MB)
17/03/16 18:48:34 INFO storage.MemoryStore: Block broadcast_20_piece18 stored as bytes in memory (estimated size 4.0 MB, free 1925.8 MB)
17/03/16 18:48:34 INFO storage.MemoryStore: Block broadcast_20_piece11 stored as bytes in memory (estimated size 4.0 MB, free 1929.8 MB)
17/03/16 18:48:34 INFO storage.MemoryStore: Block broadcast_20_piece76 stored as bytes in memory (estimated size 4.0 MB, free 1933.8 MB)
17/03/16 18:48:34 INFO storage.MemoryStore: Block broadcast_20_piece93 stored as bytes in memory (estimated size 4.0 MB, free 1937.8 MB)
17/03/16 18:48:34 INFO storage.MemoryStore: Block broadcast_20_piece15 stored as bytes in memory (estimated size 4.0 MB, free 1941.8 MB)
17/03/16 18:48:34 INFO storage.MemoryStore: Block broadcast_20_piece88 stored as bytes in memory (estimated size 4.0 MB, free 1945.8 MB)
17/03/16 18:48:34 INFO storage.MemoryStore: Block broadcast_20_piece31 stored as bytes in memory (estimated size 4.0 MB, free 1949.8 MB)
17/03/16 18:48:34 INFO storage.MemoryStore: Block broadcast_20_piece94 stored as bytes in memory (estimated size 4.0 MB, free 1953.8 MB)
17/03/16 18:48:34 INFO storage.MemoryStore: Block broadcast_20_piece35 stored as bytes in memory (estimated size 4.0 MB, free 1957.8 MB)
17/03/16 18:48:34 INFO storage.MemoryStore: Block broadcast_20_piece27 stored as bytes in memory (estimated size 4.0 MB, free 1961.8 MB)
17/03/16 18:48:34 INFO storage.MemoryStore: Block broadcast_20_piece37 stored as bytes in memory (estimated size 4.0 MB, free 1965.8 MB)
17/03/16 18:48:34 INFO storage.MemoryStore: Block broadcast_20_piece14 stored as bytes in memory (estimated size 4.0 MB, free 1969.8 MB)
17/03/16 18:48:34 INFO storage.MemoryStore: Block broadcast_20_piece79 stored as bytes in memory (estimated size 4.0 MB, free 1973.8 MB)
17/03/16 18:48:34 INFO storage.MemoryStore: Block broadcast_20_piece55 stored as bytes in memory (estimated size 4.0 MB, free 1977.8 MB)
17/03/16 18:48:34 INFO storage.MemoryStore: Block broadcast_20_piece50 stored as bytes in memory (estimated size 4.0 MB, free 1981.8 MB)
17/03/16 18:48:34 INFO storage.MemoryStore: Block broadcast_20_piece32 stored as bytes in memory (estimated size 4.0 MB, free 1985.8 MB)
17/03/16 18:48:34 INFO storage.MemoryStore: Block broadcast_20_piece4 stored as bytes in memory (estimated size 4.0 MB, free 1989.8 MB)
17/03/16 18:48:34 INFO storage.MemoryStore: Block broadcast_20_piece80 stored as bytes in memory (estimated size 4.0 MB, free 1993.8 MB)
17/03/16 18:48:34 INFO storage.MemoryStore: Block broadcast_20_piece101 stored as bytes in memory (estimated size 4.0 MB, free 1997.8 MB)
17/03/16 18:48:34 INFO storage.MemoryStore: Block broadcast_20_piece103 stored as bytes in memory (estimated size 1787.6 KB, free 1999.5 MB)
17/03/16 18:48:34 INFO storage.MemoryStore: Block broadcast_20_piece28 stored as bytes in memory (estimated size 4.0 MB, free 2003.5 MB)
17/03/16 18:48:34 INFO storage.MemoryStore: Block broadcast_20_piece34 stored as bytes in memory (estimated size 4.0 MB, free 2007.5 MB)
17/03/16 18:48:34 INFO storage.MemoryStore: Block broadcast_20_piece75 stored as bytes in memory (estimated size 4.0 MB, free 2011.5 MB)
17/03/16 18:48:34 INFO storage.MemoryStore: Block broadcast_20_piece38 stored as bytes in memory (estimated size 4.0 MB, free 2015.5 MB)
17/03/16 18:48:34 INFO storage.MemoryStore: Block broadcast_20_piece1 stored as bytes in memory (estimated size 4.0 MB, free 2019.5 MB)
17/03/16 18:48:34 INFO storage.MemoryStore: Block broadcast_20_piece12 stored as bytes in memory (estimated size 4.0 MB, free 2023.5 MB)
17/03/16 18:48:34 INFO storage.MemoryStore: Block broadcast_20_piece7 stored as bytes in memory (estimated size 4.0 MB, free 2027.5 MB)
17/03/16 18:48:34 INFO storage.MemoryStore: Block broadcast_20_piece84 stored as bytes in memory (estimated size 4.0 MB, free 2031.5 MB)
17/03/16 18:48:35 INFO storage.MemoryStore: Block broadcast_20_piece8 stored as bytes in memory (estimated size 4.0 MB, free 2035.5 MB)
17/03/16 18:48:35 INFO storage.MemoryStore: Block broadcast_20_piece39 stored as bytes in memory (estimated size 4.0 MB, free 2039.5 MB)
17/03/16 18:48:35 INFO storage.MemoryStore: Block broadcast_20_piece82 stored as bytes in memory (estimated size 4.0 MB, free 2043.5 MB)
17/03/16 18:48:35 INFO storage.MemoryStore: Block broadcast_20_piece92 stored as bytes in memory (estimated size 4.0 MB, free 2047.5 MB)
17/03/16 18:48:35 INFO storage.MemoryStore: Block broadcast_20_piece73 stored as bytes in memory (estimated size 4.0 MB, free 2.0 GB)
17/03/16 18:48:35 INFO storage.MemoryStore: Block broadcast_20_piece48 stored as bytes in memory (estimated size 4.0 MB, free 2.0 GB)
17/03/16 18:48:35 INFO storage.MemoryStore: Block broadcast_20_piece71 stored as bytes in memory (estimated size 4.0 MB, free 2.0 GB)
17/03/16 18:48:35 INFO storage.MemoryStore: Block broadcast_20_piece77 stored as bytes in memory (estimated size 4.0 MB, free 2.0 GB)
17/03/16 18:48:35 INFO storage.MemoryStore: Block broadcast_20_piece62 stored as bytes in memory (estimated size 4.0 MB, free 2.0 GB)
17/03/16 18:48:35 INFO storage.MemoryStore: Block broadcast_20_piece6 stored as bytes in memory (estimated size 4.0 MB, free 2.0 GB)
17/03/16 18:48:35 INFO broadcast.TorrentBroadcast: Reading broadcast variable 20 took 1958 ms
17/03/16 18:48:42 INFO storage.MemoryStore: Block broadcast_20 stored as values in memory (estimated size 384.0 B, free 2.0 GB)
17/03/16 18:48:50 INFO python.PythonRunner: Times: total = 16922, boot = 18, init = 9364, finish = 7540
17/03/16 18:48:50 INFO python.PythonRunner: Times: total = 16940, boot = 22, init = 9359, finish = 7559
17/03/16 18:48:50 INFO python.PythonRunner: Times: total = 17037, boot = 14, init = 9368, finish = 7655
17/03/16 18:48:50 INFO executor.Executor: Finished task 41.0 in stage 13.0 (TID 619). 1274 bytes result sent to driver
17/03/16 18:48:50 INFO executor.Executor: Finished task 47.0 in stage 13.0 (TID 625). 1274 bytes result sent to driver
17/03/16 18:48:50 INFO python.PythonRunner: Times: total = 17115, boot = 10, init = 9371, finish = 7734
17/03/16 18:48:50 INFO executor.Executor: Finished task 35.0 in stage 13.0 (TID 613). 1274 bytes result sent to driver
17/03/16 18:48:50 INFO executor.Executor: Finished task 29.0 in stage 13.0 (TID 607). 1274 bytes result sent to driver
17/03/16 18:48:50 INFO python.PythonRunner: Times: total = 17282, boot = 7, init = 9375, finish = 7900
17/03/16 18:48:50 INFO executor.Executor: Finished task 23.0 in stage 13.0 (TID 601). 1274 bytes result sent to driver
17/03/16 18:48:50 INFO python.PythonRunner: Times: total = 17367, boot = 3, init = 9379, finish = 7985
17/03/16 18:48:50 INFO python.PythonRunner: Times: total = 17393, boot = 4, init = 9377, finish = 8012
17/03/16 18:48:50 INFO python.PythonRunner: Times: total = 17407, boot = 23, init = 9355, finish = 8029
17/03/16 18:48:50 INFO executor.Executor: Finished task 17.0 in stage 13.0 (TID 595). 1274 bytes result sent to driver
17/03/16 18:48:50 INFO executor.Executor: Finished task 5.0 in stage 13.0 (TID 583). 1274 bytes result sent to driver
17/03/16 18:48:50 INFO executor.Executor: Finished task 11.0 in stage 13.0 (TID 589). 1274 bytes result sent to driver
17/03/16 18:49:11 INFO executor.CoarseGrainedExecutorBackend: Got assigned task 631
17/03/16 18:49:11 INFO executor.CoarseGrainedExecutorBackend: Got assigned task 637
17/03/16 18:49:11 INFO executor.Executor: Running task 5.0 in stage 14.0 (TID 631)
17/03/16 18:49:11 INFO executor.Executor: Running task 11.0 in stage 14.0 (TID 637)
17/03/16 18:49:11 INFO executor.CoarseGrainedExecutorBackend: Got assigned task 643
17/03/16 18:49:11 INFO executor.Executor: Running task 17.0 in stage 14.0 (TID 643)
17/03/16 18:49:11 INFO executor.CoarseGrainedExecutorBackend: Got assigned task 649
17/03/16 18:49:11 INFO spark.MapOutputTrackerWorker: Updating epoch to 7 and clearing cache
17/03/16 18:49:11 INFO executor.Executor: Running task 23.0 in stage 14.0 (TID 649)
17/03/16 18:49:11 INFO executor.CoarseGrainedExecutorBackend: Got assigned task 655
17/03/16 18:49:11 INFO executor.Executor: Running task 29.0 in stage 14.0 (TID 655)
17/03/16 18:49:11 INFO broadcast.TorrentBroadcast: Started reading broadcast variable 22
17/03/16 18:49:11 INFO executor.CoarseGrainedExecutorBackend: Got assigned task 661
17/03/16 18:49:11 INFO executor.CoarseGrainedExecutorBackend: Got assigned task 667
17/03/16 18:49:11 INFO executor.Executor: Running task 35.0 in stage 14.0 (TID 661)
17/03/16 18:49:11 INFO executor.CoarseGrainedExecutorBackend: Got assigned task 673
17/03/16 18:49:11 INFO executor.Executor: Running task 41.0 in stage 14.0 (TID 667)
17/03/16 18:49:11 INFO executor.Executor: Running task 47.0 in stage 14.0 (TID 673)
17/03/16 18:49:11 INFO storage.MemoryStore: Block broadcast_22_piece0 stored as bytes in memory (estimated size 3.3 KB, free 2.0 GB)
17/03/16 18:49:11 INFO broadcast.TorrentBroadcast: Reading broadcast variable 22 took 7 ms
17/03/16 18:49:11 INFO storage.MemoryStore: Block broadcast_22 stored as values in memory (estimated size 5.3 KB, free 2.0 GB)
17/03/16 18:49:11 INFO spark.MapOutputTrackerWorker: Don't have map outputs for shuffle 6, fetching them
17/03/16 18:49:11 INFO spark.MapOutputTrackerWorker: Doing the fetch; tracker endpoint = NettyRpcEndpointRef(spark://MapOutputTracker@10.10.34.38:36751)
17/03/16 18:49:11 INFO spark.MapOutputTrackerWorker: Don't have map outputs for shuffle 6, fetching them
17/03/16 18:49:11 INFO spark.MapOutputTrackerWorker: Don't have map outputs for shuffle 6, fetching them
17/03/16 18:49:11 INFO spark.MapOutputTrackerWorker: Don't have map outputs for shuffle 6, fetching them
17/03/16 18:49:11 INFO spark.MapOutputTrackerWorker: Don't have map outputs for shuffle 6, fetching them
17/03/16 18:49:11 INFO spark.MapOutputTrackerWorker: Don't have map outputs for shuffle 6, fetching them
17/03/16 18:49:11 INFO spark.MapOutputTrackerWorker: Got the output locations
17/03/16 18:49:11 INFO spark.MapOutputTrackerWorker: Don't have map outputs for shuffle 6, fetching them
17/03/16 18:49:11 INFO storage.ShuffleBlockFetcherIterator: Getting 48 non-empty blocks out of 48 blocks
17/03/16 18:49:11 INFO storage.ShuffleBlockFetcherIterator: Getting 48 non-empty blocks out of 48 blocks
17/03/16 18:49:11 INFO storage.ShuffleBlockFetcherIterator: Getting 48 non-empty blocks out of 48 blocks
17/03/16 18:49:11 INFO storage.ShuffleBlockFetcherIterator: Started 6 remote fetches in 5 ms
17/03/16 18:49:11 INFO storage.ShuffleBlockFetcherIterator: Getting 48 non-empty blocks out of 48 blocks
17/03/16 18:49:11 INFO storage.ShuffleBlockFetcherIterator: Started 7 remote fetches in 5 ms
17/03/16 18:49:11 INFO storage.ShuffleBlockFetcherIterator: Getting 48 non-empty blocks out of 48 blocks
17/03/16 18:49:11 INFO storage.ShuffleBlockFetcherIterator: Started 5 remote fetches in 5 ms
17/03/16 18:49:11 INFO storage.ShuffleBlockFetcherIterator: Getting 48 non-empty blocks out of 48 blocks
17/03/16 18:49:11 INFO storage.ShuffleBlockFetcherIterator: Started 5 remote fetches in 5 ms
17/03/16 18:49:11 INFO storage.ShuffleBlockFetcherIterator: Getting 48 non-empty blocks out of 48 blocks
17/03/16 18:49:11 INFO storage.ShuffleBlockFetcherIterator: Getting 48 non-empty blocks out of 48 blocks
17/03/16 18:49:11 INFO storage.ShuffleBlockFetcherIterator: Started 6 remote fetches in 6 ms
17/03/16 18:49:11 INFO storage.ShuffleBlockFetcherIterator: Started 6 remote fetches in 6 ms
17/03/16 18:49:11 INFO storage.ShuffleBlockFetcherIterator: Started 6 remote fetches in 6 ms
17/03/16 18:49:11 INFO storage.ShuffleBlockFetcherIterator: Started 7 remote fetches in 5 ms
17/03/16 18:49:12 INFO python.PythonRunner: Times: total = 938, boot = -20675, init = 20684, finish = 929
17/03/16 18:49:12 INFO python.PythonRunner: Times: total = 945, boot = -20758, init = 20762, finish = 941
17/03/16 18:49:12 INFO executor.Executor: Finished task 35.0 in stage 14.0 (TID 661). 9564132 bytes result sent to driver
17/03/16 18:49:12 INFO executor.Executor: Finished task 41.0 in stage 14.0 (TID 667). 9574417 bytes result sent to driver
17/03/16 18:49:12 INFO python.PythonRunner: Times: total = 985, boot = -21096, init = 21099, finish = 982
17/03/16 18:49:12 INFO executor.Executor: Finished task 17.0 in stage 14.0 (TID 643). 9564255 bytes result sent to driver
17/03/16 18:49:12 INFO python.PythonRunner: Times: total = 1009, boot = -20992, init = 20999, finish = 1002
17/03/16 18:49:12 INFO executor.Executor: Finished task 11.0 in stage 14.0 (TID 637). 9553351 bytes result sent to driver
17/03/16 18:49:12 INFO python.PythonRunner: Times: total = 1105, boot = -20637, init = 20640, finish = 1102
17/03/16 18:49:12 INFO python.PythonRunner: Times: total = 1114, boot = -20923, init = 20928, finish = 1109
17/03/16 18:49:12 INFO executor.Executor: Finished task 23.0 in stage 14.0 (TID 649). 9561992 bytes result sent to driver
17/03/16 18:49:12 INFO executor.Executor: Finished task 47.0 in stage 14.0 (TID 673). 9566364 bytes result sent to driver
17/03/16 18:49:12 INFO python.PythonRunner: Times: total = 1603, boot = -21112, init = 21116, finish = 1599
17/03/16 18:49:12 INFO executor.Executor: Finished task 5.0 in stage 14.0 (TID 631). 9561031 bytes result sent to driver
17/03/16 18:49:12 INFO python.PythonRunner: Times: total = 1611, boot = -20655, init = 20662, finish = 1604
17/03/16 18:49:12 INFO executor.Executor: Finished task 29.0 in stage 14.0 (TID 655). 9572768 bytes result sent to driver
17/03/16 18:49:16 INFO storage.BlockManager: Removing RDD 39
17/03/16 18:49:16 INFO storage.BlockManager: Removing RDD 44
17/03/16 18:56:33 INFO executor.CoarseGrainedExecutorBackend: Got assigned task 677
17/03/16 18:56:33 INFO executor.Executor: Running task 3.0 in stage 15.0 (TID 677)
17/03/16 18:56:33 INFO broadcast.TorrentBroadcast: Started reading broadcast variable 24
17/03/16 18:56:33 INFO executor.CoarseGrainedExecutorBackend: Got assigned task 683
17/03/16 18:56:33 INFO executor.Executor: Running task 9.0 in stage 15.0 (TID 683)
17/03/16 18:56:33 INFO executor.CoarseGrainedExecutorBackend: Got assigned task 689
17/03/16 18:56:33 INFO executor.Executor: Running task 15.0 in stage 15.0 (TID 689)
17/03/16 18:56:33 INFO executor.CoarseGrainedExecutorBackend: Got assigned task 695
17/03/16 18:56:33 INFO executor.Executor: Running task 21.0 in stage 15.0 (TID 695)
17/03/16 18:56:33 INFO executor.CoarseGrainedExecutorBackend: Got assigned task 701
17/03/16 18:56:33 INFO executor.Executor: Running task 27.0 in stage 15.0 (TID 701)
17/03/16 18:56:33 INFO executor.CoarseGrainedExecutorBackend: Got assigned task 707
17/03/16 18:56:33 INFO executor.Executor: Running task 33.0 in stage 15.0 (TID 707)
17/03/16 18:56:33 INFO executor.CoarseGrainedExecutorBackend: Got assigned task 713
17/03/16 18:56:33 INFO executor.Executor: Running task 39.0 in stage 15.0 (TID 713)
17/03/16 18:56:33 INFO storage.MemoryStore: Block broadcast_24_piece0 stored as bytes in memory (estimated size 5.4 KB, free 413.8 MB)
17/03/16 18:56:33 INFO executor.CoarseGrainedExecutorBackend: Got assigned task 719
17/03/16 18:56:33 INFO executor.Executor: Running task 45.0 in stage 15.0 (TID 719)
17/03/16 18:56:33 INFO broadcast.TorrentBroadcast: Reading broadcast variable 24 took 24 ms
17/03/16 18:56:33 INFO storage.MemoryStore: Block broadcast_24 stored as values in memory (estimated size 8.6 KB, free 413.8 MB)
17/03/16 18:56:33 INFO broadcast.TorrentBroadcast: Started reading broadcast variable 23
17/03/16 18:56:33 INFO storage.MemoryStore: Block broadcast_23_piece86 stored as bytes in memory (estimated size 4.0 MB, free 417.8 MB)
17/03/16 18:56:33 INFO storage.MemoryStore: Block broadcast_23_piece50 stored as bytes in memory (estimated size 4.0 MB, free 421.8 MB)
17/03/16 18:56:33 INFO storage.MemoryStore: Block broadcast_23_piece17 stored as bytes in memory (estimated size 4.0 MB, free 425.8 MB)
17/03/16 18:56:33 INFO storage.MemoryStore: Block broadcast_23_piece39 stored as bytes in memory (estimated size 4.0 MB, free 429.8 MB)
17/03/16 18:56:33 INFO storage.MemoryStore: Block broadcast_23_piece52 stored as bytes in memory (estimated size 4.0 MB, free 433.8 MB)
17/03/16 18:56:33 INFO storage.MemoryStore: Block broadcast_23_piece70 stored as bytes in memory (estimated size 4.0 MB, free 437.8 MB)
17/03/16 18:56:33 INFO storage.MemoryStore: Block broadcast_23_piece49 stored as bytes in memory (estimated size 4.0 MB, free 441.8 MB)
17/03/16 18:56:33 INFO storage.MemoryStore: Block broadcast_23_piece85 stored as bytes in memory (estimated size 4.0 MB, free 445.8 MB)
17/03/16 18:56:33 INFO storage.MemoryStore: Block broadcast_23_piece97 stored as bytes in memory (estimated size 4.0 MB, free 449.8 MB)
17/03/16 18:56:33 INFO storage.MemoryStore: Block broadcast_23_piece94 stored as bytes in memory (estimated size 4.0 MB, free 453.8 MB)
17/03/16 18:56:33 INFO storage.MemoryStore: Block broadcast_23_piece102 stored as bytes in memory (estimated size 4.0 MB, free 457.8 MB)
17/03/16 18:56:33 INFO storage.MemoryStore: Block broadcast_23_piece36 stored as bytes in memory (estimated size 4.0 MB, free 461.8 MB)
17/03/16 18:56:33 INFO storage.MemoryStore: Block broadcast_23_piece13 stored as bytes in memory (estimated size 4.0 MB, free 465.8 MB)
17/03/16 18:56:33 INFO storage.MemoryStore: Block broadcast_23_piece87 stored as bytes in memory (estimated size 4.0 MB, free 469.8 MB)
17/03/16 18:56:33 INFO storage.MemoryStore: Block broadcast_23_piece30 stored as bytes in memory (estimated size 4.0 MB, free 473.8 MB)
17/03/16 18:56:33 INFO storage.MemoryStore: Block broadcast_23_piece10 stored as bytes in memory (estimated size 4.0 MB, free 477.8 MB)
17/03/16 18:56:33 INFO storage.MemoryStore: Block broadcast_23_piece14 stored as bytes in memory (estimated size 4.0 MB, free 481.8 MB)
17/03/16 18:56:33 INFO storage.MemoryStore: Block broadcast_23_piece6 stored as bytes in memory (estimated size 4.0 MB, free 485.8 MB)
17/03/16 18:56:33 INFO storage.MemoryStore: Block broadcast_23_piece79 stored as bytes in memory (estimated size 4.0 MB, free 489.8 MB)
17/03/16 18:56:33 INFO storage.MemoryStore: Block broadcast_23_piece48 stored as bytes in memory (estimated size 4.0 MB, free 493.8 MB)
17/03/16 18:56:33 INFO storage.MemoryStore: Block broadcast_23_piece35 stored as bytes in memory (estimated size 4.0 MB, free 497.8 MB)
17/03/16 18:56:33 INFO storage.MemoryStore: Block broadcast_23_piece20 stored as bytes in memory (estimated size 4.0 MB, free 501.8 MB)
17/03/16 18:56:33 INFO storage.MemoryStore: Block broadcast_23_piece38 stored as bytes in memory (estimated size 4.0 MB, free 505.8 MB)
17/03/16 18:56:33 INFO storage.MemoryStore: Block broadcast_23_piece88 stored as bytes in memory (estimated size 4.0 MB, free 509.8 MB)
17/03/16 18:56:33 INFO storage.MemoryStore: Block broadcast_23_piece55 stored as bytes in memory (estimated size 4.0 MB, free 513.8 MB)
17/03/16 18:56:33 INFO storage.MemoryStore: Block broadcast_23_piece98 stored as bytes in memory (estimated size 4.0 MB, free 517.8 MB)
17/03/16 18:56:33 INFO storage.MemoryStore: Block broadcast_23_piece0 stored as bytes in memory (estimated size 4.0 MB, free 521.8 MB)
17/03/16 18:56:33 INFO storage.MemoryStore: Block broadcast_23_piece59 stored as bytes in memory (estimated size 4.0 MB, free 525.8 MB)
17/03/16 18:56:33 INFO storage.MemoryStore: Block broadcast_23_piece41 stored as bytes in memory (estimated size 4.0 MB, free 529.8 MB)
17/03/16 18:56:33 INFO storage.MemoryStore: Block broadcast_23_piece23 stored as bytes in memory (estimated size 4.0 MB, free 533.8 MB)
17/03/16 18:56:33 INFO storage.MemoryStore: Block broadcast_23_piece31 stored as bytes in memory (estimated size 4.0 MB, free 537.8 MB)
17/03/16 18:56:33 INFO storage.MemoryStore: Block broadcast_23_piece42 stored as bytes in memory (estimated size 4.0 MB, free 541.8 MB)
17/03/16 18:56:33 INFO storage.MemoryStore: Block broadcast_23_piece68 stored as bytes in memory (estimated size 4.0 MB, free 545.8 MB)
17/03/16 18:56:33 INFO storage.MemoryStore: Block broadcast_23_piece71 stored as bytes in memory (estimated size 4.0 MB, free 549.8 MB)
17/03/16 18:56:33 INFO storage.MemoryStore: Block broadcast_23_piece103 stored as bytes in memory (estimated size 1574.6 KB, free 551.3 MB)
17/03/16 18:56:33 INFO storage.MemoryStore: Block broadcast_23_piece29 stored as bytes in memory (estimated size 4.0 MB, free 555.3 MB)
17/03/16 18:56:33 INFO storage.MemoryStore: Block broadcast_23_piece56 stored as bytes in memory (estimated size 4.0 MB, free 559.3 MB)
17/03/16 18:56:33 INFO storage.MemoryStore: Block broadcast_23_piece37 stored as bytes in memory (estimated size 4.0 MB, free 563.3 MB)
17/03/16 18:56:33 INFO storage.MemoryStore: Block broadcast_23_piece47 stored as bytes in memory (estimated size 4.0 MB, free 567.3 MB)
17/03/16 18:56:34 INFO storage.MemoryStore: Block broadcast_23_piece4 stored as bytes in memory (estimated size 4.0 MB, free 571.3 MB)
17/03/16 18:56:34 INFO storage.MemoryStore: Block broadcast_23_piece61 stored as bytes in memory (estimated size 4.0 MB, free 575.3 MB)
17/03/16 18:56:34 INFO storage.MemoryStore: Block broadcast_23_piece66 stored as bytes in memory (estimated size 4.0 MB, free 579.3 MB)
17/03/16 18:56:34 INFO storage.MemoryStore: Block broadcast_23_piece76 stored as bytes in memory (estimated size 4.0 MB, free 583.3 MB)
17/03/16 18:56:34 INFO storage.MemoryStore: Block broadcast_23_piece7 stored as bytes in memory (estimated size 4.0 MB, free 587.3 MB)
17/03/16 18:56:34 INFO storage.MemoryStore: Block broadcast_23_piece45 stored as bytes in memory (estimated size 4.0 MB, free 591.3 MB)
17/03/16 18:56:34 INFO storage.MemoryStore: Block broadcast_23_piece9 stored as bytes in memory (estimated size 4.0 MB, free 595.3 MB)
17/03/16 18:56:34 INFO storage.MemoryStore: Block broadcast_23_piece19 stored as bytes in memory (estimated size 4.0 MB, free 599.3 MB)
17/03/16 18:56:34 INFO storage.MemoryStore: Block broadcast_23_piece90 stored as bytes in memory (estimated size 4.0 MB, free 603.3 MB)
17/03/16 18:56:34 INFO storage.MemoryStore: Block broadcast_23_piece77 stored as bytes in memory (estimated size 4.0 MB, free 607.3 MB)
17/03/16 18:56:34 INFO storage.MemoryStore: Block broadcast_23_piece46 stored as bytes in memory (estimated size 4.0 MB, free 611.3 MB)
17/03/16 18:56:34 INFO storage.MemoryStore: Block broadcast_23_piece74 stored as bytes in memory (estimated size 4.0 MB, free 615.3 MB)
17/03/16 18:56:34 INFO storage.MemoryStore: Block broadcast_23_piece84 stored as bytes in memory (estimated size 4.0 MB, free 619.3 MB)
17/03/16 18:56:34 INFO storage.MemoryStore: Block broadcast_23_piece75 stored as bytes in memory (estimated size 4.0 MB, free 623.3 MB)
17/03/16 18:56:34 INFO storage.MemoryStore: Block broadcast_23_piece16 stored as bytes in memory (estimated size 4.0 MB, free 627.3 MB)
17/03/16 18:56:34 INFO storage.MemoryStore: Block broadcast_23_piece62 stored as bytes in memory (estimated size 4.0 MB, free 631.3 MB)
17/03/16 18:56:34 INFO storage.MemoryStore: Block broadcast_23_piece8 stored as bytes in memory (estimated size 4.0 MB, free 635.3 MB)
17/03/16 18:56:34 INFO storage.MemoryStore: Block broadcast_23_piece101 stored as bytes in memory (estimated size 4.0 MB, free 639.3 MB)
17/03/16 18:56:34 INFO storage.MemoryStore: Block broadcast_23_piece26 stored as bytes in memory (estimated size 4.0 MB, free 643.3 MB)
17/03/16 18:56:34 INFO storage.MemoryStore: Block broadcast_23_piece5 stored as bytes in memory (estimated size 4.0 MB, free 647.3 MB)
17/03/16 18:56:34 INFO storage.MemoryStore: Block broadcast_23_piece96 stored as bytes in memory (estimated size 4.0 MB, free 651.3 MB)
17/03/16 18:56:34 INFO storage.MemoryStore: Block broadcast_23_piece22 stored as bytes in memory (estimated size 4.0 MB, free 655.3 MB)
17/03/16 18:56:34 INFO storage.MemoryStore: Block broadcast_23_piece60 stored as bytes in memory (estimated size 4.0 MB, free 659.3 MB)
17/03/16 18:56:34 INFO storage.MemoryStore: Block broadcast_23_piece15 stored as bytes in memory (estimated size 4.0 MB, free 663.3 MB)
17/03/16 18:56:34 INFO storage.MemoryStore: Block broadcast_23_piece18 stored as bytes in memory (estimated size 4.0 MB, free 667.3 MB)
17/03/16 18:56:34 INFO storage.MemoryStore: Block broadcast_23_piece93 stored as bytes in memory (estimated size 4.0 MB, free 671.3 MB)
17/03/16 18:56:34 INFO storage.MemoryStore: Block broadcast_23_piece3 stored as bytes in memory (estimated size 4.0 MB, free 675.3 MB)
17/03/16 18:56:34 INFO storage.MemoryStore: Block broadcast_23_piece34 stored as bytes in memory (estimated size 4.0 MB, free 679.3 MB)
17/03/16 18:56:34 INFO storage.MemoryStore: Block broadcast_23_piece73 stored as bytes in memory (estimated size 4.0 MB, free 683.3 MB)
17/03/16 18:56:34 INFO storage.MemoryStore: Block broadcast_23_piece33 stored as bytes in memory (estimated size 4.0 MB, free 687.3 MB)
17/03/16 18:56:34 INFO storage.MemoryStore: Block broadcast_23_piece82 stored as bytes in memory (estimated size 4.0 MB, free 691.3 MB)
17/03/16 18:56:34 INFO storage.MemoryStore: Block broadcast_23_piece92 stored as bytes in memory (estimated size 4.0 MB, free 695.3 MB)
17/03/16 18:56:34 INFO storage.MemoryStore: Block broadcast_23_piece89 stored as bytes in memory (estimated size 4.0 MB, free 699.3 MB)
17/03/16 18:56:34 INFO storage.MemoryStore: Block broadcast_23_piece57 stored as bytes in memory (estimated size 4.0 MB, free 703.3 MB)
17/03/16 18:56:34 INFO storage.MemoryStore: Block broadcast_23_piece1 stored as bytes in memory (estimated size 4.0 MB, free 707.3 MB)
17/03/16 18:56:34 INFO storage.MemoryStore: Block broadcast_23_piece64 stored as bytes in memory (estimated size 4.0 MB, free 711.3 MB)
17/03/16 18:56:34 INFO storage.MemoryStore: Block broadcast_23_piece2 stored as bytes in memory (estimated size 4.0 MB, free 715.3 MB)
17/03/16 18:56:34 INFO storage.MemoryStore: Block broadcast_23_piece69 stored as bytes in memory (estimated size 4.0 MB, free 719.3 MB)
17/03/16 18:56:34 INFO storage.MemoryStore: Block broadcast_23_piece11 stored as bytes in memory (estimated size 4.0 MB, free 723.3 MB)
17/03/16 18:56:34 INFO storage.MemoryStore: Block broadcast_23_piece54 stored as bytes in memory (estimated size 4.0 MB, free 727.3 MB)
17/03/16 18:56:34 INFO storage.MemoryStore: Block broadcast_23_piece100 stored as bytes in memory (estimated size 4.0 MB, free 731.3 MB)
17/03/16 18:56:34 INFO storage.MemoryStore: Block broadcast_23_piece78 stored as bytes in memory (estimated size 4.0 MB, free 735.3 MB)
17/03/16 18:56:34 INFO storage.MemoryStore: Block broadcast_23_piece44 stored as bytes in memory (estimated size 4.0 MB, free 739.3 MB)
17/03/16 18:56:34 INFO storage.MemoryStore: Block broadcast_23_piece27 stored as bytes in memory (estimated size 4.0 MB, free 743.3 MB)
17/03/16 18:56:34 INFO storage.MemoryStore: Block broadcast_23_piece63 stored as bytes in memory (estimated size 4.0 MB, free 747.3 MB)
17/03/16 18:56:34 INFO storage.MemoryStore: Block broadcast_23_piece25 stored as bytes in memory (estimated size 4.0 MB, free 751.3 MB)
17/03/16 18:56:34 INFO storage.MemoryStore: Block broadcast_23_piece43 stored as bytes in memory (estimated size 4.0 MB, free 755.3 MB)
17/03/16 18:56:34 INFO storage.MemoryStore: Block broadcast_23_piece58 stored as bytes in memory (estimated size 4.0 MB, free 759.3 MB)
17/03/16 18:56:34 INFO storage.MemoryStore: Block broadcast_23_piece40 stored as bytes in memory (estimated size 4.0 MB, free 763.3 MB)
17/03/16 18:56:34 INFO storage.MemoryStore: Block broadcast_23_piece72 stored as bytes in memory (estimated size 4.0 MB, free 767.3 MB)
17/03/16 18:56:34 INFO storage.MemoryStore: Block broadcast_23_piece95 stored as bytes in memory (estimated size 4.0 MB, free 771.3 MB)
17/03/16 18:56:34 INFO storage.MemoryStore: Block broadcast_23_piece32 stored as bytes in memory (estimated size 4.0 MB, free 775.3 MB)
17/03/16 18:56:34 INFO storage.MemoryStore: Block broadcast_23_piece80 stored as bytes in memory (estimated size 4.0 MB, free 779.3 MB)
17/03/16 18:56:34 INFO storage.MemoryStore: Block broadcast_23_piece65 stored as bytes in memory (estimated size 4.0 MB, free 783.3 MB)
17/03/16 18:56:34 INFO storage.MemoryStore: Block broadcast_23_piece21 stored as bytes in memory (estimated size 4.0 MB, free 787.3 MB)
17/03/16 18:56:35 INFO storage.MemoryStore: Block broadcast_23_piece53 stored as bytes in memory (estimated size 4.0 MB, free 791.3 MB)
17/03/16 18:56:35 INFO storage.MemoryStore: Block broadcast_23_piece81 stored as bytes in memory (estimated size 4.0 MB, free 795.3 MB)
17/03/16 18:56:35 INFO storage.MemoryStore: Block broadcast_23_piece28 stored as bytes in memory (estimated size 4.0 MB, free 799.3 MB)
17/03/16 18:56:35 INFO storage.MemoryStore: Block broadcast_23_piece83 stored as bytes in memory (estimated size 4.0 MB, free 803.3 MB)
17/03/16 18:56:35 INFO storage.MemoryStore: Block broadcast_23_piece99 stored as bytes in memory (estimated size 4.0 MB, free 807.3 MB)
17/03/16 18:56:35 INFO storage.MemoryStore: Block broadcast_23_piece12 stored as bytes in memory (estimated size 4.0 MB, free 811.3 MB)
17/03/16 18:56:35 INFO storage.MemoryStore: Block broadcast_23_piece24 stored as bytes in memory (estimated size 4.0 MB, free 815.3 MB)
17/03/16 18:56:35 INFO storage.MemoryStore: Block broadcast_23_piece67 stored as bytes in memory (estimated size 4.0 MB, free 819.3 MB)
17/03/16 18:56:35 INFO storage.MemoryStore: Block broadcast_23_piece51 stored as bytes in memory (estimated size 4.0 MB, free 823.3 MB)
17/03/16 18:56:35 INFO storage.MemoryStore: Block broadcast_23_piece91 stored as bytes in memory (estimated size 4.0 MB, free 827.3 MB)
17/03/16 18:56:35 INFO broadcast.TorrentBroadcast: Reading broadcast variable 23 took 1921 ms
17/03/16 18:56:42 INFO storage.MemoryStore: Block broadcast_23 stored as values in memory (estimated size 384.0 B, free 827.3 MB)
17/03/16 18:56:50 INFO python.PythonRunner: Times: total = 17402, boot = 4, init = 9480, finish = 7918
17/03/16 18:56:50 INFO executor.Executor: Finished task 3.0 in stage 15.0 (TID 677). 1274 bytes result sent to driver
17/03/16 18:56:50 INFO python.PythonRunner: Times: total = 17608, boot = 7, init = 9479, finish = 8122
17/03/16 18:56:50 INFO python.PythonRunner: Times: total = 17638, boot = 21, init = 9464, finish = 8153
17/03/16 18:56:50 INFO python.PythonRunner: Times: total = 17661, boot = 4, init = 9482, finish = 8175
17/03/16 18:56:50 INFO executor.Executor: Finished task 21.0 in stage 15.0 (TID 695). 1274 bytes result sent to driver
17/03/16 18:56:50 INFO executor.Executor: Finished task 45.0 in stage 15.0 (TID 719). 1274 bytes result sent to driver
17/03/16 18:56:51 INFO executor.Executor: Finished task 15.0 in stage 15.0 (TID 689). 1274 bytes result sent to driver
17/03/16 18:56:51 INFO python.PythonRunner: Times: total = 17868, boot = 18, init = 9467, finish = 8383
17/03/16 18:56:51 INFO python.PythonRunner: Times: total = 17895, boot = 11, init = 9475, finish = 8409
17/03/16 18:56:51 INFO executor.Executor: Finished task 39.0 in stage 15.0 (TID 713). 1274 bytes result sent to driver
17/03/16 18:56:51 INFO executor.Executor: Finished task 27.0 in stage 15.0 (TID 701). 1274 bytes result sent to driver
17/03/16 18:56:54 INFO python.PythonRunner: Times: total = 21479, boot = 21, init = 9460, finish = 11998
17/03/16 18:56:54 INFO executor.Executor: Finished task 9.0 in stage 15.0 (TID 683). 1274 bytes result sent to driver
17/03/16 18:56:54 INFO python.PythonRunner: Times: total = 21640, boot = 14, init = 9471, finish = 12155
17/03/16 18:56:54 INFO executor.Executor: Finished task 33.0 in stage 15.0 (TID 707). 1274 bytes result sent to driver
17/03/16 18:57:07 INFO executor.CoarseGrainedExecutorBackend: Got assigned task 723
17/03/16 18:57:07 INFO executor.CoarseGrainedExecutorBackend: Got assigned task 729
17/03/16 18:57:07 INFO executor.Executor: Running task 1.0 in stage 16.0 (TID 723)
17/03/16 18:57:07 INFO executor.Executor: Running task 7.0 in stage 16.0 (TID 729)
17/03/16 18:57:07 INFO executor.CoarseGrainedExecutorBackend: Got assigned task 735
17/03/16 18:57:07 INFO executor.CoarseGrainedExecutorBackend: Got assigned task 741
17/03/16 18:57:07 INFO executor.Executor: Running task 13.0 in stage 16.0 (TID 735)
17/03/16 18:57:07 INFO executor.Executor: Running task 19.0 in stage 16.0 (TID 741)
17/03/16 18:57:07 INFO spark.MapOutputTrackerWorker: Updating epoch to 8 and clearing cache
17/03/16 18:57:07 INFO executor.CoarseGrainedExecutorBackend: Got assigned task 747
17/03/16 18:57:07 INFO executor.CoarseGrainedExecutorBackend: Got assigned task 753
17/03/16 18:57:07 INFO executor.Executor: Running task 25.0 in stage 16.0 (TID 747)
17/03/16 18:57:07 INFO executor.Executor: Running task 31.0 in stage 16.0 (TID 753)
17/03/16 18:57:07 INFO executor.CoarseGrainedExecutorBackend: Got assigned task 759
17/03/16 18:57:07 INFO broadcast.TorrentBroadcast: Started reading broadcast variable 25
17/03/16 18:57:07 INFO executor.CoarseGrainedExecutorBackend: Got assigned task 765
17/03/16 18:57:07 INFO executor.Executor: Running task 37.0 in stage 16.0 (TID 759)
17/03/16 18:57:07 INFO executor.Executor: Running task 43.0 in stage 16.0 (TID 765)
17/03/16 18:57:07 INFO storage.MemoryStore: Block broadcast_25_piece0 stored as bytes in memory (estimated size 3.3 KB, free 827.3 MB)
17/03/16 18:57:07 INFO broadcast.TorrentBroadcast: Reading broadcast variable 25 took 8 ms
17/03/16 18:57:07 INFO storage.MemoryStore: Block broadcast_25 stored as values in memory (estimated size 5.3 KB, free 827.3 MB)
17/03/16 18:57:07 INFO spark.MapOutputTrackerWorker: Don't have map outputs for shuffle 7, fetching them
17/03/16 18:57:07 INFO spark.MapOutputTrackerWorker: Doing the fetch; tracker endpoint = NettyRpcEndpointRef(spark://MapOutputTracker@10.10.34.38:36751)
17/03/16 18:57:07 INFO spark.MapOutputTrackerWorker: Don't have map outputs for shuffle 7, fetching them
17/03/16 18:57:07 INFO spark.MapOutputTrackerWorker: Don't have map outputs for shuffle 7, fetching them
17/03/16 18:57:07 INFO spark.MapOutputTrackerWorker: Don't have map outputs for shuffle 7, fetching them
17/03/16 18:57:07 INFO spark.MapOutputTrackerWorker: Don't have map outputs for shuffle 7, fetching them
17/03/16 18:57:07 INFO spark.MapOutputTrackerWorker: Don't have map outputs for shuffle 7, fetching them
17/03/16 18:57:07 INFO spark.MapOutputTrackerWorker: Got the output locations
17/03/16 18:57:07 INFO spark.MapOutputTrackerWorker: Don't have map outputs for shuffle 7, fetching them
17/03/16 18:57:07 INFO storage.ShuffleBlockFetcherIterator: Getting 48 non-empty blocks out of 48 blocks
17/03/16 18:57:07 INFO storage.ShuffleBlockFetcherIterator: Getting 48 non-empty blocks out of 48 blocks
17/03/16 18:57:07 INFO storage.ShuffleBlockFetcherIterator: Getting 48 non-empty blocks out of 48 blocks
17/03/16 18:57:07 INFO storage.ShuffleBlockFetcherIterator: Getting 48 non-empty blocks out of 48 blocks
17/03/16 18:57:07 INFO storage.ShuffleBlockFetcherIterator: Started 6 remote fetches in 5 ms
17/03/16 18:57:07 INFO storage.ShuffleBlockFetcherIterator: Getting 48 non-empty blocks out of 48 blocks
17/03/16 18:57:07 INFO storage.ShuffleBlockFetcherIterator: Started 6 remote fetches in 4 ms
17/03/16 18:57:07 INFO storage.ShuffleBlockFetcherIterator: Started 8 remote fetches in 6 ms
17/03/16 18:57:07 INFO storage.ShuffleBlockFetcherIterator: Getting 48 non-empty blocks out of 48 blocks
17/03/16 18:57:07 INFO storage.ShuffleBlockFetcherIterator: Started 6 remote fetches in 4 ms
17/03/16 18:57:07 INFO storage.ShuffleBlockFetcherIterator: Started 7 remote fetches in 3 ms
17/03/16 18:57:07 INFO storage.ShuffleBlockFetcherIterator: Getting 48 non-empty blocks out of 48 blocks
17/03/16 18:57:07 INFO storage.ShuffleBlockFetcherIterator: Getting 48 non-empty blocks out of 48 blocks
17/03/16 18:57:07 INFO storage.ShuffleBlockFetcherIterator: Started 6 remote fetches in 5 ms
17/03/16 18:57:07 INFO storage.ShuffleBlockFetcherIterator: Started 6 remote fetches in 6 ms
17/03/16 18:57:07 INFO storage.ShuffleBlockFetcherIterator: Started 8 remote fetches in 5 ms
17/03/16 18:57:08 INFO python.PythonRunner: Times: total = 845, boot = -17115, init = 17118, finish = 842
17/03/16 18:57:08 INFO python.PythonRunner: Times: total = 860, boot = -16881, init = 16888, finish = 853
17/03/16 18:57:08 INFO executor.Executor: Finished task 7.0 in stage 16.0 (TID 729). 9558436 bytes result sent to driver
17/03/16 18:57:08 INFO executor.Executor: Finished task 1.0 in stage 16.0 (TID 723). 9559206 bytes result sent to driver
17/03/16 18:57:08 INFO python.PythonRunner: Times: total = 909, boot = -16857, init = 16864, finish = 902
17/03/16 18:57:08 INFO python.PythonRunner: Times: total = 919, boot = -16645, init = 16652, finish = 912
17/03/16 18:57:08 INFO python.PythonRunner: Times: total = 922, boot = -16908, init = 16919, finish = 911
17/03/16 18:57:08 INFO executor.Executor: Finished task 25.0 in stage 16.0 (TID 747). 9558224 bytes result sent to driver
17/03/16 18:57:08 INFO executor.Executor: Finished task 37.0 in stage 16.0 (TID 759). 9556983 bytes result sent to driver
17/03/16 18:57:08 INFO python.PythonRunner: Times: total = 941, boot = -12887, init = 12896, finish = 932
17/03/16 18:57:08 INFO executor.Executor: Finished task 43.0 in stage 16.0 (TID 765). 9566266 bytes result sent to driver
17/03/16 18:57:08 INFO executor.Executor: Finished task 13.0 in stage 16.0 (TID 735). 9551702 bytes result sent to driver
17/03/16 18:57:08 INFO python.PythonRunner: Times: total = 1010, boot = -13041, init = 13051, finish = 1000
17/03/16 18:57:08 INFO python.PythonRunner: Times: total = 1023, boot = -16627, init = 16632, finish = 1018
17/03/16 18:57:08 INFO executor.Executor: Finished task 19.0 in stage 16.0 (TID 741). 9574835 bytes result sent to driver
17/03/16 18:57:08 INFO executor.Executor: Finished task 31.0 in stage 16.0 (TID 753). 9569848 bytes result sent to driver
17/03/16 18:57:12 INFO storage.BlockManager: Removing RDD 45
17/03/16 18:57:12 INFO storage.BlockManager: Removing RDD 50
17/03/16 19:04:28 INFO executor.CoarseGrainedExecutorBackend: Got assigned task 774
17/03/16 19:04:28 INFO executor.Executor: Running task 4.0 in stage 17.0 (TID 774)
17/03/16 19:04:28 INFO broadcast.TorrentBroadcast: Started reading broadcast variable 27
17/03/16 19:04:28 INFO executor.CoarseGrainedExecutorBackend: Got assigned task 780
17/03/16 19:04:28 INFO executor.Executor: Running task 10.0 in stage 17.0 (TID 780)
17/03/16 19:04:28 INFO executor.CoarseGrainedExecutorBackend: Got assigned task 786
17/03/16 19:04:28 INFO executor.Executor: Running task 16.0 in stage 17.0 (TID 786)
17/03/16 19:04:28 INFO executor.CoarseGrainedExecutorBackend: Got assigned task 792
17/03/16 19:04:28 INFO executor.Executor: Running task 22.0 in stage 17.0 (TID 792)
17/03/16 19:04:28 INFO executor.CoarseGrainedExecutorBackend: Got assigned task 798
17/03/16 19:04:28 INFO executor.Executor: Running task 28.0 in stage 17.0 (TID 798)
17/03/16 19:04:28 INFO storage.MemoryStore: Block broadcast_27_piece0 stored as bytes in memory (estimated size 5.4 KB, free 827.3 MB)
17/03/16 19:04:28 INFO executor.CoarseGrainedExecutorBackend: Got assigned task 804
17/03/16 19:04:28 INFO executor.Executor: Running task 34.0 in stage 17.0 (TID 804)
17/03/16 19:04:28 INFO executor.CoarseGrainedExecutorBackend: Got assigned task 810
17/03/16 19:04:28 INFO executor.Executor: Running task 40.0 in stage 17.0 (TID 810)
17/03/16 19:04:28 INFO broadcast.TorrentBroadcast: Reading broadcast variable 27 took 24 ms
17/03/16 19:04:28 INFO executor.CoarseGrainedExecutorBackend: Got assigned task 816
17/03/16 19:04:28 INFO executor.Executor: Running task 46.0 in stage 17.0 (TID 816)
17/03/16 19:04:28 INFO storage.MemoryStore: Block broadcast_27 stored as values in memory (estimated size 8.6 KB, free 827.3 MB)
17/03/16 19:04:28 INFO broadcast.TorrentBroadcast: Started reading broadcast variable 26
17/03/16 19:04:28 INFO storage.MemoryStore: Block broadcast_26_piece37 stored as bytes in memory (estimated size 4.0 MB, free 831.3 MB)
17/03/16 19:04:28 INFO storage.MemoryStore: Block broadcast_26_piece3 stored as bytes in memory (estimated size 4.0 MB, free 835.3 MB)
17/03/16 19:04:28 INFO storage.MemoryStore: Block broadcast_26_piece53 stored as bytes in memory (estimated size 4.0 MB, free 839.3 MB)
17/03/16 19:04:28 INFO storage.MemoryStore: Block broadcast_26_piece92 stored as bytes in memory (estimated size 4.0 MB, free 843.3 MB)
17/03/16 19:04:28 INFO storage.MemoryStore: Block broadcast_26_piece16 stored as bytes in memory (estimated size 4.0 MB, free 847.3 MB)
17/03/16 19:04:28 INFO storage.MemoryStore: Block broadcast_26_piece74 stored as bytes in memory (estimated size 4.0 MB, free 851.3 MB)
17/03/16 19:04:28 INFO storage.MemoryStore: Block broadcast_26_piece61 stored as bytes in memory (estimated size 4.0 MB, free 855.3 MB)
17/03/16 19:04:28 INFO storage.MemoryStore: Block broadcast_26_piece67 stored as bytes in memory (estimated size 4.0 MB, free 859.3 MB)
17/03/16 19:04:28 INFO storage.MemoryStore: Block broadcast_26_piece13 stored as bytes in memory (estimated size 4.0 MB, free 863.3 MB)
17/03/16 19:04:28 INFO storage.MemoryStore: Block broadcast_26_piece39 stored as bytes in memory (estimated size 4.0 MB, free 867.3 MB)
17/03/16 19:04:28 INFO storage.MemoryStore: Block broadcast_26_piece71 stored as bytes in memory (estimated size 4.0 MB, free 871.3 MB)
17/03/16 19:04:28 INFO storage.MemoryStore: Block broadcast_26_piece102 stored as bytes in memory (estimated size 4.0 MB, free 875.3 MB)
17/03/16 19:04:28 INFO storage.MemoryStore: Block broadcast_26_piece42 stored as bytes in memory (estimated size 4.0 MB, free 879.3 MB)
17/03/16 19:04:28 INFO storage.MemoryStore: Block broadcast_26_piece100 stored as bytes in memory (estimated size 4.0 MB, free 883.3 MB)
17/03/16 19:04:28 INFO storage.MemoryStore: Block broadcast_26_piece89 stored as bytes in memory (estimated size 4.0 MB, free 887.3 MB)
17/03/16 19:04:28 INFO storage.MemoryStore: Block broadcast_26_piece10 stored as bytes in memory (estimated size 4.0 MB, free 891.3 MB)
17/03/16 19:04:28 INFO storage.MemoryStore: Block broadcast_26_piece97 stored as bytes in memory (estimated size 4.0 MB, free 895.3 MB)
17/03/16 19:04:28 INFO storage.MemoryStore: Block broadcast_26_piece36 stored as bytes in memory (estimated size 4.0 MB, free 899.3 MB)
17/03/16 19:04:28 INFO storage.MemoryStore: Block broadcast_26_piece0 stored as bytes in memory (estimated size 4.0 MB, free 903.3 MB)
17/03/16 19:04:28 INFO storage.MemoryStore: Block broadcast_26_piece40 stored as bytes in memory (estimated size 4.0 MB, free 907.3 MB)
17/03/16 19:04:28 INFO storage.MemoryStore: Block broadcast_26_piece49 stored as bytes in memory (estimated size 4.0 MB, free 911.3 MB)
17/03/16 19:04:28 INFO storage.MemoryStore: Block broadcast_26_piece24 stored as bytes in memory (estimated size 4.0 MB, free 915.3 MB)
17/03/16 19:04:28 INFO storage.MemoryStore: Block broadcast_26_piece64 stored as bytes in memory (estimated size 4.0 MB, free 919.3 MB)
17/03/16 19:04:28 INFO storage.MemoryStore: Block broadcast_26_piece17 stored as bytes in memory (estimated size 4.0 MB, free 923.3 MB)
17/03/16 19:04:28 INFO storage.MemoryStore: Block broadcast_26_piece1 stored as bytes in memory (estimated size 4.0 MB, free 927.3 MB)
17/03/16 19:04:28 INFO storage.MemoryStore: Block broadcast_26_piece33 stored as bytes in memory (estimated size 4.0 MB, free 931.3 MB)
17/03/16 19:04:29 INFO storage.MemoryStore: Block broadcast_26_piece21 stored as bytes in memory (estimated size 4.0 MB, free 935.3 MB)
17/03/16 19:04:29 INFO storage.MemoryStore: Block broadcast_26_piece91 stored as bytes in memory (estimated size 4.0 MB, free 939.3 MB)
17/03/16 19:04:29 INFO storage.MemoryStore: Block broadcast_26_piece99 stored as bytes in memory (estimated size 4.0 MB, free 943.3 MB)
17/03/16 19:04:29 INFO storage.MemoryStore: Block broadcast_26_piece84 stored as bytes in memory (estimated size 4.0 MB, free 947.3 MB)
17/03/16 19:04:29 INFO storage.MemoryStore: Block broadcast_26_piece86 stored as bytes in memory (estimated size 4.0 MB, free 951.3 MB)
17/03/16 19:04:29 INFO storage.MemoryStore: Block broadcast_26_piece29 stored as bytes in memory (estimated size 4.0 MB, free 955.3 MB)
17/03/16 19:04:29 INFO storage.MemoryStore: Block broadcast_26_piece46 stored as bytes in memory (estimated size 4.0 MB, free 959.3 MB)
17/03/16 19:04:29 INFO storage.MemoryStore: Block broadcast_26_piece51 stored as bytes in memory (estimated size 4.0 MB, free 963.3 MB)
17/03/16 19:04:29 INFO storage.MemoryStore: Block broadcast_26_piece34 stored as bytes in memory (estimated size 4.0 MB, free 967.3 MB)
17/03/16 19:04:29 INFO storage.MemoryStore: Block broadcast_26_piece14 stored as bytes in memory (estimated size 4.0 MB, free 971.3 MB)
17/03/16 19:04:29 INFO storage.MemoryStore: Block broadcast_26_piece2 stored as bytes in memory (estimated size 4.0 MB, free 975.3 MB)
17/03/16 19:04:29 INFO storage.MemoryStore: Block broadcast_26_piece73 stored as bytes in memory (estimated size 4.0 MB, free 979.3 MB)
17/03/16 19:04:29 INFO storage.MemoryStore: Block broadcast_26_piece45 stored as bytes in memory (estimated size 4.0 MB, free 983.3 MB)
17/03/16 19:04:29 INFO storage.MemoryStore: Block broadcast_26_piece12 stored as bytes in memory (estimated size 4.0 MB, free 987.3 MB)
17/03/16 19:04:29 INFO storage.MemoryStore: Block broadcast_26_piece103 stored as bytes in memory (estimated size 1417.8 KB, free 988.7 MB)
17/03/16 19:04:29 INFO storage.MemoryStore: Block broadcast_26_piece66 stored as bytes in memory (estimated size 4.0 MB, free 992.7 MB)
17/03/16 19:04:29 INFO storage.MemoryStore: Block broadcast_26_piece48 stored as bytes in memory (estimated size 4.0 MB, free 996.7 MB)
17/03/16 19:04:29 INFO storage.MemoryStore: Block broadcast_26_piece69 stored as bytes in memory (estimated size 4.0 MB, free 1000.7 MB)
17/03/16 19:04:29 INFO storage.MemoryStore: Block broadcast_26_piece27 stored as bytes in memory (estimated size 4.0 MB, free 1004.7 MB)
17/03/16 19:04:29 INFO storage.MemoryStore: Block broadcast_26_piece9 stored as bytes in memory (estimated size 4.0 MB, free 1008.7 MB)
17/03/16 19:04:29 INFO storage.MemoryStore: Block broadcast_26_piece43 stored as bytes in memory (estimated size 4.0 MB, free 1012.7 MB)
17/03/16 19:04:29 INFO storage.MemoryStore: Block broadcast_26_piece19 stored as bytes in memory (estimated size 4.0 MB, free 1016.7 MB)
17/03/16 19:04:29 INFO storage.MemoryStore: Block broadcast_26_piece54 stored as bytes in memory (estimated size 4.0 MB, free 1020.7 MB)
17/03/16 19:04:29 INFO storage.MemoryStore: Block broadcast_26_piece28 stored as bytes in memory (estimated size 4.0 MB, free 1024.7 MB)
17/03/16 19:04:29 INFO storage.MemoryStore: Block broadcast_26_piece15 stored as bytes in memory (estimated size 4.0 MB, free 1028.7 MB)
17/03/16 19:04:29 INFO storage.MemoryStore: Block broadcast_26_piece75 stored as bytes in memory (estimated size 4.0 MB, free 1032.7 MB)
17/03/16 19:04:29 INFO storage.MemoryStore: Block broadcast_26_piece68 stored as bytes in memory (estimated size 4.0 MB, free 1036.7 MB)
17/03/16 19:04:29 INFO storage.MemoryStore: Block broadcast_26_piece22 stored as bytes in memory (estimated size 4.0 MB, free 1040.7 MB)
17/03/16 19:04:29 INFO storage.MemoryStore: Block broadcast_26_piece76 stored as bytes in memory (estimated size 4.0 MB, free 1044.7 MB)
17/03/16 19:04:29 INFO storage.MemoryStore: Block broadcast_26_piece41 stored as bytes in memory (estimated size 4.0 MB, free 1048.7 MB)
17/03/16 19:04:29 INFO storage.MemoryStore: Block broadcast_26_piece81 stored as bytes in memory (estimated size 4.0 MB, free 1052.7 MB)
17/03/16 19:04:29 INFO storage.MemoryStore: Block broadcast_26_piece31 stored as bytes in memory (estimated size 4.0 MB, free 1056.7 MB)
17/03/16 19:04:29 INFO storage.MemoryStore: Block broadcast_26_piece5 stored as bytes in memory (estimated size 4.0 MB, free 1060.7 MB)
17/03/16 19:04:29 INFO storage.MemoryStore: Block broadcast_26_piece79 stored as bytes in memory (estimated size 4.0 MB, free 1064.7 MB)
17/03/16 19:04:29 INFO storage.MemoryStore: Block broadcast_26_piece62 stored as bytes in memory (estimated size 4.0 MB, free 1068.7 MB)
17/03/16 19:04:29 INFO storage.MemoryStore: Block broadcast_26_piece98 stored as bytes in memory (estimated size 4.0 MB, free 1072.7 MB)
17/03/16 19:04:29 INFO storage.MemoryStore: Block broadcast_26_piece47 stored as bytes in memory (estimated size 4.0 MB, free 1076.7 MB)
17/03/16 19:04:29 INFO storage.MemoryStore: Block broadcast_26_piece8 stored as bytes in memory (estimated size 4.0 MB, free 1080.7 MB)
17/03/16 19:04:29 INFO storage.MemoryStore: Block broadcast_26_piece95 stored as bytes in memory (estimated size 4.0 MB, free 1084.7 MB)
17/03/16 19:04:29 INFO storage.MemoryStore: Block broadcast_26_piece11 stored as bytes in memory (estimated size 4.0 MB, free 1088.7 MB)
17/03/16 19:04:29 INFO storage.MemoryStore: Block broadcast_26_piece60 stored as bytes in memory (estimated size 4.0 MB, free 1092.7 MB)
17/03/16 19:04:29 INFO storage.MemoryStore: Block broadcast_26_piece52 stored as bytes in memory (estimated size 4.0 MB, free 1096.7 MB)
17/03/16 19:04:29 INFO storage.MemoryStore: Block broadcast_26_piece96 stored as bytes in memory (estimated size 4.0 MB, free 1100.7 MB)
17/03/16 19:04:29 INFO storage.MemoryStore: Block broadcast_26_piece87 stored as bytes in memory (estimated size 4.0 MB, free 1104.7 MB)
17/03/16 19:04:29 INFO storage.MemoryStore: Block broadcast_26_piece6 stored as bytes in memory (estimated size 4.0 MB, free 1108.7 MB)
17/03/16 19:04:29 INFO storage.MemoryStore: Block broadcast_26_piece18 stored as bytes in memory (estimated size 4.0 MB, free 1112.7 MB)
17/03/16 19:04:29 INFO storage.MemoryStore: Block broadcast_26_piece65 stored as bytes in memory (estimated size 4.0 MB, free 1116.7 MB)
17/03/16 19:04:29 INFO storage.MemoryStore: Block broadcast_26_piece23 stored as bytes in memory (estimated size 4.0 MB, free 1120.7 MB)
17/03/16 19:04:29 INFO storage.MemoryStore: Block broadcast_26_piece50 stored as bytes in memory (estimated size 4.0 MB, free 1124.7 MB)
17/03/16 19:04:29 INFO storage.MemoryStore: Block broadcast_26_piece93 stored as bytes in memory (estimated size 4.0 MB, free 1128.7 MB)
17/03/16 19:04:29 INFO storage.MemoryStore: Block broadcast_26_piece63 stored as bytes in memory (estimated size 4.0 MB, free 1132.7 MB)
17/03/16 19:04:29 INFO storage.MemoryStore: Block broadcast_26_piece83 stored as bytes in memory (estimated size 4.0 MB, free 1136.7 MB)
17/03/16 19:04:29 INFO storage.MemoryStore: Block broadcast_26_piece30 stored as bytes in memory (estimated size 4.0 MB, free 1140.7 MB)
17/03/16 19:04:29 INFO storage.MemoryStore: Block broadcast_26_piece85 stored as bytes in memory (estimated size 4.0 MB, free 1144.7 MB)
17/03/16 19:04:29 INFO storage.MemoryStore: Block broadcast_26_piece32 stored as bytes in memory (estimated size 4.0 MB, free 1148.7 MB)
17/03/16 19:04:29 INFO storage.MemoryStore: Block broadcast_26_piece80 stored as bytes in memory (estimated size 4.0 MB, free 1152.7 MB)
17/03/16 19:04:29 INFO storage.MemoryStore: Block broadcast_26_piece90 stored as bytes in memory (estimated size 4.0 MB, free 1156.7 MB)
17/03/16 19:04:29 INFO storage.MemoryStore: Block broadcast_26_piece20 stored as bytes in memory (estimated size 4.0 MB, free 1160.7 MB)
17/03/16 19:04:29 INFO storage.MemoryStore: Block broadcast_26_piece88 stored as bytes in memory (estimated size 4.0 MB, free 1164.7 MB)
17/03/16 19:04:29 INFO storage.MemoryStore: Block broadcast_26_piece4 stored as bytes in memory (estimated size 4.0 MB, free 1168.7 MB)
17/03/16 19:04:30 INFO storage.MemoryStore: Block broadcast_26_piece58 stored as bytes in memory (estimated size 4.0 MB, free 1172.7 MB)
17/03/16 19:04:30 INFO storage.MemoryStore: Block broadcast_26_piece101 stored as bytes in memory (estimated size 4.0 MB, free 1176.7 MB)
17/03/16 19:04:30 INFO storage.MemoryStore: Block broadcast_26_piece55 stored as bytes in memory (estimated size 4.0 MB, free 1180.7 MB)
17/03/16 19:04:30 INFO storage.MemoryStore: Block broadcast_26_piece44 stored as bytes in memory (estimated size 4.0 MB, free 1184.7 MB)
17/03/16 19:04:30 INFO storage.MemoryStore: Block broadcast_26_piece77 stored as bytes in memory (estimated size 4.0 MB, free 1188.7 MB)
17/03/16 19:04:30 INFO storage.MemoryStore: Block broadcast_26_piece94 stored as bytes in memory (estimated size 4.0 MB, free 1192.7 MB)
17/03/16 19:04:30 INFO storage.MemoryStore: Block broadcast_26_piece59 stored as bytes in memory (estimated size 4.0 MB, free 1196.7 MB)
17/03/16 19:04:30 INFO storage.MemoryStore: Block broadcast_26_piece57 stored as bytes in memory (estimated size 4.0 MB, free 1200.7 MB)
17/03/16 19:04:30 INFO storage.MemoryStore: Block broadcast_26_piece38 stored as bytes in memory (estimated size 4.0 MB, free 1204.7 MB)
17/03/16 19:04:30 INFO storage.MemoryStore: Block broadcast_26_piece26 stored as bytes in memory (estimated size 4.0 MB, free 1208.7 MB)
17/03/16 19:04:30 INFO storage.MemoryStore: Block broadcast_26_piece78 stored as bytes in memory (estimated size 4.0 MB, free 1212.7 MB)
17/03/16 19:04:30 INFO storage.MemoryStore: Block broadcast_26_piece70 stored as bytes in memory (estimated size 4.0 MB, free 1216.7 MB)
17/03/16 19:04:30 INFO storage.MemoryStore: Block broadcast_26_piece7 stored as bytes in memory (estimated size 4.0 MB, free 1220.7 MB)
17/03/16 19:04:30 INFO storage.MemoryStore: Block broadcast_26_piece35 stored as bytes in memory (estimated size 4.0 MB, free 1224.7 MB)
17/03/16 19:04:30 INFO storage.MemoryStore: Block broadcast_26_piece25 stored as bytes in memory (estimated size 4.0 MB, free 1228.7 MB)
17/03/16 19:04:30 INFO storage.MemoryStore: Block broadcast_26_piece82 stored as bytes in memory (estimated size 4.0 MB, free 1232.7 MB)
17/03/16 19:04:30 INFO storage.MemoryStore: Block broadcast_26_piece72 stored as bytes in memory (estimated size 4.0 MB, free 1236.7 MB)
17/03/16 19:04:30 INFO storage.MemoryStore: Block broadcast_26_piece56 stored as bytes in memory (estimated size 4.0 MB, free 1240.7 MB)
17/03/16 19:04:30 INFO broadcast.TorrentBroadcast: Reading broadcast variable 26 took 1852 ms
17/03/16 19:04:38 INFO storage.MemoryStore: Block broadcast_26 stored as values in memory (estimated size 384.0 B, free 1240.7 MB)
17/03/16 19:04:46 INFO python.PythonRunner: Times: total = 18202, boot = 11, init = 10517, finish = 7674
17/03/16 19:04:46 INFO python.PythonRunner: Times: total = 18244, boot = 7, init = 10520, finish = 7717
17/03/16 19:04:46 INFO executor.Executor: Finished task 28.0 in stage 17.0 (TID 798). 1274 bytes result sent to driver
17/03/16 19:04:46 INFO executor.Executor: Finished task 22.0 in stage 17.0 (TID 792). 1274 bytes result sent to driver
17/03/16 19:04:46 INFO python.PythonRunner: Times: total = 18360, boot = 3, init = 10524, finish = 7833
17/03/16 19:04:46 INFO python.PythonRunner: Times: total = 18376, boot = 18, init = 10509, finish = 7849
17/03/16 19:04:46 INFO python.PythonRunner: Times: total = 18409, boot = 17, init = 10505, finish = 7887
17/03/16 19:04:46 INFO python.PythonRunner: Times: total = 18442, boot = 3, init = 10522, finish = 7917
17/03/16 19:04:46 INFO executor.Executor: Finished task 16.0 in stage 17.0 (TID 786). 1274 bytes result sent to driver
17/03/16 19:04:46 INFO executor.Executor: Finished task 40.0 in stage 17.0 (TID 810). 1274 bytes result sent to driver
17/03/16 19:04:46 INFO executor.Executor: Finished task 46.0 in stage 17.0 (TID 816). 1274 bytes result sent to driver
17/03/16 19:04:46 INFO executor.Executor: Finished task 4.0 in stage 17.0 (TID 774). 1274 bytes result sent to driver
17/03/16 19:04:47 INFO python.PythonRunner: Times: total = 18861, boot = 14, init = 10512, finish = 8335
17/03/16 19:04:47 INFO executor.Executor: Finished task 34.0 in stage 17.0 (TID 804). 1274 bytes result sent to driver
17/03/16 19:04:47 INFO python.PythonRunner: Times: total = 19001, boot = 21, init = 10501, finish = 8479
17/03/16 19:04:47 INFO executor.Executor: Finished task 10.0 in stage 17.0 (TID 780). 1274 bytes result sent to driver
17/03/16 19:05:05 INFO executor.CoarseGrainedExecutorBackend: Got assigned task 819
17/03/16 19:05:05 INFO executor.CoarseGrainedExecutorBackend: Got assigned task 825
17/03/16 19:05:05 INFO executor.Executor: Running task 1.0 in stage 18.0 (TID 819)
17/03/16 19:05:05 INFO executor.Executor: Running task 7.0 in stage 18.0 (TID 825)
17/03/16 19:05:05 INFO executor.CoarseGrainedExecutorBackend: Got assigned task 831
17/03/16 19:05:05 INFO executor.Executor: Running task 13.0 in stage 18.0 (TID 831)
17/03/16 19:05:05 INFO executor.CoarseGrainedExecutorBackend: Got assigned task 837
17/03/16 19:05:05 INFO spark.MapOutputTrackerWorker: Updating epoch to 9 and clearing cache
17/03/16 19:05:05 INFO executor.Executor: Running task 19.0 in stage 18.0 (TID 837)
17/03/16 19:05:05 INFO executor.CoarseGrainedExecutorBackend: Got assigned task 843
17/03/16 19:05:05 INFO executor.Executor: Running task 25.0 in stage 18.0 (TID 843)
17/03/16 19:05:05 INFO broadcast.TorrentBroadcast: Started reading broadcast variable 28
17/03/16 19:05:05 INFO executor.CoarseGrainedExecutorBackend: Got assigned task 849
17/03/16 19:05:05 INFO executor.Executor: Running task 31.0 in stage 18.0 (TID 849)
17/03/16 19:05:05 INFO executor.CoarseGrainedExecutorBackend: Got assigned task 855
17/03/16 19:05:05 INFO executor.Executor: Running task 37.0 in stage 18.0 (TID 855)
17/03/16 19:05:05 INFO executor.CoarseGrainedExecutorBackend: Got assigned task 861
17/03/16 19:05:05 INFO executor.Executor: Running task 43.0 in stage 18.0 (TID 861)
17/03/16 19:05:05 INFO storage.MemoryStore: Block broadcast_28_piece0 stored as bytes in memory (estimated size 3.3 KB, free 1240.7 MB)
17/03/16 19:05:05 INFO broadcast.TorrentBroadcast: Reading broadcast variable 28 took 7 ms
17/03/16 19:05:05 INFO storage.MemoryStore: Block broadcast_28 stored as values in memory (estimated size 5.3 KB, free 1240.7 MB)
17/03/16 19:05:05 INFO spark.MapOutputTrackerWorker: Don't have map outputs for shuffle 8, fetching them
17/03/16 19:05:05 INFO spark.MapOutputTrackerWorker: Doing the fetch; tracker endpoint = NettyRpcEndpointRef(spark://MapOutputTracker@10.10.34.38:36751)
17/03/16 19:05:05 INFO spark.MapOutputTrackerWorker: Don't have map outputs for shuffle 8, fetching them
17/03/16 19:05:05 INFO spark.MapOutputTrackerWorker: Don't have map outputs for shuffle 8, fetching them
17/03/16 19:05:05 INFO spark.MapOutputTrackerWorker: Don't have map outputs for shuffle 8, fetching them
17/03/16 19:05:05 INFO spark.MapOutputTrackerWorker: Don't have map outputs for shuffle 8, fetching them
17/03/16 19:05:05 INFO spark.MapOutputTrackerWorker: Don't have map outputs for shuffle 8, fetching them
17/03/16 19:05:05 INFO spark.MapOutputTrackerWorker: Got the output locations
17/03/16 19:05:05 INFO spark.MapOutputTrackerWorker: Don't have map outputs for shuffle 8, fetching them
17/03/16 19:05:05 INFO storage.ShuffleBlockFetcherIterator: Getting 48 non-empty blocks out of 48 blocks
17/03/16 19:05:05 INFO storage.ShuffleBlockFetcherIterator: Getting 48 non-empty blocks out of 48 blocks
17/03/16 19:05:05 INFO storage.ShuffleBlockFetcherIterator: Getting 48 non-empty blocks out of 48 blocks
17/03/16 19:05:05 INFO storage.ShuffleBlockFetcherIterator: Getting 48 non-empty blocks out of 48 blocks
17/03/16 19:05:05 INFO storage.ShuffleBlockFetcherIterator: Getting 48 non-empty blocks out of 48 blocks
17/03/16 19:05:05 INFO storage.ShuffleBlockFetcherIterator: Started 6 remote fetches in 4 ms
17/03/16 19:05:05 INFO storage.ShuffleBlockFetcherIterator: Started 6 remote fetches in 5 ms
17/03/16 19:05:05 INFO storage.ShuffleBlockFetcherIterator: Getting 48 non-empty blocks out of 48 blocks
17/03/16 19:05:05 INFO storage.ShuffleBlockFetcherIterator: Started 6 remote fetches in 3 ms
17/03/16 19:05:05 INFO storage.ShuffleBlockFetcherIterator: Started 7 remote fetches in 5 ms
17/03/16 19:05:05 INFO storage.ShuffleBlockFetcherIterator: Getting 48 non-empty blocks out of 48 blocks
17/03/16 19:05:05 INFO storage.ShuffleBlockFetcherIterator: Started 8 remote fetches in 7 ms
17/03/16 19:05:05 INFO storage.ShuffleBlockFetcherIterator: Started 7 remote fetches in 5 ms
17/03/16 19:05:05 INFO storage.ShuffleBlockFetcherIterator: Getting 48 non-empty blocks out of 48 blocks
17/03/16 19:05:05 INFO storage.ShuffleBlockFetcherIterator: Started 7 remote fetches in 5 ms
17/03/16 19:05:05 INFO storage.ShuffleBlockFetcherIterator: Started 8 remote fetches in 5 ms
17/03/16 19:05:06 INFO python.PythonRunner: Times: total = 914, boot = -18322, init = 18332, finish = 904
17/03/16 19:05:06 INFO python.PythonRunner: Times: total = 924, boot = -18545, init = 18549, finish = 920
17/03/16 19:05:06 INFO executor.Executor: Finished task 25.0 in stage 18.0 (TID 843). 9549511 bytes result sent to driver
17/03/16 19:05:06 INFO executor.Executor: Finished task 7.0 in stage 18.0 (TID 825). 9559705 bytes result sent to driver
17/03/16 19:05:06 INFO python.PythonRunner: Times: total = 1003, boot = -18512, init = 18526, finish = 989
17/03/16 19:05:06 INFO python.PythonRunner: Times: total = 1005, boot = -18388, init = 18394, finish = 999
17/03/16 19:05:06 INFO executor.Executor: Finished task 1.0 in stage 18.0 (TID 819). 9570601 bytes result sent to driver
17/03/16 19:05:06 INFO executor.Executor: Finished task 31.0 in stage 18.0 (TID 849). 9569137 bytes result sent to driver
17/03/16 19:05:06 INFO python.PythonRunner: Times: total = 1588, boot = -18377, init = 18383, finish = 1582
17/03/16 19:05:06 INFO python.PythonRunner: Times: total = 1586, boot = -17768, init = 17774, finish = 1580
17/03/16 19:05:06 INFO executor.Executor: Finished task 43.0 in stage 18.0 (TID 861). 9552242 bytes result sent to driver
17/03/16 19:05:06 INFO executor.Executor: Finished task 19.0 in stage 18.0 (TID 837). 9561557 bytes result sent to driver
17/03/16 19:05:06 INFO python.PythonRunner: Times: total = 1612, boot = -17901, init = 17911, finish = 1602
17/03/16 19:05:06 INFO executor.Executor: Finished task 13.0 in stage 18.0 (TID 831). 9569455 bytes result sent to driver
17/03/16 19:05:06 INFO python.PythonRunner: Times: total = 1706, boot = -18349, init = 18355, finish = 1700
17/03/16 19:05:06 INFO executor.Executor: Finished task 37.0 in stage 18.0 (TID 855). 9550853 bytes result sent to driver
17/03/16 19:05:10 INFO storage.BlockManager: Removing RDD 51
17/03/16 19:05:10 INFO storage.BlockManager: Removing RDD 56
17/03/16 19:12:27 INFO executor.CoarseGrainedExecutorBackend: Got assigned task 870
17/03/16 19:12:27 INFO executor.Executor: Running task 4.0 in stage 19.0 (TID 870)
17/03/16 19:12:27 INFO broadcast.TorrentBroadcast: Started reading broadcast variable 30
17/03/16 19:12:27 INFO executor.CoarseGrainedExecutorBackend: Got assigned task 876
17/03/16 19:12:27 INFO executor.Executor: Running task 10.0 in stage 19.0 (TID 876)
17/03/16 19:12:27 INFO executor.CoarseGrainedExecutorBackend: Got assigned task 882
17/03/16 19:12:27 INFO executor.Executor: Running task 16.0 in stage 19.0 (TID 882)
17/03/16 19:12:27 INFO executor.CoarseGrainedExecutorBackend: Got assigned task 888
17/03/16 19:12:27 INFO executor.Executor: Running task 22.0 in stage 19.0 (TID 888)
17/03/16 19:12:27 INFO executor.CoarseGrainedExecutorBackend: Got assigned task 894
17/03/16 19:12:27 INFO executor.Executor: Running task 28.0 in stage 19.0 (TID 894)
17/03/16 19:12:27 INFO executor.CoarseGrainedExecutorBackend: Got assigned task 900
17/03/16 19:12:27 INFO executor.Executor: Running task 34.0 in stage 19.0 (TID 900)
17/03/16 19:12:27 INFO storage.MemoryStore: Block broadcast_30_piece0 stored as bytes in memory (estimated size 5.4 KB, free 1240.7 MB)
17/03/16 19:12:27 INFO executor.CoarseGrainedExecutorBackend: Got assigned task 906
17/03/16 19:12:27 INFO executor.Executor: Running task 40.0 in stage 19.0 (TID 906)
17/03/16 19:12:27 INFO broadcast.TorrentBroadcast: Reading broadcast variable 30 took 22 ms
17/03/16 19:12:27 INFO executor.CoarseGrainedExecutorBackend: Got assigned task 912
17/03/16 19:12:27 INFO executor.Executor: Running task 46.0 in stage 19.0 (TID 912)
17/03/16 19:12:27 INFO storage.MemoryStore: Block broadcast_30 stored as values in memory (estimated size 8.6 KB, free 1240.7 MB)
17/03/16 19:12:27 INFO broadcast.TorrentBroadcast: Started reading broadcast variable 29
17/03/16 19:12:27 INFO storage.MemoryStore: Block broadcast_29_piece44 stored as bytes in memory (estimated size 4.0 MB, free 1244.7 MB)
17/03/16 19:12:27 INFO storage.MemoryStore: Block broadcast_29_piece102 stored as bytes in memory (estimated size 4.0 MB, free 1248.7 MB)
17/03/16 19:12:27 INFO storage.MemoryStore: Block broadcast_29_piece1 stored as bytes in memory (estimated size 4.0 MB, free 1252.7 MB)
17/03/16 19:12:27 INFO storage.MemoryStore: Block broadcast_29_piece39 stored as bytes in memory (estimated size 4.0 MB, free 1256.7 MB)
17/03/16 19:12:27 INFO storage.MemoryStore: Block broadcast_29_piece51 stored as bytes in memory (estimated size 4.0 MB, free 1260.7 MB)
17/03/16 19:12:27 INFO storage.MemoryStore: Block broadcast_29_piece70 stored as bytes in memory (estimated size 4.0 MB, free 1264.7 MB)
17/03/16 19:12:27 INFO storage.MemoryStore: Block broadcast_29_piece64 stored as bytes in memory (estimated size 4.0 MB, free 1268.7 MB)
17/03/16 19:12:27 INFO storage.MemoryStore: Block broadcast_29_piece5 stored as bytes in memory (estimated size 4.0 MB, free 1272.7 MB)
17/03/16 19:12:27 INFO storage.MemoryStore: Block broadcast_29_piece68 stored as bytes in memory (estimated size 4.0 MB, free 1276.7 MB)
17/03/16 19:12:27 INFO storage.MemoryStore: Block broadcast_29_piece84 stored as bytes in memory (estimated size 4.0 MB, free 1280.7 MB)
17/03/16 19:12:27 INFO storage.MemoryStore: Block broadcast_29_piece71 stored as bytes in memory (estimated size 4.0 MB, free 1284.7 MB)
17/03/16 19:12:27 INFO storage.MemoryStore: Block broadcast_29_piece9 stored as bytes in memory (estimated size 4.0 MB, free 1288.7 MB)
17/03/16 19:12:28 INFO storage.MemoryStore: Block broadcast_29_piece0 stored as bytes in memory (estimated size 4.0 MB, free 1292.7 MB)
17/03/16 19:12:28 INFO storage.MemoryStore: Block broadcast_29_piece66 stored as bytes in memory (estimated size 4.0 MB, free 1296.7 MB)
17/03/16 19:12:28 INFO storage.MemoryStore: Block broadcast_29_piece40 stored as bytes in memory (estimated size 4.0 MB, free 1300.7 MB)
17/03/16 19:12:28 INFO storage.MemoryStore: Block broadcast_29_piece58 stored as bytes in memory (estimated size 4.0 MB, free 1304.7 MB)
17/03/16 19:12:28 INFO storage.MemoryStore: Block broadcast_29_piece79 stored as bytes in memory (estimated size 4.0 MB, free 1308.7 MB)
17/03/16 19:12:28 INFO storage.MemoryStore: Block broadcast_29_piece29 stored as bytes in memory (estimated size 4.0 MB, free 1312.7 MB)
17/03/16 19:12:28 INFO storage.MemoryStore: Block broadcast_29_piece100 stored as bytes in memory (estimated size 4.0 MB, free 1316.7 MB)
17/03/16 19:12:28 INFO storage.MemoryStore: Block broadcast_29_piece8 stored as bytes in memory (estimated size 4.0 MB, free 1320.7 MB)
17/03/16 19:12:28 INFO storage.MemoryStore: Block broadcast_29_piece73 stored as bytes in memory (estimated size 4.0 MB, free 1324.7 MB)
17/03/16 19:12:28 INFO storage.MemoryStore: Block broadcast_29_piece38 stored as bytes in memory (estimated size 4.0 MB, free 1328.7 MB)
17/03/16 19:12:28 INFO storage.MemoryStore: Block broadcast_29_piece2 stored as bytes in memory (estimated size 4.0 MB, free 1332.7 MB)
17/03/16 19:12:28 INFO storage.MemoryStore: Block broadcast_29_piece24 stored as bytes in memory (estimated size 4.0 MB, free 1336.7 MB)
17/03/16 19:12:28 INFO storage.MemoryStore: Block broadcast_29_piece65 stored as bytes in memory (estimated size 4.0 MB, free 1340.7 MB)
17/03/16 19:12:28 INFO storage.MemoryStore: Block broadcast_29_piece103 stored as bytes in memory (estimated size 1271.6 KB, free 1341.9 MB)
17/03/16 19:12:28 INFO storage.MemoryStore: Block broadcast_29_piece54 stored as bytes in memory (estimated size 4.0 MB, free 1345.9 MB)
17/03/16 19:12:28 INFO storage.MemoryStore: Block broadcast_29_piece77 stored as bytes in memory (estimated size 4.0 MB, free 1349.9 MB)
17/03/16 19:12:28 INFO storage.MemoryStore: Block broadcast_29_piece72 stored as bytes in memory (estimated size 4.0 MB, free 1353.9 MB)
17/03/16 19:12:28 INFO storage.MemoryStore: Block broadcast_29_piece32 stored as bytes in memory (estimated size 4.0 MB, free 1357.9 MB)
17/03/16 19:12:28 INFO storage.MemoryStore: Block broadcast_29_piece50 stored as bytes in memory (estimated size 4.0 MB, free 1361.9 MB)
17/03/16 19:12:28 INFO storage.MemoryStore: Block broadcast_29_piece86 stored as bytes in memory (estimated size 4.0 MB, free 1365.9 MB)
17/03/16 19:12:28 INFO storage.MemoryStore: Block broadcast_29_piece45 stored as bytes in memory (estimated size 4.0 MB, free 1369.9 MB)
17/03/16 19:12:28 INFO storage.MemoryStore: Block broadcast_29_piece20 stored as bytes in memory (estimated size 4.0 MB, free 1373.9 MB)
17/03/16 19:12:28 INFO storage.MemoryStore: Block broadcast_29_piece80 stored as bytes in memory (estimated size 4.0 MB, free 1377.9 MB)
17/03/16 19:12:28 INFO storage.MemoryStore: Block broadcast_29_piece83 stored as bytes in memory (estimated size 4.0 MB, free 1381.9 MB)
17/03/16 19:12:28 INFO storage.MemoryStore: Block broadcast_29_piece89 stored as bytes in memory (estimated size 4.0 MB, free 1385.9 MB)
17/03/16 19:12:28 INFO storage.MemoryStore: Block broadcast_29_piece101 stored as bytes in memory (estimated size 4.0 MB, free 1389.9 MB)
17/03/16 19:12:28 INFO storage.MemoryStore: Block broadcast_29_piece11 stored as bytes in memory (estimated size 4.0 MB, free 1393.9 MB)
17/03/16 19:12:28 INFO storage.MemoryStore: Block broadcast_29_piece82 stored as bytes in memory (estimated size 4.0 MB, free 1397.9 MB)
17/03/16 19:12:28 INFO storage.MemoryStore: Block broadcast_29_piece10 stored as bytes in memory (estimated size 4.0 MB, free 1401.9 MB)
17/03/16 19:12:28 INFO storage.MemoryStore: Block broadcast_29_piece92 stored as bytes in memory (estimated size 4.0 MB, free 1405.9 MB)
17/03/16 19:12:28 INFO storage.MemoryStore: Block broadcast_29_piece27 stored as bytes in memory (estimated size 4.0 MB, free 1409.9 MB)
17/03/16 19:12:28 INFO storage.MemoryStore: Block broadcast_29_piece37 stored as bytes in memory (estimated size 4.0 MB, free 1413.9 MB)
17/03/16 19:12:28 INFO storage.MemoryStore: Block broadcast_29_piece6 stored as bytes in memory (estimated size 4.0 MB, free 1417.9 MB)
17/03/16 19:12:28 INFO storage.MemoryStore: Block broadcast_29_piece90 stored as bytes in memory (estimated size 4.0 MB, free 1421.9 MB)
17/03/16 19:12:28 INFO storage.MemoryStore: Block broadcast_29_piece26 stored as bytes in memory (estimated size 4.0 MB, free 1425.9 MB)
17/03/16 19:12:28 INFO storage.MemoryStore: Block broadcast_29_piece63 stored as bytes in memory (estimated size 4.0 MB, free 1429.9 MB)
17/03/16 19:12:28 INFO storage.MemoryStore: Block broadcast_29_piece69 stored as bytes in memory (estimated size 4.0 MB, free 1433.9 MB)
17/03/16 19:12:28 INFO storage.MemoryStore: Block broadcast_29_piece41 stored as bytes in memory (estimated size 4.0 MB, free 1437.9 MB)
17/03/16 19:12:28 INFO storage.MemoryStore: Block broadcast_29_piece85 stored as bytes in memory (estimated size 4.0 MB, free 1441.9 MB)
17/03/16 19:12:28 INFO storage.MemoryStore: Block broadcast_29_piece94 stored as bytes in memory (estimated size 4.0 MB, free 1445.9 MB)
17/03/16 19:12:28 INFO storage.MemoryStore: Block broadcast_29_piece3 stored as bytes in memory (estimated size 4.0 MB, free 1449.9 MB)
17/03/16 19:12:28 INFO storage.MemoryStore: Block broadcast_29_piece59 stored as bytes in memory (estimated size 4.0 MB, free 1453.9 MB)
17/03/16 19:12:28 INFO storage.MemoryStore: Block broadcast_29_piece42 stored as bytes in memory (estimated size 4.0 MB, free 1457.9 MB)
17/03/16 19:12:28 INFO storage.MemoryStore: Block broadcast_29_piece62 stored as bytes in memory (estimated size 4.0 MB, free 1461.9 MB)
17/03/16 19:12:28 INFO storage.MemoryStore: Block broadcast_29_piece61 stored as bytes in memory (estimated size 4.0 MB, free 1465.9 MB)
17/03/16 19:12:28 INFO storage.MemoryStore: Block broadcast_29_piece48 stored as bytes in memory (estimated size 4.0 MB, free 1469.9 MB)
17/03/16 19:12:28 INFO storage.MemoryStore: Block broadcast_29_piece98 stored as bytes in memory (estimated size 4.0 MB, free 1473.9 MB)
17/03/16 19:12:28 INFO storage.MemoryStore: Block broadcast_29_piece36 stored as bytes in memory (estimated size 4.0 MB, free 1477.9 MB)
17/03/16 19:12:28 INFO storage.MemoryStore: Block broadcast_29_piece91 stored as bytes in memory (estimated size 4.0 MB, free 1481.9 MB)
17/03/16 19:12:28 INFO storage.MemoryStore: Block broadcast_29_piece23 stored as bytes in memory (estimated size 4.0 MB, free 1485.9 MB)
17/03/16 19:12:28 INFO storage.MemoryStore: Block broadcast_29_piece13 stored as bytes in memory (estimated size 4.0 MB, free 1489.9 MB)
17/03/16 19:12:28 INFO storage.MemoryStore: Block broadcast_29_piece56 stored as bytes in memory (estimated size 4.0 MB, free 1493.9 MB)
17/03/16 19:12:28 INFO storage.MemoryStore: Block broadcast_29_piece34 stored as bytes in memory (estimated size 4.0 MB, free 1497.9 MB)
17/03/16 19:12:28 INFO storage.MemoryStore: Block broadcast_29_piece18 stored as bytes in memory (estimated size 4.0 MB, free 1501.9 MB)
17/03/16 19:12:28 INFO storage.MemoryStore: Block broadcast_29_piece81 stored as bytes in memory (estimated size 4.0 MB, free 1505.9 MB)
17/03/16 19:12:29 INFO storage.MemoryStore: Block broadcast_29_piece25 stored as bytes in memory (estimated size 4.0 MB, free 1509.9 MB)
17/03/16 19:12:29 INFO storage.MemoryStore: Block broadcast_29_piece17 stored as bytes in memory (estimated size 4.0 MB, free 1513.9 MB)
17/03/16 19:12:29 INFO storage.MemoryStore: Block broadcast_29_piece19 stored as bytes in memory (estimated size 4.0 MB, free 1517.9 MB)
17/03/16 19:12:29 INFO storage.MemoryStore: Block broadcast_29_piece15 stored as bytes in memory (estimated size 4.0 MB, free 1521.9 MB)
17/03/16 19:12:29 INFO storage.MemoryStore: Block broadcast_29_piece75 stored as bytes in memory (estimated size 4.0 MB, free 1525.9 MB)
17/03/16 19:12:29 INFO storage.MemoryStore: Block broadcast_29_piece33 stored as bytes in memory (estimated size 4.0 MB, free 1529.9 MB)
17/03/16 19:12:29 INFO storage.MemoryStore: Block broadcast_29_piece74 stored as bytes in memory (estimated size 4.0 MB, free 1533.9 MB)
17/03/16 19:12:29 INFO storage.MemoryStore: Block broadcast_29_piece78 stored as bytes in memory (estimated size 4.0 MB, free 1537.9 MB)
17/03/16 19:12:29 INFO storage.MemoryStore: Block broadcast_29_piece53 stored as bytes in memory (estimated size 4.0 MB, free 1541.9 MB)
17/03/16 19:12:29 INFO storage.MemoryStore: Block broadcast_29_piece97 stored as bytes in memory (estimated size 4.0 MB, free 1545.9 MB)
17/03/16 19:12:29 INFO storage.MemoryStore: Block broadcast_29_piece46 stored as bytes in memory (estimated size 4.0 MB, free 1549.9 MB)
17/03/16 19:12:29 INFO storage.MemoryStore: Block broadcast_29_piece47 stored as bytes in memory (estimated size 4.0 MB, free 1553.9 MB)
17/03/16 19:12:29 INFO storage.MemoryStore: Block broadcast_29_piece67 stored as bytes in memory (estimated size 4.0 MB, free 1557.9 MB)
17/03/16 19:12:29 INFO storage.MemoryStore: Block broadcast_29_piece4 stored as bytes in memory (estimated size 4.0 MB, free 1561.9 MB)
17/03/16 19:12:29 INFO storage.MemoryStore: Block broadcast_29_piece16 stored as bytes in memory (estimated size 4.0 MB, free 1565.9 MB)
17/03/16 19:12:29 INFO storage.MemoryStore: Block broadcast_29_piece14 stored as bytes in memory (estimated size 4.0 MB, free 1569.9 MB)
17/03/16 19:12:29 INFO storage.MemoryStore: Block broadcast_29_piece43 stored as bytes in memory (estimated size 4.0 MB, free 1573.9 MB)
17/03/16 19:12:29 INFO storage.MemoryStore: Block broadcast_29_piece99 stored as bytes in memory (estimated size 4.0 MB, free 1577.9 MB)
17/03/16 19:12:29 INFO storage.MemoryStore: Block broadcast_29_piece76 stored as bytes in memory (estimated size 4.0 MB, free 1581.9 MB)
17/03/16 19:12:29 INFO storage.MemoryStore: Block broadcast_29_piece93 stored as bytes in memory (estimated size 4.0 MB, free 1585.9 MB)
17/03/16 19:12:29 INFO storage.MemoryStore: Block broadcast_29_piece60 stored as bytes in memory (estimated size 4.0 MB, free 1589.9 MB)
17/03/16 19:12:29 INFO storage.MemoryStore: Block broadcast_29_piece35 stored as bytes in memory (estimated size 4.0 MB, free 1593.9 MB)
17/03/16 19:12:29 INFO storage.MemoryStore: Block broadcast_29_piece57 stored as bytes in memory (estimated size 4.0 MB, free 1597.9 MB)
17/03/16 19:12:29 INFO storage.MemoryStore: Block broadcast_29_piece12 stored as bytes in memory (estimated size 4.0 MB, free 1601.9 MB)
17/03/16 19:12:29 INFO storage.MemoryStore: Block broadcast_29_piece28 stored as bytes in memory (estimated size 4.0 MB, free 1605.9 MB)
17/03/16 19:12:29 INFO storage.MemoryStore: Block broadcast_29_piece52 stored as bytes in memory (estimated size 4.0 MB, free 1609.9 MB)
17/03/16 19:12:29 INFO storage.MemoryStore: Block broadcast_29_piece7 stored as bytes in memory (estimated size 4.0 MB, free 1613.9 MB)
17/03/16 19:12:29 INFO storage.MemoryStore: Block broadcast_29_piece87 stored as bytes in memory (estimated size 4.0 MB, free 1617.9 MB)
17/03/16 19:12:29 INFO storage.MemoryStore: Block broadcast_29_piece88 stored as bytes in memory (estimated size 4.0 MB, free 1621.9 MB)
17/03/16 19:12:29 INFO storage.MemoryStore: Block broadcast_29_piece55 stored as bytes in memory (estimated size 4.0 MB, free 1625.9 MB)
17/03/16 19:12:29 INFO storage.MemoryStore: Block broadcast_29_piece95 stored as bytes in memory (estimated size 4.0 MB, free 1629.9 MB)
17/03/16 19:12:29 INFO storage.MemoryStore: Block broadcast_29_piece49 stored as bytes in memory (estimated size 4.0 MB, free 1633.9 MB)
17/03/16 19:12:29 INFO storage.MemoryStore: Block broadcast_29_piece21 stored as bytes in memory (estimated size 4.0 MB, free 1637.9 MB)
17/03/16 19:12:29 INFO storage.MemoryStore: Block broadcast_29_piece96 stored as bytes in memory (estimated size 4.0 MB, free 1641.9 MB)
17/03/16 19:12:29 INFO storage.MemoryStore: Block broadcast_29_piece22 stored as bytes in memory (estimated size 4.0 MB, free 1645.9 MB)
17/03/16 19:12:29 INFO storage.MemoryStore: Block broadcast_29_piece30 stored as bytes in memory (estimated size 4.0 MB, free 1649.9 MB)
17/03/16 19:12:29 INFO storage.MemoryStore: Block broadcast_29_piece31 stored as bytes in memory (estimated size 4.0 MB, free 1653.9 MB)
17/03/16 19:12:29 INFO broadcast.TorrentBroadcast: Reading broadcast variable 29 took 1915 ms
17/03/16 19:12:36 INFO storage.MemoryStore: Block broadcast_29 stored as values in memory (estimated size 384.0 B, free 1653.9 MB)
17/03/16 19:12:44 INFO python.PythonRunner: Times: total = 16550, boot = 10, init = 8933, finish = 7607
17/03/16 19:12:44 INFO python.PythonRunner: Times: total = 16608, boot = 7, init = 8937, finish = 7664
17/03/16 19:12:44 INFO python.PythonRunner: Times: total = 16618, boot = 14, init = 8930, finish = 7674
17/03/16 19:12:44 INFO executor.Executor: Finished task 22.0 in stage 19.0 (TID 888). 1274 bytes result sent to driver
17/03/16 19:12:44 INFO executor.Executor: Finished task 28.0 in stage 19.0 (TID 894). 1274 bytes result sent to driver
17/03/16 19:12:44 INFO executor.Executor: Finished task 16.0 in stage 19.0 (TID 882). 1274 bytes result sent to driver
17/03/16 19:12:44 INFO python.PythonRunner: Times: total = 16748, boot = 3, init = 8941, finish = 7804
17/03/16 19:12:44 INFO python.PythonRunner: Times: total = 16795, boot = 21, init = 8919, finish = 7855
17/03/16 19:12:44 INFO executor.Executor: Finished task 10.0 in stage 19.0 (TID 876). 1274 bytes result sent to driver
17/03/16 19:12:44 INFO executor.Executor: Finished task 46.0 in stage 19.0 (TID 912). 1274 bytes result sent to driver
17/03/16 19:12:44 INFO python.PythonRunner: Times: total = 16953, boot = 17, init = 8926, finish = 8010
17/03/16 19:12:44 INFO python.PythonRunner: Times: total = 16975, boot = 3, init = 8939, finish = 8033
17/03/16 19:12:44 INFO executor.Executor: Finished task 34.0 in stage 19.0 (TID 900). 1274 bytes result sent to driver
17/03/16 19:12:44 INFO executor.Executor: Finished task 4.0 in stage 19.0 (TID 870). 1274 bytes result sent to driver
17/03/16 19:12:44 INFO python.PythonRunner: Times: total = 17063, boot = 21, init = 8922, finish = 8120
17/03/16 19:12:44 INFO executor.Executor: Finished task 40.0 in stage 19.0 (TID 906). 1274 bytes result sent to driver
17/03/16 19:12:59 INFO executor.CoarseGrainedExecutorBackend: Got assigned task 916
17/03/16 19:12:59 INFO executor.CoarseGrainedExecutorBackend: Got assigned task 922
17/03/16 19:12:59 INFO executor.Executor: Running task 2.0 in stage 20.0 (TID 916)
17/03/16 19:12:59 INFO executor.Executor: Running task 8.0 in stage 20.0 (TID 922)
17/03/16 19:12:59 INFO executor.CoarseGrainedExecutorBackend: Got assigned task 928
17/03/16 19:12:59 INFO executor.Executor: Running task 14.0 in stage 20.0 (TID 928)
17/03/16 19:12:59 INFO executor.CoarseGrainedExecutorBackend: Got assigned task 934
17/03/16 19:12:59 INFO spark.MapOutputTrackerWorker: Updating epoch to 10 and clearing cache
17/03/16 19:12:59 INFO executor.Executor: Running task 20.0 in stage 20.0 (TID 934)
17/03/16 19:12:59 INFO executor.CoarseGrainedExecutorBackend: Got assigned task 940
17/03/16 19:12:59 INFO broadcast.TorrentBroadcast: Started reading broadcast variable 31
17/03/16 19:12:59 INFO executor.Executor: Running task 26.0 in stage 20.0 (TID 940)
17/03/16 19:12:59 INFO executor.CoarseGrainedExecutorBackend: Got assigned task 946
17/03/16 19:12:59 INFO executor.CoarseGrainedExecutorBackend: Got assigned task 952
17/03/16 19:12:59 INFO executor.Executor: Running task 32.0 in stage 20.0 (TID 946)
17/03/16 19:12:59 INFO executor.CoarseGrainedExecutorBackend: Got assigned task 958
17/03/16 19:12:59 INFO executor.Executor: Running task 38.0 in stage 20.0 (TID 952)
17/03/16 19:12:59 INFO executor.Executor: Running task 44.0 in stage 20.0 (TID 958)
17/03/16 19:12:59 INFO storage.MemoryStore: Block broadcast_31_piece0 stored as bytes in memory (estimated size 3.3 KB, free 1653.9 MB)
17/03/16 19:12:59 INFO broadcast.TorrentBroadcast: Reading broadcast variable 31 took 8 ms
17/03/16 19:12:59 INFO storage.MemoryStore: Block broadcast_31 stored as values in memory (estimated size 5.3 KB, free 1654.0 MB)
17/03/16 19:12:59 INFO spark.MapOutputTrackerWorker: Don't have map outputs for shuffle 9, fetching them
17/03/16 19:12:59 INFO spark.MapOutputTrackerWorker: Doing the fetch; tracker endpoint = NettyRpcEndpointRef(spark://MapOutputTracker@10.10.34.38:36751)
17/03/16 19:12:59 INFO spark.MapOutputTrackerWorker: Don't have map outputs for shuffle 9, fetching them
17/03/16 19:12:59 INFO spark.MapOutputTrackerWorker: Don't have map outputs for shuffle 9, fetching them
17/03/16 19:12:59 INFO spark.MapOutputTrackerWorker: Don't have map outputs for shuffle 9, fetching them
17/03/16 19:12:59 INFO spark.MapOutputTrackerWorker: Don't have map outputs for shuffle 9, fetching them
17/03/16 19:12:59 INFO spark.MapOutputTrackerWorker: Got the output locations
17/03/16 19:12:59 INFO storage.ShuffleBlockFetcherIterator: Getting 48 non-empty blocks out of 48 blocks
17/03/16 19:12:59 INFO storage.ShuffleBlockFetcherIterator: Getting 48 non-empty blocks out of 48 blocks
17/03/16 19:12:59 INFO storage.ShuffleBlockFetcherIterator: Getting 48 non-empty blocks out of 48 blocks
17/03/16 19:12:59 INFO storage.ShuffleBlockFetcherIterator: Getting 48 non-empty blocks out of 48 blocks
17/03/16 19:12:59 INFO storage.ShuffleBlockFetcherIterator: Started 7 remote fetches in 4 ms
17/03/16 19:12:59 INFO storage.ShuffleBlockFetcherIterator: Getting 48 non-empty blocks out of 48 blocks
17/03/16 19:12:59 INFO storage.ShuffleBlockFetcherIterator: Started 8 remote fetches in 5 ms
17/03/16 19:12:59 INFO storage.ShuffleBlockFetcherIterator: Getting 48 non-empty blocks out of 48 blocks
17/03/16 19:12:59 INFO storage.ShuffleBlockFetcherIterator: Started 6 remote fetches in 4 ms
17/03/16 19:12:59 INFO storage.ShuffleBlockFetcherIterator: Started 7 remote fetches in 4 ms
17/03/16 19:12:59 INFO storage.ShuffleBlockFetcherIterator: Getting 48 non-empty blocks out of 48 blocks
17/03/16 19:12:59 INFO storage.ShuffleBlockFetcherIterator: Started 6 remote fetches in 3 ms
17/03/16 19:12:59 INFO storage.ShuffleBlockFetcherIterator: Getting 48 non-empty blocks out of 48 blocks
17/03/16 19:12:59 INFO storage.ShuffleBlockFetcherIterator: Started 7 remote fetches in 6 ms
17/03/16 19:12:59 INFO storage.ShuffleBlockFetcherIterator: Started 6 remote fetches in 5 ms
17/03/16 19:12:59 INFO storage.ShuffleBlockFetcherIterator: Started 6 remote fetches in 4 ms
17/03/16 19:13:00 INFO python.PythonRunner: Times: total = 842, boot = -15099, init = 15102, finish = 839
17/03/16 19:13:00 INFO executor.Executor: Finished task 14.0 in stage 20.0 (TID 928). 9549912 bytes result sent to driver
17/03/16 19:13:00 INFO python.PythonRunner: Times: total = 870, boot = -14963, init = 14972, finish = 861
17/03/16 19:13:00 INFO executor.Executor: Finished task 38.0 in stage 20.0 (TID 952). 9569792 bytes result sent to driver
17/03/16 19:13:00 INFO python.PythonRunner: Times: total = 891, boot = -14757, init = 14761, finish = 887
17/03/16 19:13:00 INFO executor.Executor: Finished task 8.0 in stage 20.0 (TID 922). 9560528 bytes result sent to driver
17/03/16 19:13:00 INFO python.PythonRunner: Times: total = 918, boot = -15158, init = 15163, finish = 913
17/03/16 19:13:00 INFO executor.Executor: Finished task 2.0 in stage 20.0 (TID 916). 9568010 bytes result sent to driver
17/03/16 19:13:00 INFO python.PythonRunner: Times: total = 1000, boot = -14658, init = 14662, finish = 996
17/03/16 19:13:00 INFO executor.Executor: Finished task 26.0 in stage 20.0 (TID 940). 9550184 bytes result sent to driver
17/03/16 19:13:00 INFO python.PythonRunner: Times: total = 1038, boot = -14917, init = 14930, finish = 1025
17/03/16 19:13:00 INFO python.PythonRunner: Times: total = 1046, boot = -14735, init = 14745, finish = 1036
17/03/16 19:13:00 INFO python.PythonRunner: Times: total = 1053, boot = -15092, init = 15110, finish = 1035
17/03/16 19:13:00 INFO executor.Executor: Finished task 32.0 in stage 20.0 (TID 946). 9570439 bytes result sent to driver
17/03/16 19:13:00 INFO executor.Executor: Finished task 20.0 in stage 20.0 (TID 934). 9557013 bytes result sent to driver
17/03/16 19:13:00 INFO executor.Executor: Finished task 44.0 in stage 20.0 (TID 958). 9560416 bytes result sent to driver
17/03/16 19:13:04 INFO storage.BlockManager: Removing RDD 57
17/03/16 19:13:04 INFO storage.BlockManager: Removing RDD 62
17/03/16 19:20:19 INFO executor.CoarseGrainedExecutorBackend: Got assigned task 964
17/03/16 19:20:19 INFO executor.Executor: Running task 2.0 in stage 21.0 (TID 964)
17/03/16 19:20:19 INFO broadcast.TorrentBroadcast: Started reading broadcast variable 33
17/03/16 19:20:19 INFO executor.CoarseGrainedExecutorBackend: Got assigned task 970
17/03/16 19:20:19 INFO executor.Executor: Running task 8.0 in stage 21.0 (TID 970)
17/03/16 19:20:19 INFO executor.CoarseGrainedExecutorBackend: Got assigned task 976
17/03/16 19:20:19 INFO executor.Executor: Running task 14.0 in stage 21.0 (TID 976)
17/03/16 19:20:19 INFO executor.CoarseGrainedExecutorBackend: Got assigned task 982
17/03/16 19:20:19 INFO executor.Executor: Running task 20.0 in stage 21.0 (TID 982)
17/03/16 19:20:19 INFO executor.CoarseGrainedExecutorBackend: Got assigned task 988
17/03/16 19:20:19 INFO executor.Executor: Running task 26.0 in stage 21.0 (TID 988)
17/03/16 19:20:19 INFO executor.CoarseGrainedExecutorBackend: Got assigned task 994
17/03/16 19:20:19 INFO executor.Executor: Running task 32.0 in stage 21.0 (TID 994)
17/03/16 19:20:19 INFO executor.CoarseGrainedExecutorBackend: Got assigned task 1000
17/03/16 19:20:19 INFO executor.Executor: Running task 38.0 in stage 21.0 (TID 1000)
17/03/16 19:20:19 INFO storage.MemoryStore: Block broadcast_33_piece0 stored as bytes in memory (estimated size 5.4 KB, free 1653.9 MB)
17/03/16 19:20:19 INFO executor.CoarseGrainedExecutorBackend: Got assigned task 1006
17/03/16 19:20:19 INFO executor.Executor: Running task 44.0 in stage 21.0 (TID 1006)
17/03/16 19:20:19 INFO broadcast.TorrentBroadcast: Reading broadcast variable 33 took 28 ms
17/03/16 19:20:19 INFO storage.MemoryStore: Block broadcast_33 stored as values in memory (estimated size 8.6 KB, free 1654.0 MB)
17/03/16 19:20:19 INFO broadcast.TorrentBroadcast: Started reading broadcast variable 32
17/03/16 19:20:19 INFO storage.MemoryStore: Block broadcast_32_piece30 stored as bytes in memory (estimated size 4.0 MB, free 1658.0 MB)
17/03/16 19:20:19 INFO storage.MemoryStore: Block broadcast_32_piece59 stored as bytes in memory (estimated size 4.0 MB, free 1662.0 MB)
17/03/16 19:20:19 INFO storage.MemoryStore: Block broadcast_32_piece31 stored as bytes in memory (estimated size 4.0 MB, free 1666.0 MB)
17/03/16 19:20:19 INFO storage.MemoryStore: Block broadcast_32_piece67 stored as bytes in memory (estimated size 4.0 MB, free 1670.0 MB)
17/03/16 19:20:19 INFO storage.MemoryStore: Block broadcast_32_piece2 stored as bytes in memory (estimated size 4.0 MB, free 1674.0 MB)
17/03/16 19:20:19 INFO storage.MemoryStore: Block broadcast_32_piece42 stored as bytes in memory (estimated size 4.0 MB, free 1678.0 MB)
17/03/16 19:20:19 INFO storage.MemoryStore: Block broadcast_32_piece16 stored as bytes in memory (estimated size 4.0 MB, free 1682.0 MB)
17/03/16 19:20:19 INFO storage.MemoryStore: Block broadcast_32_piece3 stored as bytes in memory (estimated size 4.0 MB, free 1686.0 MB)
17/03/16 19:20:19 INFO storage.MemoryStore: Block broadcast_32_piece88 stored as bytes in memory (estimated size 4.0 MB, free 1690.0 MB)
17/03/16 19:20:19 INFO storage.MemoryStore: Block broadcast_32_piece92 stored as bytes in memory (estimated size 4.0 MB, free 1694.0 MB)
17/03/16 19:20:19 INFO storage.MemoryStore: Block broadcast_32_piece23 stored as bytes in memory (estimated size 4.0 MB, free 1698.0 MB)
17/03/16 19:20:19 INFO storage.MemoryStore: Block broadcast_32_piece6 stored as bytes in memory (estimated size 4.0 MB, free 1702.0 MB)
17/03/16 19:20:19 INFO storage.MemoryStore: Block broadcast_32_piece28 stored as bytes in memory (estimated size 4.0 MB, free 1706.0 MB)
17/03/16 19:20:19 INFO storage.MemoryStore: Block broadcast_32_piece22 stored as bytes in memory (estimated size 4.0 MB, free 1710.0 MB)
17/03/16 19:20:19 INFO storage.MemoryStore: Block broadcast_32_piece51 stored as bytes in memory (estimated size 4.0 MB, free 1714.0 MB)
17/03/16 19:20:19 INFO storage.MemoryStore: Block broadcast_32_piece72 stored as bytes in memory (estimated size 4.0 MB, free 1718.0 MB)
17/03/16 19:20:19 INFO storage.MemoryStore: Block broadcast_32_piece74 stored as bytes in memory (estimated size 4.0 MB, free 1722.0 MB)
17/03/16 19:20:19 INFO storage.MemoryStore: Block broadcast_32_piece32 stored as bytes in memory (estimated size 4.0 MB, free 1726.0 MB)
17/03/16 19:20:19 INFO storage.MemoryStore: Block broadcast_32_piece89 stored as bytes in memory (estimated size 4.0 MB, free 1730.0 MB)
17/03/16 19:20:19 INFO storage.MemoryStore: Block broadcast_32_piece87 stored as bytes in memory (estimated size 4.0 MB, free 1734.0 MB)
17/03/16 19:20:19 INFO storage.MemoryStore: Block broadcast_32_piece21 stored as bytes in memory (estimated size 4.0 MB, free 1738.0 MB)
17/03/16 19:20:19 INFO storage.MemoryStore: Block broadcast_32_piece56 stored as bytes in memory (estimated size 4.0 MB, free 1742.0 MB)
17/03/16 19:20:19 INFO storage.MemoryStore: Block broadcast_32_piece35 stored as bytes in memory (estimated size 4.0 MB, free 1746.0 MB)
17/03/16 19:20:19 INFO storage.MemoryStore: Block broadcast_32_piece7 stored as bytes in memory (estimated size 4.0 MB, free 1750.0 MB)
17/03/16 19:20:19 INFO storage.MemoryStore: Block broadcast_32_piece24 stored as bytes in memory (estimated size 4.0 MB, free 1754.0 MB)
17/03/16 19:20:19 INFO storage.MemoryStore: Block broadcast_32_piece53 stored as bytes in memory (estimated size 4.0 MB, free 1758.0 MB)
17/03/16 19:20:19 INFO storage.MemoryStore: Block broadcast_32_piece33 stored as bytes in memory (estimated size 4.0 MB, free 1762.0 MB)
17/03/16 19:20:19 INFO storage.MemoryStore: Block broadcast_32_piece27 stored as bytes in memory (estimated size 4.0 MB, free 1766.0 MB)
17/03/16 19:20:19 INFO storage.MemoryStore: Block broadcast_32_piece76 stored as bytes in memory (estimated size 4.0 MB, free 1770.0 MB)
17/03/16 19:20:19 INFO storage.MemoryStore: Block broadcast_32_piece78 stored as bytes in memory (estimated size 4.0 MB, free 1774.0 MB)
17/03/16 19:20:19 INFO storage.MemoryStore: Block broadcast_32_piece44 stored as bytes in memory (estimated size 4.0 MB, free 1778.0 MB)
17/03/16 19:20:19 INFO storage.MemoryStore: Block broadcast_32_piece99 stored as bytes in memory (estimated size 4.0 MB, free 1782.0 MB)
17/03/16 19:20:19 INFO storage.MemoryStore: Block broadcast_32_piece34 stored as bytes in memory (estimated size 4.0 MB, free 1786.0 MB)
17/03/16 19:20:19 INFO storage.MemoryStore: Block broadcast_32_piece81 stored as bytes in memory (estimated size 4.0 MB, free 1790.0 MB)
17/03/16 19:20:19 INFO storage.MemoryStore: Block broadcast_32_piece75 stored as bytes in memory (estimated size 4.0 MB, free 1794.0 MB)
17/03/16 19:20:19 INFO storage.MemoryStore: Block broadcast_32_piece102 stored as bytes in memory (estimated size 4.0 MB, free 1798.0 MB)
17/03/16 19:20:19 INFO storage.MemoryStore: Block broadcast_32_piece91 stored as bytes in memory (estimated size 4.0 MB, free 1802.0 MB)
17/03/16 19:20:19 INFO storage.MemoryStore: Block broadcast_32_piece9 stored as bytes in memory (estimated size 4.0 MB, free 1806.0 MB)
17/03/16 19:20:19 INFO storage.MemoryStore: Block broadcast_32_piece68 stored as bytes in memory (estimated size 4.0 MB, free 1810.0 MB)
17/03/16 19:20:19 INFO storage.MemoryStore: Block broadcast_32_piece61 stored as bytes in memory (estimated size 4.0 MB, free 1814.0 MB)
17/03/16 19:20:19 INFO storage.MemoryStore: Block broadcast_32_piece38 stored as bytes in memory (estimated size 4.0 MB, free 1818.0 MB)
17/03/16 19:20:20 INFO storage.MemoryStore: Block broadcast_32_piece48 stored as bytes in memory (estimated size 4.0 MB, free 1822.0 MB)
17/03/16 19:20:20 INFO storage.MemoryStore: Block broadcast_32_piece45 stored as bytes in memory (estimated size 4.0 MB, free 1826.0 MB)
17/03/16 19:20:20 INFO storage.MemoryStore: Block broadcast_32_piece17 stored as bytes in memory (estimated size 4.0 MB, free 1830.0 MB)
17/03/16 19:20:20 INFO storage.MemoryStore: Block broadcast_32_piece62 stored as bytes in memory (estimated size 4.0 MB, free 1834.0 MB)
17/03/16 19:20:20 INFO storage.MemoryStore: Block broadcast_32_piece79 stored as bytes in memory (estimated size 4.0 MB, free 1838.0 MB)
17/03/16 19:20:20 INFO storage.MemoryStore: Block broadcast_32_piece95 stored as bytes in memory (estimated size 4.0 MB, free 1842.0 MB)
17/03/16 19:20:20 INFO storage.MemoryStore: Block broadcast_32_piece8 stored as bytes in memory (estimated size 4.0 MB, free 1846.0 MB)
17/03/16 19:20:20 INFO storage.MemoryStore: Block broadcast_32_piece41 stored as bytes in memory (estimated size 4.0 MB, free 1850.0 MB)
17/03/16 19:20:20 INFO storage.MemoryStore: Block broadcast_32_piece86 stored as bytes in memory (estimated size 4.0 MB, free 1854.0 MB)
17/03/16 19:20:20 INFO storage.MemoryStore: Block broadcast_32_piece20 stored as bytes in memory (estimated size 4.0 MB, free 1858.0 MB)
17/03/16 19:20:20 INFO storage.MemoryStore: Block broadcast_32_piece71 stored as bytes in memory (estimated size 4.0 MB, free 1862.0 MB)
17/03/16 19:20:20 INFO storage.MemoryStore: Block broadcast_32_piece49 stored as bytes in memory (estimated size 4.0 MB, free 1866.0 MB)
17/03/16 19:20:20 INFO storage.MemoryStore: Block broadcast_32_piece70 stored as bytes in memory (estimated size 4.0 MB, free 1870.0 MB)
17/03/16 19:20:20 INFO storage.MemoryStore: Block broadcast_32_piece43 stored as bytes in memory (estimated size 4.0 MB, free 1874.0 MB)
17/03/16 19:20:20 INFO storage.MemoryStore: Block broadcast_32_piece66 stored as bytes in memory (estimated size 4.0 MB, free 1878.0 MB)
17/03/16 19:20:20 INFO storage.MemoryStore: Block broadcast_32_piece15 stored as bytes in memory (estimated size 4.0 MB, free 1882.0 MB)
17/03/16 19:20:20 INFO storage.MemoryStore: Block broadcast_32_piece83 stored as bytes in memory (estimated size 4.0 MB, free 1886.0 MB)
17/03/16 19:20:20 INFO storage.MemoryStore: Block broadcast_32_piece36 stored as bytes in memory (estimated size 4.0 MB, free 1890.0 MB)
17/03/16 19:20:20 INFO storage.MemoryStore: Block broadcast_32_piece85 stored as bytes in memory (estimated size 4.0 MB, free 1894.0 MB)
17/03/16 19:20:20 INFO storage.MemoryStore: Block broadcast_32_piece50 stored as bytes in memory (estimated size 4.0 MB, free 1898.0 MB)
17/03/16 19:20:20 INFO storage.MemoryStore: Block broadcast_32_piece5 stored as bytes in memory (estimated size 4.0 MB, free 1902.0 MB)
17/03/16 19:20:20 INFO storage.MemoryStore: Block broadcast_32_piece10 stored as bytes in memory (estimated size 4.0 MB, free 1906.0 MB)
17/03/16 19:20:20 INFO storage.MemoryStore: Block broadcast_32_piece26 stored as bytes in memory (estimated size 4.0 MB, free 1910.0 MB)
17/03/16 19:20:20 INFO storage.MemoryStore: Block broadcast_32_piece90 stored as bytes in memory (estimated size 4.0 MB, free 1914.0 MB)
17/03/16 19:20:20 INFO storage.MemoryStore: Block broadcast_32_piece103 stored as bytes in memory (estimated size 1140.8 KB, free 1915.1 MB)
17/03/16 19:20:20 INFO storage.MemoryStore: Block broadcast_32_piece14 stored as bytes in memory (estimated size 4.0 MB, free 1919.1 MB)
17/03/16 19:20:20 INFO storage.MemoryStore: Block broadcast_32_piece0 stored as bytes in memory (estimated size 4.0 MB, free 1923.1 MB)
17/03/16 19:20:20 INFO storage.MemoryStore: Block broadcast_32_piece47 stored as bytes in memory (estimated size 4.0 MB, free 1927.1 MB)
17/03/16 19:20:20 INFO storage.MemoryStore: Block broadcast_32_piece65 stored as bytes in memory (estimated size 4.0 MB, free 1931.1 MB)
17/03/16 19:20:20 INFO storage.MemoryStore: Block broadcast_32_piece96 stored as bytes in memory (estimated size 4.0 MB, free 1935.1 MB)
17/03/16 19:20:20 INFO storage.MemoryStore: Block broadcast_32_piece55 stored as bytes in memory (estimated size 4.0 MB, free 1939.1 MB)
17/03/16 19:20:20 INFO storage.MemoryStore: Block broadcast_32_piece18 stored as bytes in memory (estimated size 4.0 MB, free 1943.1 MB)
17/03/16 19:20:20 INFO storage.MemoryStore: Block broadcast_32_piece69 stored as bytes in memory (estimated size 4.0 MB, free 1947.1 MB)
17/03/16 19:20:20 INFO storage.MemoryStore: Block broadcast_32_piece19 stored as bytes in memory (estimated size 4.0 MB, free 1951.1 MB)
17/03/16 19:20:20 INFO storage.MemoryStore: Block broadcast_32_piece39 stored as bytes in memory (estimated size 4.0 MB, free 1955.1 MB)
17/03/16 19:20:20 INFO storage.MemoryStore: Block broadcast_32_piece52 stored as bytes in memory (estimated size 4.0 MB, free 1959.1 MB)
17/03/16 19:20:20 INFO storage.MemoryStore: Block broadcast_32_piece1 stored as bytes in memory (estimated size 4.0 MB, free 1963.1 MB)
17/03/16 19:20:20 INFO storage.MemoryStore: Block broadcast_32_piece11 stored as bytes in memory (estimated size 4.0 MB, free 1967.1 MB)
17/03/16 19:20:20 INFO storage.MemoryStore: Block broadcast_32_piece25 stored as bytes in memory (estimated size 4.0 MB, free 1971.1 MB)
17/03/16 19:20:20 INFO storage.MemoryStore: Block broadcast_32_piece93 stored as bytes in memory (estimated size 4.0 MB, free 1975.1 MB)
17/03/16 19:20:20 INFO storage.MemoryStore: Block broadcast_32_piece13 stored as bytes in memory (estimated size 4.0 MB, free 1979.1 MB)
17/03/16 19:20:20 INFO storage.MemoryStore: Block broadcast_32_piece60 stored as bytes in memory (estimated size 4.0 MB, free 1983.1 MB)
17/03/16 19:20:20 INFO storage.MemoryStore: Block broadcast_32_piece77 stored as bytes in memory (estimated size 4.0 MB, free 1987.1 MB)
17/03/16 19:20:20 INFO storage.MemoryStore: Block broadcast_32_piece101 stored as bytes in memory (estimated size 4.0 MB, free 1991.1 MB)
17/03/16 19:20:20 INFO storage.MemoryStore: Block broadcast_32_piece94 stored as bytes in memory (estimated size 4.0 MB, free 1995.1 MB)
17/03/16 19:20:20 INFO storage.MemoryStore: Block broadcast_32_piece97 stored as bytes in memory (estimated size 4.0 MB, free 1999.1 MB)
17/03/16 19:20:21 INFO storage.MemoryStore: Block broadcast_32_piece4 stored as bytes in memory (estimated size 4.0 MB, free 2003.1 MB)
17/03/16 19:20:21 INFO storage.MemoryStore: Block broadcast_32_piece46 stored as bytes in memory (estimated size 4.0 MB, free 2007.1 MB)
17/03/16 19:20:21 INFO storage.MemoryStore: Block broadcast_32_piece73 stored as bytes in memory (estimated size 4.0 MB, free 2011.1 MB)
17/03/16 19:20:21 INFO storage.MemoryStore: Block broadcast_32_piece100 stored as bytes in memory (estimated size 4.0 MB, free 2015.1 MB)
17/03/16 19:20:21 INFO storage.MemoryStore: Block broadcast_32_piece57 stored as bytes in memory (estimated size 4.0 MB, free 2019.1 MB)
17/03/16 19:20:21 INFO storage.MemoryStore: Block broadcast_32_piece12 stored as bytes in memory (estimated size 4.0 MB, free 2023.1 MB)
17/03/16 19:20:21 INFO storage.MemoryStore: Block broadcast_32_piece98 stored as bytes in memory (estimated size 4.0 MB, free 2027.1 MB)
17/03/16 19:20:21 INFO storage.MemoryStore: Block broadcast_32_piece82 stored as bytes in memory (estimated size 4.0 MB, free 2031.1 MB)
17/03/16 19:20:21 INFO storage.MemoryStore: Block broadcast_32_piece58 stored as bytes in memory (estimated size 4.0 MB, free 2035.1 MB)
17/03/16 19:20:21 INFO storage.MemoryStore: Block broadcast_32_piece63 stored as bytes in memory (estimated size 4.0 MB, free 2039.1 MB)
17/03/16 19:20:21 INFO storage.MemoryStore: Block broadcast_32_piece40 stored as bytes in memory (estimated size 4.0 MB, free 2043.1 MB)
17/03/16 19:20:21 INFO storage.MemoryStore: Block broadcast_32_piece64 stored as bytes in memory (estimated size 4.0 MB, free 2047.1 MB)
17/03/16 19:20:21 INFO storage.MemoryStore: Block broadcast_32_piece54 stored as bytes in memory (estimated size 4.0 MB, free 2.0 GB)
17/03/16 19:20:21 INFO storage.MemoryStore: Block broadcast_32_piece29 stored as bytes in memory (estimated size 4.0 MB, free 2.0 GB)
17/03/16 19:20:21 INFO storage.MemoryStore: Block broadcast_32_piece84 stored as bytes in memory (estimated size 4.0 MB, free 2.0 GB)
17/03/16 19:20:21 INFO storage.MemoryStore: Block broadcast_32_piece80 stored as bytes in memory (estimated size 4.0 MB, free 2.0 GB)
17/03/16 19:20:21 INFO storage.MemoryStore: Block broadcast_32_piece37 stored as bytes in memory (estimated size 4.0 MB, free 2.0 GB)
17/03/16 19:20:21 INFO broadcast.TorrentBroadcast: Reading broadcast variable 32 took 2108 ms
17/03/16 19:20:28 INFO storage.MemoryStore: Block broadcast_32 stored as values in memory (estimated size 384.0 B, free 2.0 GB)
17/03/16 19:20:36 INFO python.PythonRunner: Times: total = 17315, boot = 15, init = 9730, finish = 7570
17/03/16 19:20:36 INFO executor.Executor: Finished task 32.0 in stage 21.0 (TID 994). 1274 bytes result sent to driver
17/03/16 19:20:36 INFO python.PythonRunner: Times: total = 17495, boot = 7, init = 9738, finish = 7750
17/03/16 19:20:36 INFO python.PythonRunner: Times: total = 17510, boot = 18, init = 9726, finish = 7766
17/03/16 19:20:36 INFO python.PythonRunner: Times: total = 17520, boot = 22, init = 9723, finish = 7775
17/03/16 19:20:36 INFO python.PythonRunner: Times: total = 17537, boot = 22, init = 9718, finish = 7797
17/03/16 19:20:36 INFO python.PythonRunner: Times: total = 17548, boot = 10, init = 9734, finish = 7804
17/03/16 19:20:36 INFO python.PythonRunner: Times: total = 17550, boot = 3, init = 9740, finish = 7807
17/03/16 19:20:36 INFO executor.Executor: Finished task 38.0 in stage 21.0 (TID 1000). 1274 bytes result sent to driver
17/03/16 19:20:36 INFO python.PythonRunner: Times: total = 17639, boot = 3, init = 9742, finish = 7894
17/03/16 19:20:36 INFO executor.Executor: Finished task 44.0 in stage 21.0 (TID 1006). 1274 bytes result sent to driver
17/03/16 19:20:36 INFO executor.Executor: Finished task 8.0 in stage 21.0 (TID 970). 1274 bytes result sent to driver
17/03/16 19:20:36 INFO executor.Executor: Finished task 20.0 in stage 21.0 (TID 982). 1274 bytes result sent to driver
17/03/16 19:20:36 INFO executor.Executor: Finished task 26.0 in stage 21.0 (TID 988). 1274 bytes result sent to driver
17/03/16 19:20:36 INFO executor.Executor: Finished task 2.0 in stage 21.0 (TID 964). 1274 bytes result sent to driver
17/03/16 19:20:36 INFO executor.Executor: Finished task 14.0 in stage 21.0 (TID 976). 1274 bytes result sent to driver
17/03/16 19:20:58 INFO executor.CoarseGrainedExecutorBackend: Got assigned task 1013
17/03/16 19:20:58 INFO executor.CoarseGrainedExecutorBackend: Got assigned task 1019
17/03/16 19:20:58 INFO executor.Executor: Running task 3.0 in stage 22.0 (TID 1013)
17/03/16 19:20:58 INFO executor.Executor: Running task 9.0 in stage 22.0 (TID 1019)
17/03/16 19:20:58 INFO executor.CoarseGrainedExecutorBackend: Got assigned task 1025
17/03/16 19:20:58 INFO executor.Executor: Running task 15.0 in stage 22.0 (TID 1025)
17/03/16 19:20:58 INFO executor.CoarseGrainedExecutorBackend: Got assigned task 1031
17/03/16 19:20:58 INFO spark.MapOutputTrackerWorker: Updating epoch to 11 and clearing cache
17/03/16 19:20:58 INFO executor.Executor: Running task 21.0 in stage 22.0 (TID 1031)
17/03/16 19:20:58 INFO executor.CoarseGrainedExecutorBackend: Got assigned task 1037
17/03/16 19:20:58 INFO executor.Executor: Running task 27.0 in stage 22.0 (TID 1037)
17/03/16 19:20:58 INFO executor.CoarseGrainedExecutorBackend: Got assigned task 1043
17/03/16 19:20:58 INFO broadcast.TorrentBroadcast: Started reading broadcast variable 34
17/03/16 19:20:58 INFO executor.Executor: Running task 33.0 in stage 22.0 (TID 1043)
17/03/16 19:20:58 INFO executor.CoarseGrainedExecutorBackend: Got assigned task 1049
17/03/16 19:20:58 INFO executor.Executor: Running task 39.0 in stage 22.0 (TID 1049)
17/03/16 19:20:58 INFO executor.CoarseGrainedExecutorBackend: Got assigned task 1055
17/03/16 19:20:58 INFO executor.Executor: Running task 45.0 in stage 22.0 (TID 1055)
17/03/16 19:20:58 INFO storage.MemoryStore: Block broadcast_34_piece0 stored as bytes in memory (estimated size 3.3 KB, free 2.0 GB)
17/03/16 19:20:58 INFO broadcast.TorrentBroadcast: Reading broadcast variable 34 took 7 ms
17/03/16 19:20:58 INFO storage.MemoryStore: Block broadcast_34 stored as values in memory (estimated size 5.3 KB, free 2.0 GB)
17/03/16 19:20:58 INFO spark.MapOutputTrackerWorker: Don't have map outputs for shuffle 10, fetching them
17/03/16 19:20:58 INFO spark.MapOutputTrackerWorker: Doing the fetch; tracker endpoint = NettyRpcEndpointRef(spark://MapOutputTracker@10.10.34.38:36751)
17/03/16 19:20:58 INFO spark.MapOutputTrackerWorker: Don't have map outputs for shuffle 10, fetching them
17/03/16 19:20:58 INFO spark.MapOutputTrackerWorker: Don't have map outputs for shuffle 10, fetching them
17/03/16 19:20:58 INFO spark.MapOutputTrackerWorker: Don't have map outputs for shuffle 10, fetching them
17/03/16 19:20:58 INFO spark.MapOutputTrackerWorker: Don't have map outputs for shuffle 10, fetching them
17/03/16 19:20:58 INFO spark.MapOutputTrackerWorker: Don't have map outputs for shuffle 10, fetching them
17/03/16 19:20:58 INFO spark.MapOutputTrackerWorker: Got the output locations
17/03/16 19:20:58 INFO storage.ShuffleBlockFetcherIterator: Getting 48 non-empty blocks out of 48 blocks
17/03/16 19:20:58 INFO storage.ShuffleBlockFetcherIterator: Getting 48 non-empty blocks out of 48 blocks
17/03/16 19:20:58 INFO storage.ShuffleBlockFetcherIterator: Getting 48 non-empty blocks out of 48 blocks
17/03/16 19:20:58 INFO storage.ShuffleBlockFetcherIterator: Started 6 remote fetches in 4 ms
17/03/16 19:20:58 INFO storage.ShuffleBlockFetcherIterator: Started 6 remote fetches in 5 ms
17/03/16 19:20:58 INFO storage.ShuffleBlockFetcherIterator: Getting 48 non-empty blocks out of 48 blocks
17/03/16 19:20:58 INFO storage.ShuffleBlockFetcherIterator: Getting 48 non-empty blocks out of 48 blocks
17/03/16 19:20:58 INFO storage.ShuffleBlockFetcherIterator: Getting 48 non-empty blocks out of 48 blocks
17/03/16 19:20:58 INFO storage.ShuffleBlockFetcherIterator: Started 6 remote fetches in 3 ms
17/03/16 19:20:58 INFO storage.ShuffleBlockFetcherIterator: Started 7 remote fetches in 3 ms
17/03/16 19:20:58 INFO storage.ShuffleBlockFetcherIterator: Getting 48 non-empty blocks out of 48 blocks
17/03/16 19:20:58 INFO storage.ShuffleBlockFetcherIterator: Getting 48 non-empty blocks out of 48 blocks
17/03/16 19:20:58 INFO storage.ShuffleBlockFetcherIterator: Started 7 remote fetches in 7 ms
17/03/16 19:20:58 INFO storage.ShuffleBlockFetcherIterator: Started 7 remote fetches in 4 ms
17/03/16 19:20:58 INFO storage.ShuffleBlockFetcherIterator: Started 7 remote fetches in 7 ms
17/03/16 19:20:58 INFO storage.ShuffleBlockFetcherIterator: Started 8 remote fetches in 6 ms
17/03/16 19:20:59 INFO python.PythonRunner: Times: total = 843, boot = -22114, init = 22118, finish = 839
17/03/16 19:20:59 INFO executor.Executor: Finished task 3.0 in stage 22.0 (TID 1013). 9534515 bytes result sent to driver
17/03/16 19:20:59 INFO python.PythonRunner: Times: total = 912, boot = -21912, init = 21915, finish = 909
17/03/16 19:20:59 INFO python.PythonRunner: Times: total = 912, boot = -21902, init = 21905, finish = 909
17/03/16 19:20:59 INFO executor.Executor: Finished task 39.0 in stage 22.0 (TID 1049). 9553190 bytes result sent to driver
17/03/16 19:20:59 INFO executor.Executor: Finished task 33.0 in stage 22.0 (TID 1043). 9563517 bytes result sent to driver
17/03/16 19:20:59 INFO python.PythonRunner: Times: total = 1025, boot = -21795, init = 21798, finish = 1022
17/03/16 19:20:59 INFO python.PythonRunner: Times: total = 1031, boot = -21885, init = 21890, finish = 1026
17/03/16 19:20:59 INFO python.PythonRunner: Times: total = 1038, boot = -21933, init = 21937, finish = 1034
17/03/16 19:20:59 INFO executor.Executor: Finished task 9.0 in stage 22.0 (TID 1019). 9561379 bytes result sent to driver
17/03/16 19:20:59 INFO executor.Executor: Finished task 21.0 in stage 22.0 (TID 1031). 9569892 bytes result sent to driver
17/03/16 19:20:59 INFO executor.Executor: Finished task 15.0 in stage 22.0 (TID 1025). 9553981 bytes result sent to driver
17/03/16 19:20:59 INFO python.PythonRunner: Times: total = 1066, boot = -21891, init = 21895, finish = 1062
17/03/16 19:20:59 INFO executor.Executor: Finished task 45.0 in stage 22.0 (TID 1055). 9554396 bytes result sent to driver
17/03/16 19:20:59 INFO python.PythonRunner: Times: total = 1102, boot = -21883, init = 21893, finish = 1092
17/03/16 19:20:59 INFO executor.Executor: Finished task 27.0 in stage 22.0 (TID 1037). 9553137 bytes result sent to driver
17/03/16 19:21:04 INFO storage.BlockManager: Removing RDD 63
17/03/16 19:21:04 INFO storage.BlockManager: Removing RDD 68
17/03/16 19:28:19 INFO executor.CoarseGrainedExecutorBackend: Got assigned task 1058
17/03/16 19:28:19 INFO executor.Executor: Running task 0.0 in stage 23.0 (TID 1058)
17/03/16 19:28:19 INFO executor.CoarseGrainedExecutorBackend: Got assigned task 1064
17/03/16 19:28:19 INFO broadcast.TorrentBroadcast: Started reading broadcast variable 36
17/03/16 19:28:19 INFO executor.Executor: Running task 6.0 in stage 23.0 (TID 1064)
17/03/16 19:28:19 INFO executor.CoarseGrainedExecutorBackend: Got assigned task 1070
17/03/16 19:28:19 INFO executor.Executor: Running task 12.0 in stage 23.0 (TID 1070)
17/03/16 19:28:19 INFO executor.CoarseGrainedExecutorBackend: Got assigned task 1076
17/03/16 19:28:19 INFO executor.Executor: Running task 18.0 in stage 23.0 (TID 1076)
17/03/16 19:28:19 INFO executor.CoarseGrainedExecutorBackend: Got assigned task 1082
17/03/16 19:28:19 INFO executor.Executor: Running task 24.0 in stage 23.0 (TID 1082)
17/03/16 19:28:19 INFO executor.CoarseGrainedExecutorBackend: Got assigned task 1088
17/03/16 19:28:19 INFO executor.Executor: Running task 30.0 in stage 23.0 (TID 1088)
17/03/16 19:28:19 INFO storage.MemoryStore: Block broadcast_36_piece0 stored as bytes in memory (estimated size 5.4 KB, free 413.1 MB)
17/03/16 19:28:19 INFO executor.CoarseGrainedExecutorBackend: Got assigned task 1094
17/03/16 19:28:19 INFO executor.Executor: Running task 36.0 in stage 23.0 (TID 1094)
17/03/16 19:28:19 INFO broadcast.TorrentBroadcast: Reading broadcast variable 36 took 16 ms
17/03/16 19:28:19 INFO executor.CoarseGrainedExecutorBackend: Got assigned task 1100
17/03/16 19:28:19 INFO executor.Executor: Running task 42.0 in stage 23.0 (TID 1100)
17/03/16 19:28:19 INFO storage.MemoryStore: Block broadcast_36 stored as values in memory (estimated size 8.6 KB, free 413.1 MB)
17/03/16 19:28:19 INFO broadcast.TorrentBroadcast: Started reading broadcast variable 35
17/03/16 19:28:19 INFO storage.MemoryStore: Block broadcast_35_piece94 stored as bytes in memory (estimated size 4.0 MB, free 417.1 MB)
17/03/16 19:28:19 INFO storage.MemoryStore: Block broadcast_35_piece36 stored as bytes in memory (estimated size 4.0 MB, free 421.1 MB)
17/03/16 19:28:19 INFO storage.MemoryStore: Block broadcast_35_piece85 stored as bytes in memory (estimated size 4.0 MB, free 425.1 MB)
17/03/16 19:28:19 INFO storage.MemoryStore: Block broadcast_35_piece57 stored as bytes in memory (estimated size 4.0 MB, free 429.1 MB)
17/03/16 19:28:19 INFO storage.MemoryStore: Block broadcast_35_piece15 stored as bytes in memory (estimated size 4.0 MB, free 433.1 MB)
17/03/16 19:28:19 INFO storage.MemoryStore: Block broadcast_35_piece32 stored as bytes in memory (estimated size 4.0 MB, free 437.1 MB)
17/03/16 19:28:19 INFO storage.MemoryStore: Block broadcast_35_piece74 stored as bytes in memory (estimated size 4.0 MB, free 441.1 MB)
17/03/16 19:28:19 INFO storage.MemoryStore: Block broadcast_35_piece71 stored as bytes in memory (estimated size 4.0 MB, free 445.1 MB)
17/03/16 19:28:19 INFO storage.MemoryStore: Block broadcast_35_piece38 stored as bytes in memory (estimated size 4.0 MB, free 449.1 MB)
17/03/16 19:28:19 INFO storage.MemoryStore: Block broadcast_35_piece89 stored as bytes in memory (estimated size 4.0 MB, free 453.1 MB)
17/03/16 19:28:19 INFO storage.MemoryStore: Block broadcast_35_piece70 stored as bytes in memory (estimated size 4.0 MB, free 457.1 MB)
17/03/16 19:28:19 INFO storage.MemoryStore: Block broadcast_35_piece34 stored as bytes in memory (estimated size 4.0 MB, free 461.1 MB)
17/03/16 19:28:19 INFO storage.MemoryStore: Block broadcast_35_piece65 stored as bytes in memory (estimated size 4.0 MB, free 465.1 MB)
17/03/16 19:28:19 INFO storage.MemoryStore: Block broadcast_35_piece58 stored as bytes in memory (estimated size 4.0 MB, free 469.1 MB)
17/03/16 19:28:19 INFO storage.MemoryStore: Block broadcast_35_piece23 stored as bytes in memory (estimated size 4.0 MB, free 473.1 MB)
17/03/16 19:28:19 INFO storage.MemoryStore: Block broadcast_35_piece91 stored as bytes in memory (estimated size 4.0 MB, free 477.1 MB)
17/03/16 19:28:19 INFO storage.MemoryStore: Block broadcast_35_piece77 stored as bytes in memory (estimated size 4.0 MB, free 481.1 MB)
17/03/16 19:28:19 INFO storage.MemoryStore: Block broadcast_35_piece24 stored as bytes in memory (estimated size 4.0 MB, free 485.1 MB)
17/03/16 19:28:19 INFO storage.MemoryStore: Block broadcast_35_piece29 stored as bytes in memory (estimated size 4.0 MB, free 489.1 MB)
17/03/16 19:28:19 INFO storage.MemoryStore: Block broadcast_35_piece92 stored as bytes in memory (estimated size 4.0 MB, free 493.1 MB)
17/03/16 19:28:19 INFO storage.MemoryStore: Block broadcast_35_piece79 stored as bytes in memory (estimated size 4.0 MB, free 497.1 MB)
17/03/16 19:28:19 INFO storage.MemoryStore: Block broadcast_35_piece55 stored as bytes in memory (estimated size 4.0 MB, free 501.1 MB)
17/03/16 19:28:19 INFO storage.MemoryStore: Block broadcast_35_piece82 stored as bytes in memory (estimated size 4.0 MB, free 505.1 MB)
17/03/16 19:28:19 INFO storage.MemoryStore: Block broadcast_35_piece26 stored as bytes in memory (estimated size 4.0 MB, free 509.1 MB)
17/03/16 19:28:19 INFO storage.MemoryStore: Block broadcast_35_piece59 stored as bytes in memory (estimated size 4.0 MB, free 513.1 MB)
17/03/16 19:28:19 INFO storage.MemoryStore: Block broadcast_35_piece14 stored as bytes in memory (estimated size 4.0 MB, free 517.1 MB)
17/03/16 19:28:19 INFO storage.MemoryStore: Block broadcast_35_piece93 stored as bytes in memory (estimated size 4.0 MB, free 521.1 MB)
17/03/16 19:28:19 INFO storage.MemoryStore: Block broadcast_35_piece18 stored as bytes in memory (estimated size 4.0 MB, free 525.1 MB)
17/03/16 19:28:19 INFO storage.MemoryStore: Block broadcast_35_piece103 stored as bytes in memory (estimated size 1042.6 KB, free 526.1 MB)
17/03/16 19:28:19 INFO storage.MemoryStore: Block broadcast_35_piece6 stored as bytes in memory (estimated size 4.0 MB, free 530.1 MB)
17/03/16 19:28:19 INFO storage.MemoryStore: Block broadcast_35_piece1 stored as bytes in memory (estimated size 4.0 MB, free 534.1 MB)
17/03/16 19:28:19 INFO storage.MemoryStore: Block broadcast_35_piece51 stored as bytes in memory (estimated size 4.0 MB, free 538.1 MB)
17/03/16 19:28:19 INFO storage.MemoryStore: Block broadcast_35_piece56 stored as bytes in memory (estimated size 4.0 MB, free 542.1 MB)
17/03/16 19:28:19 INFO storage.MemoryStore: Block broadcast_35_piece46 stored as bytes in memory (estimated size 4.0 MB, free 546.1 MB)
17/03/16 19:28:19 INFO storage.MemoryStore: Block broadcast_35_piece12 stored as bytes in memory (estimated size 4.0 MB, free 550.1 MB)
17/03/16 19:28:19 INFO storage.MemoryStore: Block broadcast_35_piece62 stored as bytes in memory (estimated size 4.0 MB, free 554.1 MB)
17/03/16 19:28:19 INFO storage.MemoryStore: Block broadcast_35_piece37 stored as bytes in memory (estimated size 4.0 MB, free 558.1 MB)
17/03/16 19:28:19 INFO storage.MemoryStore: Block broadcast_35_piece73 stored as bytes in memory (estimated size 4.0 MB, free 562.1 MB)
17/03/16 19:28:19 INFO storage.MemoryStore: Block broadcast_35_piece90 stored as bytes in memory (estimated size 4.0 MB, free 566.1 MB)
17/03/16 19:28:19 INFO storage.MemoryStore: Block broadcast_35_piece39 stored as bytes in memory (estimated size 4.0 MB, free 570.1 MB)
17/03/16 19:28:19 INFO storage.MemoryStore: Block broadcast_35_piece50 stored as bytes in memory (estimated size 4.0 MB, free 574.1 MB)
17/03/16 19:28:19 INFO storage.MemoryStore: Block broadcast_35_piece33 stored as bytes in memory (estimated size 4.0 MB, free 578.1 MB)
17/03/16 19:28:19 INFO storage.MemoryStore: Block broadcast_35_piece97 stored as bytes in memory (estimated size 4.0 MB, free 582.1 MB)
17/03/16 19:28:19 INFO storage.MemoryStore: Block broadcast_35_piece67 stored as bytes in memory (estimated size 4.0 MB, free 586.1 MB)
17/03/16 19:28:19 INFO storage.MemoryStore: Block broadcast_35_piece72 stored as bytes in memory (estimated size 4.0 MB, free 590.1 MB)
17/03/16 19:28:19 INFO storage.MemoryStore: Block broadcast_35_piece68 stored as bytes in memory (estimated size 4.0 MB, free 594.1 MB)
17/03/16 19:28:19 INFO storage.MemoryStore: Block broadcast_35_piece27 stored as bytes in memory (estimated size 4.0 MB, free 598.1 MB)
17/03/16 19:28:19 INFO storage.MemoryStore: Block broadcast_35_piece102 stored as bytes in memory (estimated size 4.0 MB, free 602.1 MB)
17/03/16 19:28:20 INFO storage.MemoryStore: Block broadcast_35_piece48 stored as bytes in memory (estimated size 4.0 MB, free 606.1 MB)
17/03/16 19:28:20 INFO storage.MemoryStore: Block broadcast_35_piece75 stored as bytes in memory (estimated size 4.0 MB, free 610.1 MB)
17/03/16 19:28:20 INFO storage.MemoryStore: Block broadcast_35_piece100 stored as bytes in memory (estimated size 4.0 MB, free 614.1 MB)
17/03/16 19:28:20 INFO storage.MemoryStore: Block broadcast_35_piece81 stored as bytes in memory (estimated size 4.0 MB, free 618.1 MB)
17/03/16 19:28:20 INFO storage.MemoryStore: Block broadcast_35_piece61 stored as bytes in memory (estimated size 4.0 MB, free 622.1 MB)
17/03/16 19:28:20 INFO storage.MemoryStore: Block broadcast_35_piece8 stored as bytes in memory (estimated size 4.0 MB, free 626.1 MB)
17/03/16 19:28:20 INFO storage.MemoryStore: Block broadcast_35_piece96 stored as bytes in memory (estimated size 4.0 MB, free 630.1 MB)
17/03/16 19:28:20 INFO storage.MemoryStore: Block broadcast_35_piece54 stored as bytes in memory (estimated size 4.0 MB, free 634.1 MB)
17/03/16 19:28:20 INFO storage.MemoryStore: Block broadcast_35_piece84 stored as bytes in memory (estimated size 4.0 MB, free 638.1 MB)
17/03/16 19:28:20 INFO storage.MemoryStore: Block broadcast_35_piece42 stored as bytes in memory (estimated size 4.0 MB, free 642.1 MB)
17/03/16 19:28:20 INFO storage.MemoryStore: Block broadcast_35_piece19 stored as bytes in memory (estimated size 4.0 MB, free 646.1 MB)
17/03/16 19:28:20 INFO storage.MemoryStore: Block broadcast_35_piece87 stored as bytes in memory (estimated size 4.0 MB, free 650.1 MB)
17/03/16 19:28:20 INFO storage.MemoryStore: Block broadcast_35_piece101 stored as bytes in memory (estimated size 4.0 MB, free 654.1 MB)
17/03/16 19:28:20 INFO storage.MemoryStore: Block broadcast_35_piece3 stored as bytes in memory (estimated size 4.0 MB, free 658.1 MB)
17/03/16 19:28:20 INFO storage.MemoryStore: Block broadcast_35_piece35 stored as bytes in memory (estimated size 4.0 MB, free 662.1 MB)
17/03/16 19:28:20 INFO storage.MemoryStore: Block broadcast_35_piece63 stored as bytes in memory (estimated size 4.0 MB, free 666.1 MB)
17/03/16 19:28:20 INFO storage.MemoryStore: Block broadcast_35_piece11 stored as bytes in memory (estimated size 4.0 MB, free 670.1 MB)
17/03/16 19:28:20 INFO storage.MemoryStore: Block broadcast_35_piece43 stored as bytes in memory (estimated size 4.0 MB, free 674.1 MB)
17/03/16 19:28:20 INFO storage.MemoryStore: Block broadcast_35_piece31 stored as bytes in memory (estimated size 4.0 MB, free 678.1 MB)
17/03/16 19:28:20 INFO storage.MemoryStore: Block broadcast_35_piece99 stored as bytes in memory (estimated size 4.0 MB, free 682.1 MB)
17/03/16 19:28:20 INFO storage.MemoryStore: Block broadcast_35_piece41 stored as bytes in memory (estimated size 4.0 MB, free 686.1 MB)
17/03/16 19:28:20 INFO storage.MemoryStore: Block broadcast_35_piece66 stored as bytes in memory (estimated size 4.0 MB, free 690.1 MB)
17/03/16 19:28:20 INFO storage.MemoryStore: Block broadcast_35_piece45 stored as bytes in memory (estimated size 4.0 MB, free 694.1 MB)
17/03/16 19:28:20 INFO storage.MemoryStore: Block broadcast_35_piece53 stored as bytes in memory (estimated size 4.0 MB, free 698.1 MB)
17/03/16 19:28:20 INFO storage.MemoryStore: Block broadcast_35_piece64 stored as bytes in memory (estimated size 4.0 MB, free 702.1 MB)
17/03/16 19:28:20 INFO storage.MemoryStore: Block broadcast_35_piece98 stored as bytes in memory (estimated size 4.0 MB, free 706.1 MB)
17/03/16 19:28:20 INFO storage.MemoryStore: Block broadcast_35_piece69 stored as bytes in memory (estimated size 4.0 MB, free 710.1 MB)
17/03/16 19:28:20 INFO storage.MemoryStore: Block broadcast_35_piece5 stored as bytes in memory (estimated size 4.0 MB, free 714.1 MB)
17/03/16 19:28:20 INFO storage.MemoryStore: Block broadcast_35_piece78 stored as bytes in memory (estimated size 4.0 MB, free 718.1 MB)
17/03/16 19:28:20 INFO storage.MemoryStore: Block broadcast_35_piece83 stored as bytes in memory (estimated size 4.0 MB, free 722.1 MB)
17/03/16 19:28:20 INFO storage.MemoryStore: Block broadcast_35_piece28 stored as bytes in memory (estimated size 4.0 MB, free 726.1 MB)
17/03/16 19:28:20 INFO storage.MemoryStore: Block broadcast_35_piece21 stored as bytes in memory (estimated size 4.0 MB, free 730.1 MB)
17/03/16 19:28:20 INFO storage.MemoryStore: Block broadcast_35_piece20 stored as bytes in memory (estimated size 4.0 MB, free 734.1 MB)
17/03/16 19:28:20 INFO storage.MemoryStore: Block broadcast_35_piece44 stored as bytes in memory (estimated size 4.0 MB, free 738.1 MB)
17/03/16 19:28:20 INFO storage.MemoryStore: Block broadcast_35_piece10 stored as bytes in memory (estimated size 4.0 MB, free 742.1 MB)
17/03/16 19:28:20 INFO storage.MemoryStore: Block broadcast_35_piece86 stored as bytes in memory (estimated size 4.0 MB, free 746.1 MB)
17/03/16 19:28:20 INFO storage.MemoryStore: Block broadcast_35_piece13 stored as bytes in memory (estimated size 4.0 MB, free 750.1 MB)
17/03/16 19:28:20 INFO storage.MemoryStore: Block broadcast_35_piece17 stored as bytes in memory (estimated size 4.0 MB, free 754.1 MB)
17/03/16 19:28:20 INFO storage.MemoryStore: Block broadcast_35_piece40 stored as bytes in memory (estimated size 4.0 MB, free 758.1 MB)
17/03/16 19:28:20 INFO storage.MemoryStore: Block broadcast_35_piece30 stored as bytes in memory (estimated size 4.0 MB, free 762.1 MB)
17/03/16 19:28:20 INFO storage.MemoryStore: Block broadcast_35_piece16 stored as bytes in memory (estimated size 4.0 MB, free 766.1 MB)
17/03/16 19:28:20 INFO storage.MemoryStore: Block broadcast_35_piece7 stored as bytes in memory (estimated size 4.0 MB, free 770.1 MB)
17/03/16 19:28:20 INFO storage.MemoryStore: Block broadcast_35_piece76 stored as bytes in memory (estimated size 4.0 MB, free 774.1 MB)
17/03/16 19:28:20 INFO storage.MemoryStore: Block broadcast_35_piece0 stored as bytes in memory (estimated size 4.0 MB, free 778.1 MB)
17/03/16 19:28:20 INFO storage.MemoryStore: Block broadcast_35_piece47 stored as bytes in memory (estimated size 4.0 MB, free 782.1 MB)
17/03/16 19:28:20 INFO storage.MemoryStore: Block broadcast_35_piece9 stored as bytes in memory (estimated size 4.0 MB, free 786.1 MB)
17/03/16 19:28:20 INFO storage.MemoryStore: Block broadcast_35_piece49 stored as bytes in memory (estimated size 4.0 MB, free 790.1 MB)
17/03/16 19:28:20 INFO storage.MemoryStore: Block broadcast_35_piece60 stored as bytes in memory (estimated size 4.0 MB, free 794.1 MB)
17/03/16 19:28:20 INFO storage.MemoryStore: Block broadcast_35_piece95 stored as bytes in memory (estimated size 4.0 MB, free 798.1 MB)
17/03/16 19:28:20 INFO storage.MemoryStore: Block broadcast_35_piece52 stored as bytes in memory (estimated size 4.0 MB, free 802.1 MB)
17/03/16 19:28:20 INFO storage.MemoryStore: Block broadcast_35_piece80 stored as bytes in memory (estimated size 4.0 MB, free 806.1 MB)
17/03/16 19:28:20 INFO storage.MemoryStore: Block broadcast_35_piece22 stored as bytes in memory (estimated size 4.0 MB, free 810.1 MB)
17/03/16 19:28:20 INFO storage.MemoryStore: Block broadcast_35_piece88 stored as bytes in memory (estimated size 4.0 MB, free 814.1 MB)
17/03/16 19:28:20 INFO storage.MemoryStore: Block broadcast_35_piece25 stored as bytes in memory (estimated size 4.0 MB, free 818.1 MB)
17/03/16 19:28:20 INFO storage.MemoryStore: Block broadcast_35_piece2 stored as bytes in memory (estimated size 4.0 MB, free 822.1 MB)
17/03/16 19:28:20 INFO storage.MemoryStore: Block broadcast_35_piece4 stored as bytes in memory (estimated size 4.0 MB, free 826.1 MB)
17/03/16 19:28:20 INFO broadcast.TorrentBroadcast: Reading broadcast variable 35 took 1968 ms
17/03/16 19:28:28 INFO storage.MemoryStore: Block broadcast_35 stored as values in memory (estimated size 384.0 B, free 826.1 MB)
17/03/16 19:28:37 INFO python.PythonRunner: Times: total = 18457, boot = 4, init = 9839, finish = 8614
17/03/16 19:28:37 INFO python.PythonRunner: Times: total = 18484, boot = 11, init = 9832, finish = 8641
17/03/16 19:28:37 INFO python.PythonRunner: Times: total = 18496, boot = 4, init = 9837, finish = 8655
17/03/16 19:28:37 INFO python.PythonRunner: Times: total = 18526, boot = 22, init = 9820, finish = 8684
17/03/16 19:28:37 INFO python.PythonRunner: Times: total = 18534, boot = 22, init = 9816, finish = 8696
17/03/16 19:28:37 INFO python.PythonRunner: Times: total = 18550, boot = 18, init = 9824, finish = 8708
17/03/16 19:28:37 INFO executor.Executor: Finished task 6.0 in stage 23.0 (TID 1064). 1274 bytes result sent to driver
17/03/16 19:28:37 INFO executor.Executor: Finished task 18.0 in stage 23.0 (TID 1076). 1274 bytes result sent to driver
17/03/16 19:28:37 INFO executor.Executor: Finished task 0.0 in stage 23.0 (TID 1058). 1274 bytes result sent to driver
17/03/16 19:28:37 INFO executor.Executor: Finished task 36.0 in stage 23.0 (TID 1094). 1274 bytes result sent to driver
17/03/16 19:28:37 INFO executor.Executor: Finished task 42.0 in stage 23.0 (TID 1100). 1274 bytes result sent to driver
17/03/16 19:28:37 INFO python.PythonRunner: Times: total = 18673, boot = 8, init = 9835, finish = 8830
17/03/16 19:28:37 INFO executor.Executor: Finished task 30.0 in stage 23.0 (TID 1088). 1274 bytes result sent to driver
17/03/16 19:28:37 INFO python.PythonRunner: Times: total = 18679, boot = 15, init = 9828, finish = 8836
17/03/16 19:28:37 INFO executor.Executor: Finished task 24.0 in stage 23.0 (TID 1082). 1274 bytes result sent to driver
17/03/16 19:28:37 INFO executor.Executor: Finished task 12.0 in stage 23.0 (TID 1070). 1274 bytes result sent to driver
17/03/16 19:28:57 INFO executor.CoarseGrainedExecutorBackend: Got assigned task 1107
17/03/16 19:28:57 INFO executor.Executor: Running task 1.0 in stage 24.0 (TID 1107)
17/03/16 19:28:57 INFO executor.CoarseGrainedExecutorBackend: Got assigned task 1113
17/03/16 19:28:57 INFO executor.CoarseGrainedExecutorBackend: Got assigned task 1119
17/03/16 19:28:57 INFO executor.Executor: Running task 7.0 in stage 24.0 (TID 1113)
17/03/16 19:28:57 INFO executor.Executor: Running task 13.0 in stage 24.0 (TID 1119)
17/03/16 19:28:57 INFO executor.CoarseGrainedExecutorBackend: Got assigned task 1125
17/03/16 19:28:57 INFO spark.MapOutputTrackerWorker: Updating epoch to 12 and clearing cache
17/03/16 19:28:57 INFO executor.Executor: Running task 19.0 in stage 24.0 (TID 1125)
17/03/16 19:28:57 INFO executor.CoarseGrainedExecutorBackend: Got assigned task 1131
17/03/16 19:28:57 INFO executor.Executor: Running task 25.0 in stage 24.0 (TID 1131)
17/03/16 19:28:57 INFO executor.CoarseGrainedExecutorBackend: Got assigned task 1137
17/03/16 19:28:57 INFO executor.CoarseGrainedExecutorBackend: Got assigned task 1143
17/03/16 19:28:57 INFO broadcast.TorrentBroadcast: Started reading broadcast variable 37
17/03/16 19:28:57 INFO executor.Executor: Running task 37.0 in stage 24.0 (TID 1143)
17/03/16 19:28:57 INFO executor.Executor: Running task 31.0 in stage 24.0 (TID 1137)
17/03/16 19:28:57 INFO executor.CoarseGrainedExecutorBackend: Got assigned task 1149
17/03/16 19:28:57 INFO executor.Executor: Running task 43.0 in stage 24.0 (TID 1149)
17/03/16 19:28:57 INFO storage.MemoryStore: Block broadcast_37_piece0 stored as bytes in memory (estimated size 3.3 KB, free 826.1 MB)
17/03/16 19:28:57 INFO broadcast.TorrentBroadcast: Reading broadcast variable 37 took 11 ms
17/03/16 19:28:57 INFO storage.MemoryStore: Block broadcast_37 stored as values in memory (estimated size 5.3 KB, free 826.2 MB)
17/03/16 19:28:57 INFO spark.MapOutputTrackerWorker: Don't have map outputs for shuffle 11, fetching them
17/03/16 19:28:57 INFO spark.MapOutputTrackerWorker: Doing the fetch; tracker endpoint = NettyRpcEndpointRef(spark://MapOutputTracker@10.10.34.38:36751)
17/03/16 19:28:57 INFO spark.MapOutputTrackerWorker: Don't have map outputs for shuffle 11, fetching them
17/03/16 19:28:57 INFO spark.MapOutputTrackerWorker: Don't have map outputs for shuffle 11, fetching them
17/03/16 19:28:57 INFO spark.MapOutputTrackerWorker: Don't have map outputs for shuffle 11, fetching them
17/03/16 19:28:57 INFO spark.MapOutputTrackerWorker: Don't have map outputs for shuffle 11, fetching them
17/03/16 19:28:57 INFO spark.MapOutputTrackerWorker: Got the output locations
17/03/16 19:28:57 INFO storage.ShuffleBlockFetcherIterator: Getting 48 non-empty blocks out of 48 blocks
17/03/16 19:28:57 INFO storage.ShuffleBlockFetcherIterator: Getting 48 non-empty blocks out of 48 blocks
17/03/16 19:28:58 INFO storage.ShuffleBlockFetcherIterator: Getting 48 non-empty blocks out of 48 blocks
17/03/16 19:28:58 INFO storage.ShuffleBlockFetcherIterator: Getting 48 non-empty blocks out of 48 blocks
17/03/16 19:28:58 INFO storage.ShuffleBlockFetcherIterator: Started 6 remote fetches in 3 ms
17/03/16 19:28:58 INFO storage.ShuffleBlockFetcherIterator: Started 7 remote fetches in 5 ms
17/03/16 19:28:58 INFO storage.ShuffleBlockFetcherIterator: Getting 48 non-empty blocks out of 48 blocks
17/03/16 19:28:58 INFO storage.ShuffleBlockFetcherIterator: Getting 48 non-empty blocks out of 48 blocks
17/03/16 19:28:58 INFO storage.ShuffleBlockFetcherIterator: Started 6 remote fetches in 4 ms
17/03/16 19:28:58 INFO storage.ShuffleBlockFetcherIterator: Started 5 remote fetches in 4 ms
17/03/16 19:28:58 INFO storage.ShuffleBlockFetcherIterator: Getting 48 non-empty blocks out of 48 blocks
17/03/16 19:28:58 INFO storage.ShuffleBlockFetcherIterator: Getting 48 non-empty blocks out of 48 blocks
17/03/16 19:28:58 INFO storage.ShuffleBlockFetcherIterator: Started 7 remote fetches in 4 ms
17/03/16 19:28:58 INFO storage.ShuffleBlockFetcherIterator: Started 6 remote fetches in 4 ms
17/03/16 19:28:58 INFO storage.ShuffleBlockFetcherIterator: Started 6 remote fetches in 4 ms
17/03/16 19:28:58 INFO storage.ShuffleBlockFetcherIterator: Started 6 remote fetches in 3 ms
17/03/16 19:28:58 INFO python.PythonRunner: Times: total = 884, boot = -20470, init = 20473, finish = 881
17/03/16 19:28:58 INFO executor.Executor: Finished task 19.0 in stage 24.0 (TID 1125). 9543805 bytes result sent to driver
17/03/16 19:28:58 INFO python.PythonRunner: Times: total = 918, boot = -20439, init = 20447, finish = 910
17/03/16 19:28:58 INFO python.PythonRunner: Times: total = 919, boot = -20417, init = 20422, finish = 914
17/03/16 19:28:58 INFO executor.Executor: Finished task 37.0 in stage 24.0 (TID 1143). 9562541 bytes result sent to driver
17/03/16 19:28:58 INFO executor.Executor: Finished task 13.0 in stage 24.0 (TID 1119). 9552985 bytes result sent to driver
17/03/16 19:28:58 INFO python.PythonRunner: Times: total = 984, boot = -20477, init = 20481, finish = 980
17/03/16 19:28:59 INFO executor.Executor: Finished task 1.0 in stage 24.0 (TID 1107). 9574196 bytes result sent to driver
17/03/16 19:28:59 INFO python.PythonRunner: Times: total = 998, boot = -20285, init = 20289, finish = 994
17/03/16 19:28:59 INFO executor.Executor: Finished task 25.0 in stage 24.0 (TID 1131). 9535282 bytes result sent to driver
17/03/16 19:28:59 INFO python.PythonRunner: Times: total = 1071, boot = -20430, init = 20435, finish = 1066
17/03/16 19:28:59 INFO executor.Executor: Finished task 31.0 in stage 24.0 (TID 1137). 9558663 bytes result sent to driver
17/03/16 19:28:59 INFO python.PythonRunner: Times: total = 1562, boot = -20296, init = 20300, finish = 1558
17/03/16 19:28:59 INFO executor.Executor: Finished task 43.0 in stage 24.0 (TID 1149). 9559510 bytes result sent to driver
17/03/16 19:28:59 INFO python.PythonRunner: Times: total = 1620, boot = -20505, init = 20509, finish = 1616
17/03/16 19:28:59 INFO executor.Executor: Finished task 7.0 in stage 24.0 (TID 1113). 9553035 bytes result sent to driver
17/03/16 19:29:03 INFO storage.BlockManager: Removing RDD 69
17/03/16 19:29:03 INFO storage.BlockManager: Removing RDD 74
17/03/16 19:36:19 INFO executor.CoarseGrainedExecutorBackend: Got assigned task 1158
17/03/16 19:36:19 INFO executor.Executor: Running task 4.0 in stage 25.0 (TID 1158)
17/03/16 19:36:19 INFO broadcast.TorrentBroadcast: Started reading broadcast variable 39
17/03/16 19:36:19 INFO executor.CoarseGrainedExecutorBackend: Got assigned task 1164
17/03/16 19:36:19 INFO executor.Executor: Running task 10.0 in stage 25.0 (TID 1164)
17/03/16 19:36:19 INFO executor.CoarseGrainedExecutorBackend: Got assigned task 1170
17/03/16 19:36:19 INFO executor.Executor: Running task 16.0 in stage 25.0 (TID 1170)
17/03/16 19:36:19 INFO executor.CoarseGrainedExecutorBackend: Got assigned task 1176
17/03/16 19:36:19 INFO executor.Executor: Running task 22.0 in stage 25.0 (TID 1176)
17/03/16 19:36:19 INFO executor.CoarseGrainedExecutorBackend: Got assigned task 1182
17/03/16 19:36:19 INFO executor.Executor: Running task 28.0 in stage 25.0 (TID 1182)
17/03/16 19:36:19 INFO executor.CoarseGrainedExecutorBackend: Got assigned task 1188
17/03/16 19:36:19 INFO executor.Executor: Running task 34.0 in stage 25.0 (TID 1188)
17/03/16 19:36:19 INFO storage.MemoryStore: Block broadcast_39_piece0 stored as bytes in memory (estimated size 5.4 KB, free 826.1 MB)
17/03/16 19:36:19 INFO executor.CoarseGrainedExecutorBackend: Got assigned task 1194
17/03/16 19:36:19 INFO executor.Executor: Running task 40.0 in stage 25.0 (TID 1194)
17/03/16 19:36:19 INFO broadcast.TorrentBroadcast: Reading broadcast variable 39 took 22 ms
17/03/16 19:36:19 INFO executor.CoarseGrainedExecutorBackend: Got assigned task 1200
17/03/16 19:36:19 INFO storage.MemoryStore: Block broadcast_39 stored as values in memory (estimated size 8.6 KB, free 826.2 MB)
17/03/16 19:36:19 INFO executor.Executor: Running task 46.0 in stage 25.0 (TID 1200)
17/03/16 19:36:19 INFO broadcast.TorrentBroadcast: Started reading broadcast variable 38
17/03/16 19:36:19 INFO storage.MemoryStore: Block broadcast_38_piece55 stored as bytes in memory (estimated size 4.0 MB, free 830.2 MB)
17/03/16 19:36:19 INFO storage.MemoryStore: Block broadcast_38_piece67 stored as bytes in memory (estimated size 4.0 MB, free 834.2 MB)
17/03/16 19:36:19 INFO storage.MemoryStore: Block broadcast_38_piece58 stored as bytes in memory (estimated size 4.0 MB, free 838.2 MB)
17/03/16 19:36:19 INFO storage.MemoryStore: Block broadcast_38_piece37 stored as bytes in memory (estimated size 4.0 MB, free 842.2 MB)
17/03/16 19:36:19 INFO storage.MemoryStore: Block broadcast_38_piece24 stored as bytes in memory (estimated size 4.0 MB, free 846.2 MB)
17/03/16 19:36:19 INFO storage.MemoryStore: Block broadcast_38_piece38 stored as bytes in memory (estimated size 4.0 MB, free 850.2 MB)
17/03/16 19:36:19 INFO storage.MemoryStore: Block broadcast_38_piece1 stored as bytes in memory (estimated size 4.0 MB, free 854.2 MB)
17/03/16 19:36:20 INFO storage.MemoryStore: Block broadcast_38_piece97 stored as bytes in memory (estimated size 4.0 MB, free 858.2 MB)
17/03/16 19:36:20 INFO storage.MemoryStore: Block broadcast_38_piece18 stored as bytes in memory (estimated size 4.0 MB, free 862.2 MB)
17/03/16 19:36:20 INFO storage.MemoryStore: Block broadcast_38_piece7 stored as bytes in memory (estimated size 4.0 MB, free 866.2 MB)
17/03/16 19:36:20 INFO storage.MemoryStore: Block broadcast_38_piece95 stored as bytes in memory (estimated size 4.0 MB, free 870.2 MB)
17/03/16 19:36:20 INFO storage.MemoryStore: Block broadcast_38_piece84 stored as bytes in memory (estimated size 4.0 MB, free 874.2 MB)
17/03/16 19:36:20 INFO storage.MemoryStore: Block broadcast_38_piece46 stored as bytes in memory (estimated size 4.0 MB, free 878.2 MB)
17/03/16 19:36:20 INFO storage.MemoryStore: Block broadcast_38_piece30 stored as bytes in memory (estimated size 4.0 MB, free 882.2 MB)
17/03/16 19:36:20 INFO storage.MemoryStore: Block broadcast_38_piece6 stored as bytes in memory (estimated size 4.0 MB, free 886.2 MB)
17/03/16 19:36:20 INFO storage.MemoryStore: Block broadcast_38_piece101 stored as bytes in memory (estimated size 4.0 MB, free 890.2 MB)
17/03/16 19:36:20 INFO storage.MemoryStore: Block broadcast_38_piece60 stored as bytes in memory (estimated size 4.0 MB, free 894.2 MB)
17/03/16 19:36:20 INFO storage.MemoryStore: Block broadcast_38_piece87 stored as bytes in memory (estimated size 4.0 MB, free 898.2 MB)
17/03/16 19:36:20 INFO storage.MemoryStore: Block broadcast_38_piece16 stored as bytes in memory (estimated size 4.0 MB, free 902.2 MB)
17/03/16 19:36:20 INFO storage.MemoryStore: Block broadcast_38_piece51 stored as bytes in memory (estimated size 4.0 MB, free 906.2 MB)
17/03/16 19:36:20 INFO storage.MemoryStore: Block broadcast_38_piece74 stored as bytes in memory (estimated size 4.0 MB, free 910.2 MB)
17/03/16 19:36:20 INFO storage.MemoryStore: Block broadcast_38_piece99 stored as bytes in memory (estimated size 4.0 MB, free 914.2 MB)
17/03/16 19:36:20 INFO storage.MemoryStore: Block broadcast_38_piece94 stored as bytes in memory (estimated size 4.0 MB, free 918.2 MB)
17/03/16 19:36:20 INFO storage.MemoryStore: Block broadcast_38_piece56 stored as bytes in memory (estimated size 4.0 MB, free 922.2 MB)
17/03/16 19:36:20 INFO storage.MemoryStore: Block broadcast_38_piece73 stored as bytes in memory (estimated size 4.0 MB, free 926.2 MB)
17/03/16 19:36:20 INFO storage.MemoryStore: Block broadcast_38_piece5 stored as bytes in memory (estimated size 4.0 MB, free 930.2 MB)
17/03/16 19:36:20 INFO storage.MemoryStore: Block broadcast_38_piece34 stored as bytes in memory (estimated size 4.0 MB, free 934.2 MB)
17/03/16 19:36:20 INFO storage.MemoryStore: Block broadcast_38_piece28 stored as bytes in memory (estimated size 4.0 MB, free 938.2 MB)
17/03/16 19:36:20 INFO storage.MemoryStore: Block broadcast_38_piece66 stored as bytes in memory (estimated size 4.0 MB, free 942.2 MB)
17/03/16 19:36:20 INFO storage.MemoryStore: Block broadcast_38_piece50 stored as bytes in memory (estimated size 4.0 MB, free 946.2 MB)
17/03/16 19:36:20 INFO storage.MemoryStore: Block broadcast_38_piece102 stored as bytes in memory (estimated size 4.0 MB, free 950.2 MB)
17/03/16 19:36:20 INFO storage.MemoryStore: Block broadcast_38_piece57 stored as bytes in memory (estimated size 4.0 MB, free 954.2 MB)
17/03/16 19:36:20 INFO storage.MemoryStore: Block broadcast_38_piece35 stored as bytes in memory (estimated size 4.0 MB, free 958.2 MB)
17/03/16 19:36:20 INFO storage.MemoryStore: Block broadcast_38_piece47 stored as bytes in memory (estimated size 4.0 MB, free 962.2 MB)
17/03/16 19:36:20 INFO storage.MemoryStore: Block broadcast_38_piece76 stored as bytes in memory (estimated size 4.0 MB, free 966.2 MB)
17/03/16 19:36:20 INFO storage.MemoryStore: Block broadcast_38_piece85 stored as bytes in memory (estimated size 4.0 MB, free 970.2 MB)
17/03/16 19:36:20 INFO storage.MemoryStore: Block broadcast_38_piece17 stored as bytes in memory (estimated size 4.0 MB, free 974.2 MB)
17/03/16 19:36:20 INFO storage.MemoryStore: Block broadcast_38_piece52 stored as bytes in memory (estimated size 4.0 MB, free 978.2 MB)
17/03/16 19:36:20 INFO storage.MemoryStore: Block broadcast_38_piece90 stored as bytes in memory (estimated size 4.0 MB, free 982.2 MB)
17/03/16 19:36:20 INFO storage.MemoryStore: Block broadcast_38_piece63 stored as bytes in memory (estimated size 4.0 MB, free 986.2 MB)
17/03/16 19:36:20 INFO storage.MemoryStore: Block broadcast_38_piece96 stored as bytes in memory (estimated size 4.0 MB, free 990.2 MB)
17/03/16 19:36:20 INFO storage.MemoryStore: Block broadcast_38_piece59 stored as bytes in memory (estimated size 4.0 MB, free 994.2 MB)
17/03/16 19:36:20 INFO storage.MemoryStore: Block broadcast_38_piece65 stored as bytes in memory (estimated size 4.0 MB, free 998.2 MB)
17/03/16 19:36:20 INFO storage.MemoryStore: Block broadcast_38_piece91 stored as bytes in memory (estimated size 4.0 MB, free 1002.2 MB)
17/03/16 19:36:20 INFO storage.MemoryStore: Block broadcast_38_piece64 stored as bytes in memory (estimated size 4.0 MB, free 1006.2 MB)
17/03/16 19:36:20 INFO storage.MemoryStore: Block broadcast_38_piece39 stored as bytes in memory (estimated size 4.0 MB, free 1010.2 MB)
17/03/16 19:36:20 INFO storage.MemoryStore: Block broadcast_38_piece93 stored as bytes in memory (estimated size 4.0 MB, free 1014.2 MB)
17/03/16 19:36:20 INFO storage.MemoryStore: Block broadcast_38_piece31 stored as bytes in memory (estimated size 4.0 MB, free 1018.2 MB)
17/03/16 19:36:20 INFO storage.MemoryStore: Block broadcast_38_piece23 stored as bytes in memory (estimated size 4.0 MB, free 1022.2 MB)
17/03/16 19:36:20 INFO storage.MemoryStore: Block broadcast_38_piece70 stored as bytes in memory (estimated size 4.0 MB, free 1026.2 MB)
17/03/16 19:36:20 INFO storage.MemoryStore: Block broadcast_38_piece21 stored as bytes in memory (estimated size 4.0 MB, free 1030.2 MB)
17/03/16 19:36:20 INFO storage.MemoryStore: Block broadcast_38_piece83 stored as bytes in memory (estimated size 4.0 MB, free 1034.2 MB)
17/03/16 19:36:20 INFO storage.MemoryStore: Block broadcast_38_piece69 stored as bytes in memory (estimated size 4.0 MB, free 1038.2 MB)
17/03/16 19:36:20 INFO storage.MemoryStore: Block broadcast_38_piece44 stored as bytes in memory (estimated size 4.0 MB, free 1042.2 MB)
17/03/16 19:36:20 INFO storage.MemoryStore: Block broadcast_38_piece53 stored as bytes in memory (estimated size 4.0 MB, free 1046.2 MB)
17/03/16 19:36:20 INFO storage.MemoryStore: Block broadcast_38_piece49 stored as bytes in memory (estimated size 4.0 MB, free 1050.2 MB)
17/03/16 19:36:20 INFO storage.MemoryStore: Block broadcast_38_piece82 stored as bytes in memory (estimated size 4.0 MB, free 1054.2 MB)
17/03/16 19:36:20 INFO storage.MemoryStore: Block broadcast_38_piece79 stored as bytes in memory (estimated size 4.0 MB, free 1058.2 MB)
17/03/16 19:36:20 INFO storage.MemoryStore: Block broadcast_38_piece88 stored as bytes in memory (estimated size 4.0 MB, free 1062.2 MB)
17/03/16 19:36:20 INFO storage.MemoryStore: Block broadcast_38_piece77 stored as bytes in memory (estimated size 4.0 MB, free 1066.2 MB)
17/03/16 19:36:21 INFO storage.MemoryStore: Block broadcast_38_piece89 stored as bytes in memory (estimated size 4.0 MB, free 1070.2 MB)
17/03/16 19:36:21 INFO storage.MemoryStore: Block broadcast_38_piece43 stored as bytes in memory (estimated size 4.0 MB, free 1074.2 MB)
17/03/16 19:36:21 INFO storage.MemoryStore: Block broadcast_38_piece2 stored as bytes in memory (estimated size 4.0 MB, free 1078.2 MB)
17/03/16 19:36:21 INFO storage.MemoryStore: Block broadcast_38_piece11 stored as bytes in memory (estimated size 4.0 MB, free 1082.2 MB)
17/03/16 19:36:21 INFO storage.MemoryStore: Block broadcast_38_piece13 stored as bytes in memory (estimated size 4.0 MB, free 1086.2 MB)
17/03/16 19:36:21 INFO storage.MemoryStore: Block broadcast_38_piece12 stored as bytes in memory (estimated size 4.0 MB, free 1090.2 MB)
17/03/16 19:36:21 INFO storage.MemoryStore: Block broadcast_38_piece3 stored as bytes in memory (estimated size 4.0 MB, free 1094.2 MB)
17/03/16 19:36:21 INFO storage.MemoryStore: Block broadcast_38_piece9 stored as bytes in memory (estimated size 4.0 MB, free 1098.2 MB)
17/03/16 19:36:21 INFO storage.MemoryStore: Block broadcast_38_piece92 stored as bytes in memory (estimated size 4.0 MB, free 1102.2 MB)
17/03/16 19:36:21 INFO storage.MemoryStore: Block broadcast_38_piece61 stored as bytes in memory (estimated size 4.0 MB, free 1106.2 MB)
17/03/16 19:36:21 INFO storage.MemoryStore: Block broadcast_38_piece26 stored as bytes in memory (estimated size 4.0 MB, free 1110.2 MB)
17/03/16 19:36:21 INFO storage.MemoryStore: Block broadcast_38_piece8 stored as bytes in memory (estimated size 4.0 MB, free 1114.2 MB)
17/03/16 19:36:21 INFO storage.MemoryStore: Block broadcast_38_piece20 stored as bytes in memory (estimated size 4.0 MB, free 1118.2 MB)
17/03/16 19:36:21 INFO storage.MemoryStore: Block broadcast_38_piece86 stored as bytes in memory (estimated size 4.0 MB, free 1122.2 MB)
17/03/16 19:36:21 INFO storage.MemoryStore: Block broadcast_38_piece75 stored as bytes in memory (estimated size 4.0 MB, free 1126.2 MB)
17/03/16 19:36:21 INFO storage.MemoryStore: Block broadcast_38_piece100 stored as bytes in memory (estimated size 4.0 MB, free 1130.2 MB)
17/03/16 19:36:21 INFO storage.MemoryStore: Block broadcast_38_piece48 stored as bytes in memory (estimated size 4.0 MB, free 1134.2 MB)
17/03/16 19:36:21 INFO storage.MemoryStore: Block broadcast_38_piece45 stored as bytes in memory (estimated size 4.0 MB, free 1138.2 MB)
17/03/16 19:36:21 INFO storage.MemoryStore: Block broadcast_38_piece36 stored as bytes in memory (estimated size 4.0 MB, free 1142.2 MB)
17/03/16 19:36:21 INFO storage.MemoryStore: Block broadcast_38_piece98 stored as bytes in memory (estimated size 4.0 MB, free 1146.2 MB)
17/03/16 19:36:21 INFO storage.MemoryStore: Block broadcast_38_piece80 stored as bytes in memory (estimated size 4.0 MB, free 1150.2 MB)
17/03/16 19:36:21 INFO storage.MemoryStore: Block broadcast_38_piece14 stored as bytes in memory (estimated size 4.0 MB, free 1154.2 MB)
17/03/16 19:36:21 INFO storage.MemoryStore: Block broadcast_38_piece22 stored as bytes in memory (estimated size 4.0 MB, free 1158.2 MB)
17/03/16 19:36:21 INFO storage.MemoryStore: Block broadcast_38_piece33 stored as bytes in memory (estimated size 4.0 MB, free 1162.2 MB)
17/03/16 19:36:21 INFO storage.MemoryStore: Block broadcast_38_piece0 stored as bytes in memory (estimated size 4.0 MB, free 1166.2 MB)
17/03/16 19:36:21 INFO storage.MemoryStore: Block broadcast_38_piece41 stored as bytes in memory (estimated size 4.0 MB, free 1170.2 MB)
17/03/16 19:36:21 INFO storage.MemoryStore: Block broadcast_38_piece15 stored as bytes in memory (estimated size 4.0 MB, free 1174.2 MB)
17/03/16 19:36:21 INFO storage.MemoryStore: Block broadcast_38_piece54 stored as bytes in memory (estimated size 4.0 MB, free 1178.2 MB)
17/03/16 19:36:21 INFO storage.MemoryStore: Block broadcast_38_piece4 stored as bytes in memory (estimated size 4.0 MB, free 1182.2 MB)
17/03/16 19:36:21 INFO storage.MemoryStore: Block broadcast_38_piece71 stored as bytes in memory (estimated size 4.0 MB, free 1186.2 MB)
17/03/16 19:36:21 INFO storage.MemoryStore: Block broadcast_38_piece62 stored as bytes in memory (estimated size 4.0 MB, free 1190.2 MB)
17/03/16 19:36:21 INFO storage.MemoryStore: Block broadcast_38_piece29 stored as bytes in memory (estimated size 4.0 MB, free 1194.2 MB)
17/03/16 19:36:21 INFO storage.MemoryStore: Block broadcast_38_piece32 stored as bytes in memory (estimated size 4.0 MB, free 1198.2 MB)
17/03/16 19:36:21 INFO storage.MemoryStore: Block broadcast_38_piece27 stored as bytes in memory (estimated size 4.0 MB, free 1202.2 MB)
17/03/16 19:36:21 INFO storage.MemoryStore: Block broadcast_38_piece78 stored as bytes in memory (estimated size 4.0 MB, free 1206.2 MB)
17/03/16 19:36:21 INFO storage.MemoryStore: Block broadcast_38_piece40 stored as bytes in memory (estimated size 4.0 MB, free 1210.2 MB)
17/03/16 19:36:21 INFO storage.MemoryStore: Block broadcast_38_piece72 stored as bytes in memory (estimated size 4.0 MB, free 1214.2 MB)
17/03/16 19:36:21 INFO storage.MemoryStore: Block broadcast_38_piece42 stored as bytes in memory (estimated size 4.0 MB, free 1218.2 MB)
17/03/16 19:36:21 INFO storage.MemoryStore: Block broadcast_38_piece103 stored as bytes in memory (estimated size 940.4 KB, free 1219.1 MB)
17/03/16 19:36:21 INFO storage.MemoryStore: Block broadcast_38_piece10 stored as bytes in memory (estimated size 4.0 MB, free 1223.1 MB)
17/03/16 19:36:21 INFO storage.MemoryStore: Block broadcast_38_piece19 stored as bytes in memory (estimated size 4.0 MB, free 1227.1 MB)
17/03/16 19:36:21 INFO storage.MemoryStore: Block broadcast_38_piece25 stored as bytes in memory (estimated size 4.0 MB, free 1231.1 MB)
17/03/16 19:36:21 INFO storage.MemoryStore: Block broadcast_38_piece81 stored as bytes in memory (estimated size 4.0 MB, free 1235.1 MB)
17/03/16 19:36:21 INFO storage.MemoryStore: Block broadcast_38_piece68 stored as bytes in memory (estimated size 4.0 MB, free 1239.1 MB)
17/03/16 19:36:21 INFO broadcast.TorrentBroadcast: Reading broadcast variable 38 took 1955 ms
17/03/16 19:36:28 INFO storage.MemoryStore: Block broadcast_38 stored as values in memory (estimated size 384.0 B, free 1239.1 MB)
17/03/16 19:36:36 INFO python.PythonRunner: Times: total = 16502, boot = 14, init = 8524, finish = 7964
17/03/16 19:36:36 INFO executor.Executor: Finished task 28.0 in stage 25.0 (TID 1182). 1274 bytes result sent to driver
17/03/16 19:36:36 INFO python.PythonRunner: Times: total = 16657, boot = 17, init = 8520, finish = 8120
17/03/16 19:36:36 INFO python.PythonRunner: Times: total = 16658, boot = 3, init = 8533, finish = 8122
17/03/16 19:36:36 INFO python.PythonRunner: Times: total = 16701, boot = 21, init = 8516, finish = 8164
17/03/16 19:36:36 INFO python.PythonRunner: Times: total = 16726, boot = 7, init = 8531, finish = 8188
17/03/16 19:36:36 INFO python.PythonRunner: Times: total = 16754, boot = 11, init = 8528, finish = 8215
17/03/16 19:36:36 INFO executor.Executor: Finished task 34.0 in stage 25.0 (TID 1188). 1274 bytes result sent to driver
17/03/16 19:36:36 INFO executor.Executor: Finished task 4.0 in stage 25.0 (TID 1158). 1274 bytes result sent to driver
17/03/16 19:36:36 INFO executor.Executor: Finished task 40.0 in stage 25.0 (TID 1194). 1274 bytes result sent to driver
17/03/16 19:36:36 INFO executor.Executor: Finished task 22.0 in stage 25.0 (TID 1176). 1274 bytes result sent to driver
17/03/16 19:36:36 INFO executor.Executor: Finished task 16.0 in stage 25.0 (TID 1170). 1274 bytes result sent to driver
17/03/16 19:36:36 INFO python.PythonRunner: Times: total = 16961, boot = 21, init = 8512, finish = 8428
17/03/16 19:36:36 INFO python.PythonRunner: Times: total = 16981, boot = 3, init = 8535, finish = 8443
17/03/16 19:36:36 INFO executor.Executor: Finished task 46.0 in stage 25.0 (TID 1200). 1274 bytes result sent to driver
17/03/16 19:36:36 INFO executor.Executor: Finished task 10.0 in stage 25.0 (TID 1164). 1274 bytes result sent to driver
17/03/16 19:37:01 INFO executor.CoarseGrainedExecutorBackend: Got assigned task 1206
17/03/16 19:37:01 INFO executor.CoarseGrainedExecutorBackend: Got assigned task 1212
17/03/16 19:37:01 INFO executor.Executor: Running task 4.0 in stage 26.0 (TID 1206)
17/03/16 19:37:01 INFO executor.Executor: Running task 10.0 in stage 26.0 (TID 1212)
17/03/16 19:37:01 INFO executor.CoarseGrainedExecutorBackend: Got assigned task 1218
17/03/16 19:37:01 INFO executor.CoarseGrainedExecutorBackend: Got assigned task 1224
17/03/16 19:37:01 INFO executor.Executor: Running task 16.0 in stage 26.0 (TID 1218)
17/03/16 19:37:01 INFO executor.Executor: Running task 22.0 in stage 26.0 (TID 1224)
17/03/16 19:37:01 INFO spark.MapOutputTrackerWorker: Updating epoch to 13 and clearing cache
17/03/16 19:37:01 INFO executor.CoarseGrainedExecutorBackend: Got assigned task 1230
17/03/16 19:37:01 INFO executor.CoarseGrainedExecutorBackend: Got assigned task 1236
17/03/16 19:37:01 INFO executor.Executor: Running task 28.0 in stage 26.0 (TID 1230)
17/03/16 19:37:01 INFO executor.Executor: Running task 34.0 in stage 26.0 (TID 1236)
17/03/16 19:37:01 INFO executor.CoarseGrainedExecutorBackend: Got assigned task 1242
17/03/16 19:37:01 INFO broadcast.TorrentBroadcast: Started reading broadcast variable 40
17/03/16 19:37:01 INFO executor.Executor: Running task 40.0 in stage 26.0 (TID 1242)
17/03/16 19:37:01 INFO executor.CoarseGrainedExecutorBackend: Got assigned task 1248
17/03/16 19:37:01 INFO executor.Executor: Running task 46.0 in stage 26.0 (TID 1248)
17/03/16 19:37:01 INFO storage.MemoryStore: Block broadcast_40_piece0 stored as bytes in memory (estimated size 3.3 KB, free 1239.1 MB)
17/03/16 19:37:01 INFO broadcast.TorrentBroadcast: Reading broadcast variable 40 took 6 ms
17/03/16 19:37:01 INFO storage.MemoryStore: Block broadcast_40 stored as values in memory (estimated size 5.3 KB, free 1239.1 MB)
17/03/16 19:37:01 INFO spark.MapOutputTrackerWorker: Don't have map outputs for shuffle 12, fetching them
17/03/16 19:37:01 INFO spark.MapOutputTrackerWorker: Doing the fetch; tracker endpoint = NettyRpcEndpointRef(spark://MapOutputTracker@10.10.34.38:36751)
17/03/16 19:37:01 INFO spark.MapOutputTrackerWorker: Don't have map outputs for shuffle 12, fetching them
17/03/16 19:37:01 INFO spark.MapOutputTrackerWorker: Don't have map outputs for shuffle 12, fetching them
17/03/16 19:37:01 INFO spark.MapOutputTrackerWorker: Don't have map outputs for shuffle 12, fetching them
17/03/16 19:37:01 INFO spark.MapOutputTrackerWorker: Don't have map outputs for shuffle 12, fetching them
17/03/16 19:37:01 INFO spark.MapOutputTrackerWorker: Don't have map outputs for shuffle 12, fetching them
17/03/16 19:37:01 INFO spark.MapOutputTrackerWorker: Got the output locations
17/03/16 19:37:01 INFO spark.MapOutputTrackerWorker: Don't have map outputs for shuffle 12, fetching them
17/03/16 19:37:01 INFO storage.ShuffleBlockFetcherIterator: Getting 48 non-empty blocks out of 48 blocks
17/03/16 19:37:01 INFO storage.ShuffleBlockFetcherIterator: Getting 48 non-empty blocks out of 48 blocks
17/03/16 19:37:01 INFO storage.ShuffleBlockFetcherIterator: Getting 48 non-empty blocks out of 48 blocks
17/03/16 19:37:01 INFO storage.ShuffleBlockFetcherIterator: Getting 48 non-empty blocks out of 48 blocks
17/03/16 19:37:01 INFO storage.ShuffleBlockFetcherIterator: Started 8 remote fetches in 4 ms
17/03/16 19:37:01 INFO storage.ShuffleBlockFetcherIterator: Started 7 remote fetches in 4 ms
17/03/16 19:37:01 INFO storage.ShuffleBlockFetcherIterator: Getting 48 non-empty blocks out of 48 blocks
17/03/16 19:37:01 INFO storage.ShuffleBlockFetcherIterator: Getting 48 non-empty blocks out of 48 blocks
17/03/16 19:37:01 INFO storage.ShuffleBlockFetcherIterator: Started 6 remote fetches in 5 ms
17/03/16 19:37:01 INFO storage.ShuffleBlockFetcherIterator: Started 6 remote fetches in 3 ms
17/03/16 19:37:01 INFO storage.ShuffleBlockFetcherIterator: Getting 48 non-empty blocks out of 48 blocks
17/03/16 19:37:01 INFO storage.ShuffleBlockFetcherIterator: Getting 48 non-empty blocks out of 48 blocks
17/03/16 19:37:01 INFO storage.ShuffleBlockFetcherIterator: Started 7 remote fetches in 3 ms
17/03/16 19:37:01 INFO storage.ShuffleBlockFetcherIterator: Started 7 remote fetches in 5 ms
17/03/16 19:37:01 INFO storage.ShuffleBlockFetcherIterator: Started 6 remote fetches in 3 ms
17/03/16 19:37:01 INFO storage.ShuffleBlockFetcherIterator: Started 7 remote fetches in 3 ms
17/03/16 19:37:02 INFO python.PythonRunner: Times: total = 838, boot = -24988, init = 24991, finish = 835
17/03/16 19:37:02 INFO executor.Executor: Finished task 10.0 in stage 26.0 (TID 1212). 9545898 bytes result sent to driver
17/03/16 19:37:02 INFO python.PythonRunner: Times: total = 867, boot = -24792, init = 24805, finish = 854
17/03/16 19:37:02 INFO executor.Executor: Finished task 40.0 in stage 26.0 (TID 1242). 9550803 bytes result sent to driver
17/03/16 19:37:02 INFO python.PythonRunner: Times: total = 905, boot = -24833, init = 24846, finish = 892
17/03/16 19:37:02 INFO python.PythonRunner: Times: total = 913, boot = -24767, init = 24778, finish = 902
17/03/16 19:37:02 INFO python.PythonRunner: Times: total = 921, boot = -24833, init = 24847, finish = 907
17/03/16 19:37:02 INFO python.PythonRunner: Times: total = 921, boot = -24535, init = 24546, finish = 910
17/03/16 19:37:02 INFO executor.Executor: Finished task 4.0 in stage 26.0 (TID 1206). 9556773 bytes result sent to driver
17/03/16 19:37:02 INFO executor.Executor: Finished task 22.0 in stage 26.0 (TID 1224). 9565817 bytes result sent to driver
17/03/16 19:37:02 INFO executor.Executor: Finished task 46.0 in stage 26.0 (TID 1248). 9552300 bytes result sent to driver
17/03/16 19:37:02 INFO executor.Executor: Finished task 16.0 in stage 26.0 (TID 1218). 9555028 bytes result sent to driver
17/03/16 19:37:02 INFO python.PythonRunner: Times: total = 1049, boot = -24732, init = 24741, finish = 1040
17/03/16 19:37:02 INFO executor.Executor: Finished task 34.0 in stage 26.0 (TID 1236). 9558007 bytes result sent to driver
17/03/16 19:37:02 INFO python.PythonRunner: Times: total = 1090, boot = -24516, init = 24524, finish = 1082
17/03/16 19:37:02 INFO executor.Executor: Finished task 28.0 in stage 26.0 (TID 1230). 9559088 bytes result sent to driver
17/03/16 19:37:06 INFO storage.BlockManager: Removing RDD 75
17/03/16 19:37:06 INFO storage.BlockManager: Removing RDD 80
17/03/16 19:44:22 INFO executor.CoarseGrainedExecutorBackend: Got assigned task 1251
17/03/16 19:44:22 INFO executor.Executor: Running task 1.0 in stage 27.0 (TID 1251)
17/03/16 19:44:22 INFO broadcast.TorrentBroadcast: Started reading broadcast variable 42
17/03/16 19:44:22 INFO executor.CoarseGrainedExecutorBackend: Got assigned task 1257
17/03/16 19:44:22 INFO executor.Executor: Running task 7.0 in stage 27.0 (TID 1257)
17/03/16 19:44:22 INFO executor.CoarseGrainedExecutorBackend: Got assigned task 1263
17/03/16 19:44:22 INFO executor.Executor: Running task 13.0 in stage 27.0 (TID 1263)
17/03/16 19:44:22 INFO executor.CoarseGrainedExecutorBackend: Got assigned task 1269
17/03/16 19:44:22 INFO executor.Executor: Running task 19.0 in stage 27.0 (TID 1269)
17/03/16 19:44:22 INFO executor.CoarseGrainedExecutorBackend: Got assigned task 1275
17/03/16 19:44:22 INFO executor.Executor: Running task 25.0 in stage 27.0 (TID 1275)
17/03/16 19:44:22 INFO executor.CoarseGrainedExecutorBackend: Got assigned task 1281
17/03/16 19:44:22 INFO executor.Executor: Running task 31.0 in stage 27.0 (TID 1281)
17/03/16 19:44:22 INFO storage.MemoryStore: Block broadcast_42_piece0 stored as bytes in memory (estimated size 5.4 KB, free 1239.1 MB)
17/03/16 19:44:22 INFO executor.CoarseGrainedExecutorBackend: Got assigned task 1287
17/03/16 19:44:22 INFO executor.Executor: Running task 37.0 in stage 27.0 (TID 1287)
17/03/16 19:44:22 INFO broadcast.TorrentBroadcast: Reading broadcast variable 42 took 17 ms
17/03/16 19:44:22 INFO executor.CoarseGrainedExecutorBackend: Got assigned task 1293
17/03/16 19:44:22 INFO executor.Executor: Running task 43.0 in stage 27.0 (TID 1293)
17/03/16 19:44:22 INFO storage.MemoryStore: Block broadcast_42 stored as values in memory (estimated size 8.6 KB, free 1239.1 MB)
17/03/16 19:44:22 INFO broadcast.TorrentBroadcast: Started reading broadcast variable 41
17/03/16 19:44:22 INFO storage.MemoryStore: Block broadcast_41_piece84 stored as bytes in memory (estimated size 4.0 MB, free 1243.1 MB)
17/03/16 19:44:22 INFO storage.MemoryStore: Block broadcast_41_piece43 stored as bytes in memory (estimated size 4.0 MB, free 1247.1 MB)
17/03/16 19:44:22 INFO storage.MemoryStore: Block broadcast_41_piece14 stored as bytes in memory (estimated size 4.0 MB, free 1251.1 MB)
17/03/16 19:44:22 INFO storage.MemoryStore: Block broadcast_41_piece47 stored as bytes in memory (estimated size 4.0 MB, free 1255.1 MB)
17/03/16 19:44:22 INFO storage.MemoryStore: Block broadcast_41_piece12 stored as bytes in memory (estimated size 4.0 MB, free 1259.1 MB)
17/03/16 19:44:22 INFO storage.MemoryStore: Block broadcast_41_piece9 stored as bytes in memory (estimated size 4.0 MB, free 1263.1 MB)
17/03/16 19:44:22 INFO storage.MemoryStore: Block broadcast_41_piece16 stored as bytes in memory (estimated size 4.0 MB, free 1267.1 MB)
17/03/16 19:44:22 INFO storage.MemoryStore: Block broadcast_41_piece99 stored as bytes in memory (estimated size 4.0 MB, free 1271.1 MB)
17/03/16 19:44:22 INFO storage.MemoryStore: Block broadcast_41_piece11 stored as bytes in memory (estimated size 4.0 MB, free 1275.1 MB)
17/03/16 19:44:22 INFO storage.MemoryStore: Block broadcast_41_piece75 stored as bytes in memory (estimated size 4.0 MB, free 1279.1 MB)
17/03/16 19:44:22 INFO storage.MemoryStore: Block broadcast_41_piece20 stored as bytes in memory (estimated size 4.0 MB, free 1283.1 MB)
17/03/16 19:44:22 INFO storage.MemoryStore: Block broadcast_41_piece87 stored as bytes in memory (estimated size 4.0 MB, free 1287.1 MB)
17/03/16 19:44:22 INFO storage.MemoryStore: Block broadcast_41_piece68 stored as bytes in memory (estimated size 4.0 MB, free 1291.1 MB)
17/03/16 19:44:22 INFO storage.MemoryStore: Block broadcast_41_piece28 stored as bytes in memory (estimated size 4.0 MB, free 1295.1 MB)
17/03/16 19:44:22 INFO storage.MemoryStore: Block broadcast_41_piece48 stored as bytes in memory (estimated size 4.0 MB, free 1299.1 MB)
17/03/16 19:44:22 INFO storage.MemoryStore: Block broadcast_41_piece67 stored as bytes in memory (estimated size 4.0 MB, free 1303.1 MB)
17/03/16 19:44:22 INFO storage.MemoryStore: Block broadcast_41_piece73 stored as bytes in memory (estimated size 4.0 MB, free 1307.1 MB)
17/03/16 19:44:22 INFO storage.MemoryStore: Block broadcast_41_piece51 stored as bytes in memory (estimated size 4.0 MB, free 1311.1 MB)
17/03/16 19:44:22 INFO storage.MemoryStore: Block broadcast_41_piece74 stored as bytes in memory (estimated size 4.0 MB, free 1315.1 MB)
17/03/16 19:44:22 INFO storage.MemoryStore: Block broadcast_41_piece27 stored as bytes in memory (estimated size 4.0 MB, free 1319.1 MB)
17/03/16 19:44:22 INFO storage.MemoryStore: Block broadcast_41_piece61 stored as bytes in memory (estimated size 4.0 MB, free 1323.1 MB)
17/03/16 19:44:22 INFO storage.MemoryStore: Block broadcast_41_piece29 stored as bytes in memory (estimated size 4.0 MB, free 1327.1 MB)
17/03/16 19:44:22 INFO storage.MemoryStore: Block broadcast_41_piece2 stored as bytes in memory (estimated size 4.0 MB, free 1331.1 MB)
17/03/16 19:44:22 INFO storage.MemoryStore: Block broadcast_41_piece44 stored as bytes in memory (estimated size 4.0 MB, free 1335.1 MB)
17/03/16 19:44:22 INFO storage.MemoryStore: Block broadcast_41_piece6 stored as bytes in memory (estimated size 4.0 MB, free 1339.1 MB)
17/03/16 19:44:22 INFO storage.MemoryStore: Block broadcast_41_piece33 stored as bytes in memory (estimated size 4.0 MB, free 1343.1 MB)
17/03/16 19:44:22 INFO storage.MemoryStore: Block broadcast_41_piece52 stored as bytes in memory (estimated size 4.0 MB, free 1347.1 MB)
17/03/16 19:44:22 INFO storage.MemoryStore: Block broadcast_41_piece46 stored as bytes in memory (estimated size 4.0 MB, free 1351.1 MB)
17/03/16 19:44:22 INFO storage.MemoryStore: Block broadcast_41_piece23 stored as bytes in memory (estimated size 4.0 MB, free 1355.1 MB)
17/03/16 19:44:23 INFO storage.MemoryStore: Block broadcast_41_piece45 stored as bytes in memory (estimated size 4.0 MB, free 1359.1 MB)
17/03/16 19:44:23 INFO storage.MemoryStore: Block broadcast_41_piece55 stored as bytes in memory (estimated size 4.0 MB, free 1363.1 MB)
17/03/16 19:44:23 INFO storage.MemoryStore: Block broadcast_41_piece4 stored as bytes in memory (estimated size 4.0 MB, free 1367.1 MB)
17/03/16 19:44:23 INFO storage.MemoryStore: Block broadcast_41_piece18 stored as bytes in memory (estimated size 4.0 MB, free 1371.1 MB)
17/03/16 19:44:23 INFO storage.MemoryStore: Block broadcast_41_piece82 stored as bytes in memory (estimated size 4.0 MB, free 1375.1 MB)
17/03/16 19:44:23 INFO storage.MemoryStore: Block broadcast_41_piece42 stored as bytes in memory (estimated size 4.0 MB, free 1379.1 MB)
17/03/16 19:44:23 INFO storage.MemoryStore: Block broadcast_41_piece36 stored as bytes in memory (estimated size 4.0 MB, free 1383.1 MB)
17/03/16 19:44:23 INFO storage.MemoryStore: Block broadcast_41_piece35 stored as bytes in memory (estimated size 4.0 MB, free 1387.1 MB)
17/03/16 19:44:23 INFO storage.MemoryStore: Block broadcast_41_piece93 stored as bytes in memory (estimated size 4.0 MB, free 1391.1 MB)
17/03/16 19:44:23 INFO storage.MemoryStore: Block broadcast_41_piece91 stored as bytes in memory (estimated size 4.0 MB, free 1395.1 MB)
17/03/16 19:44:23 INFO storage.MemoryStore: Block broadcast_41_piece19 stored as bytes in memory (estimated size 4.0 MB, free 1399.1 MB)
17/03/16 19:44:23 INFO storage.MemoryStore: Block broadcast_41_piece64 stored as bytes in memory (estimated size 4.0 MB, free 1403.1 MB)
17/03/16 19:44:23 INFO storage.MemoryStore: Block broadcast_41_piece31 stored as bytes in memory (estimated size 4.0 MB, free 1407.1 MB)
17/03/16 19:44:23 INFO storage.MemoryStore: Block broadcast_41_piece103 stored as bytes in memory (estimated size 855.4 KB, free 1407.9 MB)
17/03/16 19:44:23 INFO storage.MemoryStore: Block broadcast_41_piece38 stored as bytes in memory (estimated size 4.0 MB, free 1411.9 MB)
17/03/16 19:44:23 INFO storage.MemoryStore: Block broadcast_41_piece86 stored as bytes in memory (estimated size 4.0 MB, free 1415.9 MB)
17/03/16 19:44:23 INFO storage.MemoryStore: Block broadcast_41_piece49 stored as bytes in memory (estimated size 4.0 MB, free 1419.9 MB)
17/03/16 19:44:23 INFO storage.MemoryStore: Block broadcast_41_piece95 stored as bytes in memory (estimated size 4.0 MB, free 1423.9 MB)
17/03/16 19:44:23 INFO storage.MemoryStore: Block broadcast_41_piece81 stored as bytes in memory (estimated size 4.0 MB, free 1427.9 MB)
17/03/16 19:44:23 INFO storage.MemoryStore: Block broadcast_41_piece98 stored as bytes in memory (estimated size 4.0 MB, free 1431.9 MB)
17/03/16 19:44:23 INFO storage.MemoryStore: Block broadcast_41_piece37 stored as bytes in memory (estimated size 4.0 MB, free 1435.9 MB)
17/03/16 19:44:23 INFO storage.MemoryStore: Block broadcast_41_piece77 stored as bytes in memory (estimated size 4.0 MB, free 1439.9 MB)
17/03/16 19:44:23 INFO storage.MemoryStore: Block broadcast_41_piece79 stored as bytes in memory (estimated size 4.0 MB, free 1443.9 MB)
17/03/16 19:44:23 INFO storage.MemoryStore: Block broadcast_41_piece7 stored as bytes in memory (estimated size 4.0 MB, free 1447.9 MB)
17/03/16 19:44:23 INFO storage.MemoryStore: Block broadcast_41_piece50 stored as bytes in memory (estimated size 4.0 MB, free 1451.9 MB)
17/03/16 19:44:23 INFO storage.MemoryStore: Block broadcast_41_piece34 stored as bytes in memory (estimated size 4.0 MB, free 1455.9 MB)
17/03/16 19:44:23 INFO storage.MemoryStore: Block broadcast_41_piece69 stored as bytes in memory (estimated size 4.0 MB, free 1459.9 MB)
17/03/16 19:44:23 INFO storage.MemoryStore: Block broadcast_41_piece94 stored as bytes in memory (estimated size 4.0 MB, free 1463.9 MB)
17/03/16 19:44:23 INFO storage.MemoryStore: Block broadcast_41_piece63 stored as bytes in memory (estimated size 4.0 MB, free 1467.9 MB)
17/03/16 19:44:23 INFO storage.MemoryStore: Block broadcast_41_piece21 stored as bytes in memory (estimated size 4.0 MB, free 1471.9 MB)
17/03/16 19:44:23 INFO storage.MemoryStore: Block broadcast_41_piece102 stored as bytes in memory (estimated size 4.0 MB, free 1475.9 MB)
17/03/16 19:44:23 INFO storage.MemoryStore: Block broadcast_41_piece13 stored as bytes in memory (estimated size 4.0 MB, free 1479.9 MB)
17/03/16 19:44:23 INFO storage.MemoryStore: Block broadcast_41_piece76 stored as bytes in memory (estimated size 4.0 MB, free 1483.9 MB)
17/03/16 19:44:23 INFO storage.MemoryStore: Block broadcast_41_piece65 stored as bytes in memory (estimated size 4.0 MB, free 1487.9 MB)
17/03/16 19:44:23 INFO storage.MemoryStore: Block broadcast_41_piece92 stored as bytes in memory (estimated size 4.0 MB, free 1491.9 MB)
17/03/16 19:44:23 INFO storage.MemoryStore: Block broadcast_41_piece1 stored as bytes in memory (estimated size 4.0 MB, free 1495.9 MB)
17/03/16 19:44:23 INFO storage.MemoryStore: Block broadcast_41_piece80 stored as bytes in memory (estimated size 4.0 MB, free 1499.9 MB)
17/03/16 19:44:23 INFO storage.MemoryStore: Block broadcast_41_piece15 stored as bytes in memory (estimated size 4.0 MB, free 1503.9 MB)
17/03/16 19:44:23 INFO storage.MemoryStore: Block broadcast_41_piece62 stored as bytes in memory (estimated size 4.0 MB, free 1507.9 MB)
17/03/16 19:44:23 INFO storage.MemoryStore: Block broadcast_41_piece22 stored as bytes in memory (estimated size 4.0 MB, free 1511.9 MB)
17/03/16 19:44:23 INFO storage.MemoryStore: Block broadcast_41_piece66 stored as bytes in memory (estimated size 4.0 MB, free 1515.9 MB)
17/03/16 19:44:23 INFO storage.MemoryStore: Block broadcast_41_piece101 stored as bytes in memory (estimated size 4.0 MB, free 1519.9 MB)
17/03/16 19:44:23 INFO storage.MemoryStore: Block broadcast_41_piece96 stored as bytes in memory (estimated size 4.0 MB, free 1523.9 MB)
17/03/16 19:44:23 INFO storage.MemoryStore: Block broadcast_41_piece60 stored as bytes in memory (estimated size 4.0 MB, free 1527.9 MB)
17/03/16 19:44:23 INFO storage.MemoryStore: Block broadcast_41_piece41 stored as bytes in memory (estimated size 4.0 MB, free 1531.9 MB)
17/03/16 19:44:23 INFO storage.MemoryStore: Block broadcast_41_piece89 stored as bytes in memory (estimated size 4.0 MB, free 1535.9 MB)
17/03/16 19:44:23 INFO storage.MemoryStore: Block broadcast_41_piece8 stored as bytes in memory (estimated size 4.0 MB, free 1539.9 MB)
17/03/16 19:44:23 INFO storage.MemoryStore: Block broadcast_41_piece58 stored as bytes in memory (estimated size 4.0 MB, free 1543.9 MB)
17/03/16 19:44:23 INFO storage.MemoryStore: Block broadcast_41_piece85 stored as bytes in memory (estimated size 4.0 MB, free 1547.9 MB)
17/03/16 19:44:23 INFO storage.MemoryStore: Block broadcast_41_piece83 stored as bytes in memory (estimated size 4.0 MB, free 1551.9 MB)
17/03/16 19:44:23 INFO storage.MemoryStore: Block broadcast_41_piece40 stored as bytes in memory (estimated size 4.0 MB, free 1555.9 MB)
17/03/16 19:44:23 INFO storage.MemoryStore: Block broadcast_41_piece97 stored as bytes in memory (estimated size 4.0 MB, free 1559.9 MB)
17/03/16 19:44:23 INFO storage.MemoryStore: Block broadcast_41_piece24 stored as bytes in memory (estimated size 4.0 MB, free 1563.9 MB)
17/03/16 19:44:23 INFO storage.MemoryStore: Block broadcast_41_piece71 stored as bytes in memory (estimated size 4.0 MB, free 1567.9 MB)
17/03/16 19:44:23 INFO storage.MemoryStore: Block broadcast_41_piece39 stored as bytes in memory (estimated size 4.0 MB, free 1571.9 MB)
17/03/16 19:44:23 INFO storage.MemoryStore: Block broadcast_41_piece53 stored as bytes in memory (estimated size 4.0 MB, free 1575.9 MB)
17/03/16 19:44:24 INFO storage.MemoryStore: Block broadcast_41_piece32 stored as bytes in memory (estimated size 4.0 MB, free 1579.9 MB)
17/03/16 19:44:24 INFO storage.MemoryStore: Block broadcast_41_piece26 stored as bytes in memory (estimated size 4.0 MB, free 1583.9 MB)
17/03/16 19:44:24 INFO storage.MemoryStore: Block broadcast_41_piece17 stored as bytes in memory (estimated size 4.0 MB, free 1587.9 MB)
17/03/16 19:44:24 INFO storage.MemoryStore: Block broadcast_41_piece5 stored as bytes in memory (estimated size 4.0 MB, free 1591.9 MB)
17/03/16 19:44:24 INFO storage.MemoryStore: Block broadcast_41_piece57 stored as bytes in memory (estimated size 4.0 MB, free 1595.9 MB)
17/03/16 19:44:24 INFO storage.MemoryStore: Block broadcast_41_piece56 stored as bytes in memory (estimated size 4.0 MB, free 1599.9 MB)
17/03/16 19:44:24 INFO storage.MemoryStore: Block broadcast_41_piece70 stored as bytes in memory (estimated size 4.0 MB, free 1603.9 MB)
17/03/16 19:44:24 INFO storage.MemoryStore: Block broadcast_41_piece30 stored as bytes in memory (estimated size 4.0 MB, free 1607.9 MB)
17/03/16 19:44:24 INFO storage.MemoryStore: Block broadcast_41_piece0 stored as bytes in memory (estimated size 4.0 MB, free 1611.9 MB)
17/03/16 19:44:24 INFO storage.MemoryStore: Block broadcast_41_piece72 stored as bytes in memory (estimated size 4.0 MB, free 1615.9 MB)
17/03/16 19:44:24 INFO storage.MemoryStore: Block broadcast_41_piece10 stored as bytes in memory (estimated size 4.0 MB, free 1619.9 MB)
17/03/16 19:44:24 INFO storage.MemoryStore: Block broadcast_41_piece3 stored as bytes in memory (estimated size 4.0 MB, free 1623.9 MB)
17/03/16 19:44:24 INFO storage.MemoryStore: Block broadcast_41_piece90 stored as bytes in memory (estimated size 4.0 MB, free 1627.9 MB)
17/03/16 19:44:24 INFO storage.MemoryStore: Block broadcast_41_piece25 stored as bytes in memory (estimated size 4.0 MB, free 1631.9 MB)
17/03/16 19:44:24 INFO storage.MemoryStore: Block broadcast_41_piece88 stored as bytes in memory (estimated size 4.0 MB, free 1635.9 MB)
17/03/16 19:44:24 INFO storage.MemoryStore: Block broadcast_41_piece54 stored as bytes in memory (estimated size 4.0 MB, free 1639.9 MB)
17/03/16 19:44:24 INFO storage.MemoryStore: Block broadcast_41_piece78 stored as bytes in memory (estimated size 4.0 MB, free 1643.9 MB)
17/03/16 19:44:24 INFO storage.MemoryStore: Block broadcast_41_piece100 stored as bytes in memory (estimated size 4.0 MB, free 1647.9 MB)
17/03/16 19:44:24 INFO storage.MemoryStore: Block broadcast_41_piece59 stored as bytes in memory (estimated size 4.0 MB, free 1651.9 MB)
17/03/16 19:44:24 INFO broadcast.TorrentBroadcast: Reading broadcast variable 41 took 1954 ms
17/03/16 19:44:31 INFO storage.MemoryStore: Block broadcast_41 stored as values in memory (estimated size 384.0 B, free 1651.9 MB)
17/03/16 19:44:40 INFO python.PythonRunner: Times: total = 17715, boot = 13, init = 9499, finish = 8203
17/03/16 19:44:40 INFO python.PythonRunner: Times: total = 17728, boot = 17, init = 9495, finish = 8216
17/03/16 19:44:40 INFO executor.Executor: Finished task 25.0 in stage 27.0 (TID 1275). 1274 bytes result sent to driver
17/03/16 19:44:40 INFO executor.Executor: Finished task 19.0 in stage 27.0 (TID 1269). 1274 bytes result sent to driver
17/03/16 19:44:40 INFO python.PythonRunner: Times: total = 17876, boot = 10, init = 9502, finish = 8364
17/03/16 19:44:40 INFO python.PythonRunner: Times: total = 17879, boot = 24, init = 9487, finish = 8368
17/03/16 19:44:40 INFO executor.Executor: Finished task 37.0 in stage 27.0 (TID 1287). 1274 bytes result sent to driver
17/03/16 19:44:40 INFO executor.Executor: Finished task 13.0 in stage 27.0 (TID 1263). 1274 bytes result sent to driver
17/03/16 19:44:40 INFO python.PythonRunner: Times: total = 18005, boot = 6, init = 9506, finish = 8493
17/03/16 19:44:40 INFO python.PythonRunner: Times: total = 18063, boot = 20, init = 9491, finish = 8552
17/03/16 19:44:40 INFO executor.Executor: Finished task 7.0 in stage 27.0 (TID 1257). 1274 bytes result sent to driver
17/03/16 19:44:40 INFO executor.Executor: Finished task 31.0 in stage 27.0 (TID 1281). 1274 bytes result sent to driver
17/03/16 19:44:40 INFO python.PythonRunner: Times: total = 18149, boot = 3, init = 9510, finish = 8636
17/03/16 19:44:40 INFO executor.Executor: Finished task 43.0 in stage 27.0 (TID 1293). 1274 bytes result sent to driver
17/03/16 19:44:40 INFO python.PythonRunner: Times: total = 18251, boot = 3, init = 9508, finish = 8740
17/03/16 19:44:40 INFO executor.Executor: Finished task 1.0 in stage 27.0 (TID 1251). 1274 bytes result sent to driver
17/03/16 19:45:03 INFO executor.CoarseGrainedExecutorBackend: Got assigned task 1301
17/03/16 19:45:03 INFO executor.CoarseGrainedExecutorBackend: Got assigned task 1307
17/03/16 19:45:03 INFO executor.Executor: Running task 3.0 in stage 28.0 (TID 1301)
17/03/16 19:45:03 INFO executor.Executor: Running task 9.0 in stage 28.0 (TID 1307)
17/03/16 19:45:03 INFO executor.CoarseGrainedExecutorBackend: Got assigned task 1313
17/03/16 19:45:03 INFO executor.CoarseGrainedExecutorBackend: Got assigned task 1319
17/03/16 19:45:03 INFO executor.Executor: Running task 15.0 in stage 28.0 (TID 1313)
17/03/16 19:45:03 INFO executor.Executor: Running task 21.0 in stage 28.0 (TID 1319)
17/03/16 19:45:03 INFO spark.MapOutputTrackerWorker: Updating epoch to 14 and clearing cache
17/03/16 19:45:03 INFO executor.CoarseGrainedExecutorBackend: Got assigned task 1325
17/03/16 19:45:03 INFO executor.Executor: Running task 27.0 in stage 28.0 (TID 1325)
17/03/16 19:45:03 INFO executor.CoarseGrainedExecutorBackend: Got assigned task 1331
17/03/16 19:45:03 INFO executor.CoarseGrainedExecutorBackend: Got assigned task 1337
17/03/16 19:45:03 INFO executor.Executor: Running task 33.0 in stage 28.0 (TID 1331)
17/03/16 19:45:03 INFO executor.CoarseGrainedExecutorBackend: Got assigned task 1343
17/03/16 19:45:03 INFO broadcast.TorrentBroadcast: Started reading broadcast variable 43
17/03/16 19:45:03 INFO executor.Executor: Running task 45.0 in stage 28.0 (TID 1343)
17/03/16 19:45:03 INFO executor.Executor: Running task 39.0 in stage 28.0 (TID 1337)
17/03/16 19:45:03 INFO storage.MemoryStore: Block broadcast_43_piece0 stored as bytes in memory (estimated size 3.3 KB, free 1651.9 MB)
17/03/16 19:45:03 INFO broadcast.TorrentBroadcast: Reading broadcast variable 43 took 6 ms
17/03/16 19:45:03 INFO storage.MemoryStore: Block broadcast_43 stored as values in memory (estimated size 5.3 KB, free 1651.9 MB)
17/03/16 19:45:03 INFO spark.MapOutputTrackerWorker: Don't have map outputs for shuffle 13, fetching them
17/03/16 19:45:03 INFO spark.MapOutputTrackerWorker: Doing the fetch; tracker endpoint = NettyRpcEndpointRef(spark://MapOutputTracker@10.10.34.38:36751)
17/03/16 19:45:03 INFO spark.MapOutputTrackerWorker: Don't have map outputs for shuffle 13, fetching them
17/03/16 19:45:03 INFO spark.MapOutputTrackerWorker: Don't have map outputs for shuffle 13, fetching them
17/03/16 19:45:03 INFO spark.MapOutputTrackerWorker: Don't have map outputs for shuffle 13, fetching them
17/03/16 19:45:03 INFO spark.MapOutputTrackerWorker: Don't have map outputs for shuffle 13, fetching them
17/03/16 19:45:03 INFO spark.MapOutputTrackerWorker: Don't have map outputs for shuffle 13, fetching them
17/03/16 19:45:03 INFO spark.MapOutputTrackerWorker: Got the output locations
17/03/16 19:45:03 INFO spark.MapOutputTrackerWorker: Don't have map outputs for shuffle 13, fetching them
17/03/16 19:45:03 INFO storage.ShuffleBlockFetcherIterator: Getting 48 non-empty blocks out of 48 blocks
17/03/16 19:45:03 INFO storage.ShuffleBlockFetcherIterator: Getting 48 non-empty blocks out of 48 blocks
17/03/16 19:45:03 INFO storage.ShuffleBlockFetcherIterator: Getting 48 non-empty blocks out of 48 blocks
17/03/16 19:45:03 INFO storage.ShuffleBlockFetcherIterator: Getting 48 non-empty blocks out of 48 blocks
17/03/16 19:45:03 INFO storage.ShuffleBlockFetcherIterator: Getting 48 non-empty blocks out of 48 blocks
17/03/16 19:45:03 INFO storage.ShuffleBlockFetcherIterator: Started 7 remote fetches in 4 ms
17/03/16 19:45:03 INFO storage.ShuffleBlockFetcherIterator: Started 7 remote fetches in 6 ms
17/03/16 19:45:03 INFO storage.ShuffleBlockFetcherIterator: Getting 48 non-empty blocks out of 48 blocks
17/03/16 19:45:03 INFO storage.ShuffleBlockFetcherIterator: Started 7 remote fetches in 3 ms
17/03/16 19:45:03 INFO storage.ShuffleBlockFetcherIterator: Started 8 remote fetches in 5 ms
17/03/16 19:45:03 INFO storage.ShuffleBlockFetcherIterator: Getting 48 non-empty blocks out of 48 blocks
17/03/16 19:45:03 INFO storage.ShuffleBlockFetcherIterator: Getting 48 non-empty blocks out of 48 blocks
17/03/16 19:45:03 INFO storage.ShuffleBlockFetcherIterator: Started 6 remote fetches in 4 ms
17/03/16 19:45:03 INFO storage.ShuffleBlockFetcherIterator: Started 6 remote fetches in 5 ms
17/03/16 19:45:03 INFO storage.ShuffleBlockFetcherIterator: Started 6 remote fetches in 3 ms
17/03/16 19:45:03 INFO storage.ShuffleBlockFetcherIterator: Started 7 remote fetches in 4 ms
17/03/16 19:45:04 INFO python.PythonRunner: Times: total = 840, boot = -23733, init = 23736, finish = 837
17/03/16 19:45:04 INFO executor.Executor: Finished task 3.0 in stage 28.0 (TID 1301). 9561638 bytes result sent to driver
17/03/16 19:45:04 INFO python.PythonRunner: Times: total = 900, boot = -23543, init = 23552, finish = 891
17/03/16 19:45:04 INFO python.PythonRunner: Times: total = 915, boot = -23733, init = 23740, finish = 908
17/03/16 19:45:04 INFO python.PythonRunner: Times: total = 919, boot = -23369, init = 23378, finish = 910
17/03/16 19:45:04 INFO python.PythonRunner: Times: total = 921, boot = -23607, init = 23616, finish = 912
17/03/16 19:45:04 INFO executor.Executor: Finished task 15.0 in stage 28.0 (TID 1313). 9561507 bytes result sent to driver
17/03/16 19:45:04 INFO executor.Executor: Finished task 45.0 in stage 28.0 (TID 1343). 9562435 bytes result sent to driver
17/03/16 19:45:04 INFO executor.Executor: Finished task 21.0 in stage 28.0 (TID 1319). 9552175 bytes result sent to driver
17/03/16 19:45:04 INFO python.PythonRunner: Times: total = 950, boot = -23892, init = 23896, finish = 946
17/03/16 19:45:04 INFO executor.Executor: Finished task 33.0 in stage 28.0 (TID 1331). 9569498 bytes result sent to driver
17/03/16 19:45:04 INFO python.PythonRunner: Times: total = 964, boot = -23872, init = 23875, finish = 961
17/03/16 19:45:04 INFO executor.Executor: Finished task 9.0 in stage 28.0 (TID 1307). 9556829 bytes result sent to driver
17/03/16 19:45:04 INFO executor.Executor: Finished task 39.0 in stage 28.0 (TID 1337). 9564851 bytes result sent to driver
17/03/16 19:45:05 INFO python.PythonRunner: Times: total = 1027, boot = -23458, init = 23462, finish = 1023
17/03/16 19:45:05 INFO executor.Executor: Finished task 27.0 in stage 28.0 (TID 1325). 9554324 bytes result sent to driver
17/03/16 19:45:09 INFO storage.BlockManager: Removing RDD 81
17/03/16 19:45:09 INFO storage.BlockManager: Removing RDD 86
17/03/16 19:52:25 INFO executor.CoarseGrainedExecutorBackend: Got assigned task 1347
17/03/16 19:52:25 INFO executor.Executor: Running task 1.0 in stage 29.0 (TID 1347)
17/03/16 19:52:25 INFO broadcast.TorrentBroadcast: Started reading broadcast variable 45
17/03/16 19:52:25 INFO executor.CoarseGrainedExecutorBackend: Got assigned task 1353
17/03/16 19:52:25 INFO executor.Executor: Running task 7.0 in stage 29.0 (TID 1353)
17/03/16 19:52:25 INFO executor.CoarseGrainedExecutorBackend: Got assigned task 1359
17/03/16 19:52:25 INFO executor.Executor: Running task 13.0 in stage 29.0 (TID 1359)
17/03/16 19:52:25 INFO executor.CoarseGrainedExecutorBackend: Got assigned task 1365
17/03/16 19:52:25 INFO executor.Executor: Running task 19.0 in stage 29.0 (TID 1365)
17/03/16 19:52:25 INFO executor.CoarseGrainedExecutorBackend: Got assigned task 1371
17/03/16 19:52:25 INFO executor.Executor: Running task 25.0 in stage 29.0 (TID 1371)
17/03/16 19:52:25 INFO executor.CoarseGrainedExecutorBackend: Got assigned task 1377
17/03/16 19:52:25 INFO executor.Executor: Running task 31.0 in stage 29.0 (TID 1377)
17/03/16 19:52:25 INFO storage.MemoryStore: Block broadcast_45_piece0 stored as bytes in memory (estimated size 5.4 KB, free 412.8 MB)
17/03/16 19:52:25 INFO executor.CoarseGrainedExecutorBackend: Got assigned task 1383
17/03/16 19:52:25 INFO executor.Executor: Running task 37.0 in stage 29.0 (TID 1383)
17/03/16 19:52:25 INFO broadcast.TorrentBroadcast: Reading broadcast variable 45 took 15 ms
17/03/16 19:52:25 INFO executor.CoarseGrainedExecutorBackend: Got assigned task 1389
17/03/16 19:52:25 INFO executor.Executor: Running task 43.0 in stage 29.0 (TID 1389)
17/03/16 19:52:25 INFO storage.MemoryStore: Block broadcast_45 stored as values in memory (estimated size 8.6 KB, free 412.8 MB)
17/03/16 19:52:25 INFO broadcast.TorrentBroadcast: Started reading broadcast variable 44
17/03/16 19:52:25 INFO storage.MemoryStore: Block broadcast_44_piece49 stored as bytes in memory (estimated size 4.0 MB, free 416.8 MB)
17/03/16 19:52:25 INFO storage.MemoryStore: Block broadcast_44_piece86 stored as bytes in memory (estimated size 4.0 MB, free 420.8 MB)
17/03/16 19:52:25 INFO storage.MemoryStore: Block broadcast_44_piece9 stored as bytes in memory (estimated size 4.0 MB, free 424.8 MB)
17/03/16 19:52:25 INFO storage.MemoryStore: Block broadcast_44_piece75 stored as bytes in memory (estimated size 4.0 MB, free 428.8 MB)
17/03/16 19:52:25 INFO storage.MemoryStore: Block broadcast_44_piece80 stored as bytes in memory (estimated size 4.0 MB, free 432.8 MB)
17/03/16 19:52:25 INFO storage.MemoryStore: Block broadcast_44_piece10 stored as bytes in memory (estimated size 4.0 MB, free 436.8 MB)
17/03/16 19:52:25 INFO storage.MemoryStore: Block broadcast_44_piece99 stored as bytes in memory (estimated size 4.0 MB, free 440.8 MB)
17/03/16 19:52:25 INFO storage.MemoryStore: Block broadcast_44_piece65 stored as bytes in memory (estimated size 4.0 MB, free 444.8 MB)
17/03/16 19:52:25 INFO storage.MemoryStore: Block broadcast_44_piece37 stored as bytes in memory (estimated size 4.0 MB, free 448.8 MB)
17/03/16 19:52:25 INFO storage.MemoryStore: Block broadcast_44_piece17 stored as bytes in memory (estimated size 4.0 MB, free 452.8 MB)
17/03/16 19:52:25 INFO storage.MemoryStore: Block broadcast_44_piece100 stored as bytes in memory (estimated size 4.0 MB, free 456.8 MB)
17/03/16 19:52:25 INFO storage.MemoryStore: Block broadcast_44_piece98 stored as bytes in memory (estimated size 4.0 MB, free 460.8 MB)
17/03/16 19:52:25 INFO storage.MemoryStore: Block broadcast_44_piece14 stored as bytes in memory (estimated size 4.0 MB, free 464.8 MB)
17/03/16 19:52:25 INFO storage.MemoryStore: Block broadcast_44_piece24 stored as bytes in memory (estimated size 4.0 MB, free 468.8 MB)
17/03/16 19:52:26 INFO storage.MemoryStore: Block broadcast_44_piece40 stored as bytes in memory (estimated size 4.0 MB, free 472.8 MB)
17/03/16 19:52:26 INFO storage.MemoryStore: Block broadcast_44_piece95 stored as bytes in memory (estimated size 4.0 MB, free 476.8 MB)
17/03/16 19:52:26 INFO storage.MemoryStore: Block broadcast_44_piece93 stored as bytes in memory (estimated size 4.0 MB, free 480.8 MB)
17/03/16 19:52:26 INFO storage.MemoryStore: Block broadcast_44_piece25 stored as bytes in memory (estimated size 4.0 MB, free 484.8 MB)
17/03/16 19:52:26 INFO storage.MemoryStore: Block broadcast_44_piece68 stored as bytes in memory (estimated size 4.0 MB, free 488.8 MB)
17/03/16 19:52:26 INFO storage.MemoryStore: Block broadcast_44_piece92 stored as bytes in memory (estimated size 4.0 MB, free 492.8 MB)
17/03/16 19:52:26 INFO storage.MemoryStore: Block broadcast_44_piece97 stored as bytes in memory (estimated size 4.0 MB, free 496.8 MB)
17/03/16 19:52:26 INFO storage.MemoryStore: Block broadcast_44_piece70 stored as bytes in memory (estimated size 4.0 MB, free 500.8 MB)
17/03/16 19:52:26 INFO storage.MemoryStore: Block broadcast_44_piece15 stored as bytes in memory (estimated size 4.0 MB, free 504.8 MB)
17/03/16 19:52:26 INFO storage.MemoryStore: Block broadcast_44_piece52 stored as bytes in memory (estimated size 4.0 MB, free 508.8 MB)
17/03/16 19:52:26 INFO storage.MemoryStore: Block broadcast_44_piece46 stored as bytes in memory (estimated size 4.0 MB, free 512.8 MB)
17/03/16 19:52:26 INFO storage.MemoryStore: Block broadcast_44_piece18 stored as bytes in memory (estimated size 4.0 MB, free 516.8 MB)
17/03/16 19:52:26 INFO storage.MemoryStore: Block broadcast_44_piece7 stored as bytes in memory (estimated size 4.0 MB, free 520.8 MB)
17/03/16 19:52:26 INFO storage.MemoryStore: Block broadcast_44_piece32 stored as bytes in memory (estimated size 4.0 MB, free 524.8 MB)
17/03/16 19:52:26 INFO storage.MemoryStore: Block broadcast_44_piece101 stored as bytes in memory (estimated size 4.0 MB, free 528.8 MB)
17/03/16 19:52:26 INFO storage.MemoryStore: Block broadcast_44_piece55 stored as bytes in memory (estimated size 4.0 MB, free 532.8 MB)
17/03/16 19:52:26 INFO storage.MemoryStore: Block broadcast_44_piece94 stored as bytes in memory (estimated size 4.0 MB, free 536.8 MB)
17/03/16 19:52:26 INFO storage.MemoryStore: Block broadcast_44_piece62 stored as bytes in memory (estimated size 4.0 MB, free 540.8 MB)
17/03/16 19:52:26 INFO storage.MemoryStore: Block broadcast_44_piece42 stored as bytes in memory (estimated size 4.0 MB, free 544.8 MB)
17/03/16 19:52:26 INFO storage.MemoryStore: Block broadcast_44_piece34 stored as bytes in memory (estimated size 4.0 MB, free 548.8 MB)
17/03/16 19:52:26 INFO storage.MemoryStore: Block broadcast_44_piece22 stored as bytes in memory (estimated size 4.0 MB, free 552.8 MB)
17/03/16 19:52:26 INFO storage.MemoryStore: Block broadcast_44_piece77 stored as bytes in memory (estimated size 4.0 MB, free 556.8 MB)
17/03/16 19:52:26 INFO storage.MemoryStore: Block broadcast_44_piece1 stored as bytes in memory (estimated size 4.0 MB, free 560.8 MB)
17/03/16 19:52:26 INFO storage.MemoryStore: Block broadcast_44_piece43 stored as bytes in memory (estimated size 4.0 MB, free 564.8 MB)
17/03/16 19:52:26 INFO storage.MemoryStore: Block broadcast_44_piece96 stored as bytes in memory (estimated size 4.0 MB, free 568.8 MB)
17/03/16 19:52:26 INFO storage.MemoryStore: Block broadcast_44_piece58 stored as bytes in memory (estimated size 4.0 MB, free 572.8 MB)
17/03/16 19:52:26 INFO storage.MemoryStore: Block broadcast_44_piece67 stored as bytes in memory (estimated size 4.0 MB, free 576.8 MB)
17/03/16 19:52:26 INFO storage.MemoryStore: Block broadcast_44_piece11 stored as bytes in memory (estimated size 4.0 MB, free 580.8 MB)
17/03/16 19:52:26 INFO storage.MemoryStore: Block broadcast_44_piece69 stored as bytes in memory (estimated size 4.0 MB, free 584.8 MB)
17/03/16 19:52:26 INFO storage.MemoryStore: Block broadcast_44_piece79 stored as bytes in memory (estimated size 4.0 MB, free 588.8 MB)
17/03/16 19:52:26 INFO storage.MemoryStore: Block broadcast_44_piece45 stored as bytes in memory (estimated size 4.0 MB, free 592.8 MB)
17/03/16 19:52:26 INFO storage.MemoryStore: Block broadcast_44_piece4 stored as bytes in memory (estimated size 4.0 MB, free 596.8 MB)
17/03/16 19:52:26 INFO storage.MemoryStore: Block broadcast_44_piece6 stored as bytes in memory (estimated size 4.0 MB, free 600.8 MB)
17/03/16 19:52:26 INFO storage.MemoryStore: Block broadcast_44_piece91 stored as bytes in memory (estimated size 4.0 MB, free 604.8 MB)
17/03/16 19:52:26 INFO storage.MemoryStore: Block broadcast_44_piece74 stored as bytes in memory (estimated size 4.0 MB, free 608.8 MB)
17/03/16 19:52:26 INFO storage.MemoryStore: Block broadcast_44_piece88 stored as bytes in memory (estimated size 4.0 MB, free 612.8 MB)
17/03/16 19:52:26 INFO storage.MemoryStore: Block broadcast_44_piece19 stored as bytes in memory (estimated size 4.0 MB, free 616.8 MB)
17/03/16 19:52:26 INFO storage.MemoryStore: Block broadcast_44_piece33 stored as bytes in memory (estimated size 4.0 MB, free 620.8 MB)
17/03/16 19:52:26 INFO storage.MemoryStore: Block broadcast_44_piece27 stored as bytes in memory (estimated size 4.0 MB, free 624.8 MB)
17/03/16 19:52:26 INFO storage.MemoryStore: Block broadcast_44_piece64 stored as bytes in memory (estimated size 4.0 MB, free 628.8 MB)
17/03/16 19:52:26 INFO storage.MemoryStore: Block broadcast_44_piece13 stored as bytes in memory (estimated size 4.0 MB, free 632.8 MB)
17/03/16 19:52:26 INFO storage.MemoryStore: Block broadcast_44_piece54 stored as bytes in memory (estimated size 4.0 MB, free 636.8 MB)
17/03/16 19:52:26 INFO storage.MemoryStore: Block broadcast_44_piece71 stored as bytes in memory (estimated size 4.0 MB, free 640.8 MB)
17/03/16 19:52:26 INFO storage.MemoryStore: Block broadcast_44_piece57 stored as bytes in memory (estimated size 4.0 MB, free 644.8 MB)
17/03/16 19:52:26 INFO storage.MemoryStore: Block broadcast_44_piece5 stored as bytes in memory (estimated size 4.0 MB, free 648.8 MB)
17/03/16 19:52:26 INFO storage.MemoryStore: Block broadcast_44_piece20 stored as bytes in memory (estimated size 4.0 MB, free 652.8 MB)
17/03/16 19:52:26 INFO storage.MemoryStore: Block broadcast_44_piece23 stored as bytes in memory (estimated size 4.0 MB, free 656.8 MB)
17/03/16 19:52:26 INFO storage.MemoryStore: Block broadcast_44_piece8 stored as bytes in memory (estimated size 4.0 MB, free 660.8 MB)
17/03/16 19:52:26 INFO storage.MemoryStore: Block broadcast_44_piece66 stored as bytes in memory (estimated size 4.0 MB, free 664.8 MB)
17/03/16 19:52:26 INFO storage.MemoryStore: Block broadcast_44_piece29 stored as bytes in memory (estimated size 4.0 MB, free 668.8 MB)
17/03/16 19:52:26 INFO storage.MemoryStore: Block broadcast_44_piece76 stored as bytes in memory (estimated size 4.0 MB, free 672.8 MB)
17/03/16 19:52:26 INFO storage.MemoryStore: Block broadcast_44_piece44 stored as bytes in memory (estimated size 4.0 MB, free 676.8 MB)
17/03/16 19:52:26 INFO storage.MemoryStore: Block broadcast_44_piece87 stored as bytes in memory (estimated size 4.0 MB, free 680.8 MB)
17/03/16 19:52:27 INFO storage.MemoryStore: Block broadcast_44_piece3 stored as bytes in memory (estimated size 4.0 MB, free 684.8 MB)
17/03/16 19:52:27 INFO storage.MemoryStore: Block broadcast_44_piece83 stored as bytes in memory (estimated size 4.0 MB, free 688.8 MB)
17/03/16 19:52:27 INFO storage.MemoryStore: Block broadcast_44_piece73 stored as bytes in memory (estimated size 4.0 MB, free 692.8 MB)
17/03/16 19:52:27 INFO storage.MemoryStore: Block broadcast_44_piece0 stored as bytes in memory (estimated size 4.0 MB, free 696.8 MB)
17/03/16 19:52:27 INFO storage.MemoryStore: Block broadcast_44_piece50 stored as bytes in memory (estimated size 4.0 MB, free 700.8 MB)
17/03/16 19:52:27 INFO storage.MemoryStore: Block broadcast_44_piece59 stored as bytes in memory (estimated size 4.0 MB, free 704.8 MB)
17/03/16 19:52:27 INFO storage.MemoryStore: Block broadcast_44_piece61 stored as bytes in memory (estimated size 4.0 MB, free 708.8 MB)
17/03/16 19:52:27 INFO storage.MemoryStore: Block broadcast_44_piece60 stored as bytes in memory (estimated size 4.0 MB, free 712.8 MB)
17/03/16 19:52:27 INFO storage.MemoryStore: Block broadcast_44_piece90 stored as bytes in memory (estimated size 4.0 MB, free 716.8 MB)
17/03/16 19:52:27 INFO storage.MemoryStore: Block broadcast_44_piece82 stored as bytes in memory (estimated size 4.0 MB, free 720.8 MB)
17/03/16 19:52:27 INFO storage.MemoryStore: Block broadcast_44_piece16 stored as bytes in memory (estimated size 4.0 MB, free 724.8 MB)
17/03/16 19:52:27 INFO storage.MemoryStore: Block broadcast_44_piece26 stored as bytes in memory (estimated size 4.0 MB, free 728.8 MB)
17/03/16 19:52:27 INFO storage.MemoryStore: Block broadcast_44_piece28 stored as bytes in memory (estimated size 4.0 MB, free 732.8 MB)
17/03/16 19:52:27 INFO storage.MemoryStore: Block broadcast_44_piece12 stored as bytes in memory (estimated size 4.0 MB, free 736.8 MB)
17/03/16 19:52:27 INFO storage.MemoryStore: Block broadcast_44_piece78 stored as bytes in memory (estimated size 4.0 MB, free 740.8 MB)
17/03/16 19:52:27 INFO storage.MemoryStore: Block broadcast_44_piece102 stored as bytes in memory (estimated size 4.0 MB, free 744.8 MB)
17/03/16 19:52:27 INFO storage.MemoryStore: Block broadcast_44_piece53 stored as bytes in memory (estimated size 4.0 MB, free 748.8 MB)
17/03/16 19:52:27 INFO storage.MemoryStore: Block broadcast_44_piece35 stored as bytes in memory (estimated size 4.0 MB, free 752.8 MB)
17/03/16 19:52:27 INFO storage.MemoryStore: Block broadcast_44_piece89 stored as bytes in memory (estimated size 4.0 MB, free 756.8 MB)
17/03/16 19:52:27 INFO storage.MemoryStore: Block broadcast_44_piece84 stored as bytes in memory (estimated size 4.0 MB, free 760.8 MB)
17/03/16 19:52:27 INFO storage.MemoryStore: Block broadcast_44_piece30 stored as bytes in memory (estimated size 4.0 MB, free 764.8 MB)
17/03/16 19:52:27 INFO storage.MemoryStore: Block broadcast_44_piece39 stored as bytes in memory (estimated size 4.0 MB, free 768.8 MB)
17/03/16 19:52:27 INFO storage.MemoryStore: Block broadcast_44_piece51 stored as bytes in memory (estimated size 4.0 MB, free 772.8 MB)
17/03/16 19:52:27 INFO storage.MemoryStore: Block broadcast_44_piece41 stored as bytes in memory (estimated size 4.0 MB, free 776.8 MB)
17/03/16 19:52:27 INFO storage.MemoryStore: Block broadcast_44_piece31 stored as bytes in memory (estimated size 4.0 MB, free 780.8 MB)
17/03/16 19:52:27 INFO storage.MemoryStore: Block broadcast_44_piece48 stored as bytes in memory (estimated size 4.0 MB, free 784.8 MB)
17/03/16 19:52:27 INFO storage.MemoryStore: Block broadcast_44_piece103 stored as bytes in memory (estimated size 763.7 KB, free 785.6 MB)
17/03/16 19:52:27 INFO storage.MemoryStore: Block broadcast_44_piece47 stored as bytes in memory (estimated size 4.0 MB, free 789.6 MB)
17/03/16 19:52:27 INFO storage.MemoryStore: Block broadcast_44_piece2 stored as bytes in memory (estimated size 4.0 MB, free 793.6 MB)
17/03/16 19:52:27 INFO storage.MemoryStore: Block broadcast_44_piece38 stored as bytes in memory (estimated size 4.0 MB, free 797.6 MB)
17/03/16 19:52:27 INFO storage.MemoryStore: Block broadcast_44_piece72 stored as bytes in memory (estimated size 4.0 MB, free 801.6 MB)
17/03/16 19:52:27 INFO storage.MemoryStore: Block broadcast_44_piece36 stored as bytes in memory (estimated size 4.0 MB, free 805.6 MB)
17/03/16 19:52:27 INFO storage.MemoryStore: Block broadcast_44_piece56 stored as bytes in memory (estimated size 4.0 MB, free 809.6 MB)
17/03/16 19:52:27 INFO storage.MemoryStore: Block broadcast_44_piece81 stored as bytes in memory (estimated size 4.0 MB, free 813.6 MB)
17/03/16 19:52:27 INFO storage.MemoryStore: Block broadcast_44_piece85 stored as bytes in memory (estimated size 4.0 MB, free 817.6 MB)
17/03/16 19:52:27 INFO storage.MemoryStore: Block broadcast_44_piece21 stored as bytes in memory (estimated size 4.0 MB, free 821.6 MB)
17/03/16 19:52:27 INFO storage.MemoryStore: Block broadcast_44_piece63 stored as bytes in memory (estimated size 4.0 MB, free 825.6 MB)
17/03/16 19:52:27 INFO broadcast.TorrentBroadcast: Reading broadcast variable 44 took 1919 ms
17/03/16 19:52:35 INFO storage.MemoryStore: Block broadcast_44 stored as values in memory (estimated size 384.0 B, free 825.6 MB)
17/03/16 19:52:42 INFO python.PythonRunner: Times: total = 17260, boot = 14, init = 9608, finish = 7638
17/03/16 19:52:43 INFO python.PythonRunner: Times: total = 17303, boot = 22, init = 9599, finish = 7682
17/03/16 19:52:43 INFO python.PythonRunner: Times: total = 17337, boot = 11, init = 9612, finish = 7714
17/03/16 19:52:43 INFO executor.Executor: Finished task 19.0 in stage 29.0 (TID 1365). 1274 bytes result sent to driver
17/03/16 19:52:43 INFO python.PythonRunner: Times: total = 17349, boot = 4, init = 9617, finish = 7728
17/03/16 19:52:43 INFO python.PythonRunner: Times: total = 17382, boot = 19, init = 9603, finish = 7760
17/03/16 19:52:43 INFO executor.Executor: Finished task 31.0 in stage 29.0 (TID 1377). 1274 bytes result sent to driver
17/03/16 19:52:43 INFO executor.Executor: Finished task 13.0 in stage 29.0 (TID 1359). 1274 bytes result sent to driver
17/03/16 19:52:43 INFO executor.Executor: Finished task 25.0 in stage 29.0 (TID 1371). 1274 bytes result sent to driver
17/03/16 19:52:43 INFO executor.Executor: Finished task 1.0 in stage 29.0 (TID 1347). 1274 bytes result sent to driver
17/03/16 19:52:43 INFO python.PythonRunner: Times: total = 17570, boot = 7, init = 9615, finish = 7948
17/03/16 19:52:43 INFO python.PythonRunner: Times: total = 17585, boot = 4, init = 9619, finish = 7962
17/03/16 19:52:43 INFO python.PythonRunner: Times: total = 17623, boot = 27, init = 9594, finish = 8002
17/03/16 19:52:43 INFO executor.Executor: Finished task 7.0 in stage 29.0 (TID 1353). 1274 bytes result sent to driver
17/03/16 19:52:43 INFO executor.Executor: Finished task 43.0 in stage 29.0 (TID 1389). 1274 bytes result sent to driver
17/03/16 19:52:43 INFO executor.Executor: Finished task 37.0 in stage 29.0 (TID 1383). 1274 bytes result sent to driver
17/03/16 19:53:09 INFO executor.CoarseGrainedExecutorBackend: Got assigned task 1394
17/03/16 19:53:09 INFO executor.CoarseGrainedExecutorBackend: Got assigned task 1400
17/03/16 19:53:09 INFO executor.Executor: Running task 0.0 in stage 30.0 (TID 1394)
17/03/16 19:53:09 INFO executor.Executor: Running task 6.0 in stage 30.0 (TID 1400)
17/03/16 19:53:09 INFO executor.CoarseGrainedExecutorBackend: Got assigned task 1406
17/03/16 19:53:09 INFO executor.Executor: Running task 12.0 in stage 30.0 (TID 1406)
17/03/16 19:53:09 INFO executor.CoarseGrainedExecutorBackend: Got assigned task 1412
17/03/16 19:53:09 INFO executor.CoarseGrainedExecutorBackend: Got assigned task 1418
17/03/16 19:53:09 INFO executor.Executor: Running task 18.0 in stage 30.0 (TID 1412)
17/03/16 19:53:09 INFO executor.Executor: Running task 24.0 in stage 30.0 (TID 1418)
17/03/16 19:53:09 INFO spark.MapOutputTrackerWorker: Updating epoch to 15 and clearing cache
17/03/16 19:53:09 INFO executor.CoarseGrainedExecutorBackend: Got assigned task 1424
17/03/16 19:53:09 INFO executor.Executor: Running task 30.0 in stage 30.0 (TID 1424)
17/03/16 19:53:09 INFO executor.CoarseGrainedExecutorBackend: Got assigned task 1430
17/03/16 19:53:09 INFO executor.Executor: Running task 36.0 in stage 30.0 (TID 1430)
17/03/16 19:53:09 INFO broadcast.TorrentBroadcast: Started reading broadcast variable 46
17/03/16 19:53:09 INFO executor.CoarseGrainedExecutorBackend: Got assigned task 1436
17/03/16 19:53:09 INFO executor.Executor: Running task 42.0 in stage 30.0 (TID 1436)
17/03/16 19:53:09 INFO storage.MemoryStore: Block broadcast_46_piece0 stored as bytes in memory (estimated size 3.3 KB, free 825.6 MB)
17/03/16 19:53:09 INFO broadcast.TorrentBroadcast: Reading broadcast variable 46 took 7 ms
17/03/16 19:53:09 INFO storage.MemoryStore: Block broadcast_46 stored as values in memory (estimated size 5.3 KB, free 825.6 MB)
17/03/16 19:53:09 INFO spark.MapOutputTrackerWorker: Don't have map outputs for shuffle 14, fetching them
17/03/16 19:53:09 INFO spark.MapOutputTrackerWorker: Doing the fetch; tracker endpoint = NettyRpcEndpointRef(spark://MapOutputTracker@10.10.34.38:36751)
17/03/16 19:53:09 INFO spark.MapOutputTrackerWorker: Don't have map outputs for shuffle 14, fetching them
17/03/16 19:53:09 INFO spark.MapOutputTrackerWorker: Don't have map outputs for shuffle 14, fetching them
17/03/16 19:53:09 INFO spark.MapOutputTrackerWorker: Don't have map outputs for shuffle 14, fetching them
17/03/16 19:53:09 INFO spark.MapOutputTrackerWorker: Don't have map outputs for shuffle 14, fetching them
17/03/16 19:53:09 INFO spark.MapOutputTrackerWorker: Don't have map outputs for shuffle 14, fetching them
17/03/16 19:53:09 INFO spark.MapOutputTrackerWorker: Got the output locations
17/03/16 19:53:09 INFO spark.MapOutputTrackerWorker: Don't have map outputs for shuffle 14, fetching them
17/03/16 19:53:09 INFO storage.ShuffleBlockFetcherIterator: Getting 48 non-empty blocks out of 48 blocks
17/03/16 19:53:09 INFO storage.ShuffleBlockFetcherIterator: Getting 48 non-empty blocks out of 48 blocks
17/03/16 19:53:09 INFO storage.ShuffleBlockFetcherIterator: Getting 48 non-empty blocks out of 48 blocks
17/03/16 19:53:09 INFO storage.ShuffleBlockFetcherIterator: Getting 48 non-empty blocks out of 48 blocks
17/03/16 19:53:09 INFO storage.ShuffleBlockFetcherIterator: Started 6 remote fetches in 4 ms
17/03/16 19:53:09 INFO storage.ShuffleBlockFetcherIterator: Getting 48 non-empty blocks out of 48 blocks
17/03/16 19:53:09 INFO storage.ShuffleBlockFetcherIterator: Started 7 remote fetches in 4 ms
17/03/16 19:53:09 INFO storage.ShuffleBlockFetcherIterator: Getting 48 non-empty blocks out of 48 blocks
17/03/16 19:53:09 INFO storage.ShuffleBlockFetcherIterator: Started 8 remote fetches in 4 ms
17/03/16 19:53:09 INFO storage.ShuffleBlockFetcherIterator: Getting 48 non-empty blocks out of 48 blocks
17/03/16 19:53:09 INFO storage.ShuffleBlockFetcherIterator: Started 7 remote fetches in 3 ms
17/03/16 19:53:09 INFO storage.ShuffleBlockFetcherIterator: Getting 48 non-empty blocks out of 48 blocks
17/03/16 19:53:09 INFO storage.ShuffleBlockFetcherIterator: Started 8 remote fetches in 3 ms
17/03/16 19:53:09 INFO storage.ShuffleBlockFetcherIterator: Started 7 remote fetches in 3 ms
17/03/16 19:53:09 INFO storage.ShuffleBlockFetcherIterator: Started 8 remote fetches in 5 ms
17/03/16 19:53:09 INFO storage.ShuffleBlockFetcherIterator: Started 8 remote fetches in 14 ms
17/03/16 19:53:10 INFO python.PythonRunner: Times: total = 834, boot = -26257, init = 26261, finish = 830
17/03/16 19:53:10 INFO python.PythonRunner: Times: total = 839, boot = -26141, init = 26152, finish = 828
17/03/16 19:53:10 INFO executor.Executor: Finished task 0.0 in stage 30.0 (TID 1394). 9554336 bytes result sent to driver
17/03/16 19:53:10 INFO executor.Executor: Finished task 30.0 in stage 30.0 (TID 1424). 9570978 bytes result sent to driver
17/03/16 19:53:10 INFO python.PythonRunner: Times: total = 901, boot = -25941, init = 25949, finish = 893
17/03/16 19:53:10 INFO python.PythonRunner: Times: total = 902, boot = -25919, init = 25927, finish = 894
17/03/16 19:53:10 INFO executor.Executor: Finished task 24.0 in stage 30.0 (TID 1418). 9571970 bytes result sent to driver
17/03/16 19:53:10 INFO executor.Executor: Finished task 36.0 in stage 30.0 (TID 1430). 9556053 bytes result sent to driver
17/03/16 19:53:10 INFO python.PythonRunner: Times: total = 933, boot = -25963, init = 25974, finish = 922
17/03/16 19:53:10 INFO executor.Executor: Finished task 18.0 in stage 30.0 (TID 1412). 9562502 bytes result sent to driver
17/03/16 19:53:10 INFO python.PythonRunner: Times: total = 1028, boot = -26190, init = 26195, finish = 1023
17/03/16 19:53:10 INFO python.PythonRunner: Times: total = 1028, boot = -26182, init = 26198, finish = 1012
17/03/16 19:53:10 INFO executor.Executor: Finished task 42.0 in stage 30.0 (TID 1436). 9563941 bytes result sent to driver
17/03/16 19:53:10 INFO executor.Executor: Finished task 12.0 in stage 30.0 (TID 1406). 9554530 bytes result sent to driver
17/03/16 19:53:10 INFO python.PythonRunner: Times: total = 1133, boot = -26224, init = 26229, finish = 1128
17/03/16 19:53:10 INFO executor.Executor: Finished task 6.0 in stage 30.0 (TID 1400). 9567915 bytes result sent to driver
17/03/16 19:53:14 INFO storage.BlockManager: Removing RDD 87
17/03/16 19:53:14 INFO storage.BlockManager: Removing RDD 92
17/03/16 20:00:33 INFO executor.CoarseGrainedExecutorBackend: Got assigned task 1446
17/03/16 20:00:33 INFO executor.Executor: Running task 4.0 in stage 31.0 (TID 1446)
17/03/16 20:00:33 INFO broadcast.TorrentBroadcast: Started reading broadcast variable 48
17/03/16 20:00:33 INFO executor.CoarseGrainedExecutorBackend: Got assigned task 1452
17/03/16 20:00:33 INFO executor.Executor: Running task 10.0 in stage 31.0 (TID 1452)
17/03/16 20:00:33 INFO executor.CoarseGrainedExecutorBackend: Got assigned task 1458
17/03/16 20:00:33 INFO executor.Executor: Running task 16.0 in stage 31.0 (TID 1458)
17/03/16 20:00:33 INFO executor.CoarseGrainedExecutorBackend: Got assigned task 1464
17/03/16 20:00:33 INFO executor.Executor: Running task 22.0 in stage 31.0 (TID 1464)
17/03/16 20:00:33 INFO executor.CoarseGrainedExecutorBackend: Got assigned task 1470
17/03/16 20:00:33 INFO executor.Executor: Running task 28.0 in stage 31.0 (TID 1470)
17/03/16 20:00:33 INFO executor.CoarseGrainedExecutorBackend: Got assigned task 1476
17/03/16 20:00:33 INFO executor.Executor: Running task 34.0 in stage 31.0 (TID 1476)
17/03/16 20:00:33 INFO executor.CoarseGrainedExecutorBackend: Got assigned task 1482
17/03/16 20:00:33 INFO executor.Executor: Running task 40.0 in stage 31.0 (TID 1482)
17/03/16 20:00:33 INFO storage.MemoryStore: Block broadcast_48_piece0 stored as bytes in memory (estimated size 5.4 KB, free 825.6 MB)
17/03/16 20:00:33 INFO executor.CoarseGrainedExecutorBackend: Got assigned task 1488
17/03/16 20:00:33 INFO broadcast.TorrentBroadcast: Reading broadcast variable 48 took 19 ms
17/03/16 20:00:33 INFO executor.Executor: Running task 46.0 in stage 31.0 (TID 1488)
17/03/16 20:00:33 INFO storage.MemoryStore: Block broadcast_48 stored as values in memory (estimated size 8.6 KB, free 825.6 MB)
17/03/16 20:00:33 INFO broadcast.TorrentBroadcast: Started reading broadcast variable 47
17/03/16 20:00:33 INFO storage.MemoryStore: Block broadcast_47_piece18 stored as bytes in memory (estimated size 4.0 MB, free 829.6 MB)
17/03/16 20:00:33 INFO storage.MemoryStore: Block broadcast_47_piece17 stored as bytes in memory (estimated size 4.0 MB, free 833.6 MB)
17/03/16 20:00:33 INFO storage.MemoryStore: Block broadcast_47_piece26 stored as bytes in memory (estimated size 4.0 MB, free 837.6 MB)
17/03/16 20:00:33 INFO storage.MemoryStore: Block broadcast_47_piece21 stored as bytes in memory (estimated size 4.0 MB, free 841.6 MB)
17/03/16 20:00:33 INFO storage.MemoryStore: Block broadcast_47_piece50 stored as bytes in memory (estimated size 4.0 MB, free 845.6 MB)
17/03/16 20:00:33 INFO storage.MemoryStore: Block broadcast_47_piece98 stored as bytes in memory (estimated size 4.0 MB, free 849.6 MB)
17/03/16 20:00:33 INFO storage.MemoryStore: Block broadcast_47_piece65 stored as bytes in memory (estimated size 4.0 MB, free 853.6 MB)
17/03/16 20:00:33 INFO storage.MemoryStore: Block broadcast_47_piece37 stored as bytes in memory (estimated size 4.0 MB, free 857.6 MB)
17/03/16 20:00:33 INFO storage.MemoryStore: Block broadcast_47_piece49 stored as bytes in memory (estimated size 4.0 MB, free 861.6 MB)
17/03/16 20:00:33 INFO storage.MemoryStore: Block broadcast_47_piece59 stored as bytes in memory (estimated size 4.0 MB, free 865.6 MB)
17/03/16 20:00:33 INFO storage.MemoryStore: Block broadcast_47_piece77 stored as bytes in memory (estimated size 4.0 MB, free 869.6 MB)
17/03/16 20:00:33 INFO storage.MemoryStore: Block broadcast_47_piece63 stored as bytes in memory (estimated size 4.0 MB, free 873.6 MB)
17/03/16 20:00:33 INFO storage.MemoryStore: Block broadcast_47_piece23 stored as bytes in memory (estimated size 4.0 MB, free 877.6 MB)
17/03/16 20:00:33 INFO storage.MemoryStore: Block broadcast_47_piece91 stored as bytes in memory (estimated size 4.0 MB, free 881.6 MB)
17/03/16 20:00:33 INFO storage.MemoryStore: Block broadcast_47_piece5 stored as bytes in memory (estimated size 4.0 MB, free 885.6 MB)
17/03/16 20:00:33 INFO storage.MemoryStore: Block broadcast_47_piece51 stored as bytes in memory (estimated size 4.0 MB, free 889.6 MB)
17/03/16 20:00:33 INFO storage.MemoryStore: Block broadcast_47_piece102 stored as bytes in memory (estimated size 4.0 MB, free 893.6 MB)
17/03/16 20:00:33 INFO storage.MemoryStore: Block broadcast_47_piece85 stored as bytes in memory (estimated size 4.0 MB, free 897.6 MB)
17/03/16 20:00:33 INFO storage.MemoryStore: Block broadcast_47_piece80 stored as bytes in memory (estimated size 4.0 MB, free 901.6 MB)
17/03/16 20:00:33 INFO storage.MemoryStore: Block broadcast_47_piece54 stored as bytes in memory (estimated size 4.0 MB, free 905.6 MB)
17/03/16 20:00:33 INFO storage.MemoryStore: Block broadcast_47_piece60 stored as bytes in memory (estimated size 4.0 MB, free 909.6 MB)
17/03/16 20:00:33 INFO storage.MemoryStore: Block broadcast_47_piece6 stored as bytes in memory (estimated size 4.0 MB, free 913.6 MB)
17/03/16 20:00:33 INFO storage.MemoryStore: Block broadcast_47_piece81 stored as bytes in memory (estimated size 4.0 MB, free 917.6 MB)
17/03/16 20:00:33 INFO storage.MemoryStore: Block broadcast_47_piece10 stored as bytes in memory (estimated size 4.0 MB, free 921.6 MB)
17/03/16 20:00:33 INFO storage.MemoryStore: Block broadcast_47_piece66 stored as bytes in memory (estimated size 4.0 MB, free 925.6 MB)
17/03/16 20:00:33 INFO storage.MemoryStore: Block broadcast_47_piece47 stored as bytes in memory (estimated size 4.0 MB, free 929.6 MB)
17/03/16 20:00:33 INFO storage.MemoryStore: Block broadcast_47_piece101 stored as bytes in memory (estimated size 4.0 MB, free 933.6 MB)
17/03/16 20:00:33 INFO storage.MemoryStore: Block broadcast_47_piece7 stored as bytes in memory (estimated size 4.0 MB, free 937.6 MB)
17/03/16 20:00:33 INFO storage.MemoryStore: Block broadcast_47_piece92 stored as bytes in memory (estimated size 4.0 MB, free 941.6 MB)
17/03/16 20:00:33 INFO storage.MemoryStore: Block broadcast_47_piece34 stored as bytes in memory (estimated size 4.0 MB, free 945.6 MB)
17/03/16 20:00:33 INFO storage.MemoryStore: Block broadcast_47_piece44 stored as bytes in memory (estimated size 4.0 MB, free 949.6 MB)
17/03/16 20:00:33 INFO storage.MemoryStore: Block broadcast_47_piece87 stored as bytes in memory (estimated size 4.0 MB, free 953.6 MB)
17/03/16 20:00:33 INFO storage.MemoryStore: Block broadcast_47_piece35 stored as bytes in memory (estimated size 4.0 MB, free 957.6 MB)
17/03/16 20:00:33 INFO storage.MemoryStore: Block broadcast_47_piece48 stored as bytes in memory (estimated size 4.0 MB, free 961.6 MB)
17/03/16 20:00:33 INFO storage.MemoryStore: Block broadcast_47_piece52 stored as bytes in memory (estimated size 4.0 MB, free 965.6 MB)
17/03/16 20:00:33 INFO storage.MemoryStore: Block broadcast_47_piece46 stored as bytes in memory (estimated size 4.0 MB, free 969.6 MB)
17/03/16 20:00:33 INFO storage.MemoryStore: Block broadcast_47_piece90 stored as bytes in memory (estimated size 4.0 MB, free 973.6 MB)
17/03/16 20:00:33 INFO storage.MemoryStore: Block broadcast_47_piece76 stored as bytes in memory (estimated size 4.0 MB, free 977.6 MB)
17/03/16 20:00:33 INFO storage.MemoryStore: Block broadcast_47_piece41 stored as bytes in memory (estimated size 4.0 MB, free 981.6 MB)
17/03/16 20:00:33 INFO storage.MemoryStore: Block broadcast_47_piece19 stored as bytes in memory (estimated size 4.0 MB, free 985.6 MB)
17/03/16 20:00:33 INFO storage.MemoryStore: Block broadcast_47_piece12 stored as bytes in memory (estimated size 4.0 MB, free 989.6 MB)
17/03/16 20:00:33 INFO storage.MemoryStore: Block broadcast_47_piece64 stored as bytes in memory (estimated size 4.0 MB, free 993.6 MB)
17/03/16 20:00:33 INFO storage.MemoryStore: Block broadcast_47_piece36 stored as bytes in memory (estimated size 4.0 MB, free 997.6 MB)
17/03/16 20:00:33 INFO storage.MemoryStore: Block broadcast_47_piece62 stored as bytes in memory (estimated size 4.0 MB, free 1001.6 MB)
17/03/16 20:00:34 INFO storage.MemoryStore: Block broadcast_47_piece40 stored as bytes in memory (estimated size 4.0 MB, free 1005.6 MB)
17/03/16 20:00:34 INFO storage.MemoryStore: Block broadcast_47_piece16 stored as bytes in memory (estimated size 4.0 MB, free 1009.6 MB)
17/03/16 20:00:34 INFO storage.MemoryStore: Block broadcast_47_piece82 stored as bytes in memory (estimated size 4.0 MB, free 1013.6 MB)
17/03/16 20:00:34 INFO storage.MemoryStore: Block broadcast_47_piece99 stored as bytes in memory (estimated size 4.0 MB, free 1017.6 MB)
17/03/16 20:00:34 INFO storage.MemoryStore: Block broadcast_47_piece94 stored as bytes in memory (estimated size 4.0 MB, free 1021.6 MB)
17/03/16 20:00:34 INFO storage.MemoryStore: Block broadcast_47_piece75 stored as bytes in memory (estimated size 4.0 MB, free 1025.6 MB)
17/03/16 20:00:34 INFO storage.MemoryStore: Block broadcast_47_piece2 stored as bytes in memory (estimated size 4.0 MB, free 1029.6 MB)
17/03/16 20:00:34 INFO storage.MemoryStore: Block broadcast_47_piece69 stored as bytes in memory (estimated size 4.0 MB, free 1033.6 MB)
17/03/16 20:00:34 INFO storage.MemoryStore: Block broadcast_47_piece72 stored as bytes in memory (estimated size 4.0 MB, free 1037.6 MB)
17/03/16 20:00:34 INFO storage.MemoryStore: Block broadcast_47_piece83 stored as bytes in memory (estimated size 4.0 MB, free 1041.6 MB)
17/03/16 20:00:34 INFO storage.MemoryStore: Block broadcast_47_piece74 stored as bytes in memory (estimated size 4.0 MB, free 1045.6 MB)
17/03/16 20:00:34 INFO storage.MemoryStore: Block broadcast_47_piece0 stored as bytes in memory (estimated size 4.0 MB, free 1049.6 MB)
17/03/16 20:00:34 INFO storage.MemoryStore: Block broadcast_47_piece43 stored as bytes in memory (estimated size 4.0 MB, free 1053.6 MB)
17/03/16 20:00:34 INFO storage.MemoryStore: Block broadcast_47_piece13 stored as bytes in memory (estimated size 4.0 MB, free 1057.6 MB)
17/03/16 20:00:34 INFO storage.MemoryStore: Block broadcast_47_piece95 stored as bytes in memory (estimated size 4.0 MB, free 1061.6 MB)
17/03/16 20:00:34 INFO storage.MemoryStore: Block broadcast_47_piece4 stored as bytes in memory (estimated size 4.0 MB, free 1065.6 MB)
17/03/16 20:00:34 INFO storage.MemoryStore: Block broadcast_47_piece14 stored as bytes in memory (estimated size 4.0 MB, free 1069.6 MB)
17/03/16 20:00:34 INFO storage.MemoryStore: Block broadcast_47_piece33 stored as bytes in memory (estimated size 4.0 MB, free 1073.6 MB)
17/03/16 20:00:34 INFO storage.MemoryStore: Block broadcast_47_piece45 stored as bytes in memory (estimated size 4.0 MB, free 1077.6 MB)
17/03/16 20:00:34 INFO storage.MemoryStore: Block broadcast_47_piece57 stored as bytes in memory (estimated size 4.0 MB, free 1081.6 MB)
17/03/16 20:00:34 INFO storage.MemoryStore: Block broadcast_47_piece53 stored as bytes in memory (estimated size 4.0 MB, free 1085.6 MB)
17/03/16 20:00:34 INFO storage.MemoryStore: Block broadcast_47_piece79 stored as bytes in memory (estimated size 4.0 MB, free 1089.6 MB)
17/03/16 20:00:34 INFO storage.MemoryStore: Block broadcast_47_piece15 stored as bytes in memory (estimated size 4.0 MB, free 1093.6 MB)
17/03/16 20:00:34 INFO storage.MemoryStore: Block broadcast_47_piece89 stored as bytes in memory (estimated size 4.0 MB, free 1097.6 MB)
17/03/16 20:00:34 INFO storage.MemoryStore: Block broadcast_47_piece38 stored as bytes in memory (estimated size 4.0 MB, free 1101.6 MB)
17/03/16 20:00:34 INFO storage.MemoryStore: Block broadcast_47_piece103 stored as bytes in memory (estimated size 677.1 KB, free 1102.3 MB)
17/03/16 20:00:34 INFO storage.MemoryStore: Block broadcast_47_piece68 stored as bytes in memory (estimated size 4.0 MB, free 1106.3 MB)
17/03/16 20:00:34 INFO storage.MemoryStore: Block broadcast_47_piece31 stored as bytes in memory (estimated size 4.0 MB, free 1110.3 MB)
17/03/16 20:00:34 INFO storage.MemoryStore: Block broadcast_47_piece11 stored as bytes in memory (estimated size 4.0 MB, free 1114.3 MB)
17/03/16 20:00:34 INFO storage.MemoryStore: Block broadcast_47_piece30 stored as bytes in memory (estimated size 4.0 MB, free 1118.3 MB)
17/03/16 20:00:34 INFO storage.MemoryStore: Block broadcast_47_piece88 stored as bytes in memory (estimated size 4.0 MB, free 1122.3 MB)
17/03/16 20:00:34 INFO storage.MemoryStore: Block broadcast_47_piece71 stored as bytes in memory (estimated size 4.0 MB, free 1126.3 MB)
17/03/16 20:00:34 INFO storage.MemoryStore: Block broadcast_47_piece28 stored as bytes in memory (estimated size 4.0 MB, free 1130.3 MB)
17/03/16 20:00:34 INFO storage.MemoryStore: Block broadcast_47_piece97 stored as bytes in memory (estimated size 4.0 MB, free 1134.3 MB)
17/03/16 20:00:34 INFO storage.MemoryStore: Block broadcast_47_piece70 stored as bytes in memory (estimated size 4.0 MB, free 1138.3 MB)
17/03/16 20:00:34 INFO storage.MemoryStore: Block broadcast_47_piece9 stored as bytes in memory (estimated size 4.0 MB, free 1142.3 MB)
17/03/16 20:00:34 INFO storage.MemoryStore: Block broadcast_47_piece58 stored as bytes in memory (estimated size 4.0 MB, free 1146.3 MB)
17/03/16 20:00:34 INFO storage.MemoryStore: Block broadcast_47_piece8 stored as bytes in memory (estimated size 4.0 MB, free 1150.3 MB)
17/03/16 20:00:34 INFO storage.MemoryStore: Block broadcast_47_piece86 stored as bytes in memory (estimated size 4.0 MB, free 1154.3 MB)
17/03/16 20:00:34 INFO storage.MemoryStore: Block broadcast_47_piece55 stored as bytes in memory (estimated size 4.0 MB, free 1158.3 MB)
17/03/16 20:00:34 INFO storage.MemoryStore: Block broadcast_47_piece42 stored as bytes in memory (estimated size 4.0 MB, free 1162.3 MB)
17/03/16 20:00:34 INFO storage.MemoryStore: Block broadcast_47_piece56 stored as bytes in memory (estimated size 4.0 MB, free 1166.3 MB)
17/03/16 20:00:34 INFO storage.MemoryStore: Block broadcast_47_piece100 stored as bytes in memory (estimated size 4.0 MB, free 1170.3 MB)
17/03/16 20:00:34 INFO storage.MemoryStore: Block broadcast_47_piece84 stored as bytes in memory (estimated size 4.0 MB, free 1174.3 MB)
17/03/16 20:00:34 INFO storage.MemoryStore: Block broadcast_47_piece22 stored as bytes in memory (estimated size 4.0 MB, free 1178.3 MB)
17/03/16 20:00:34 INFO storage.MemoryStore: Block broadcast_47_piece27 stored as bytes in memory (estimated size 4.0 MB, free 1182.3 MB)
17/03/16 20:00:34 INFO storage.MemoryStore: Block broadcast_47_piece1 stored as bytes in memory (estimated size 4.0 MB, free 1186.3 MB)
17/03/16 20:00:34 INFO storage.MemoryStore: Block broadcast_47_piece3 stored as bytes in memory (estimated size 4.0 MB, free 1190.3 MB)
17/03/16 20:00:34 INFO storage.MemoryStore: Block broadcast_47_piece32 stored as bytes in memory (estimated size 4.0 MB, free 1194.3 MB)
17/03/16 20:00:34 INFO storage.MemoryStore: Block broadcast_47_piece25 stored as bytes in memory (estimated size 4.0 MB, free 1198.3 MB)
17/03/16 20:00:34 INFO storage.MemoryStore: Block broadcast_47_piece24 stored as bytes in memory (estimated size 4.0 MB, free 1202.3 MB)
17/03/16 20:00:34 INFO storage.MemoryStore: Block broadcast_47_piece20 stored as bytes in memory (estimated size 4.0 MB, free 1206.3 MB)
17/03/16 20:00:34 INFO storage.MemoryStore: Block broadcast_47_piece61 stored as bytes in memory (estimated size 4.0 MB, free 1210.3 MB)
17/03/16 20:00:34 INFO storage.MemoryStore: Block broadcast_47_piece67 stored as bytes in memory (estimated size 4.0 MB, free 1214.3 MB)
17/03/16 20:00:34 INFO storage.MemoryStore: Block broadcast_47_piece29 stored as bytes in memory (estimated size 4.0 MB, free 1218.3 MB)
17/03/16 20:00:34 INFO storage.MemoryStore: Block broadcast_47_piece39 stored as bytes in memory (estimated size 4.0 MB, free 1222.3 MB)
17/03/16 20:00:34 INFO storage.MemoryStore: Block broadcast_47_piece96 stored as bytes in memory (estimated size 4.0 MB, free 1226.3 MB)
17/03/16 20:00:34 INFO storage.MemoryStore: Block broadcast_47_piece73 stored as bytes in memory (estimated size 4.0 MB, free 1230.3 MB)
17/03/16 20:00:34 INFO storage.MemoryStore: Block broadcast_47_piece93 stored as bytes in memory (estimated size 4.0 MB, free 1234.3 MB)
17/03/16 20:00:34 INFO storage.MemoryStore: Block broadcast_47_piece78 stored as bytes in memory (estimated size 4.0 MB, free 1238.3 MB)
17/03/16 20:00:34 INFO broadcast.TorrentBroadcast: Reading broadcast variable 47 took 1935 ms
17/03/16 20:00:43 INFO storage.MemoryStore: Block broadcast_47 stored as values in memory (estimated size 384.0 B, free 1238.3 MB)
17/03/16 20:00:50 INFO python.PythonRunner: Times: total = 17766, boot = 10, init = 10235, finish = 7521
17/03/16 20:00:50 INFO executor.Executor: Finished task 22.0 in stage 31.0 (TID 1464). 1274 bytes result sent to driver
17/03/16 20:00:50 INFO python.PythonRunner: Times: total = 17935, boot = 14, init = 10231, finish = 7690
17/03/16 20:00:51 INFO python.PythonRunner: Times: total = 17965, boot = 17, init = 10227, finish = 7721
17/03/16 20:00:51 INFO python.PythonRunner: Times: total = 17974, boot = 7, init = 10238, finish = 7729
17/03/16 20:00:51 INFO python.PythonRunner: Times: total = 17982, boot = 3, init = 10242, finish = 7737
17/03/16 20:00:51 INFO python.PythonRunner: Times: total = 18028, boot = 21, init = 10224, finish = 7783
17/03/16 20:00:51 INFO executor.Executor: Finished task 28.0 in stage 31.0 (TID 1470). 1274 bytes result sent to driver
17/03/16 20:00:51 INFO executor.Executor: Finished task 16.0 in stage 31.0 (TID 1458). 1274 bytes result sent to driver
17/03/16 20:00:51 INFO executor.Executor: Finished task 34.0 in stage 31.0 (TID 1476). 1274 bytes result sent to driver
17/03/16 20:00:51 INFO python.PythonRunner: Times: total = 18115, boot = 25, init = 10219, finish = 7871
17/03/16 20:00:51 INFO executor.Executor: Finished task 10.0 in stage 31.0 (TID 1452). 1274 bytes result sent to driver
17/03/16 20:00:51 INFO executor.Executor: Finished task 40.0 in stage 31.0 (TID 1482). 1274 bytes result sent to driver
17/03/16 20:00:51 INFO executor.Executor: Finished task 46.0 in stage 31.0 (TID 1488). 1274 bytes result sent to driver
17/03/16 20:00:51 INFO python.PythonRunner: Times: total = 18281, boot = 4, init = 10240, finish = 8037
17/03/16 20:00:51 INFO executor.Executor: Finished task 4.0 in stage 31.0 (TID 1446). 1274 bytes result sent to driver
17/03/16 20:01:14 INFO executor.CoarseGrainedExecutorBackend: Got assigned task 1490
17/03/16 20:01:14 INFO executor.CoarseGrainedExecutorBackend: Got assigned task 1496
17/03/16 20:01:14 INFO executor.Executor: Running task 0.0 in stage 32.0 (TID 1490)
17/03/16 20:01:14 INFO executor.Executor: Running task 6.0 in stage 32.0 (TID 1496)
17/03/16 20:01:14 INFO executor.CoarseGrainedExecutorBackend: Got assigned task 1502
17/03/16 20:01:14 INFO executor.CoarseGrainedExecutorBackend: Got assigned task 1508
17/03/16 20:01:14 INFO executor.Executor: Running task 12.0 in stage 32.0 (TID 1502)
17/03/16 20:01:14 INFO executor.Executor: Running task 18.0 in stage 32.0 (TID 1508)
17/03/16 20:01:14 INFO spark.MapOutputTrackerWorker: Updating epoch to 16 and clearing cache
17/03/16 20:01:14 INFO executor.CoarseGrainedExecutorBackend: Got assigned task 1514
17/03/16 20:01:14 INFO executor.CoarseGrainedExecutorBackend: Got assigned task 1520
17/03/16 20:01:14 INFO executor.Executor: Running task 24.0 in stage 32.0 (TID 1514)
17/03/16 20:01:14 INFO executor.CoarseGrainedExecutorBackend: Got assigned task 1526
17/03/16 20:01:14 INFO executor.Executor: Running task 30.0 in stage 32.0 (TID 1520)
17/03/16 20:01:14 INFO executor.CoarseGrainedExecutorBackend: Got assigned task 1532
17/03/16 20:01:14 INFO broadcast.TorrentBroadcast: Started reading broadcast variable 49
17/03/16 20:01:14 INFO executor.Executor: Running task 42.0 in stage 32.0 (TID 1532)
17/03/16 20:01:14 INFO executor.Executor: Running task 36.0 in stage 32.0 (TID 1526)
17/03/16 20:01:14 INFO storage.MemoryStore: Block broadcast_49_piece0 stored as bytes in memory (estimated size 3.3 KB, free 1238.3 MB)
17/03/16 20:01:14 INFO broadcast.TorrentBroadcast: Reading broadcast variable 49 took 6 ms
17/03/16 20:01:14 INFO storage.MemoryStore: Block broadcast_49 stored as values in memory (estimated size 5.3 KB, free 1238.3 MB)
17/03/16 20:01:14 INFO spark.MapOutputTrackerWorker: Don't have map outputs for shuffle 15, fetching them
17/03/16 20:01:14 INFO spark.MapOutputTrackerWorker: Doing the fetch; tracker endpoint = NettyRpcEndpointRef(spark://MapOutputTracker@10.10.34.38:36751)
17/03/16 20:01:14 INFO spark.MapOutputTrackerWorker: Don't have map outputs for shuffle 15, fetching them
17/03/16 20:01:14 INFO spark.MapOutputTrackerWorker: Don't have map outputs for shuffle 15, fetching them
17/03/16 20:01:14 INFO spark.MapOutputTrackerWorker: Don't have map outputs for shuffle 15, fetching them
17/03/16 20:01:14 INFO spark.MapOutputTrackerWorker: Don't have map outputs for shuffle 15, fetching them
17/03/16 20:01:14 INFO spark.MapOutputTrackerWorker: Don't have map outputs for shuffle 15, fetching them
17/03/16 20:01:14 INFO spark.MapOutputTrackerWorker: Don't have map outputs for shuffle 15, fetching them
17/03/16 20:01:14 INFO spark.MapOutputTrackerWorker: Don't have map outputs for shuffle 15, fetching them
17/03/16 20:01:14 INFO spark.MapOutputTrackerWorker: Got the output locations
17/03/16 20:01:14 INFO storage.ShuffleBlockFetcherIterator: Getting 48 non-empty blocks out of 48 blocks
17/03/16 20:01:14 INFO storage.ShuffleBlockFetcherIterator: Getting 48 non-empty blocks out of 48 blocks
17/03/16 20:01:14 INFO storage.ShuffleBlockFetcherIterator: Getting 48 non-empty blocks out of 48 blocks
17/03/16 20:01:14 INFO storage.ShuffleBlockFetcherIterator: Started 6 remote fetches in 3 ms
17/03/16 20:01:14 INFO storage.ShuffleBlockFetcherIterator: Getting 48 non-empty blocks out of 48 blocks
17/03/16 20:01:14 INFO storage.ShuffleBlockFetcherIterator: Started 8 remote fetches in 4 ms
17/03/16 20:01:14 INFO storage.ShuffleBlockFetcherIterator: Getting 48 non-empty blocks out of 48 blocks
17/03/16 20:01:14 INFO storage.ShuffleBlockFetcherIterator: Getting 48 non-empty blocks out of 48 blocks
17/03/16 20:01:14 INFO storage.ShuffleBlockFetcherIterator: Started 6 remote fetches in 4 ms
17/03/16 20:01:14 INFO storage.ShuffleBlockFetcherIterator: Getting 48 non-empty blocks out of 48 blocks
17/03/16 20:01:14 INFO storage.ShuffleBlockFetcherIterator: Started 6 remote fetches in 5 ms
17/03/16 20:01:14 INFO storage.ShuffleBlockFetcherIterator: Getting 48 non-empty blocks out of 48 blocks
17/03/16 20:01:14 INFO storage.ShuffleBlockFetcherIterator: Started 7 remote fetches in 5 ms
17/03/16 20:01:14 INFO storage.ShuffleBlockFetcherIterator: Started 6 remote fetches in 4 ms
17/03/16 20:01:14 INFO storage.ShuffleBlockFetcherIterator: Started 8 remote fetches in 3 ms
17/03/16 20:01:14 INFO storage.ShuffleBlockFetcherIterator: Started 5 remote fetches in 4 ms
17/03/16 20:01:15 INFO python.PythonRunner: Times: total = 870, boot = -23128, init = 23132, finish = 866
17/03/16 20:01:15 INFO executor.Executor: Finished task 30.0 in stage 32.0 (TID 1520). 9568051 bytes result sent to driver
17/03/16 20:01:15 INFO python.PythonRunner: Times: total = 904, boot = -23168, init = 23171, finish = 901
17/03/16 20:01:15 INFO python.PythonRunner: Times: total = 908, boot = -23146, init = 23150, finish = 904
17/03/16 20:01:15 INFO executor.Executor: Finished task 36.0 in stage 32.0 (TID 1526). 9562934 bytes result sent to driver
17/03/16 20:01:15 INFO executor.Executor: Finished task 42.0 in stage 32.0 (TID 1532). 9561169 bytes result sent to driver
17/03/16 20:01:15 INFO python.PythonRunner: Times: total = 1037, boot = -23129, init = 23133, finish = 1033
17/03/16 20:01:15 INFO python.PythonRunner: Times: total = 1038, boot = -22843, init = 22861, finish = 1020
17/03/16 20:01:15 INFO executor.Executor: Finished task 18.0 in stage 32.0 (TID 1508). 9530733 bytes result sent to driver
17/03/16 20:01:15 INFO executor.Executor: Finished task 12.0 in stage 32.0 (TID 1502). 9550450 bytes result sent to driver
17/03/16 20:01:15 INFO python.PythonRunner: Times: total = 1070, boot = -23342, init = 23345, finish = 1067
17/03/16 20:01:15 INFO executor.Executor: Finished task 6.0 in stage 32.0 (TID 1496). 9566131 bytes result sent to driver
17/03/16 20:01:15 INFO python.PythonRunner: Times: total = 1529, boot = -23080, init = 23084, finish = 1525
17/03/16 20:01:15 INFO executor.Executor: Finished task 24.0 in stage 32.0 (TID 1514). 9567268 bytes result sent to driver
17/03/16 20:01:15 INFO python.PythonRunner: Times: total = 1562, boot = -23004, init = 23025, finish = 1541
17/03/16 20:01:15 INFO executor.Executor: Finished task 0.0 in stage 32.0 (TID 1490). 9587087 bytes result sent to driver
17/03/16 20:01:19 INFO storage.BlockManager: Removing RDD 93
17/03/16 20:01:19 INFO storage.BlockManager: Removing RDD 98
17/03/16 20:08:33 INFO executor.CoarseGrainedExecutorBackend: Got assigned task 1541
17/03/16 20:08:33 INFO executor.Executor: Running task 3.0 in stage 33.0 (TID 1541)
17/03/16 20:08:33 INFO broadcast.TorrentBroadcast: Started reading broadcast variable 51
17/03/16 20:08:33 INFO executor.CoarseGrainedExecutorBackend: Got assigned task 1547
17/03/16 20:08:33 INFO executor.Executor: Running task 9.0 in stage 33.0 (TID 1547)
17/03/16 20:08:33 INFO executor.CoarseGrainedExecutorBackend: Got assigned task 1553
17/03/16 20:08:33 INFO executor.Executor: Running task 15.0 in stage 33.0 (TID 1553)
17/03/16 20:08:33 INFO executor.CoarseGrainedExecutorBackend: Got assigned task 1559
17/03/16 20:08:33 INFO executor.Executor: Running task 21.0 in stage 33.0 (TID 1559)
17/03/16 20:08:33 INFO executor.CoarseGrainedExecutorBackend: Got assigned task 1565
17/03/16 20:08:33 INFO executor.Executor: Running task 27.0 in stage 33.0 (TID 1565)
17/03/16 20:08:33 INFO executor.CoarseGrainedExecutorBackend: Got assigned task 1571
17/03/16 20:08:33 INFO executor.Executor: Running task 33.0 in stage 33.0 (TID 1571)
17/03/16 20:08:33 INFO storage.MemoryStore: Block broadcast_51_piece0 stored as bytes in memory (estimated size 5.4 KB, free 1238.3 MB)
17/03/16 20:08:33 INFO executor.CoarseGrainedExecutorBackend: Got assigned task 1577
17/03/16 20:08:33 INFO executor.Executor: Running task 39.0 in stage 33.0 (TID 1577)
17/03/16 20:08:33 INFO broadcast.TorrentBroadcast: Reading broadcast variable 51 took 19 ms
17/03/16 20:08:33 INFO executor.CoarseGrainedExecutorBackend: Got assigned task 1583
17/03/16 20:08:33 INFO executor.Executor: Running task 45.0 in stage 33.0 (TID 1583)
17/03/16 20:08:33 INFO storage.MemoryStore: Block broadcast_51 stored as values in memory (estimated size 8.6 KB, free 1238.3 MB)
17/03/16 20:08:33 INFO broadcast.TorrentBroadcast: Started reading broadcast variable 50
17/03/16 20:08:33 INFO storage.MemoryStore: Block broadcast_50_piece62 stored as bytes in memory (estimated size 4.0 MB, free 1242.3 MB)
17/03/16 20:08:33 INFO storage.MemoryStore: Block broadcast_50_piece67 stored as bytes in memory (estimated size 4.0 MB, free 1246.3 MB)
17/03/16 20:08:33 INFO storage.MemoryStore: Block broadcast_50_piece41 stored as bytes in memory (estimated size 4.0 MB, free 1250.3 MB)
17/03/16 20:08:33 INFO storage.MemoryStore: Block broadcast_50_piece59 stored as bytes in memory (estimated size 4.0 MB, free 1254.3 MB)
17/03/16 20:08:33 INFO storage.MemoryStore: Block broadcast_50_piece85 stored as bytes in memory (estimated size 4.0 MB, free 1258.3 MB)
17/03/16 20:08:33 INFO storage.MemoryStore: Block broadcast_50_piece23 stored as bytes in memory (estimated size 4.0 MB, free 1262.3 MB)
17/03/16 20:08:33 INFO storage.MemoryStore: Block broadcast_50_piece96 stored as bytes in memory (estimated size 4.0 MB, free 1266.3 MB)
17/03/16 20:08:33 INFO storage.MemoryStore: Block broadcast_50_piece28 stored as bytes in memory (estimated size 4.0 MB, free 1270.3 MB)
17/03/16 20:08:33 INFO storage.MemoryStore: Block broadcast_50_piece95 stored as bytes in memory (estimated size 4.0 MB, free 1274.3 MB)
17/03/16 20:08:33 INFO storage.MemoryStore: Block broadcast_50_piece98 stored as bytes in memory (estimated size 4.0 MB, free 1278.3 MB)
17/03/16 20:08:33 INFO storage.MemoryStore: Block broadcast_50_piece49 stored as bytes in memory (estimated size 4.0 MB, free 1282.3 MB)
17/03/16 20:08:33 INFO storage.MemoryStore: Block broadcast_50_piece56 stored as bytes in memory (estimated size 4.0 MB, free 1286.3 MB)
17/03/16 20:08:33 INFO storage.MemoryStore: Block broadcast_50_piece25 stored as bytes in memory (estimated size 4.0 MB, free 1290.3 MB)
17/03/16 20:08:33 INFO storage.MemoryStore: Block broadcast_50_piece18 stored as bytes in memory (estimated size 4.0 MB, free 1294.3 MB)
17/03/16 20:08:33 INFO storage.MemoryStore: Block broadcast_50_piece39 stored as bytes in memory (estimated size 4.0 MB, free 1298.3 MB)
17/03/16 20:08:33 INFO storage.MemoryStore: Block broadcast_50_piece103 stored as bytes in memory (estimated size 583.1 KB, free 1298.8 MB)
17/03/16 20:08:33 INFO storage.MemoryStore: Block broadcast_50_piece2 stored as bytes in memory (estimated size 4.0 MB, free 1302.8 MB)
17/03/16 20:08:33 INFO storage.MemoryStore: Block broadcast_50_piece65 stored as bytes in memory (estimated size 4.0 MB, free 1306.8 MB)
17/03/16 20:08:33 INFO storage.MemoryStore: Block broadcast_50_piece88 stored as bytes in memory (estimated size 4.0 MB, free 1310.8 MB)
17/03/16 20:08:33 INFO storage.MemoryStore: Block broadcast_50_piece27 stored as bytes in memory (estimated size 4.0 MB, free 1314.8 MB)
17/03/16 20:08:34 INFO storage.MemoryStore: Block broadcast_50_piece47 stored as bytes in memory (estimated size 4.0 MB, free 1318.8 MB)
17/03/16 20:08:34 INFO storage.MemoryStore: Block broadcast_50_piece38 stored as bytes in memory (estimated size 4.0 MB, free 1322.8 MB)
17/03/16 20:08:34 INFO storage.MemoryStore: Block broadcast_50_piece78 stored as bytes in memory (estimated size 4.0 MB, free 1326.8 MB)
17/03/16 20:08:34 INFO storage.MemoryStore: Block broadcast_50_piece16 stored as bytes in memory (estimated size 4.0 MB, free 1330.8 MB)
17/03/16 20:08:34 INFO storage.MemoryStore: Block broadcast_50_piece91 stored as bytes in memory (estimated size 4.0 MB, free 1334.8 MB)
17/03/16 20:08:34 INFO storage.MemoryStore: Block broadcast_50_piece6 stored as bytes in memory (estimated size 4.0 MB, free 1338.8 MB)
17/03/16 20:08:34 INFO storage.MemoryStore: Block broadcast_50_piece63 stored as bytes in memory (estimated size 4.0 MB, free 1342.8 MB)
17/03/16 20:08:34 INFO storage.MemoryStore: Block broadcast_50_piece43 stored as bytes in memory (estimated size 4.0 MB, free 1346.8 MB)
17/03/16 20:08:34 INFO storage.MemoryStore: Block broadcast_50_piece79 stored as bytes in memory (estimated size 4.0 MB, free 1350.8 MB)
17/03/16 20:08:34 INFO storage.MemoryStore: Block broadcast_50_piece60 stored as bytes in memory (estimated size 4.0 MB, free 1354.8 MB)
17/03/16 20:08:34 INFO storage.MemoryStore: Block broadcast_50_piece11 stored as bytes in memory (estimated size 4.0 MB, free 1358.8 MB)
17/03/16 20:08:34 INFO storage.MemoryStore: Block broadcast_50_piece53 stored as bytes in memory (estimated size 4.0 MB, free 1362.8 MB)
17/03/16 20:08:34 INFO storage.MemoryStore: Block broadcast_50_piece73 stored as bytes in memory (estimated size 4.0 MB, free 1366.8 MB)
17/03/16 20:08:34 INFO storage.MemoryStore: Block broadcast_50_piece82 stored as bytes in memory (estimated size 4.0 MB, free 1370.8 MB)
17/03/16 20:08:34 INFO storage.MemoryStore: Block broadcast_50_piece33 stored as bytes in memory (estimated size 4.0 MB, free 1374.8 MB)
17/03/16 20:08:34 INFO storage.MemoryStore: Block broadcast_50_piece76 stored as bytes in memory (estimated size 4.0 MB, free 1378.8 MB)
17/03/16 20:08:34 INFO storage.MemoryStore: Block broadcast_50_piece37 stored as bytes in memory (estimated size 4.0 MB, free 1382.8 MB)
17/03/16 20:08:34 INFO storage.MemoryStore: Block broadcast_50_piece34 stored as bytes in memory (estimated size 4.0 MB, free 1386.8 MB)
17/03/16 20:08:34 INFO storage.MemoryStore: Block broadcast_50_piece87 stored as bytes in memory (estimated size 4.0 MB, free 1390.8 MB)
17/03/16 20:08:34 INFO storage.MemoryStore: Block broadcast_50_piece100 stored as bytes in memory (estimated size 4.0 MB, free 1394.8 MB)
17/03/16 20:08:34 INFO storage.MemoryStore: Block broadcast_50_piece57 stored as bytes in memory (estimated size 4.0 MB, free 1398.8 MB)
17/03/16 20:08:34 INFO storage.MemoryStore: Block broadcast_50_piece15 stored as bytes in memory (estimated size 4.0 MB, free 1402.8 MB)
17/03/16 20:08:34 INFO storage.MemoryStore: Block broadcast_50_piece50 stored as bytes in memory (estimated size 4.0 MB, free 1406.8 MB)
17/03/16 20:08:34 INFO storage.MemoryStore: Block broadcast_50_piece8 stored as bytes in memory (estimated size 4.0 MB, free 1410.8 MB)
17/03/16 20:08:34 INFO storage.MemoryStore: Block broadcast_50_piece19 stored as bytes in memory (estimated size 4.0 MB, free 1414.8 MB)
17/03/16 20:08:34 INFO storage.MemoryStore: Block broadcast_50_piece70 stored as bytes in memory (estimated size 4.0 MB, free 1418.8 MB)
17/03/16 20:08:34 INFO storage.MemoryStore: Block broadcast_50_piece31 stored as bytes in memory (estimated size 4.0 MB, free 1422.8 MB)
17/03/16 20:08:34 INFO storage.MemoryStore: Block broadcast_50_piece99 stored as bytes in memory (estimated size 4.0 MB, free 1426.8 MB)
17/03/16 20:08:34 INFO storage.MemoryStore: Block broadcast_50_piece93 stored as bytes in memory (estimated size 4.0 MB, free 1430.8 MB)
17/03/16 20:08:34 INFO storage.MemoryStore: Block broadcast_50_piece94 stored as bytes in memory (estimated size 4.0 MB, free 1434.8 MB)
17/03/16 20:08:34 INFO storage.MemoryStore: Block broadcast_50_piece5 stored as bytes in memory (estimated size 4.0 MB, free 1438.8 MB)
17/03/16 20:08:34 INFO storage.MemoryStore: Block broadcast_50_piece46 stored as bytes in memory (estimated size 4.0 MB, free 1442.8 MB)
17/03/16 20:08:34 INFO storage.MemoryStore: Block broadcast_50_piece74 stored as bytes in memory (estimated size 4.0 MB, free 1446.8 MB)
17/03/16 20:08:34 INFO storage.MemoryStore: Block broadcast_50_piece80 stored as bytes in memory (estimated size 4.0 MB, free 1450.8 MB)
17/03/16 20:08:34 INFO storage.MemoryStore: Block broadcast_50_piece71 stored as bytes in memory (estimated size 4.0 MB, free 1454.8 MB)
17/03/16 20:08:34 INFO storage.MemoryStore: Block broadcast_50_piece54 stored as bytes in memory (estimated size 4.0 MB, free 1458.8 MB)
17/03/16 20:08:34 INFO storage.MemoryStore: Block broadcast_50_piece68 stored as bytes in memory (estimated size 4.0 MB, free 1462.8 MB)
17/03/16 20:08:34 INFO storage.MemoryStore: Block broadcast_50_piece101 stored as bytes in memory (estimated size 4.0 MB, free 1466.8 MB)
17/03/16 20:08:34 INFO storage.MemoryStore: Block broadcast_50_piece84 stored as bytes in memory (estimated size 4.0 MB, free 1470.8 MB)
17/03/16 20:08:34 INFO storage.MemoryStore: Block broadcast_50_piece12 stored as bytes in memory (estimated size 4.0 MB, free 1474.8 MB)
17/03/16 20:08:34 INFO storage.MemoryStore: Block broadcast_50_piece61 stored as bytes in memory (estimated size 4.0 MB, free 1478.8 MB)
17/03/16 20:08:34 INFO storage.MemoryStore: Block broadcast_50_piece81 stored as bytes in memory (estimated size 4.0 MB, free 1482.8 MB)
17/03/16 20:08:34 INFO storage.MemoryStore: Block broadcast_50_piece9 stored as bytes in memory (estimated size 4.0 MB, free 1486.8 MB)
17/03/16 20:08:34 INFO storage.MemoryStore: Block broadcast_50_piece22 stored as bytes in memory (estimated size 4.0 MB, free 1490.8 MB)
17/03/16 20:08:34 INFO storage.MemoryStore: Block broadcast_50_piece90 stored as bytes in memory (estimated size 4.0 MB, free 1494.8 MB)
17/03/16 20:08:35 INFO storage.MemoryStore: Block broadcast_50_piece35 stored as bytes in memory (estimated size 4.0 MB, free 1498.8 MB)
17/03/16 20:08:35 INFO storage.MemoryStore: Block broadcast_50_piece20 stored as bytes in memory (estimated size 4.0 MB, free 1502.8 MB)
17/03/16 20:08:35 INFO storage.MemoryStore: Block broadcast_50_piece7 stored as bytes in memory (estimated size 4.0 MB, free 1506.8 MB)
17/03/16 20:08:35 INFO storage.MemoryStore: Block broadcast_50_piece29 stored as bytes in memory (estimated size 4.0 MB, free 1510.8 MB)
17/03/16 20:08:35 INFO storage.MemoryStore: Block broadcast_50_piece21 stored as bytes in memory (estimated size 4.0 MB, free 1514.8 MB)
17/03/16 20:08:35 INFO storage.MemoryStore: Block broadcast_50_piece36 stored as bytes in memory (estimated size 4.0 MB, free 1518.8 MB)
17/03/16 20:08:35 INFO storage.MemoryStore: Block broadcast_50_piece10 stored as bytes in memory (estimated size 4.0 MB, free 1522.8 MB)
17/03/16 20:08:35 INFO storage.MemoryStore: Block broadcast_50_piece66 stored as bytes in memory (estimated size 4.0 MB, free 1526.8 MB)
17/03/16 20:08:35 INFO storage.MemoryStore: Block broadcast_50_piece64 stored as bytes in memory (estimated size 4.0 MB, free 1530.8 MB)
17/03/16 20:08:35 INFO storage.MemoryStore: Block broadcast_50_piece86 stored as bytes in memory (estimated size 4.0 MB, free 1534.8 MB)
17/03/16 20:08:35 INFO storage.MemoryStore: Block broadcast_50_piece102 stored as bytes in memory (estimated size 4.0 MB, free 1538.8 MB)
17/03/16 20:08:35 INFO storage.MemoryStore: Block broadcast_50_piece72 stored as bytes in memory (estimated size 4.0 MB, free 1542.8 MB)
17/03/16 20:08:35 INFO storage.MemoryStore: Block broadcast_50_piece0 stored as bytes in memory (estimated size 4.0 MB, free 1546.8 MB)
17/03/16 20:08:35 INFO storage.MemoryStore: Block broadcast_50_piece32 stored as bytes in memory (estimated size 4.0 MB, free 1550.8 MB)
17/03/16 20:08:35 INFO storage.MemoryStore: Block broadcast_50_piece30 stored as bytes in memory (estimated size 4.0 MB, free 1554.8 MB)
17/03/16 20:08:35 INFO storage.MemoryStore: Block broadcast_50_piece48 stored as bytes in memory (estimated size 4.0 MB, free 1558.8 MB)
17/03/16 20:08:35 INFO storage.MemoryStore: Block broadcast_50_piece42 stored as bytes in memory (estimated size 4.0 MB, free 1562.8 MB)
17/03/16 20:08:35 INFO storage.MemoryStore: Block broadcast_50_piece77 stored as bytes in memory (estimated size 4.0 MB, free 1566.8 MB)
17/03/16 20:08:35 INFO storage.MemoryStore: Block broadcast_50_piece69 stored as bytes in memory (estimated size 4.0 MB, free 1570.8 MB)
17/03/16 20:08:35 INFO storage.MemoryStore: Block broadcast_50_piece55 stored as bytes in memory (estimated size 4.0 MB, free 1574.8 MB)
17/03/16 20:08:35 INFO storage.MemoryStore: Block broadcast_50_piece1 stored as bytes in memory (estimated size 4.0 MB, free 1578.8 MB)
17/03/16 20:08:35 INFO storage.MemoryStore: Block broadcast_50_piece97 stored as bytes in memory (estimated size 4.0 MB, free 1582.8 MB)
17/03/16 20:08:35 INFO storage.MemoryStore: Block broadcast_50_piece83 stored as bytes in memory (estimated size 4.0 MB, free 1586.8 MB)
17/03/16 20:08:35 INFO storage.MemoryStore: Block broadcast_50_piece13 stored as bytes in memory (estimated size 4.0 MB, free 1590.8 MB)
17/03/16 20:08:35 INFO storage.MemoryStore: Block broadcast_50_piece89 stored as bytes in memory (estimated size 4.0 MB, free 1594.8 MB)
17/03/16 20:08:35 INFO storage.MemoryStore: Block broadcast_50_piece52 stored as bytes in memory (estimated size 4.0 MB, free 1598.8 MB)
17/03/16 20:08:35 INFO storage.MemoryStore: Block broadcast_50_piece58 stored as bytes in memory (estimated size 4.0 MB, free 1602.8 MB)
17/03/16 20:08:35 INFO storage.MemoryStore: Block broadcast_50_piece44 stored as bytes in memory (estimated size 4.0 MB, free 1606.8 MB)
17/03/16 20:08:35 INFO storage.MemoryStore: Block broadcast_50_piece17 stored as bytes in memory (estimated size 4.0 MB, free 1610.8 MB)
17/03/16 20:08:35 INFO storage.MemoryStore: Block broadcast_50_piece3 stored as bytes in memory (estimated size 4.0 MB, free 1614.8 MB)
17/03/16 20:08:35 INFO storage.MemoryStore: Block broadcast_50_piece26 stored as bytes in memory (estimated size 4.0 MB, free 1618.8 MB)
17/03/16 20:08:35 INFO storage.MemoryStore: Block broadcast_50_piece24 stored as bytes in memory (estimated size 4.0 MB, free 1622.8 MB)
17/03/16 20:08:35 INFO storage.MemoryStore: Block broadcast_50_piece92 stored as bytes in memory (estimated size 4.0 MB, free 1626.8 MB)
17/03/16 20:08:35 INFO storage.MemoryStore: Block broadcast_50_piece14 stored as bytes in memory (estimated size 4.0 MB, free 1630.8 MB)
17/03/16 20:08:35 INFO storage.MemoryStore: Block broadcast_50_piece51 stored as bytes in memory (estimated size 4.0 MB, free 1634.8 MB)
17/03/16 20:08:35 INFO storage.MemoryStore: Block broadcast_50_piece40 stored as bytes in memory (estimated size 4.0 MB, free 1638.8 MB)
17/03/16 20:08:35 INFO storage.MemoryStore: Block broadcast_50_piece4 stored as bytes in memory (estimated size 4.0 MB, free 1642.8 MB)
17/03/16 20:08:35 INFO storage.MemoryStore: Block broadcast_50_piece75 stored as bytes in memory (estimated size 4.0 MB, free 1646.8 MB)
17/03/16 20:08:35 INFO storage.MemoryStore: Block broadcast_50_piece45 stored as bytes in memory (estimated size 4.0 MB, free 1650.8 MB)
17/03/16 20:08:35 INFO broadcast.TorrentBroadcast: Reading broadcast variable 50 took 2073 ms
17/03/16 20:08:43 INFO storage.MemoryStore: Block broadcast_50 stored as values in memory (estimated size 384.0 B, free 1650.8 MB)
17/03/16 20:08:51 INFO python.PythonRunner: Times: total = 17885, boot = 10, init = 9785, finish = 8090
17/03/16 20:08:51 INFO python.PythonRunner: Times: total = 17909, boot = 7, init = 9788, finish = 8114
17/03/16 20:08:51 INFO python.PythonRunner: Times: total = 17918, boot = 21, init = 9770, finish = 8127
17/03/16 20:08:51 INFO python.PythonRunner: Times: total = 17980, boot = 3, init = 9792, finish = 8185
17/03/16 20:08:51 INFO executor.Executor: Finished task 21.0 in stage 33.0 (TID 1559). 1274 bytes result sent to driver
17/03/16 20:08:51 INFO python.PythonRunner: Times: total = 18007, boot = 21, init = 9774, finish = 8212
17/03/16 20:08:51 INFO executor.Executor: Finished task 15.0 in stage 33.0 (TID 1553). 1274 bytes result sent to driver
17/03/16 20:08:51 INFO executor.Executor: Finished task 45.0 in stage 33.0 (TID 1583). 1274 bytes result sent to driver
17/03/16 20:08:51 INFO executor.Executor: Finished task 9.0 in stage 33.0 (TID 1547). 1274 bytes result sent to driver
17/03/16 20:08:51 INFO executor.Executor: Finished task 39.0 in stage 33.0 (TID 1577). 1274 bytes result sent to driver
17/03/16 20:08:51 INFO python.PythonRunner: Times: total = 18118, boot = 14, init = 9781, finish = 8323
17/03/16 20:08:51 INFO executor.Executor: Finished task 27.0 in stage 33.0 (TID 1565). 1274 bytes result sent to driver
17/03/16 20:08:53 INFO python.PythonRunner: Times: total = 19456, boot = 3, init = 9790, finish = 9663
17/03/16 20:08:53 INFO executor.Executor: Finished task 3.0 in stage 33.0 (TID 1541). 1274 bytes result sent to driver
17/03/16 20:08:53 INFO python.PythonRunner: Times: total = 19589, boot = 17, init = 9777, finish = 9795
17/03/16 20:08:53 INFO executor.Executor: Finished task 33.0 in stage 33.0 (TID 1571). 1274 bytes result sent to driver
17/03/16 20:09:15 INFO executor.CoarseGrainedExecutorBackend: Got assigned task 1588
17/03/16 20:09:15 INFO executor.CoarseGrainedExecutorBackend: Got assigned task 1594
17/03/16 20:09:15 INFO executor.Executor: Running task 2.0 in stage 34.0 (TID 1588)
17/03/16 20:09:15 INFO executor.Executor: Running task 8.0 in stage 34.0 (TID 1594)
17/03/16 20:09:15 INFO executor.CoarseGrainedExecutorBackend: Got assigned task 1600
17/03/16 20:09:15 INFO executor.CoarseGrainedExecutorBackend: Got assigned task 1606
17/03/16 20:09:15 INFO executor.Executor: Running task 14.0 in stage 34.0 (TID 1600)
17/03/16 20:09:15 INFO executor.Executor: Running task 20.0 in stage 34.0 (TID 1606)
17/03/16 20:09:15 INFO executor.CoarseGrainedExecutorBackend: Got assigned task 1612
17/03/16 20:09:15 INFO spark.MapOutputTrackerWorker: Updating epoch to 17 and clearing cache
17/03/16 20:09:15 INFO executor.Executor: Running task 26.0 in stage 34.0 (TID 1612)
17/03/16 20:09:15 INFO executor.CoarseGrainedExecutorBackend: Got assigned task 1618
17/03/16 20:09:15 INFO executor.CoarseGrainedExecutorBackend: Got assigned task 1624
17/03/16 20:09:15 INFO executor.Executor: Running task 32.0 in stage 34.0 (TID 1618)
17/03/16 20:09:15 INFO executor.Executor: Running task 38.0 in stage 34.0 (TID 1624)
17/03/16 20:09:15 INFO broadcast.TorrentBroadcast: Started reading broadcast variable 52
17/03/16 20:09:15 INFO executor.CoarseGrainedExecutorBackend: Got assigned task 1630
17/03/16 20:09:15 INFO executor.Executor: Running task 44.0 in stage 34.0 (TID 1630)
17/03/16 20:09:15 INFO storage.MemoryStore: Block broadcast_52_piece0 stored as bytes in memory (estimated size 3.3 KB, free 1650.8 MB)
17/03/16 20:09:15 INFO broadcast.TorrentBroadcast: Reading broadcast variable 52 took 7 ms
17/03/16 20:09:15 INFO storage.MemoryStore: Block broadcast_52 stored as values in memory (estimated size 5.3 KB, free 1650.8 MB)
17/03/16 20:09:15 INFO spark.MapOutputTrackerWorker: Don't have map outputs for shuffle 16, fetching them
17/03/16 20:09:15 INFO spark.MapOutputTrackerWorker: Doing the fetch; tracker endpoint = NettyRpcEndpointRef(spark://MapOutputTracker@10.10.34.38:36751)
17/03/16 20:09:15 INFO spark.MapOutputTrackerWorker: Don't have map outputs for shuffle 16, fetching them
17/03/16 20:09:15 INFO spark.MapOutputTrackerWorker: Don't have map outputs for shuffle 16, fetching them
17/03/16 20:09:15 INFO spark.MapOutputTrackerWorker: Don't have map outputs for shuffle 16, fetching them
17/03/16 20:09:15 INFO spark.MapOutputTrackerWorker: Don't have map outputs for shuffle 16, fetching them
17/03/16 20:09:15 INFO spark.MapOutputTrackerWorker: Don't have map outputs for shuffle 16, fetching them
17/03/16 20:09:15 INFO spark.MapOutputTrackerWorker: Got the output locations
17/03/16 20:09:15 INFO spark.MapOutputTrackerWorker: Don't have map outputs for shuffle 16, fetching them
17/03/16 20:09:15 INFO storage.ShuffleBlockFetcherIterator: Getting 48 non-empty blocks out of 48 blocks
17/03/16 20:09:15 INFO storage.ShuffleBlockFetcherIterator: Getting 48 non-empty blocks out of 48 blocks
17/03/16 20:09:15 INFO storage.ShuffleBlockFetcherIterator: Getting 48 non-empty blocks out of 48 blocks
17/03/16 20:09:15 INFO storage.ShuffleBlockFetcherIterator: Getting 48 non-empty blocks out of 48 blocks
17/03/16 20:09:15 INFO storage.ShuffleBlockFetcherIterator: Getting 48 non-empty blocks out of 48 blocks
17/03/16 20:09:15 INFO storage.ShuffleBlockFetcherIterator: Started 7 remote fetches in 4 ms
17/03/16 20:09:15 INFO storage.ShuffleBlockFetcherIterator: Started 7 remote fetches in 3 ms
17/03/16 20:09:15 INFO storage.ShuffleBlockFetcherIterator: Started 6 remote fetches in 3 ms
17/03/16 20:09:15 INFO storage.ShuffleBlockFetcherIterator: Getting 48 non-empty blocks out of 48 blocks
17/03/16 20:09:15 INFO storage.ShuffleBlockFetcherIterator: Getting 48 non-empty blocks out of 48 blocks
17/03/16 20:09:15 INFO storage.ShuffleBlockFetcherIterator: Started 5 remote fetches in 2 ms
17/03/16 20:09:15 INFO storage.ShuffleBlockFetcherIterator: Started 6 remote fetches in 5 ms
17/03/16 20:09:15 INFO storage.ShuffleBlockFetcherIterator: Getting 48 non-empty blocks out of 48 blocks
17/03/16 20:09:15 INFO storage.ShuffleBlockFetcherIterator: Started 6 remote fetches in 2 ms
17/03/16 20:09:15 INFO storage.ShuffleBlockFetcherIterator: Started 7 remote fetches in 4 ms
17/03/16 20:09:15 INFO storage.ShuffleBlockFetcherIterator: Started 7 remote fetches in 3 ms
17/03/16 20:09:16 INFO python.PythonRunner: Times: total = 836, boot = -23927, init = 23932, finish = 831
17/03/16 20:09:16 INFO python.PythonRunner: Times: total = 841, boot = -23998, init = 24006, finish = 833
17/03/16 20:09:16 INFO executor.Executor: Finished task 32.0 in stage 34.0 (TID 1618). 9575457 bytes result sent to driver
17/03/16 20:09:16 INFO executor.Executor: Finished task 44.0 in stage 34.0 (TID 1630). 9564663 bytes result sent to driver
17/03/16 20:09:16 INFO python.PythonRunner: Times: total = 881, boot = -22463, init = 22468, finish = 876
17/03/16 20:09:16 INFO executor.Executor: Finished task 26.0 in stage 34.0 (TID 1612). 9554143 bytes result sent to driver
17/03/16 20:09:16 INFO python.PythonRunner: Times: total = 942, boot = -22338, init = 22342, finish = 938
17/03/16 20:09:16 INFO python.PythonRunner: Times: total = 957, boot = -23806, init = 23814, finish = 949
17/03/16 20:09:16 INFO executor.Executor: Finished task 14.0 in stage 34.0 (TID 1600). 9555496 bytes result sent to driver
17/03/16 20:09:16 INFO executor.Executor: Finished task 20.0 in stage 34.0 (TID 1606). 9572182 bytes result sent to driver
17/03/16 20:09:16 INFO python.PythonRunner: Times: total = 1038, boot = -23905, init = 23915, finish = 1028
17/03/16 20:09:16 INFO executor.Executor: Finished task 38.0 in stage 34.0 (TID 1624). 9563344 bytes result sent to driver
17/03/16 20:09:16 INFO python.PythonRunner: Times: total = 1207, boot = -24031, init = 24035, finish = 1203
17/03/16 20:09:16 INFO executor.Executor: Finished task 8.0 in stage 34.0 (TID 1594). 9572570 bytes result sent to driver
17/03/16 20:09:16 INFO python.PythonRunner: Times: total = 1254, boot = -24006, init = 24010, finish = 1250
17/03/16 20:09:16 INFO executor.Executor: Finished task 2.0 in stage 34.0 (TID 1588). 9550768 bytes result sent to driver
17/03/16 20:09:20 INFO storage.BlockManager: Removing RDD 99
17/03/16 20:09:20 INFO storage.BlockManager: Removing RDD 104
17/03/16 20:16:34 INFO executor.CoarseGrainedExecutorBackend: Got assigned task 1637
17/03/16 20:16:34 INFO executor.Executor: Running task 3.0 in stage 35.0 (TID 1637)
17/03/16 20:16:34 INFO broadcast.TorrentBroadcast: Started reading broadcast variable 54
17/03/16 20:16:34 INFO executor.CoarseGrainedExecutorBackend: Got assigned task 1643
17/03/16 20:16:34 INFO executor.Executor: Running task 9.0 in stage 35.0 (TID 1643)
17/03/16 20:16:34 INFO executor.CoarseGrainedExecutorBackend: Got assigned task 1649
17/03/16 20:16:34 INFO executor.Executor: Running task 15.0 in stage 35.0 (TID 1649)
17/03/16 20:16:34 INFO executor.CoarseGrainedExecutorBackend: Got assigned task 1655
17/03/16 20:16:34 INFO executor.Executor: Running task 21.0 in stage 35.0 (TID 1655)
17/03/16 20:16:34 INFO executor.CoarseGrainedExecutorBackend: Got assigned task 1661
17/03/16 20:16:34 INFO executor.Executor: Running task 27.0 in stage 35.0 (TID 1661)
17/03/16 20:16:34 INFO executor.CoarseGrainedExecutorBackend: Got assigned task 1667
17/03/16 20:16:34 INFO executor.Executor: Running task 33.0 in stage 35.0 (TID 1667)
17/03/16 20:16:34 INFO executor.CoarseGrainedExecutorBackend: Got assigned task 1673
17/03/16 20:16:34 INFO executor.Executor: Running task 39.0 in stage 35.0 (TID 1673)
17/03/16 20:16:34 INFO storage.MemoryStore: Block broadcast_54_piece0 stored as bytes in memory (estimated size 5.4 KB, free 1650.8 MB)
17/03/16 20:16:34 INFO executor.CoarseGrainedExecutorBackend: Got assigned task 1679
17/03/16 20:16:34 INFO broadcast.TorrentBroadcast: Reading broadcast variable 54 took 18 ms
17/03/16 20:16:34 INFO executor.Executor: Running task 45.0 in stage 35.0 (TID 1679)
17/03/16 20:16:34 INFO storage.MemoryStore: Block broadcast_54 stored as values in memory (estimated size 8.6 KB, free 1650.8 MB)
17/03/16 20:16:34 INFO broadcast.TorrentBroadcast: Started reading broadcast variable 53
17/03/16 20:16:34 INFO storage.MemoryStore: Block broadcast_53_piece75 stored as bytes in memory (estimated size 4.0 MB, free 1654.8 MB)
17/03/16 20:16:34 INFO storage.MemoryStore: Block broadcast_53_piece77 stored as bytes in memory (estimated size 4.0 MB, free 1658.8 MB)
17/03/16 20:16:34 INFO storage.MemoryStore: Block broadcast_53_piece94 stored as bytes in memory (estimated size 4.0 MB, free 1662.8 MB)
17/03/16 20:16:34 INFO storage.MemoryStore: Block broadcast_53_piece1 stored as bytes in memory (estimated size 4.0 MB, free 1666.8 MB)
17/03/16 20:16:35 INFO storage.MemoryStore: Block broadcast_53_piece54 stored as bytes in memory (estimated size 4.0 MB, free 1670.8 MB)
17/03/16 20:16:35 INFO storage.MemoryStore: Block broadcast_53_piece11 stored as bytes in memory (estimated size 4.0 MB, free 1674.8 MB)
17/03/16 20:16:35 INFO storage.MemoryStore: Block broadcast_53_piece78 stored as bytes in memory (estimated size 4.0 MB, free 1678.8 MB)
17/03/16 20:16:35 INFO storage.MemoryStore: Block broadcast_53_piece62 stored as bytes in memory (estimated size 4.0 MB, free 1682.8 MB)
17/03/16 20:16:35 INFO storage.MemoryStore: Block broadcast_53_piece91 stored as bytes in memory (estimated size 4.0 MB, free 1686.8 MB)
17/03/16 20:16:35 INFO storage.MemoryStore: Block broadcast_53_piece88 stored as bytes in memory (estimated size 4.0 MB, free 1690.8 MB)
17/03/16 20:16:35 INFO storage.MemoryStore: Block broadcast_53_piece73 stored as bytes in memory (estimated size 4.0 MB, free 1694.8 MB)
17/03/16 20:16:35 INFO storage.MemoryStore: Block broadcast_53_piece86 stored as bytes in memory (estimated size 4.0 MB, free 1698.8 MB)
17/03/16 20:16:35 INFO storage.MemoryStore: Block broadcast_53_piece36 stored as bytes in memory (estimated size 4.0 MB, free 1702.8 MB)
17/03/16 20:16:35 INFO storage.MemoryStore: Block broadcast_53_piece71 stored as bytes in memory (estimated size 4.0 MB, free 1706.8 MB)
17/03/16 20:16:35 INFO storage.MemoryStore: Block broadcast_53_piece96 stored as bytes in memory (estimated size 4.0 MB, free 1710.8 MB)
17/03/16 20:16:35 INFO storage.MemoryStore: Block broadcast_53_piece58 stored as bytes in memory (estimated size 4.0 MB, free 1714.8 MB)
17/03/16 20:16:35 INFO storage.MemoryStore: Block broadcast_53_piece23 stored as bytes in memory (estimated size 4.0 MB, free 1718.8 MB)
17/03/16 20:16:35 INFO storage.MemoryStore: Block broadcast_53_piece66 stored as bytes in memory (estimated size 4.0 MB, free 1722.8 MB)
17/03/16 20:16:35 INFO storage.MemoryStore: Block broadcast_53_piece33 stored as bytes in memory (estimated size 4.0 MB, free 1726.8 MB)
17/03/16 20:16:35 INFO storage.MemoryStore: Block broadcast_53_piece74 stored as bytes in memory (estimated size 4.0 MB, free 1730.8 MB)
17/03/16 20:16:35 INFO storage.MemoryStore: Block broadcast_53_piece10 stored as bytes in memory (estimated size 4.0 MB, free 1734.8 MB)
17/03/16 20:16:35 INFO storage.MemoryStore: Block broadcast_53_piece100 stored as bytes in memory (estimated size 4.0 MB, free 1738.8 MB)
17/03/16 20:16:35 INFO storage.MemoryStore: Block broadcast_53_piece72 stored as bytes in memory (estimated size 4.0 MB, free 1742.8 MB)
17/03/16 20:16:35 INFO storage.MemoryStore: Block broadcast_53_piece42 stored as bytes in memory (estimated size 4.0 MB, free 1746.8 MB)
17/03/16 20:16:35 INFO storage.MemoryStore: Block broadcast_53_piece59 stored as bytes in memory (estimated size 4.0 MB, free 1750.8 MB)
17/03/16 20:16:35 INFO storage.MemoryStore: Block broadcast_53_piece56 stored as bytes in memory (estimated size 4.0 MB, free 1754.8 MB)
17/03/16 20:16:35 INFO storage.MemoryStore: Block broadcast_53_piece103 stored as bytes in memory (estimated size 506.1 KB, free 1755.3 MB)
17/03/16 20:16:35 INFO storage.MemoryStore: Block broadcast_53_piece8 stored as bytes in memory (estimated size 4.0 MB, free 1759.3 MB)
17/03/16 20:16:35 INFO storage.MemoryStore: Block broadcast_53_piece81 stored as bytes in memory (estimated size 4.0 MB, free 1763.3 MB)
17/03/16 20:16:35 INFO storage.MemoryStore: Block broadcast_53_piece83 stored as bytes in memory (estimated size 4.0 MB, free 1767.3 MB)
17/03/16 20:16:35 INFO storage.MemoryStore: Block broadcast_53_piece63 stored as bytes in memory (estimated size 4.0 MB, free 1771.3 MB)
17/03/16 20:16:35 INFO storage.MemoryStore: Block broadcast_53_piece46 stored as bytes in memory (estimated size 4.0 MB, free 1775.3 MB)
17/03/16 20:16:35 INFO storage.MemoryStore: Block broadcast_53_piece24 stored as bytes in memory (estimated size 4.0 MB, free 1779.3 MB)
17/03/16 20:16:35 INFO storage.MemoryStore: Block broadcast_53_piece45 stored as bytes in memory (estimated size 4.0 MB, free 1783.3 MB)
17/03/16 20:16:35 INFO storage.MemoryStore: Block broadcast_53_piece6 stored as bytes in memory (estimated size 4.0 MB, free 1787.3 MB)
17/03/16 20:16:35 INFO storage.MemoryStore: Block broadcast_53_piece93 stored as bytes in memory (estimated size 4.0 MB, free 1791.3 MB)
17/03/16 20:16:35 INFO storage.MemoryStore: Block broadcast_53_piece12 stored as bytes in memory (estimated size 4.0 MB, free 1795.3 MB)
17/03/16 20:16:35 INFO storage.MemoryStore: Block broadcast_53_piece99 stored as bytes in memory (estimated size 4.0 MB, free 1799.3 MB)
17/03/16 20:16:35 INFO storage.MemoryStore: Block broadcast_53_piece49 stored as bytes in memory (estimated size 4.0 MB, free 1803.3 MB)
17/03/16 20:16:35 INFO storage.MemoryStore: Block broadcast_53_piece92 stored as bytes in memory (estimated size 4.0 MB, free 1807.3 MB)
17/03/16 20:16:35 INFO storage.MemoryStore: Block broadcast_53_piece53 stored as bytes in memory (estimated size 4.0 MB, free 1811.3 MB)
17/03/16 20:16:35 INFO storage.MemoryStore: Block broadcast_53_piece64 stored as bytes in memory (estimated size 4.0 MB, free 1815.3 MB)
17/03/16 20:16:35 INFO storage.MemoryStore: Block broadcast_53_piece27 stored as bytes in memory (estimated size 4.0 MB, free 1819.3 MB)
17/03/16 20:16:35 INFO storage.MemoryStore: Block broadcast_53_piece16 stored as bytes in memory (estimated size 4.0 MB, free 1823.3 MB)
17/03/16 20:16:35 INFO storage.MemoryStore: Block broadcast_53_piece2 stored as bytes in memory (estimated size 4.0 MB, free 1827.3 MB)
17/03/16 20:16:35 INFO storage.MemoryStore: Block broadcast_53_piece85 stored as bytes in memory (estimated size 4.0 MB, free 1831.3 MB)
17/03/16 20:16:35 INFO storage.MemoryStore: Block broadcast_53_piece76 stored as bytes in memory (estimated size 4.0 MB, free 1835.3 MB)
17/03/16 20:16:35 INFO storage.MemoryStore: Block broadcast_53_piece0 stored as bytes in memory (estimated size 4.0 MB, free 1839.3 MB)
17/03/16 20:16:35 INFO storage.MemoryStore: Block broadcast_53_piece13 stored as bytes in memory (estimated size 4.0 MB, free 1843.3 MB)
17/03/16 20:16:35 INFO storage.MemoryStore: Block broadcast_53_piece35 stored as bytes in memory (estimated size 4.0 MB, free 1847.3 MB)
17/03/16 20:16:35 INFO storage.MemoryStore: Block broadcast_53_piece79 stored as bytes in memory (estimated size 4.0 MB, free 1851.3 MB)
17/03/16 20:16:35 INFO storage.MemoryStore: Block broadcast_53_piece55 stored as bytes in memory (estimated size 4.0 MB, free 1855.3 MB)
17/03/16 20:16:35 INFO storage.MemoryStore: Block broadcast_53_piece89 stored as bytes in memory (estimated size 4.0 MB, free 1859.3 MB)
17/03/16 20:16:35 INFO storage.MemoryStore: Block broadcast_53_piece69 stored as bytes in memory (estimated size 4.0 MB, free 1863.3 MB)
17/03/16 20:16:35 INFO storage.MemoryStore: Block broadcast_53_piece51 stored as bytes in memory (estimated size 4.0 MB, free 1867.3 MB)
17/03/16 20:16:36 INFO storage.MemoryStore: Block broadcast_53_piece28 stored as bytes in memory (estimated size 4.0 MB, free 1871.3 MB)
17/03/16 20:16:36 INFO storage.MemoryStore: Block broadcast_53_piece47 stored as bytes in memory (estimated size 4.0 MB, free 1875.3 MB)
17/03/16 20:16:36 INFO storage.MemoryStore: Block broadcast_53_piece19 stored as bytes in memory (estimated size 4.0 MB, free 1879.3 MB)
17/03/16 20:16:36 INFO storage.MemoryStore: Block broadcast_53_piece52 stored as bytes in memory (estimated size 4.0 MB, free 1883.3 MB)
17/03/16 20:16:36 INFO storage.MemoryStore: Block broadcast_53_piece17 stored as bytes in memory (estimated size 4.0 MB, free 1887.3 MB)
17/03/16 20:16:36 INFO storage.MemoryStore: Block broadcast_53_piece41 stored as bytes in memory (estimated size 4.0 MB, free 1891.3 MB)
17/03/16 20:16:36 INFO storage.MemoryStore: Block broadcast_53_piece70 stored as bytes in memory (estimated size 4.0 MB, free 1895.3 MB)
17/03/16 20:16:36 INFO storage.MemoryStore: Block broadcast_53_piece44 stored as bytes in memory (estimated size 4.0 MB, free 1899.3 MB)
17/03/16 20:16:36 INFO storage.MemoryStore: Block broadcast_53_piece34 stored as bytes in memory (estimated size 4.0 MB, free 1903.3 MB)
17/03/16 20:16:36 INFO storage.MemoryStore: Block broadcast_53_piece97 stored as bytes in memory (estimated size 4.0 MB, free 1907.3 MB)
17/03/16 20:16:36 INFO storage.MemoryStore: Block broadcast_53_piece80 stored as bytes in memory (estimated size 4.0 MB, free 1911.3 MB)
17/03/16 20:16:36 INFO storage.MemoryStore: Block broadcast_53_piece9 stored as bytes in memory (estimated size 4.0 MB, free 1915.3 MB)
17/03/16 20:16:36 INFO storage.MemoryStore: Block broadcast_53_piece61 stored as bytes in memory (estimated size 4.0 MB, free 1919.3 MB)
17/03/16 20:16:36 INFO storage.MemoryStore: Block broadcast_53_piece20 stored as bytes in memory (estimated size 4.0 MB, free 1923.3 MB)
17/03/16 20:16:36 INFO storage.MemoryStore: Block broadcast_53_piece26 stored as bytes in memory (estimated size 4.0 MB, free 1927.3 MB)
17/03/16 20:16:36 INFO storage.MemoryStore: Block broadcast_53_piece15 stored as bytes in memory (estimated size 4.0 MB, free 1931.3 MB)
17/03/16 20:16:36 INFO storage.MemoryStore: Block broadcast_53_piece60 stored as bytes in memory (estimated size 4.0 MB, free 1935.3 MB)
17/03/16 20:16:36 INFO storage.MemoryStore: Block broadcast_53_piece3 stored as bytes in memory (estimated size 4.0 MB, free 1939.3 MB)
17/03/16 20:16:36 INFO storage.MemoryStore: Block broadcast_53_piece90 stored as bytes in memory (estimated size 4.0 MB, free 1943.3 MB)
17/03/16 20:16:36 INFO storage.MemoryStore: Block broadcast_53_piece50 stored as bytes in memory (estimated size 4.0 MB, free 1947.3 MB)
17/03/16 20:16:36 INFO storage.MemoryStore: Block broadcast_53_piece5 stored as bytes in memory (estimated size 4.0 MB, free 1951.3 MB)
17/03/16 20:16:36 INFO storage.MemoryStore: Block broadcast_53_piece98 stored as bytes in memory (estimated size 4.0 MB, free 1955.3 MB)
17/03/16 20:16:36 INFO storage.MemoryStore: Block broadcast_53_piece14 stored as bytes in memory (estimated size 4.0 MB, free 1959.3 MB)
17/03/16 20:16:36 INFO storage.MemoryStore: Block broadcast_53_piece25 stored as bytes in memory (estimated size 4.0 MB, free 1963.3 MB)
17/03/16 20:16:36 INFO storage.MemoryStore: Block broadcast_53_piece38 stored as bytes in memory (estimated size 4.0 MB, free 1967.3 MB)
17/03/16 20:16:36 INFO storage.MemoryStore: Block broadcast_53_piece7 stored as bytes in memory (estimated size 4.0 MB, free 1971.3 MB)
17/03/16 20:16:36 INFO storage.MemoryStore: Block broadcast_53_piece68 stored as bytes in memory (estimated size 4.0 MB, free 1975.3 MB)
17/03/16 20:16:36 INFO storage.MemoryStore: Block broadcast_53_piece48 stored as bytes in memory (estimated size 4.0 MB, free 1979.3 MB)
17/03/16 20:16:36 INFO storage.MemoryStore: Block broadcast_53_piece22 stored as bytes in memory (estimated size 4.0 MB, free 1983.3 MB)
17/03/16 20:16:36 INFO storage.MemoryStore: Block broadcast_53_piece32 stored as bytes in memory (estimated size 4.0 MB, free 1987.3 MB)
17/03/16 20:16:36 INFO storage.MemoryStore: Block broadcast_53_piece40 stored as bytes in memory (estimated size 4.0 MB, free 1991.3 MB)
17/03/16 20:16:36 INFO storage.MemoryStore: Block broadcast_53_piece102 stored as bytes in memory (estimated size 4.0 MB, free 1995.3 MB)
17/03/16 20:16:36 INFO storage.MemoryStore: Block broadcast_53_piece43 stored as bytes in memory (estimated size 4.0 MB, free 1999.3 MB)
17/03/16 20:16:36 INFO storage.MemoryStore: Block broadcast_53_piece31 stored as bytes in memory (estimated size 4.0 MB, free 2003.3 MB)
17/03/16 20:16:36 INFO storage.MemoryStore: Block broadcast_53_piece84 stored as bytes in memory (estimated size 4.0 MB, free 2007.3 MB)
17/03/16 20:16:36 INFO storage.MemoryStore: Block broadcast_53_piece21 stored as bytes in memory (estimated size 4.0 MB, free 2011.3 MB)
17/03/16 20:16:36 INFO storage.MemoryStore: Block broadcast_53_piece65 stored as bytes in memory (estimated size 4.0 MB, free 2015.3 MB)
17/03/16 20:16:36 INFO storage.MemoryStore: Block broadcast_53_piece57 stored as bytes in memory (estimated size 4.0 MB, free 2019.3 MB)
17/03/16 20:16:36 INFO storage.MemoryStore: Block broadcast_53_piece82 stored as bytes in memory (estimated size 4.0 MB, free 2023.3 MB)
17/03/16 20:16:36 INFO storage.MemoryStore: Block broadcast_53_piece4 stored as bytes in memory (estimated size 4.0 MB, free 2027.3 MB)
17/03/16 20:16:36 INFO storage.MemoryStore: Block broadcast_53_piece18 stored as bytes in memory (estimated size 4.0 MB, free 2031.3 MB)
17/03/16 20:16:36 INFO storage.MemoryStore: Block broadcast_53_piece67 stored as bytes in memory (estimated size 4.0 MB, free 2035.3 MB)
17/03/16 20:16:36 INFO storage.MemoryStore: Block broadcast_53_piece95 stored as bytes in memory (estimated size 4.0 MB, free 2039.3 MB)
17/03/16 20:16:36 INFO storage.MemoryStore: Block broadcast_53_piece39 stored as bytes in memory (estimated size 4.0 MB, free 2043.3 MB)
17/03/16 20:16:36 INFO storage.MemoryStore: Block broadcast_53_piece29 stored as bytes in memory (estimated size 4.0 MB, free 2047.3 MB)
17/03/16 20:16:36 INFO storage.MemoryStore: Block broadcast_53_piece87 stored as bytes in memory (estimated size 4.0 MB, free 2.0 GB)
17/03/16 20:16:36 INFO storage.MemoryStore: Block broadcast_53_piece37 stored as bytes in memory (estimated size 4.0 MB, free 2.0 GB)
17/03/16 20:16:36 INFO storage.MemoryStore: Block broadcast_53_piece101 stored as bytes in memory (estimated size 4.0 MB, free 2.0 GB)
17/03/16 20:16:36 INFO storage.MemoryStore: Block broadcast_53_piece30 stored as bytes in memory (estimated size 4.0 MB, free 2.0 GB)
17/03/16 20:16:36 INFO broadcast.TorrentBroadcast: Reading broadcast variable 53 took 1888 ms
17/03/16 20:16:43 INFO storage.MemoryStore: Block broadcast_53 stored as values in memory (estimated size 384.0 B, free 2.0 GB)
17/03/16 20:16:51 INFO python.PythonRunner: Times: total = 16269, boot = 4, init = 8675, finish = 7590
17/03/16 20:16:51 INFO python.PythonRunner: Times: total = 16367, boot = 21, init = 8657, finish = 7689
17/03/16 20:16:51 INFO executor.Executor: Finished task 9.0 in stage 35.0 (TID 1643). 1274 bytes result sent to driver
17/03/16 20:16:51 INFO python.PythonRunner: Times: total = 16397, boot = 7, init = 8672, finish = 7718
17/03/16 20:16:51 INFO python.PythonRunner: Times: total = 16401, boot = 14, init = 8664, finish = 7723
17/03/16 20:16:51 INFO python.PythonRunner: Times: total = 16463, boot = 4, init = 8673, finish = 7786
17/03/16 20:16:51 INFO python.PythonRunner: Times: total = 16467, boot = 18, init = 8661, finish = 7788
17/03/16 20:16:51 INFO executor.Executor: Finished task 39.0 in stage 35.0 (TID 1673). 1274 bytes result sent to driver
17/03/16 20:16:51 INFO executor.Executor: Finished task 15.0 in stage 35.0 (TID 1649). 1274 bytes result sent to driver
17/03/16 20:16:51 INFO executor.Executor: Finished task 27.0 in stage 35.0 (TID 1661). 1274 bytes result sent to driver
17/03/16 20:16:51 INFO executor.Executor: Finished task 3.0 in stage 35.0 (TID 1637). 1274 bytes result sent to driver
17/03/16 20:16:51 INFO executor.Executor: Finished task 33.0 in stage 35.0 (TID 1667). 1274 bytes result sent to driver
17/03/16 20:16:51 INFO python.PythonRunner: Times: total = 16673, boot = 11, init = 8668, finish = 7994
17/03/16 20:16:51 INFO python.PythonRunner: Times: total = 16682, boot = 26, init = 8652, finish = 8004
17/03/16 20:16:51 INFO executor.Executor: Finished task 21.0 in stage 35.0 (TID 1655). 1274 bytes result sent to driver
17/03/16 20:16:51 INFO executor.Executor: Finished task 45.0 in stage 35.0 (TID 1679). 1274 bytes result sent to driver
17/03/16 20:17:07 INFO executor.CoarseGrainedExecutorBackend: Got assigned task 1686
17/03/16 20:17:07 INFO executor.Executor: Running task 30.1 in stage 35.0 (TID 1686)
17/03/16 20:17:13 INFO python.PythonRunner: Times: total = 5945, boot = -16585, init = 16587, finish = 5943
17/03/16 20:17:13 INFO executor.Executor: Finished task 30.1 in stage 35.0 (TID 1686). 1274 bytes result sent to driver
17/03/16 20:17:20 INFO storage.BlockManager: Removing RDD 105
17/03/16 20:17:20 INFO storage.BlockManager: Removing RDD 110
17/03/16 20:24:34 INFO executor.CoarseGrainedExecutorBackend: Got assigned task 1740
17/03/16 20:24:34 INFO executor.Executor: Running task 2.0 in stage 37.0 (TID 1740)
17/03/16 20:24:34 INFO spark.MapOutputTrackerWorker: Updating epoch to 19 and clearing cache
17/03/16 20:24:34 INFO executor.CoarseGrainedExecutorBackend: Got assigned task 1746
17/03/16 20:24:34 INFO executor.Executor: Running task 8.0 in stage 37.0 (TID 1746)
17/03/16 20:24:34 INFO broadcast.TorrentBroadcast: Started reading broadcast variable 57
17/03/16 20:24:34 INFO executor.CoarseGrainedExecutorBackend: Got assigned task 1752
17/03/16 20:24:34 INFO executor.Executor: Running task 14.0 in stage 37.0 (TID 1752)
17/03/16 20:24:34 INFO executor.CoarseGrainedExecutorBackend: Got assigned task 1758
17/03/16 20:24:34 INFO executor.Executor: Running task 20.0 in stage 37.0 (TID 1758)
17/03/16 20:24:34 INFO executor.CoarseGrainedExecutorBackend: Got assigned task 1764
17/03/16 20:24:34 INFO executor.Executor: Running task 26.0 in stage 37.0 (TID 1764)
17/03/16 20:24:34 INFO executor.CoarseGrainedExecutorBackend: Got assigned task 1770
17/03/16 20:24:34 INFO executor.Executor: Running task 32.0 in stage 37.0 (TID 1770)
17/03/16 20:24:34 INFO executor.CoarseGrainedExecutorBackend: Got assigned task 1776
17/03/16 20:24:34 INFO executor.Executor: Running task 38.0 in stage 37.0 (TID 1776)
17/03/16 20:24:34 INFO storage.MemoryStore: Block broadcast_57_piece0 stored as bytes in memory (estimated size 5.4 KB, free 412.5 MB)
17/03/16 20:24:34 INFO executor.CoarseGrainedExecutorBackend: Got assigned task 1782
17/03/16 20:24:34 INFO broadcast.TorrentBroadcast: Reading broadcast variable 57 took 18 ms
17/03/16 20:24:34 INFO executor.Executor: Running task 44.0 in stage 37.0 (TID 1782)
17/03/16 20:24:34 INFO storage.MemoryStore: Block broadcast_57 stored as values in memory (estimated size 8.6 KB, free 412.5 MB)
17/03/16 20:24:34 INFO broadcast.TorrentBroadcast: Started reading broadcast variable 56
17/03/16 20:24:34 INFO storage.MemoryStore: Block broadcast_56_piece65 stored as bytes in memory (estimated size 4.0 MB, free 416.5 MB)
17/03/16 20:24:34 INFO storage.MemoryStore: Block broadcast_56_piece102 stored as bytes in memory (estimated size 4.0 MB, free 420.5 MB)
17/03/16 20:24:34 INFO storage.MemoryStore: Block broadcast_56_piece71 stored as bytes in memory (estimated size 4.0 MB, free 424.5 MB)
17/03/16 20:24:34 INFO storage.MemoryStore: Block broadcast_56_piece2 stored as bytes in memory (estimated size 4.0 MB, free 428.5 MB)
17/03/16 20:24:34 INFO storage.MemoryStore: Block broadcast_56_piece78 stored as bytes in memory (estimated size 4.0 MB, free 432.5 MB)
17/03/16 20:24:34 INFO storage.MemoryStore: Block broadcast_56_piece37 stored as bytes in memory (estimated size 4.0 MB, free 436.5 MB)
17/03/16 20:24:34 INFO storage.MemoryStore: Block broadcast_56_piece94 stored as bytes in memory (estimated size 4.0 MB, free 440.5 MB)
17/03/16 20:24:34 INFO storage.MemoryStore: Block broadcast_56_piece92 stored as bytes in memory (estimated size 4.0 MB, free 444.5 MB)
17/03/16 20:24:34 INFO storage.MemoryStore: Block broadcast_56_piece58 stored as bytes in memory (estimated size 4.0 MB, free 448.5 MB)
17/03/16 20:24:34 INFO storage.MemoryStore: Block broadcast_56_piece1 stored as bytes in memory (estimated size 4.0 MB, free 452.5 MB)
17/03/16 20:24:34 INFO storage.MemoryStore: Block broadcast_56_piece103 stored as bytes in memory (estimated size 425.1 KB, free 452.9 MB)
17/03/16 20:24:34 INFO storage.MemoryStore: Block broadcast_56_piece87 stored as bytes in memory (estimated size 4.0 MB, free 456.9 MB)
17/03/16 20:24:34 INFO storage.MemoryStore: Block broadcast_56_piece42 stored as bytes in memory (estimated size 4.0 MB, free 460.9 MB)
17/03/16 20:24:34 INFO storage.MemoryStore: Block broadcast_56_piece52 stored as bytes in memory (estimated size 4.0 MB, free 464.9 MB)
17/03/16 20:24:34 INFO storage.MemoryStore: Block broadcast_56_piece13 stored as bytes in memory (estimated size 4.0 MB, free 468.9 MB)
17/03/16 20:24:34 INFO storage.MemoryStore: Block broadcast_56_piece85 stored as bytes in memory (estimated size 4.0 MB, free 472.9 MB)
17/03/16 20:24:34 INFO storage.MemoryStore: Block broadcast_56_piece76 stored as bytes in memory (estimated size 4.0 MB, free 476.9 MB)
17/03/16 20:24:34 INFO storage.MemoryStore: Block broadcast_56_piece90 stored as bytes in memory (estimated size 4.0 MB, free 480.9 MB)
17/03/16 20:24:34 INFO storage.MemoryStore: Block broadcast_56_piece54 stored as bytes in memory (estimated size 4.0 MB, free 484.9 MB)
17/03/16 20:24:34 INFO storage.MemoryStore: Block broadcast_56_piece67 stored as bytes in memory (estimated size 4.0 MB, free 488.9 MB)
17/03/16 20:24:34 INFO storage.MemoryStore: Block broadcast_56_piece47 stored as bytes in memory (estimated size 4.0 MB, free 492.9 MB)
17/03/16 20:24:34 INFO storage.MemoryStore: Block broadcast_56_piece21 stored as bytes in memory (estimated size 4.0 MB, free 496.9 MB)
17/03/16 20:24:34 INFO storage.MemoryStore: Block broadcast_56_piece69 stored as bytes in memory (estimated size 4.0 MB, free 500.9 MB)
17/03/16 20:24:34 INFO storage.MemoryStore: Block broadcast_56_piece100 stored as bytes in memory (estimated size 4.0 MB, free 504.9 MB)
17/03/16 20:24:34 INFO storage.MemoryStore: Block broadcast_56_piece45 stored as bytes in memory (estimated size 4.0 MB, free 508.9 MB)
17/03/16 20:24:34 INFO storage.MemoryStore: Block broadcast_56_piece33 stored as bytes in memory (estimated size 4.0 MB, free 512.9 MB)
17/03/16 20:24:35 INFO storage.MemoryStore: Block broadcast_56_piece44 stored as bytes in memory (estimated size 4.0 MB, free 516.9 MB)
17/03/16 20:24:35 INFO storage.MemoryStore: Block broadcast_56_piece10 stored as bytes in memory (estimated size 4.0 MB, free 520.9 MB)
17/03/16 20:24:35 INFO storage.MemoryStore: Block broadcast_56_piece84 stored as bytes in memory (estimated size 4.0 MB, free 524.9 MB)
17/03/16 20:24:35 INFO storage.MemoryStore: Block broadcast_56_piece56 stored as bytes in memory (estimated size 4.0 MB, free 528.9 MB)
17/03/16 20:24:35 INFO storage.MemoryStore: Block broadcast_56_piece14 stored as bytes in memory (estimated size 4.0 MB, free 532.9 MB)
17/03/16 20:24:35 INFO storage.MemoryStore: Block broadcast_56_piece48 stored as bytes in memory (estimated size 4.0 MB, free 536.9 MB)
17/03/16 20:24:35 INFO storage.MemoryStore: Block broadcast_56_piece11 stored as bytes in memory (estimated size 4.0 MB, free 540.9 MB)
17/03/16 20:24:35 INFO storage.MemoryStore: Block broadcast_56_piece66 stored as bytes in memory (estimated size 4.0 MB, free 544.9 MB)
17/03/16 20:24:35 INFO storage.MemoryStore: Block broadcast_56_piece17 stored as bytes in memory (estimated size 4.0 MB, free 548.9 MB)
17/03/16 20:24:35 INFO storage.MemoryStore: Block broadcast_56_piece22 stored as bytes in memory (estimated size 4.0 MB, free 552.9 MB)
17/03/16 20:24:35 INFO storage.MemoryStore: Block broadcast_56_piece63 stored as bytes in memory (estimated size 4.0 MB, free 556.9 MB)
17/03/16 20:24:35 INFO storage.MemoryStore: Block broadcast_56_piece74 stored as bytes in memory (estimated size 4.0 MB, free 560.9 MB)
17/03/16 20:24:35 INFO storage.MemoryStore: Block broadcast_56_piece0 stored as bytes in memory (estimated size 4.0 MB, free 564.9 MB)
17/03/16 20:24:35 INFO storage.MemoryStore: Block broadcast_56_piece36 stored as bytes in memory (estimated size 4.0 MB, free 568.9 MB)
17/03/16 20:24:35 INFO storage.MemoryStore: Block broadcast_56_piece29 stored as bytes in memory (estimated size 4.0 MB, free 572.9 MB)
17/03/16 20:24:35 INFO storage.MemoryStore: Block broadcast_56_piece3 stored as bytes in memory (estimated size 4.0 MB, free 576.9 MB)
17/03/16 20:24:35 INFO storage.MemoryStore: Block broadcast_56_piece39 stored as bytes in memory (estimated size 4.0 MB, free 580.9 MB)
17/03/16 20:24:35 INFO storage.MemoryStore: Block broadcast_56_piece99 stored as bytes in memory (estimated size 4.0 MB, free 584.9 MB)
17/03/16 20:24:35 INFO storage.MemoryStore: Block broadcast_56_piece46 stored as bytes in memory (estimated size 4.0 MB, free 588.9 MB)
17/03/16 20:24:35 INFO storage.MemoryStore: Block broadcast_56_piece9 stored as bytes in memory (estimated size 4.0 MB, free 592.9 MB)
17/03/16 20:24:35 INFO storage.MemoryStore: Block broadcast_56_piece59 stored as bytes in memory (estimated size 4.0 MB, free 596.9 MB)
17/03/16 20:24:35 INFO storage.MemoryStore: Block broadcast_56_piece51 stored as bytes in memory (estimated size 4.0 MB, free 600.9 MB)
17/03/16 20:24:35 INFO storage.MemoryStore: Block broadcast_56_piece38 stored as bytes in memory (estimated size 4.0 MB, free 604.9 MB)
17/03/16 20:24:35 INFO storage.MemoryStore: Block broadcast_56_piece19 stored as bytes in memory (estimated size 4.0 MB, free 608.9 MB)
17/03/16 20:24:35 INFO storage.MemoryStore: Block broadcast_56_piece4 stored as bytes in memory (estimated size 4.0 MB, free 612.9 MB)
17/03/16 20:24:35 INFO storage.MemoryStore: Block broadcast_56_piece60 stored as bytes in memory (estimated size 4.0 MB, free 616.9 MB)
17/03/16 20:24:35 INFO storage.MemoryStore: Block broadcast_56_piece80 stored as bytes in memory (estimated size 4.0 MB, free 620.9 MB)
17/03/16 20:24:35 INFO storage.MemoryStore: Block broadcast_56_piece81 stored as bytes in memory (estimated size 4.0 MB, free 624.9 MB)
17/03/16 20:24:35 INFO storage.MemoryStore: Block broadcast_56_piece16 stored as bytes in memory (estimated size 4.0 MB, free 628.9 MB)
17/03/16 20:24:35 INFO storage.MemoryStore: Block broadcast_56_piece23 stored as bytes in memory (estimated size 4.0 MB, free 632.9 MB)
17/03/16 20:24:35 INFO storage.MemoryStore: Block broadcast_56_piece64 stored as bytes in memory (estimated size 4.0 MB, free 636.9 MB)
17/03/16 20:24:35 INFO storage.MemoryStore: Block broadcast_56_piece70 stored as bytes in memory (estimated size 4.0 MB, free 640.9 MB)
17/03/16 20:24:35 INFO storage.MemoryStore: Block broadcast_56_piece25 stored as bytes in memory (estimated size 4.0 MB, free 644.9 MB)
17/03/16 20:24:35 INFO storage.MemoryStore: Block broadcast_56_piece61 stored as bytes in memory (estimated size 4.0 MB, free 648.9 MB)
17/03/16 20:24:35 INFO storage.MemoryStore: Block broadcast_56_piece72 stored as bytes in memory (estimated size 4.0 MB, free 652.9 MB)
17/03/16 20:24:35 INFO storage.MemoryStore: Block broadcast_56_piece30 stored as bytes in memory (estimated size 4.0 MB, free 656.9 MB)
17/03/16 20:24:35 INFO storage.MemoryStore: Block broadcast_56_piece49 stored as bytes in memory (estimated size 4.0 MB, free 660.9 MB)
17/03/16 20:24:35 INFO storage.MemoryStore: Block broadcast_56_piece12 stored as bytes in memory (estimated size 4.0 MB, free 664.9 MB)
17/03/16 20:24:35 INFO storage.MemoryStore: Block broadcast_56_piece15 stored as bytes in memory (estimated size 4.0 MB, free 668.9 MB)
17/03/16 20:24:35 INFO storage.MemoryStore: Block broadcast_56_piece96 stored as bytes in memory (estimated size 4.0 MB, free 672.9 MB)
17/03/16 20:24:35 INFO storage.MemoryStore: Block broadcast_56_piece82 stored as bytes in memory (estimated size 4.0 MB, free 676.9 MB)
17/03/16 20:24:35 INFO storage.MemoryStore: Block broadcast_56_piece6 stored as bytes in memory (estimated size 4.0 MB, free 680.9 MB)
17/03/16 20:24:35 INFO storage.MemoryStore: Block broadcast_56_piece95 stored as bytes in memory (estimated size 4.0 MB, free 684.9 MB)
17/03/16 20:24:35 INFO storage.MemoryStore: Block broadcast_56_piece40 stored as bytes in memory (estimated size 4.0 MB, free 688.9 MB)
17/03/16 20:24:35 INFO storage.MemoryStore: Block broadcast_56_piece88 stored as bytes in memory (estimated size 4.0 MB, free 692.9 MB)
17/03/16 20:24:35 INFO storage.MemoryStore: Block broadcast_56_piece53 stored as bytes in memory (estimated size 4.0 MB, free 696.9 MB)
17/03/16 20:24:35 INFO storage.MemoryStore: Block broadcast_56_piece79 stored as bytes in memory (estimated size 4.0 MB, free 700.9 MB)
17/03/16 20:24:35 INFO storage.MemoryStore: Block broadcast_56_piece31 stored as bytes in memory (estimated size 4.0 MB, free 704.9 MB)
17/03/16 20:24:35 INFO storage.MemoryStore: Block broadcast_56_piece89 stored as bytes in memory (estimated size 4.0 MB, free 708.9 MB)
17/03/16 20:24:35 INFO storage.MemoryStore: Block broadcast_56_piece101 stored as bytes in memory (estimated size 4.0 MB, free 712.9 MB)
17/03/16 20:24:35 INFO storage.MemoryStore: Block broadcast_56_piece41 stored as bytes in memory (estimated size 4.0 MB, free 716.9 MB)
17/03/16 20:24:35 INFO storage.MemoryStore: Block broadcast_56_piece8 stored as bytes in memory (estimated size 4.0 MB, free 720.9 MB)
17/03/16 20:24:35 INFO storage.MemoryStore: Block broadcast_56_piece43 stored as bytes in memory (estimated size 4.0 MB, free 724.9 MB)
17/03/16 20:24:35 INFO storage.MemoryStore: Block broadcast_56_piece55 stored as bytes in memory (estimated size 4.0 MB, free 728.9 MB)
17/03/16 20:24:35 INFO storage.MemoryStore: Block broadcast_56_piece77 stored as bytes in memory (estimated size 4.0 MB, free 732.9 MB)
17/03/16 20:24:35 INFO storage.MemoryStore: Block broadcast_56_piece57 stored as bytes in memory (estimated size 4.0 MB, free 736.9 MB)
17/03/16 20:24:35 INFO storage.MemoryStore: Block broadcast_56_piece75 stored as bytes in memory (estimated size 4.0 MB, free 740.9 MB)
17/03/16 20:24:35 INFO storage.MemoryStore: Block broadcast_56_piece34 stored as bytes in memory (estimated size 4.0 MB, free 744.9 MB)
17/03/16 20:24:35 INFO storage.MemoryStore: Block broadcast_56_piece93 stored as bytes in memory (estimated size 4.0 MB, free 748.9 MB)
17/03/16 20:24:35 INFO storage.MemoryStore: Block broadcast_56_piece20 stored as bytes in memory (estimated size 4.0 MB, free 752.9 MB)
17/03/16 20:24:35 INFO storage.MemoryStore: Block broadcast_56_piece32 stored as bytes in memory (estimated size 4.0 MB, free 756.9 MB)
17/03/16 20:24:35 INFO storage.MemoryStore: Block broadcast_56_piece35 stored as bytes in memory (estimated size 4.0 MB, free 760.9 MB)
17/03/16 20:24:35 INFO storage.MemoryStore: Block broadcast_56_piece91 stored as bytes in memory (estimated size 4.0 MB, free 764.9 MB)
17/03/16 20:24:35 INFO storage.MemoryStore: Block broadcast_56_piece7 stored as bytes in memory (estimated size 4.0 MB, free 768.9 MB)
17/03/16 20:24:36 INFO storage.MemoryStore: Block broadcast_56_piece5 stored as bytes in memory (estimated size 4.0 MB, free 772.9 MB)
17/03/16 20:24:36 INFO storage.MemoryStore: Block broadcast_56_piece18 stored as bytes in memory (estimated size 4.0 MB, free 776.9 MB)
17/03/16 20:24:36 INFO storage.MemoryStore: Block broadcast_56_piece98 stored as bytes in memory (estimated size 4.0 MB, free 780.9 MB)
17/03/16 20:24:36 INFO storage.MemoryStore: Block broadcast_56_piece24 stored as bytes in memory (estimated size 4.0 MB, free 784.9 MB)
17/03/16 20:24:36 INFO storage.MemoryStore: Block broadcast_56_piece83 stored as bytes in memory (estimated size 4.0 MB, free 788.9 MB)
17/03/16 20:24:36 INFO storage.MemoryStore: Block broadcast_56_piece62 stored as bytes in memory (estimated size 4.0 MB, free 792.9 MB)
17/03/16 20:24:36 INFO storage.MemoryStore: Block broadcast_56_piece86 stored as bytes in memory (estimated size 4.0 MB, free 796.9 MB)
17/03/16 20:24:36 INFO storage.MemoryStore: Block broadcast_56_piece73 stored as bytes in memory (estimated size 4.0 MB, free 800.9 MB)
17/03/16 20:24:36 INFO storage.MemoryStore: Block broadcast_56_piece28 stored as bytes in memory (estimated size 4.0 MB, free 804.9 MB)
17/03/16 20:24:36 INFO storage.MemoryStore: Block broadcast_56_piece50 stored as bytes in memory (estimated size 4.0 MB, free 808.9 MB)
17/03/16 20:24:36 INFO storage.MemoryStore: Block broadcast_56_piece97 stored as bytes in memory (estimated size 4.0 MB, free 812.9 MB)
17/03/16 20:24:36 INFO storage.MemoryStore: Block broadcast_56_piece27 stored as bytes in memory (estimated size 4.0 MB, free 816.9 MB)
17/03/16 20:24:36 INFO storage.MemoryStore: Block broadcast_56_piece68 stored as bytes in memory (estimated size 4.0 MB, free 820.9 MB)
17/03/16 20:24:36 INFO storage.MemoryStore: Block broadcast_56_piece26 stored as bytes in memory (estimated size 4.0 MB, free 824.9 MB)
17/03/16 20:24:36 INFO broadcast.TorrentBroadcast: Reading broadcast variable 56 took 1749 ms
17/03/16 20:24:43 INFO storage.MemoryStore: Block broadcast_56 stored as values in memory (estimated size 384.0 B, free 824.9 MB)
17/03/16 20:24:51 INFO python.PythonRunner: Times: total = 16928, boot = 17, init = 8849, finish = 8062
17/03/16 20:24:51 INFO executor.Executor: Finished task 32.0 in stage 37.0 (TID 1770). 1274 bytes result sent to driver
17/03/16 20:24:51 INFO python.PythonRunner: Times: total = 17080, boot = 11, init = 8856, finish = 8213
17/03/16 20:24:51 INFO python.PythonRunner: Times: total = 17095, boot = 4, init = 8863, finish = 8228
17/03/16 20:24:51 INFO python.PythonRunner: Times: total = 17141, boot = 7, init = 8860, finish = 8274
17/03/16 20:24:51 INFO python.PythonRunner: Times: total = 17161, boot = 26, init = 8840, finish = 8295
17/03/16 20:24:51 INFO python.PythonRunner: Times: total = 17176, boot = 22, init = 8844, finish = 8310
17/03/16 20:24:51 INFO python.PythonRunner: Times: total = 17207, boot = 4, init = 8862, finish = 8341
17/03/16 20:24:51 INFO executor.Executor: Finished task 20.0 in stage 37.0 (TID 1758). 1274 bytes result sent to driver
17/03/16 20:24:51 INFO python.PythonRunner: Times: total = 17217, boot = 14, init = 8852, finish = 8351
17/03/16 20:24:51 INFO executor.Executor: Finished task 8.0 in stage 37.0 (TID 1746). 1274 bytes result sent to driver
17/03/16 20:24:51 INFO executor.Executor: Finished task 14.0 in stage 37.0 (TID 1752). 1274 bytes result sent to driver
17/03/16 20:24:51 INFO executor.Executor: Finished task 44.0 in stage 37.0 (TID 1782). 1274 bytes result sent to driver
17/03/16 20:24:51 INFO executor.Executor: Finished task 38.0 in stage 37.0 (TID 1776). 1274 bytes result sent to driver
17/03/16 20:24:51 INFO executor.Executor: Finished task 2.0 in stage 37.0 (TID 1740). 1274 bytes result sent to driver
17/03/16 20:24:51 INFO executor.Executor: Finished task 26.0 in stage 37.0 (TID 1764). 1274 bytes result sent to driver
17/03/16 20:24:53 INFO executor.CoarseGrainedExecutorBackend: Got assigned task 1790
17/03/16 20:24:53 INFO executor.Executor: Running task 4.0 in stage 38.0 (TID 1790)
17/03/16 20:24:53 INFO executor.CoarseGrainedExecutorBackend: Got assigned task 1796
17/03/16 20:24:53 INFO executor.Executor: Running task 10.0 in stage 38.0 (TID 1796)
17/03/16 20:24:53 INFO spark.MapOutputTrackerWorker: Updating epoch to 20 and clearing cache
17/03/16 20:24:53 INFO executor.CoarseGrainedExecutorBackend: Got assigned task 1802
17/03/16 20:24:53 INFO executor.Executor: Running task 16.0 in stage 38.0 (TID 1802)
17/03/16 20:24:53 INFO executor.CoarseGrainedExecutorBackend: Got assigned task 1808
17/03/16 20:24:53 INFO broadcast.TorrentBroadcast: Started reading broadcast variable 58
17/03/16 20:24:53 INFO executor.Executor: Running task 22.0 in stage 38.0 (TID 1808)
17/03/16 20:24:53 INFO executor.CoarseGrainedExecutorBackend: Got assigned task 1814
17/03/16 20:24:53 INFO executor.Executor: Running task 28.0 in stage 38.0 (TID 1814)
17/03/16 20:24:53 INFO executor.CoarseGrainedExecutorBackend: Got assigned task 1820
17/03/16 20:24:53 INFO executor.Executor: Running task 34.0 in stage 38.0 (TID 1820)
17/03/16 20:24:53 INFO executor.CoarseGrainedExecutorBackend: Got assigned task 1826
17/03/16 20:24:53 INFO executor.Executor: Running task 40.0 in stage 38.0 (TID 1826)
17/03/16 20:24:53 INFO executor.CoarseGrainedExecutorBackend: Got assigned task 1832
17/03/16 20:24:53 INFO executor.Executor: Running task 46.0 in stage 38.0 (TID 1832)
17/03/16 20:24:53 INFO storage.MemoryStore: Block broadcast_58_piece0 stored as bytes in memory (estimated size 3.3 KB, free 824.9 MB)
17/03/16 20:24:53 INFO broadcast.TorrentBroadcast: Reading broadcast variable 58 took 5 ms
17/03/16 20:24:53 INFO storage.MemoryStore: Block broadcast_58 stored as values in memory (estimated size 5.3 KB, free 824.9 MB)
17/03/16 20:24:53 INFO spark.MapOutputTrackerWorker: Don't have map outputs for shuffle 18, fetching them
17/03/16 20:24:53 INFO spark.MapOutputTrackerWorker: Doing the fetch; tracker endpoint = NettyRpcEndpointRef(spark://MapOutputTracker@10.10.34.38:36751)
17/03/16 20:24:53 INFO spark.MapOutputTrackerWorker: Don't have map outputs for shuffle 18, fetching them
17/03/16 20:24:53 INFO spark.MapOutputTrackerWorker: Don't have map outputs for shuffle 18, fetching them
17/03/16 20:24:53 INFO spark.MapOutputTrackerWorker: Don't have map outputs for shuffle 18, fetching them
17/03/16 20:24:53 INFO spark.MapOutputTrackerWorker: Don't have map outputs for shuffle 18, fetching them
17/03/16 20:24:53 INFO spark.MapOutputTrackerWorker: Don't have map outputs for shuffle 18, fetching them
17/03/16 20:24:53 INFO spark.MapOutputTrackerWorker: Don't have map outputs for shuffle 18, fetching them
17/03/16 20:24:53 INFO spark.MapOutputTrackerWorker: Don't have map outputs for shuffle 18, fetching them
17/03/16 20:24:53 INFO spark.MapOutputTrackerWorker: Got the output locations
17/03/16 20:24:53 INFO storage.ShuffleBlockFetcherIterator: Getting 48 non-empty blocks out of 48 blocks
17/03/16 20:24:53 INFO storage.ShuffleBlockFetcherIterator: Getting 48 non-empty blocks out of 48 blocks
17/03/16 20:24:53 INFO storage.ShuffleBlockFetcherIterator: Getting 48 non-empty blocks out of 48 blocks
17/03/16 20:24:53 INFO storage.ShuffleBlockFetcherIterator: Started 6 remote fetches in 2 ms
17/03/16 20:24:53 INFO storage.ShuffleBlockFetcherIterator: Getting 48 non-empty blocks out of 48 blocks
17/03/16 20:24:53 INFO storage.ShuffleBlockFetcherIterator: Getting 48 non-empty blocks out of 48 blocks
17/03/16 20:24:53 INFO storage.ShuffleBlockFetcherIterator: Getting 48 non-empty blocks out of 48 blocks
17/03/16 20:24:53 INFO storage.ShuffleBlockFetcherIterator: Getting 48 non-empty blocks out of 48 blocks
17/03/16 20:24:53 INFO storage.ShuffleBlockFetcherIterator: Started 7 remote fetches in 5 ms
17/03/16 20:24:53 INFO storage.ShuffleBlockFetcherIterator: Started 7 remote fetches in 5 ms
17/03/16 20:24:53 INFO storage.ShuffleBlockFetcherIterator: Started 6 remote fetches in 3 ms
17/03/16 20:24:53 INFO storage.ShuffleBlockFetcherIterator: Getting 48 non-empty blocks out of 48 blocks
17/03/16 20:24:53 INFO storage.ShuffleBlockFetcherIterator: Started 7 remote fetches in 8 ms
17/03/16 20:24:53 INFO storage.ShuffleBlockFetcherIterator: Started 6 remote fetches in 7 ms
17/03/16 20:24:53 INFO storage.ShuffleBlockFetcherIterator: Started 8 remote fetches in 6 ms
17/03/16 20:24:53 INFO storage.ShuffleBlockFetcherIterator: Started 7 remote fetches in 5 ms
17/03/16 20:24:55 INFO python.PythonRunner: Times: total = 1039, boot = -2289, init = 2294, finish = 1034
17/03/16 20:24:55 INFO executor.Executor: Finished task 28.0 in stage 38.0 (TID 1814). 9577699 bytes result sent to driver
17/03/16 20:24:55 INFO python.PythonRunner: Times: total = 1108, boot = -2276, init = 2289, finish = 1095
17/03/16 20:24:55 INFO executor.Executor: Finished task 22.0 in stage 38.0 (TID 1808). 9567079 bytes result sent to driver
17/03/16 20:24:55 INFO python.PythonRunner: Times: total = 1137, boot = -2316, init = 2319, finish = 1134
17/03/16 20:24:55 INFO python.PythonRunner: Times: total = 1154, boot = -2522, init = 2525, finish = 1151
17/03/16 20:24:55 INFO python.PythonRunner: Times: total = 1149, boot = -2235, init = 2247, finish = 1137
17/03/16 20:24:55 INFO executor.Executor: Finished task 16.0 in stage 38.0 (TID 1802). 9576893 bytes result sent to driver
17/03/16 20:24:55 INFO executor.Executor: Finished task 4.0 in stage 38.0 (TID 1790). 9539905 bytes result sent to driver
17/03/16 20:24:55 INFO executor.Executor: Finished task 10.0 in stage 38.0 (TID 1796). 9559387 bytes result sent to driver
17/03/16 20:24:55 INFO python.PythonRunner: Times: total = 1181, boot = -2375, init = 2382, finish = 1174
17/03/16 20:24:55 INFO executor.Executor: Finished task 40.0 in stage 38.0 (TID 1826). 9555448 bytes result sent to driver
17/03/16 20:24:55 INFO python.PythonRunner: Times: total = 1214, boot = -2358, init = 2367, finish = 1205
17/03/16 20:24:55 INFO executor.Executor: Finished task 46.0 in stage 38.0 (TID 1832). 9567825 bytes result sent to driver
17/03/16 20:24:55 INFO python.PythonRunner: Times: total = 1249, boot = -2246, init = 2259, finish = 1236
17/03/16 20:24:55 INFO executor.Executor: Finished task 34.0 in stage 38.0 (TID 1820). 9568428 bytes result sent to driver
17/03/16 20:24:58 INFO storage.BlockManager: Removing RDD 111
17/03/16 20:24:58 INFO storage.BlockManager: Removing RDD 116
17/03/16 20:32:11 INFO executor.CoarseGrainedExecutorBackend: Got assigned task 1834
17/03/16 20:32:11 INFO executor.Executor: Running task 0.0 in stage 39.0 (TID 1834)
17/03/16 20:32:11 INFO broadcast.TorrentBroadcast: Started reading broadcast variable 60
17/03/16 20:32:11 INFO executor.CoarseGrainedExecutorBackend: Got assigned task 1840
17/03/16 20:32:11 INFO executor.Executor: Running task 6.0 in stage 39.0 (TID 1840)
17/03/16 20:32:11 INFO executor.CoarseGrainedExecutorBackend: Got assigned task 1846
17/03/16 20:32:11 INFO executor.Executor: Running task 12.0 in stage 39.0 (TID 1846)
17/03/16 20:32:11 INFO executor.CoarseGrainedExecutorBackend: Got assigned task 1852
17/03/16 20:32:11 INFO executor.Executor: Running task 18.0 in stage 39.0 (TID 1852)
17/03/16 20:32:11 INFO executor.CoarseGrainedExecutorBackend: Got assigned task 1858
17/03/16 20:32:11 INFO executor.Executor: Running task 24.0 in stage 39.0 (TID 1858)
17/03/16 20:32:11 INFO storage.MemoryStore: Block broadcast_60_piece0 stored as bytes in memory (estimated size 5.4 KB, free 824.9 MB)
17/03/16 20:32:11 INFO executor.CoarseGrainedExecutorBackend: Got assigned task 1864
17/03/16 20:32:11 INFO executor.Executor: Running task 30.0 in stage 39.0 (TID 1864)
17/03/16 20:32:11 INFO broadcast.TorrentBroadcast: Reading broadcast variable 60 took 13 ms
17/03/16 20:32:11 INFO executor.CoarseGrainedExecutorBackend: Got assigned task 1870
17/03/16 20:32:11 INFO executor.Executor: Running task 36.0 in stage 39.0 (TID 1870)
17/03/16 20:32:11 INFO storage.MemoryStore: Block broadcast_60 stored as values in memory (estimated size 8.6 KB, free 824.9 MB)
17/03/16 20:32:11 INFO executor.CoarseGrainedExecutorBackend: Got assigned task 1876
17/03/16 20:32:11 INFO executor.Executor: Running task 42.0 in stage 39.0 (TID 1876)
17/03/16 20:32:11 INFO broadcast.TorrentBroadcast: Started reading broadcast variable 59
17/03/16 20:32:11 INFO storage.MemoryStore: Block broadcast_59_piece26 stored as bytes in memory (estimated size 4.0 MB, free 828.9 MB)
17/03/16 20:32:11 INFO storage.MemoryStore: Block broadcast_59_piece76 stored as bytes in memory (estimated size 4.0 MB, free 832.9 MB)
17/03/16 20:32:11 INFO storage.MemoryStore: Block broadcast_59_piece4 stored as bytes in memory (estimated size 4.0 MB, free 836.9 MB)
17/03/16 20:32:11 INFO storage.MemoryStore: Block broadcast_59_piece38 stored as bytes in memory (estimated size 4.0 MB, free 840.9 MB)
17/03/16 20:32:12 INFO storage.MemoryStore: Block broadcast_59_piece65 stored as bytes in memory (estimated size 4.0 MB, free 844.9 MB)
17/03/16 20:32:12 INFO storage.MemoryStore: Block broadcast_59_piece54 stored as bytes in memory (estimated size 4.0 MB, free 848.9 MB)
17/03/16 20:32:12 INFO storage.MemoryStore: Block broadcast_59_piece53 stored as bytes in memory (estimated size 4.0 MB, free 852.9 MB)
17/03/16 20:32:12 INFO storage.MemoryStore: Block broadcast_59_piece25 stored as bytes in memory (estimated size 4.0 MB, free 856.9 MB)
17/03/16 20:32:12 INFO storage.MemoryStore: Block broadcast_59_piece28 stored as bytes in memory (estimated size 4.0 MB, free 860.9 MB)
17/03/16 20:32:12 INFO storage.MemoryStore: Block broadcast_59_piece17 stored as bytes in memory (estimated size 4.0 MB, free 864.9 MB)
17/03/16 20:32:12 INFO storage.MemoryStore: Block broadcast_59_piece78 stored as bytes in memory (estimated size 4.0 MB, free 868.9 MB)
17/03/16 20:32:12 INFO storage.MemoryStore: Block broadcast_59_piece14 stored as bytes in memory (estimated size 4.0 MB, free 872.9 MB)
17/03/16 20:32:12 INFO storage.MemoryStore: Block broadcast_59_piece43 stored as bytes in memory (estimated size 4.0 MB, free 876.9 MB)
17/03/16 20:32:12 INFO storage.MemoryStore: Block broadcast_59_piece80 stored as bytes in memory (estimated size 4.0 MB, free 880.9 MB)
17/03/16 20:32:12 INFO storage.MemoryStore: Block broadcast_59_piece31 stored as bytes in memory (estimated size 4.0 MB, free 884.9 MB)
17/03/16 20:32:12 INFO storage.MemoryStore: Block broadcast_59_piece29 stored as bytes in memory (estimated size 4.0 MB, free 888.9 MB)
17/03/16 20:32:12 INFO storage.MemoryStore: Block broadcast_59_piece96 stored as bytes in memory (estimated size 4.0 MB, free 892.9 MB)
17/03/16 20:32:12 INFO storage.MemoryStore: Block broadcast_59_piece85 stored as bytes in memory (estimated size 4.0 MB, free 896.9 MB)
17/03/16 20:32:12 INFO storage.MemoryStore: Block broadcast_59_piece79 stored as bytes in memory (estimated size 4.0 MB, free 900.9 MB)
17/03/16 20:32:12 INFO storage.MemoryStore: Block broadcast_59_piece74 stored as bytes in memory (estimated size 4.0 MB, free 904.9 MB)
17/03/16 20:32:12 INFO storage.MemoryStore: Block broadcast_59_piece39 stored as bytes in memory (estimated size 4.0 MB, free 908.9 MB)
17/03/16 20:32:12 INFO storage.MemoryStore: Block broadcast_59_piece30 stored as bytes in memory (estimated size 4.0 MB, free 912.9 MB)
17/03/16 20:32:12 INFO storage.MemoryStore: Block broadcast_59_piece41 stored as bytes in memory (estimated size 4.0 MB, free 916.9 MB)
17/03/16 20:32:12 INFO storage.MemoryStore: Block broadcast_59_piece12 stored as bytes in memory (estimated size 4.0 MB, free 920.9 MB)
17/03/16 20:32:12 INFO storage.MemoryStore: Block broadcast_59_piece95 stored as bytes in memory (estimated size 4.0 MB, free 924.9 MB)
17/03/16 20:32:12 INFO storage.MemoryStore: Block broadcast_59_piece33 stored as bytes in memory (estimated size 4.0 MB, free 928.9 MB)
17/03/16 20:32:12 INFO storage.MemoryStore: Block broadcast_59_piece7 stored as bytes in memory (estimated size 4.0 MB, free 932.9 MB)
17/03/16 20:32:12 INFO storage.MemoryStore: Block broadcast_59_piece81 stored as bytes in memory (estimated size 4.0 MB, free 936.9 MB)
17/03/16 20:32:12 INFO storage.MemoryStore: Block broadcast_59_piece19 stored as bytes in memory (estimated size 4.0 MB, free 940.9 MB)
17/03/16 20:32:12 INFO storage.MemoryStore: Block broadcast_59_piece11 stored as bytes in memory (estimated size 4.0 MB, free 944.9 MB)
17/03/16 20:32:12 INFO storage.MemoryStore: Block broadcast_59_piece69 stored as bytes in memory (estimated size 4.0 MB, free 948.9 MB)
17/03/16 20:32:12 INFO storage.MemoryStore: Block broadcast_59_piece9 stored as bytes in memory (estimated size 4.0 MB, free 952.9 MB)
17/03/16 20:32:12 INFO storage.MemoryStore: Block broadcast_59_piece93 stored as bytes in memory (estimated size 4.0 MB, free 956.9 MB)
17/03/16 20:32:12 INFO storage.MemoryStore: Block broadcast_59_piece84 stored as bytes in memory (estimated size 4.0 MB, free 960.9 MB)
17/03/16 20:32:12 INFO storage.MemoryStore: Block broadcast_59_piece1 stored as bytes in memory (estimated size 4.0 MB, free 964.9 MB)
17/03/16 20:32:12 INFO storage.MemoryStore: Block broadcast_59_piece94 stored as bytes in memory (estimated size 4.0 MB, free 968.9 MB)
17/03/16 20:32:12 INFO storage.MemoryStore: Block broadcast_59_piece18 stored as bytes in memory (estimated size 4.0 MB, free 972.9 MB)
17/03/16 20:32:12 INFO storage.MemoryStore: Block broadcast_59_piece101 stored as bytes in memory (estimated size 4.0 MB, free 976.9 MB)
17/03/16 20:32:12 INFO storage.MemoryStore: Block broadcast_59_piece46 stored as bytes in memory (estimated size 4.0 MB, free 980.9 MB)
17/03/16 20:32:12 INFO storage.MemoryStore: Block broadcast_59_piece21 stored as bytes in memory (estimated size 4.0 MB, free 984.9 MB)
17/03/16 20:32:12 INFO storage.MemoryStore: Block broadcast_59_piece88 stored as bytes in memory (estimated size 4.0 MB, free 988.9 MB)
17/03/16 20:32:12 INFO storage.MemoryStore: Block broadcast_59_piece91 stored as bytes in memory (estimated size 4.0 MB, free 992.9 MB)
17/03/16 20:32:12 INFO storage.MemoryStore: Block broadcast_59_piece23 stored as bytes in memory (estimated size 4.0 MB, free 996.9 MB)
17/03/16 20:32:12 INFO storage.MemoryStore: Block broadcast_59_piece45 stored as bytes in memory (estimated size 4.0 MB, free 1000.9 MB)
17/03/16 20:32:12 INFO storage.MemoryStore: Block broadcast_59_piece75 stored as bytes in memory (estimated size 4.0 MB, free 1004.9 MB)
17/03/16 20:32:12 INFO storage.MemoryStore: Block broadcast_59_piece48 stored as bytes in memory (estimated size 4.0 MB, free 1008.9 MB)
17/03/16 20:32:12 INFO storage.MemoryStore: Block broadcast_59_piece44 stored as bytes in memory (estimated size 4.0 MB, free 1012.9 MB)
17/03/16 20:32:12 INFO storage.MemoryStore: Block broadcast_59_piece3 stored as bytes in memory (estimated size 4.0 MB, free 1016.9 MB)
17/03/16 20:32:12 INFO storage.MemoryStore: Block broadcast_59_piece5 stored as bytes in memory (estimated size 4.0 MB, free 1020.9 MB)
17/03/16 20:32:12 INFO storage.MemoryStore: Block broadcast_59_piece68 stored as bytes in memory (estimated size 4.0 MB, free 1024.9 MB)
17/03/16 20:32:12 INFO storage.MemoryStore: Block broadcast_59_piece97 stored as bytes in memory (estimated size 4.0 MB, free 1028.9 MB)
17/03/16 20:32:12 INFO storage.MemoryStore: Block broadcast_59_piece40 stored as bytes in memory (estimated size 4.0 MB, free 1032.9 MB)
17/03/16 20:32:12 INFO storage.MemoryStore: Block broadcast_59_piece58 stored as bytes in memory (estimated size 4.0 MB, free 1036.9 MB)
17/03/16 20:32:12 INFO storage.MemoryStore: Block broadcast_59_piece55 stored as bytes in memory (estimated size 4.0 MB, free 1040.9 MB)
17/03/16 20:32:13 INFO storage.MemoryStore: Block broadcast_59_piece87 stored as bytes in memory (estimated size 4.0 MB, free 1044.9 MB)
17/03/16 20:32:13 INFO storage.MemoryStore: Block broadcast_59_piece56 stored as bytes in memory (estimated size 4.0 MB, free 1048.9 MB)
17/03/16 20:32:13 INFO storage.MemoryStore: Block broadcast_59_piece99 stored as bytes in memory (estimated size 4.0 MB, free 1052.9 MB)
17/03/16 20:32:13 INFO storage.MemoryStore: Block broadcast_59_piece32 stored as bytes in memory (estimated size 4.0 MB, free 1056.9 MB)
17/03/16 20:32:13 INFO storage.MemoryStore: Block broadcast_59_piece52 stored as bytes in memory (estimated size 4.0 MB, free 1060.9 MB)
17/03/16 20:32:13 INFO storage.MemoryStore: Block broadcast_59_piece102 stored as bytes in memory (estimated size 4.0 MB, free 1064.9 MB)
17/03/16 20:32:13 INFO storage.MemoryStore: Block broadcast_59_piece59 stored as bytes in memory (estimated size 4.0 MB, free 1068.9 MB)
17/03/16 20:32:13 INFO storage.MemoryStore: Block broadcast_59_piece15 stored as bytes in memory (estimated size 4.0 MB, free 1072.9 MB)
17/03/16 20:32:13 INFO storage.MemoryStore: Block broadcast_59_piece64 stored as bytes in memory (estimated size 4.0 MB, free 1076.9 MB)
17/03/16 20:32:13 INFO storage.MemoryStore: Block broadcast_59_piece42 stored as bytes in memory (estimated size 4.0 MB, free 1080.9 MB)
17/03/16 20:32:13 INFO storage.MemoryStore: Block broadcast_59_piece77 stored as bytes in memory (estimated size 4.0 MB, free 1084.9 MB)
17/03/16 20:32:13 INFO storage.MemoryStore: Block broadcast_59_piece60 stored as bytes in memory (estimated size 4.0 MB, free 1088.9 MB)
17/03/16 20:32:13 INFO storage.MemoryStore: Block broadcast_59_piece0 stored as bytes in memory (estimated size 4.0 MB, free 1092.9 MB)
17/03/16 20:32:13 INFO storage.MemoryStore: Block broadcast_59_piece63 stored as bytes in memory (estimated size 4.0 MB, free 1096.9 MB)
17/03/16 20:32:13 INFO storage.MemoryStore: Block broadcast_59_piece47 stored as bytes in memory (estimated size 4.0 MB, free 1100.9 MB)
17/03/16 20:32:13 INFO storage.MemoryStore: Block broadcast_59_piece36 stored as bytes in memory (estimated size 4.0 MB, free 1104.9 MB)
17/03/16 20:32:13 INFO storage.MemoryStore: Block broadcast_59_piece86 stored as bytes in memory (estimated size 4.0 MB, free 1108.9 MB)
17/03/16 20:32:13 INFO storage.MemoryStore: Block broadcast_59_piece16 stored as bytes in memory (estimated size 4.0 MB, free 1112.9 MB)
17/03/16 20:32:13 INFO storage.MemoryStore: Block broadcast_59_piece71 stored as bytes in memory (estimated size 4.0 MB, free 1116.9 MB)
17/03/16 20:32:13 INFO storage.MemoryStore: Block broadcast_59_piece72 stored as bytes in memory (estimated size 4.0 MB, free 1120.9 MB)
17/03/16 20:32:13 INFO storage.MemoryStore: Block broadcast_59_piece49 stored as bytes in memory (estimated size 4.0 MB, free 1124.9 MB)
17/03/16 20:32:13 INFO storage.MemoryStore: Block broadcast_59_piece51 stored as bytes in memory (estimated size 4.0 MB, free 1128.9 MB)
17/03/16 20:32:13 INFO storage.MemoryStore: Block broadcast_59_piece24 stored as bytes in memory (estimated size 4.0 MB, free 1132.9 MB)
17/03/16 20:32:13 INFO storage.MemoryStore: Block broadcast_59_piece92 stored as bytes in memory (estimated size 4.0 MB, free 1136.9 MB)
17/03/16 20:32:13 INFO storage.MemoryStore: Block broadcast_59_piece2 stored as bytes in memory (estimated size 4.0 MB, free 1140.9 MB)
17/03/16 20:32:13 INFO storage.MemoryStore: Block broadcast_59_piece50 stored as bytes in memory (estimated size 4.0 MB, free 1144.9 MB)
17/03/16 20:32:13 INFO storage.MemoryStore: Block broadcast_59_piece67 stored as bytes in memory (estimated size 4.0 MB, free 1148.9 MB)
17/03/16 20:32:13 INFO storage.MemoryStore: Block broadcast_59_piece62 stored as bytes in memory (estimated size 4.0 MB, free 1152.9 MB)
17/03/16 20:32:13 INFO storage.MemoryStore: Block broadcast_59_piece6 stored as bytes in memory (estimated size 4.0 MB, free 1156.9 MB)
17/03/16 20:32:13 INFO storage.MemoryStore: Block broadcast_59_piece13 stored as bytes in memory (estimated size 4.0 MB, free 1160.9 MB)
17/03/16 20:32:13 INFO storage.MemoryStore: Block broadcast_59_piece89 stored as bytes in memory (estimated size 4.0 MB, free 1164.9 MB)
17/03/16 20:32:13 INFO storage.MemoryStore: Block broadcast_59_piece83 stored as bytes in memory (estimated size 4.0 MB, free 1168.9 MB)
17/03/16 20:32:13 INFO storage.MemoryStore: Block broadcast_59_piece10 stored as bytes in memory (estimated size 4.0 MB, free 1172.9 MB)
17/03/16 20:32:13 INFO storage.MemoryStore: Block broadcast_59_piece98 stored as bytes in memory (estimated size 4.0 MB, free 1176.9 MB)
17/03/16 20:32:13 INFO storage.MemoryStore: Block broadcast_59_piece70 stored as bytes in memory (estimated size 4.0 MB, free 1180.9 MB)
17/03/16 20:32:13 INFO storage.MemoryStore: Block broadcast_59_piece73 stored as bytes in memory (estimated size 4.0 MB, free 1184.9 MB)
17/03/16 20:32:13 INFO storage.MemoryStore: Block broadcast_59_piece20 stored as bytes in memory (estimated size 4.0 MB, free 1188.9 MB)
17/03/16 20:32:13 INFO storage.MemoryStore: Block broadcast_59_piece22 stored as bytes in memory (estimated size 4.0 MB, free 1192.9 MB)
17/03/16 20:32:13 INFO storage.MemoryStore: Block broadcast_59_piece35 stored as bytes in memory (estimated size 4.0 MB, free 1196.9 MB)
17/03/16 20:32:13 INFO storage.MemoryStore: Block broadcast_59_piece103 stored as bytes in memory (estimated size 348.3 KB, free 1197.3 MB)
17/03/16 20:32:13 INFO storage.MemoryStore: Block broadcast_59_piece66 stored as bytes in memory (estimated size 4.0 MB, free 1201.3 MB)
17/03/16 20:32:13 INFO storage.MemoryStore: Block broadcast_59_piece82 stored as bytes in memory (estimated size 4.0 MB, free 1205.3 MB)
17/03/16 20:32:13 INFO storage.MemoryStore: Block broadcast_59_piece100 stored as bytes in memory (estimated size 4.0 MB, free 1209.3 MB)
17/03/16 20:32:13 INFO storage.MemoryStore: Block broadcast_59_piece57 stored as bytes in memory (estimated size 4.0 MB, free 1213.3 MB)
17/03/16 20:32:13 INFO storage.MemoryStore: Block broadcast_59_piece34 stored as bytes in memory (estimated size 4.0 MB, free 1217.3 MB)
17/03/16 20:32:13 INFO storage.MemoryStore: Block broadcast_59_piece37 stored as bytes in memory (estimated size 4.0 MB, free 1221.3 MB)
17/03/16 20:32:13 INFO storage.MemoryStore: Block broadcast_59_piece90 stored as bytes in memory (estimated size 4.0 MB, free 1225.3 MB)
17/03/16 20:32:13 INFO storage.MemoryStore: Block broadcast_59_piece27 stored as bytes in memory (estimated size 4.0 MB, free 1229.3 MB)
17/03/16 20:32:13 INFO storage.MemoryStore: Block broadcast_59_piece8 stored as bytes in memory (estimated size 4.0 MB, free 1233.3 MB)
17/03/16 20:32:13 INFO storage.MemoryStore: Block broadcast_59_piece61 stored as bytes in memory (estimated size 4.0 MB, free 1237.3 MB)
17/03/16 20:32:13 INFO broadcast.TorrentBroadcast: Reading broadcast variable 59 took 1910 ms
17/03/16 20:32:21 INFO storage.MemoryStore: Block broadcast_59 stored as values in memory (estimated size 384.0 B, free 1237.3 MB)
17/03/16 20:32:29 INFO python.PythonRunner: Times: total = 17279, boot = 8, init = 9257, finish = 8014
17/03/16 20:32:29 INFO python.PythonRunner: Times: total = 17284, boot = 26, init = 9238, finish = 8020
17/03/16 20:32:29 INFO python.PythonRunner: Times: total = 17285, boot = 23, init = 9242, finish = 8020
17/03/16 20:32:29 INFO python.PythonRunner: Times: total = 17292, boot = 12, init = 9254, finish = 8026
17/03/16 20:32:29 INFO python.PythonRunner: Times: total = 17303, boot = 4, init = 9262, finish = 8037
17/03/16 20:32:29 INFO python.PythonRunner: Times: total = 17355, boot = 19, init = 9246, finish = 8090
17/03/16 20:32:29 INFO python.PythonRunner: Times: total = 17370, boot = 15, init = 9250, finish = 8105
17/03/16 20:32:29 INFO executor.Executor: Finished task 6.0 in stage 39.0 (TID 1840). 1274 bytes result sent to driver
17/03/16 20:32:29 INFO executor.Executor: Finished task 24.0 in stage 39.0 (TID 1858). 1274 bytes result sent to driver
17/03/16 20:32:29 INFO executor.Executor: Finished task 42.0 in stage 39.0 (TID 1876). 1274 bytes result sent to driver
17/03/16 20:32:29 INFO executor.Executor: Finished task 36.0 in stage 39.0 (TID 1870). 1274 bytes result sent to driver
17/03/16 20:32:29 INFO executor.Executor: Finished task 30.0 in stage 39.0 (TID 1864). 1274 bytes result sent to driver
17/03/16 20:32:29 INFO executor.Executor: Finished task 18.0 in stage 39.0 (TID 1852). 1274 bytes result sent to driver
17/03/16 20:32:29 INFO executor.Executor: Finished task 12.0 in stage 39.0 (TID 1846). 1274 bytes result sent to driver
17/03/16 20:32:29 INFO python.PythonRunner: Times: total = 17580, boot = 4, init = 9260, finish = 8316
17/03/16 20:32:29 INFO executor.Executor: Finished task 0.0 in stage 39.0 (TID 1834). 1274 bytes result sent to driver
17/03/16 20:32:30 INFO executor.CoarseGrainedExecutorBackend: Got assigned task 1884
17/03/16 20:32:30 INFO executor.Executor: Running task 2.0 in stage 40.0 (TID 1884)
17/03/16 20:32:30 INFO executor.CoarseGrainedExecutorBackend: Got assigned task 1890
17/03/16 20:32:30 INFO executor.Executor: Running task 8.0 in stage 40.0 (TID 1890)
17/03/16 20:32:30 INFO executor.CoarseGrainedExecutorBackend: Got assigned task 1896
17/03/16 20:32:30 INFO spark.MapOutputTrackerWorker: Updating epoch to 21 and clearing cache
17/03/16 20:32:30 INFO executor.Executor: Running task 14.0 in stage 40.0 (TID 1896)
17/03/16 20:32:30 INFO executor.CoarseGrainedExecutorBackend: Got assigned task 1902
17/03/16 20:32:30 INFO executor.Executor: Running task 20.0 in stage 40.0 (TID 1902)
17/03/16 20:32:30 INFO executor.CoarseGrainedExecutorBackend: Got assigned task 1908
17/03/16 20:32:30 INFO broadcast.TorrentBroadcast: Started reading broadcast variable 61
17/03/16 20:32:30 INFO executor.Executor: Running task 26.0 in stage 40.0 (TID 1908)
17/03/16 20:32:30 INFO executor.CoarseGrainedExecutorBackend: Got assigned task 1914
17/03/16 20:32:30 INFO executor.CoarseGrainedExecutorBackend: Got assigned task 1920
17/03/16 20:32:30 INFO executor.Executor: Running task 32.0 in stage 40.0 (TID 1914)
17/03/16 20:32:30 INFO executor.Executor: Running task 38.0 in stage 40.0 (TID 1920)
17/03/16 20:32:30 INFO executor.CoarseGrainedExecutorBackend: Got assigned task 1926
17/03/16 20:32:30 INFO executor.Executor: Running task 44.0 in stage 40.0 (TID 1926)
17/03/16 20:32:30 INFO storage.MemoryStore: Block broadcast_61_piece0 stored as bytes in memory (estimated size 3.3 KB, free 1237.3 MB)
17/03/16 20:32:30 INFO broadcast.TorrentBroadcast: Reading broadcast variable 61 took 5 ms
17/03/16 20:32:30 INFO storage.MemoryStore: Block broadcast_61 stored as values in memory (estimated size 5.3 KB, free 1237.3 MB)
17/03/16 20:32:30 INFO spark.MapOutputTrackerWorker: Don't have map outputs for shuffle 19, fetching them
17/03/16 20:32:30 INFO spark.MapOutputTrackerWorker: Doing the fetch; tracker endpoint = NettyRpcEndpointRef(spark://MapOutputTracker@10.10.34.38:36751)
17/03/16 20:32:30 INFO spark.MapOutputTrackerWorker: Don't have map outputs for shuffle 19, fetching them
17/03/16 20:32:30 INFO spark.MapOutputTrackerWorker: Don't have map outputs for shuffle 19, fetching them
17/03/16 20:32:30 INFO spark.MapOutputTrackerWorker: Don't have map outputs for shuffle 19, fetching them
17/03/16 20:32:30 INFO spark.MapOutputTrackerWorker: Don't have map outputs for shuffle 19, fetching them
17/03/16 20:32:30 INFO spark.MapOutputTrackerWorker: Don't have map outputs for shuffle 19, fetching them
17/03/16 20:32:30 INFO spark.MapOutputTrackerWorker: Don't have map outputs for shuffle 19, fetching them
17/03/16 20:32:30 INFO spark.MapOutputTrackerWorker: Don't have map outputs for shuffle 19, fetching them
17/03/16 20:32:30 INFO spark.MapOutputTrackerWorker: Got the output locations
17/03/16 20:32:30 INFO storage.ShuffleBlockFetcherIterator: Getting 48 non-empty blocks out of 48 blocks
17/03/16 20:32:30 INFO storage.ShuffleBlockFetcherIterator: Getting 48 non-empty blocks out of 48 blocks
17/03/16 20:32:30 INFO storage.ShuffleBlockFetcherIterator: Getting 48 non-empty blocks out of 48 blocks
17/03/16 20:32:30 INFO storage.ShuffleBlockFetcherIterator: Getting 48 non-empty blocks out of 48 blocks
17/03/16 20:32:30 INFO storage.ShuffleBlockFetcherIterator: Started 6 remote fetches in 3 ms
17/03/16 20:32:30 INFO storage.ShuffleBlockFetcherIterator: Getting 48 non-empty blocks out of 48 blocks
17/03/16 20:32:30 INFO storage.ShuffleBlockFetcherIterator: Started 6 remote fetches in 3 ms
17/03/16 20:32:30 INFO storage.ShuffleBlockFetcherIterator: Getting 48 non-empty blocks out of 48 blocks
17/03/16 20:32:30 INFO storage.ShuffleBlockFetcherIterator: Started 7 remote fetches in 2 ms
17/03/16 20:32:30 INFO storage.ShuffleBlockFetcherIterator: Getting 48 non-empty blocks out of 48 blocks
17/03/16 20:32:30 INFO storage.ShuffleBlockFetcherIterator: Started 6 remote fetches in 2 ms
17/03/16 20:32:30 INFO storage.ShuffleBlockFetcherIterator: Getting 48 non-empty blocks out of 48 blocks
17/03/16 20:32:30 INFO storage.ShuffleBlockFetcherIterator: Started 5 remote fetches in 3 ms
17/03/16 20:32:30 INFO storage.ShuffleBlockFetcherIterator: Started 6 remote fetches in 4 ms
17/03/16 20:32:30 INFO storage.ShuffleBlockFetcherIterator: Started 6 remote fetches in 2 ms
17/03/16 20:32:30 INFO storage.ShuffleBlockFetcherIterator: Started 6 remote fetches in 3 ms
17/03/16 20:32:31 INFO python.PythonRunner: Times: total = 894, boot = -1021, init = 1024, finish = 891
17/03/16 20:32:31 INFO executor.Executor: Finished task 32.0 in stage 40.0 (TID 1914). 9549503 bytes result sent to driver
17/03/16 20:32:31 INFO python.PythonRunner: Times: total = 960, boot = -828, init = 832, finish = 956
17/03/16 20:32:31 INFO python.PythonRunner: Times: total = 971, boot = -1095, init = 1100, finish = 966
17/03/16 20:32:31 INFO executor.Executor: Finished task 2.0 in stage 40.0 (TID 1884). 9566207 bytes result sent to driver
17/03/16 20:32:31 INFO executor.Executor: Finished task 26.0 in stage 40.0 (TID 1908). 9546797 bytes result sent to driver
17/03/16 20:32:31 INFO python.PythonRunner: Times: total = 995, boot = -1112, init = 1119, finish = 988
17/03/16 20:32:31 INFO executor.Executor: Finished task 38.0 in stage 40.0 (TID 1920). 9557678 bytes result sent to driver
17/03/16 20:32:31 INFO python.PythonRunner: Times: total = 1044, boot = -1112, init = 1115, finish = 1041
17/03/16 20:32:31 INFO python.PythonRunner: Times: total = 1049, boot = -1044, init = 1051, finish = 1042
17/03/16 20:32:31 INFO python.PythonRunner: Times: total = 1057, boot = -1097, init = 1105, finish = 1049
17/03/16 20:32:31 INFO executor.Executor: Finished task 44.0 in stage 40.0 (TID 1926). 9560518 bytes result sent to driver
17/03/16 20:32:31 INFO executor.Executor: Finished task 14.0 in stage 40.0 (TID 1896). 9574352 bytes result sent to driver
17/03/16 20:32:31 INFO executor.Executor: Finished task 20.0 in stage 40.0 (TID 1902). 9562922 bytes result sent to driver
17/03/16 20:32:31 INFO python.PythonRunner: Times: total = 1100, boot = -1114, init = 1118, finish = 1096
17/03/16 20:32:31 INFO executor.Executor: Finished task 8.0 in stage 40.0 (TID 1890). 9556700 bytes result sent to driver
17/03/16 20:32:35 INFO storage.BlockManager: Removing RDD 117
17/03/16 20:32:35 INFO storage.BlockManager: Removing RDD 122
17/03/16 20:33:32 INFO executor.CoarseGrainedExecutorBackend: Driver commanded a shutdown
17/03/16 20:33:32 INFO storage.MemoryStore: MemoryStore cleared
17/03/16 20:33:32 INFO storage.BlockManager: BlockManager stopped
17/03/16 20:33:32 WARN executor.CoarseGrainedExecutorBackend: An unknown (mesos-slave-28:36751) driver disconnected.
17/03/16 20:33:32 ERROR executor.CoarseGrainedExecutorBackend: Driver 10.10.34.38:36751 disassociated! Shutting down.
17/03/16 20:33:32 INFO util.ShutdownHookManager: Shutdown hook called
17/03/16 20:33:32 INFO util.ShutdownHookManager: Deleting directory /opt/hdfs/nodemanager/usercache/curi/appcache/application_1485248649253_0030/spark-11d7518a-284a-4c0b-8c2f-e81ed20eb996
17/03/16 20:33:32 INFO remote.RemoteActorRefProvider$RemotingTerminator: Shutting down remote daemon.
17/03/16 20:33:32 INFO remote.RemoteActorRefProvider$RemotingTerminator: Remote daemon shut down; proceeding with flushing remote transports.
17/03/16 20:33:32 INFO remote.RemoteActorRefProvider$RemotingTerminator: Remoting shut down.
