17/03/23 15:00:38 INFO executor.CoarseGrainedExecutorBackend: Registered signal handlers for [TERM, HUP, INT]
17/03/23 15:00:38 INFO spark.SecurityManager: Changing view acls to: yarn,curi
17/03/23 15:00:38 INFO spark.SecurityManager: Changing modify acls to: yarn,curi
17/03/23 15:00:38 INFO spark.SecurityManager: SecurityManager: authentication disabled; ui acls disabled; users with view permissions: Set(yarn, curi); users with modify permissions: Set(yarn, curi)
17/03/23 15:00:39 INFO spark.SecurityManager: Changing view acls to: yarn,curi
17/03/23 15:00:39 INFO spark.SecurityManager: Changing modify acls to: yarn,curi
17/03/23 15:00:39 INFO spark.SecurityManager: SecurityManager: authentication disabled; ui acls disabled; users with view permissions: Set(yarn, curi); users with modify permissions: Set(yarn, curi)
17/03/23 15:00:39 INFO slf4j.Slf4jLogger: Slf4jLogger started
17/03/23 15:00:39 INFO Remoting: Starting remoting
17/03/23 15:00:39 INFO Remoting: Remoting started; listening on addresses :[akka.tcp://sparkExecutorActorSystem@mesos-master-1:48119]
17/03/23 15:00:39 INFO util.Utils: Successfully started service 'sparkExecutorActorSystem' on port 48119.
17/03/23 15:00:39 INFO storage.DiskBlockManager: Created local directory at /opt/hdfs/nodemanager/usercache/curi/appcache/application_1485248649253_0039/blockmgr-f9cb6dfc-6ffe-4f39-b37b-4aa880ecd76d
17/03/23 15:00:39 INFO storage.MemoryStore: MemoryStore started with capacity 14.2 GB
17/03/23 15:00:39 INFO executor.CoarseGrainedExecutorBackend: Connecting to driver: spark://CoarseGrainedScheduler@10.10.34.13:41309
17/03/23 15:00:39 INFO executor.CoarseGrainedExecutorBackend: Successfully registered with driver
17/03/23 15:00:39 INFO executor.Executor: Starting executor ID 2 on host mesos-master-1
17/03/23 15:00:39 INFO util.Utils: Successfully started service 'org.apache.spark.network.netty.NettyBlockTransferService' on port 37895.
17/03/23 15:00:39 INFO netty.NettyBlockTransferService: Server created on 37895
17/03/23 15:00:39 INFO storage.BlockManagerMaster: Trying to register BlockManager
17/03/23 15:00:39 INFO storage.BlockManagerMaster: Registered BlockManager
17/03/23 15:00:42 INFO executor.CoarseGrainedExecutorBackend: Got assigned task 0
17/03/23 15:00:42 INFO executor.CoarseGrainedExecutorBackend: Got assigned task 1
17/03/23 15:00:42 INFO executor.Executor: Running task 0.0 in stage 0.0 (TID 0)
17/03/23 15:00:42 INFO executor.Executor: Running task 1.0 in stage 0.0 (TID 1)
17/03/23 15:00:42 INFO broadcast.TorrentBroadcast: Started reading broadcast variable 1
17/03/23 15:00:42 INFO storage.MemoryStore: Block broadcast_1_piece0 stored as bytes in memory (estimated size 3.7 KB, free 3.7 KB)
17/03/23 15:00:42 INFO broadcast.TorrentBroadcast: Reading broadcast variable 1 took 121 ms
17/03/23 15:00:42 INFO storage.MemoryStore: Block broadcast_1 stored as values in memory (estimated size 6.0 KB, free 9.7 KB)
17/03/23 15:00:42 INFO rdd.HadoopRDD: Input split: hdfs://10.10.34.11:9000/user/niuxy/com-amazon.ungraph.txt:0+6292942
17/03/23 15:00:42 INFO rdd.HadoopRDD: Input split: hdfs://10.10.34.11:9000/user/niuxy/com-amazon.ungraph.txt:6292942+6292942
17/03/23 15:00:42 INFO broadcast.TorrentBroadcast: Started reading broadcast variable 0
17/03/23 15:00:42 INFO storage.MemoryStore: Block broadcast_0_piece0 stored as bytes in memory (estimated size 21.4 KB, free 31.1 KB)
17/03/23 15:00:42 INFO broadcast.TorrentBroadcast: Reading broadcast variable 0 took 16 ms
17/03/23 15:00:42 INFO storage.MemoryStore: Block broadcast_0 stored as values in memory (estimated size 281.6 KB, free 312.8 KB)
17/03/23 15:00:42 INFO Configuration.deprecation: mapred.tip.id is deprecated. Instead, use mapreduce.task.id
17/03/23 15:00:42 INFO Configuration.deprecation: mapred.task.id is deprecated. Instead, use mapreduce.task.attempt.id
17/03/23 15:00:42 INFO Configuration.deprecation: mapred.task.is.map is deprecated. Instead, use mapreduce.task.ismap
17/03/23 15:00:42 INFO Configuration.deprecation: mapred.task.partition is deprecated. Instead, use mapreduce.task.partition
17/03/23 15:00:42 INFO Configuration.deprecation: mapred.job.id is deprecated. Instead, use mapreduce.job.id
17/03/23 15:00:47 INFO python.PythonRunner: Times: total = 4356, boot = 510, init = 92, finish = 3754
17/03/23 15:00:47 INFO executor.Executor: Finished task 1.0 in stage 0.0 (TID 1). 14372091 bytes result sent to driver
17/03/23 15:00:47 INFO python.PythonRunner: Times: total = 4557, boot = 543, init = 99, finish = 3915
17/03/23 15:00:47 INFO executor.Executor: Finished task 0.0 in stage 0.0 (TID 0). 14332673 bytes result sent to driver
17/03/23 15:12:31 INFO executor.CoarseGrainedExecutorBackend: Got assigned task 3
17/03/23 15:12:31 INFO executor.Executor: Running task 1.0 in stage 1.0 (TID 3)
17/03/23 15:12:31 INFO broadcast.TorrentBroadcast: Started reading broadcast variable 7
17/03/23 15:12:31 INFO executor.CoarseGrainedExecutorBackend: Got assigned task 9
17/03/23 15:12:31 INFO executor.Executor: Running task 7.0 in stage 1.0 (TID 9)
17/03/23 15:12:31 INFO executor.CoarseGrainedExecutorBackend: Got assigned task 15
17/03/23 15:12:31 INFO executor.Executor: Running task 13.0 in stage 1.0 (TID 15)
17/03/23 15:12:31 INFO executor.CoarseGrainedExecutorBackend: Got assigned task 21
17/03/23 15:12:31 INFO executor.Executor: Running task 19.0 in stage 1.0 (TID 21)
17/03/23 15:12:31 INFO executor.CoarseGrainedExecutorBackend: Got assigned task 27
17/03/23 15:12:31 INFO executor.Executor: Running task 25.0 in stage 1.0 (TID 27)
17/03/23 15:12:31 INFO executor.CoarseGrainedExecutorBackend: Got assigned task 33
17/03/23 15:12:31 INFO executor.Executor: Running task 31.0 in stage 1.0 (TID 33)
17/03/23 15:12:31 INFO executor.CoarseGrainedExecutorBackend: Got assigned task 39
17/03/23 15:12:31 INFO executor.Executor: Running task 37.0 in stage 1.0 (TID 39)
17/03/23 15:12:31 INFO executor.CoarseGrainedExecutorBackend: Got assigned task 45
17/03/23 15:12:31 INFO storage.MemoryStore: Block broadcast_7_piece0 stored as bytes in memory (estimated size 2.8 KB, free 305.9 KB)
17/03/23 15:12:31 INFO executor.Executor: Running task 43.0 in stage 1.0 (TID 45)
17/03/23 15:12:31 INFO broadcast.TorrentBroadcast: Reading broadcast variable 7 took 46 ms
17/03/23 15:12:31 INFO storage.MemoryStore: Block broadcast_7 stored as values in memory (estimated size 4.7 KB, free 310.6 KB)
17/03/23 15:12:31 INFO python.PythonRunner: Times: total = 29, boot = 2, init = 1, finish = 26
17/03/23 15:12:31 INFO executor.Executor: Finished task 1.0 in stage 1.0 (TID 3). 1001 bytes result sent to driver
17/03/23 15:12:31 INFO python.PythonRunner: Times: total = 30, boot = 3, init = 1, finish = 26
17/03/23 15:12:31 INFO executor.Executor: Finished task 31.0 in stage 1.0 (TID 33). 1001 bytes result sent to driver
17/03/23 15:12:31 INFO python.PythonRunner: Times: total = 32, boot = 5, init = 1, finish = 26
17/03/23 15:12:31 INFO executor.Executor: Finished task 13.0 in stage 1.0 (TID 15). 1001 bytes result sent to driver
17/03/23 15:12:31 INFO python.PythonRunner: Times: total = 33, boot = 7, init = 1, finish = 25
17/03/23 15:12:31 INFO executor.Executor: Finished task 19.0 in stage 1.0 (TID 21). 1001 bytes result sent to driver
17/03/23 15:12:31 INFO python.PythonRunner: Times: total = 35, boot = 9, init = 1, finish = 25
17/03/23 15:12:31 INFO executor.Executor: Finished task 25.0 in stage 1.0 (TID 27). 1001 bytes result sent to driver
17/03/23 15:12:31 INFO python.PythonRunner: Times: total = 39, boot = 12, init = 1, finish = 26
17/03/23 15:12:31 INFO executor.Executor: Finished task 43.0 in stage 1.0 (TID 45). 1001 bytes result sent to driver
17/03/23 15:12:31 INFO python.PythonRunner: Times: total = 42, boot = 14, init = 1, finish = 27
17/03/23 15:12:31 INFO python.PythonRunner: Times: total = 40, boot = 14, init = 1, finish = 25
17/03/23 15:12:31 INFO executor.Executor: Finished task 37.0 in stage 1.0 (TID 39). 1001 bytes result sent to driver
17/03/23 15:12:31 INFO executor.Executor: Finished task 7.0 in stage 1.0 (TID 9). 1001 bytes result sent to driver
17/03/23 15:12:34 INFO executor.CoarseGrainedExecutorBackend: Got assigned task 51
17/03/23 15:12:34 INFO executor.Executor: Running task 1.0 in stage 2.0 (TID 51)
17/03/23 15:12:34 INFO executor.CoarseGrainedExecutorBackend: Got assigned task 57
17/03/23 15:12:34 INFO executor.Executor: Running task 7.0 in stage 2.0 (TID 57)
17/03/23 15:12:34 INFO broadcast.TorrentBroadcast: Started reading broadcast variable 8
17/03/23 15:12:34 INFO executor.CoarseGrainedExecutorBackend: Got assigned task 63
17/03/23 15:12:34 INFO executor.Executor: Running task 13.0 in stage 2.0 (TID 63)
17/03/23 15:12:34 INFO executor.CoarseGrainedExecutorBackend: Got assigned task 69
17/03/23 15:12:34 INFO executor.Executor: Running task 19.0 in stage 2.0 (TID 69)
17/03/23 15:12:34 INFO executor.CoarseGrainedExecutorBackend: Got assigned task 75
17/03/23 15:12:34 INFO executor.Executor: Running task 25.0 in stage 2.0 (TID 75)
17/03/23 15:12:34 INFO executor.CoarseGrainedExecutorBackend: Got assigned task 81
17/03/23 15:12:34 INFO executor.Executor: Running task 31.0 in stage 2.0 (TID 81)
17/03/23 15:12:34 INFO executor.CoarseGrainedExecutorBackend: Got assigned task 87
17/03/23 15:12:34 INFO executor.Executor: Running task 37.0 in stage 2.0 (TID 87)
17/03/23 15:12:34 INFO executor.CoarseGrainedExecutorBackend: Got assigned task 93
17/03/23 15:12:34 INFO executor.Executor: Running task 43.0 in stage 2.0 (TID 93)
17/03/23 15:12:34 INFO storage.MemoryStore: Block broadcast_8_piece0 stored as bytes in memory (estimated size 5.8 KB, free 316.4 KB)
17/03/23 15:12:34 INFO broadcast.TorrentBroadcast: Reading broadcast variable 8 took 47 ms
17/03/23 15:12:34 INFO storage.MemoryStore: Block broadcast_8 stored as values in memory (estimated size 9.2 KB, free 325.6 KB)
17/03/23 15:12:34 INFO broadcast.TorrentBroadcast: Started reading broadcast variable 3
17/03/23 15:12:34 INFO storage.MemoryStore: Block broadcast_3_piece0 stored as bytes in memory (estimated size 95.0 B, free 325.7 KB)
17/03/23 15:12:34 INFO broadcast.TorrentBroadcast: Reading broadcast variable 3 took 9 ms
17/03/23 15:12:34 INFO storage.MemoryStore: Block broadcast_3 stored as values in memory (estimated size 384.0 B, free 326.1 KB)
17/03/23 15:12:34 INFO broadcast.TorrentBroadcast: Started reading broadcast variable 6
17/03/23 15:12:34 INFO storage.MemoryStore: Block broadcast_6_piece227 stored as bytes in memory (estimated size 4.0 MB, free 4.3 MB)
17/03/23 15:12:34 INFO storage.MemoryStore: Block broadcast_6_piece95 stored as bytes in memory (estimated size 4.0 MB, free 8.3 MB)
17/03/23 15:12:34 INFO storage.MemoryStore: Block broadcast_6_piece226 stored as bytes in memory (estimated size 4.0 MB, free 12.3 MB)
17/03/23 15:12:34 INFO storage.MemoryStore: Block broadcast_6_piece296 stored as bytes in memory (estimated size 4.0 MB, free 16.3 MB)
17/03/23 15:12:34 INFO storage.MemoryStore: Block broadcast_6_piece99 stored as bytes in memory (estimated size 4.0 MB, free 20.3 MB)
17/03/23 15:12:34 INFO storage.MemoryStore: Block broadcast_6_piece250 stored as bytes in memory (estimated size 4.0 MB, free 24.3 MB)
17/03/23 15:12:34 INFO storage.MemoryStore: Block broadcast_6_piece305 stored as bytes in memory (estimated size 4.0 MB, free 28.3 MB)
17/03/23 15:12:34 INFO storage.MemoryStore: Block broadcast_6_piece334 stored as bytes in memory (estimated size 4.0 MB, free 32.3 MB)
17/03/23 15:12:34 INFO storage.MemoryStore: Block broadcast_6_piece308 stored as bytes in memory (estimated size 4.0 MB, free 36.3 MB)
17/03/23 15:12:34 INFO storage.MemoryStore: Block broadcast_6_piece211 stored as bytes in memory (estimated size 4.0 MB, free 40.3 MB)
17/03/23 15:12:34 INFO storage.MemoryStore: Block broadcast_6_piece338 stored as bytes in memory (estimated size 4.0 MB, free 44.3 MB)
17/03/23 15:12:34 INFO storage.MemoryStore: Block broadcast_6_piece218 stored as bytes in memory (estimated size 4.0 MB, free 48.3 MB)
17/03/23 15:12:34 INFO storage.MemoryStore: Block broadcast_6_piece14 stored as bytes in memory (estimated size 4.0 MB, free 52.3 MB)
17/03/23 15:12:34 INFO storage.MemoryStore: Block broadcast_6_piece138 stored as bytes in memory (estimated size 4.0 MB, free 56.3 MB)
17/03/23 15:12:34 INFO storage.MemoryStore: Block broadcast_6_piece70 stored as bytes in memory (estimated size 4.0 MB, free 60.3 MB)
17/03/23 15:12:34 INFO storage.MemoryStore: Block broadcast_6_piece126 stored as bytes in memory (estimated size 4.0 MB, free 64.3 MB)
17/03/23 15:12:34 INFO storage.MemoryStore: Block broadcast_6_piece164 stored as bytes in memory (estimated size 4.0 MB, free 68.3 MB)
17/03/23 15:12:34 INFO storage.MemoryStore: Block broadcast_6_piece10 stored as bytes in memory (estimated size 4.0 MB, free 72.3 MB)
17/03/23 15:12:34 INFO storage.MemoryStore: Block broadcast_6_piece239 stored as bytes in memory (estimated size 4.0 MB, free 76.3 MB)
17/03/23 15:12:34 INFO storage.MemoryStore: Block broadcast_6_piece2 stored as bytes in memory (estimated size 4.0 MB, free 80.3 MB)
17/03/23 15:12:35 INFO storage.MemoryStore: Block broadcast_6_piece333 stored as bytes in memory (estimated size 4.0 MB, free 84.3 MB)
17/03/23 15:12:35 INFO storage.MemoryStore: Block broadcast_6_piece111 stored as bytes in memory (estimated size 4.0 MB, free 88.3 MB)
17/03/23 15:12:35 INFO storage.MemoryStore: Block broadcast_6_piece322 stored as bytes in memory (estimated size 4.0 MB, free 92.3 MB)
17/03/23 15:12:35 INFO storage.MemoryStore: Block broadcast_6_piece270 stored as bytes in memory (estimated size 4.0 MB, free 96.3 MB)
17/03/23 15:12:35 INFO storage.MemoryStore: Block broadcast_6_piece306 stored as bytes in memory (estimated size 4.0 MB, free 100.3 MB)
17/03/23 15:12:35 INFO storage.MemoryStore: Block broadcast_6_piece328 stored as bytes in memory (estimated size 4.0 MB, free 104.3 MB)
17/03/23 15:12:35 INFO storage.MemoryStore: Block broadcast_6_piece252 stored as bytes in memory (estimated size 4.0 MB, free 108.3 MB)
17/03/23 15:12:35 INFO storage.MemoryStore: Block broadcast_6_piece149 stored as bytes in memory (estimated size 4.0 MB, free 112.3 MB)
17/03/23 15:12:35 INFO storage.MemoryStore: Block broadcast_6_piece228 stored as bytes in memory (estimated size 4.0 MB, free 116.3 MB)
17/03/23 15:12:35 INFO storage.MemoryStore: Block broadcast_6_piece163 stored as bytes in memory (estimated size 4.0 MB, free 120.3 MB)
17/03/23 15:12:35 INFO storage.MemoryStore: Block broadcast_6_piece287 stored as bytes in memory (estimated size 4.0 MB, free 124.3 MB)
17/03/23 15:12:35 INFO storage.MemoryStore: Block broadcast_6_piece129 stored as bytes in memory (estimated size 4.0 MB, free 128.3 MB)
17/03/23 15:12:35 INFO storage.MemoryStore: Block broadcast_6_piece52 stored as bytes in memory (estimated size 4.0 MB, free 132.3 MB)
17/03/23 15:12:35 INFO storage.MemoryStore: Block broadcast_6_piece312 stored as bytes in memory (estimated size 4.0 MB, free 136.3 MB)
17/03/23 15:12:35 INFO storage.MemoryStore: Block broadcast_6_piece69 stored as bytes in memory (estimated size 4.0 MB, free 140.3 MB)
17/03/23 15:12:35 INFO storage.MemoryStore: Block broadcast_6_piece254 stored as bytes in memory (estimated size 4.0 MB, free 144.3 MB)
17/03/23 15:12:35 INFO storage.MemoryStore: Block broadcast_6_piece201 stored as bytes in memory (estimated size 4.0 MB, free 148.3 MB)
17/03/23 15:12:35 INFO storage.MemoryStore: Block broadcast_6_piece253 stored as bytes in memory (estimated size 4.0 MB, free 152.3 MB)
17/03/23 15:12:35 INFO storage.MemoryStore: Block broadcast_6_piece347 stored as bytes in memory (estimated size 4.0 MB, free 156.3 MB)
17/03/23 15:12:35 INFO storage.MemoryStore: Block broadcast_6_piece36 stored as bytes in memory (estimated size 4.0 MB, free 160.3 MB)
17/03/23 15:12:35 INFO storage.MemoryStore: Block broadcast_6_piece330 stored as bytes in memory (estimated size 4.0 MB, free 164.3 MB)
17/03/23 15:12:35 INFO storage.MemoryStore: Block broadcast_6_piece35 stored as bytes in memory (estimated size 4.0 MB, free 168.3 MB)
17/03/23 15:12:35 INFO storage.MemoryStore: Block broadcast_6_piece23 stored as bytes in memory (estimated size 4.0 MB, free 172.3 MB)
17/03/23 15:12:35 INFO storage.MemoryStore: Block broadcast_6_piece20 stored as bytes in memory (estimated size 4.0 MB, free 176.3 MB)
17/03/23 15:12:35 INFO storage.MemoryStore: Block broadcast_6_piece332 stored as bytes in memory (estimated size 4.0 MB, free 180.3 MB)
17/03/23 15:12:35 INFO storage.MemoryStore: Block broadcast_6_piece89 stored as bytes in memory (estimated size 4.0 MB, free 184.3 MB)
17/03/23 15:12:35 INFO storage.MemoryStore: Block broadcast_6_piece53 stored as bytes in memory (estimated size 4.0 MB, free 188.3 MB)
17/03/23 15:12:35 INFO storage.MemoryStore: Block broadcast_6_piece284 stored as bytes in memory (estimated size 4.0 MB, free 192.3 MB)
17/03/23 15:12:35 INFO storage.MemoryStore: Block broadcast_6_piece66 stored as bytes in memory (estimated size 4.0 MB, free 196.3 MB)
17/03/23 15:12:35 INFO storage.MemoryStore: Block broadcast_6_piece298 stored as bytes in memory (estimated size 4.0 MB, free 200.3 MB)
17/03/23 15:12:35 INFO storage.MemoryStore: Block broadcast_6_piece161 stored as bytes in memory (estimated size 4.0 MB, free 204.3 MB)
17/03/23 15:12:35 INFO storage.MemoryStore: Block broadcast_6_piece154 stored as bytes in memory (estimated size 4.0 MB, free 208.3 MB)
17/03/23 15:12:35 INFO storage.MemoryStore: Block broadcast_6_piece119 stored as bytes in memory (estimated size 4.0 MB, free 212.3 MB)
17/03/23 15:12:35 INFO storage.MemoryStore: Block broadcast_6_piece12 stored as bytes in memory (estimated size 4.0 MB, free 216.3 MB)
17/03/23 15:12:35 INFO storage.MemoryStore: Block broadcast_6_piece160 stored as bytes in memory (estimated size 4.0 MB, free 220.3 MB)
17/03/23 15:12:35 INFO storage.MemoryStore: Block broadcast_6_piece65 stored as bytes in memory (estimated size 4.0 MB, free 224.3 MB)
17/03/23 15:12:35 INFO storage.MemoryStore: Block broadcast_6_piece158 stored as bytes in memory (estimated size 4.0 MB, free 228.3 MB)
17/03/23 15:12:35 INFO storage.MemoryStore: Block broadcast_6_piece9 stored as bytes in memory (estimated size 4.0 MB, free 232.3 MB)
17/03/23 15:12:35 INFO storage.MemoryStore: Block broadcast_6_piece283 stored as bytes in memory (estimated size 4.0 MB, free 236.3 MB)
17/03/23 15:12:35 INFO storage.MemoryStore: Block broadcast_6_piece311 stored as bytes in memory (estimated size 4.0 MB, free 240.3 MB)
17/03/23 15:12:35 INFO storage.MemoryStore: Block broadcast_6_piece188 stored as bytes in memory (estimated size 4.0 MB, free 244.3 MB)
17/03/23 15:12:35 INFO storage.MemoryStore: Block broadcast_6_piece175 stored as bytes in memory (estimated size 4.0 MB, free 248.3 MB)
17/03/23 15:12:35 INFO storage.MemoryStore: Block broadcast_6_piece102 stored as bytes in memory (estimated size 4.0 MB, free 252.3 MB)
17/03/23 15:12:35 INFO storage.MemoryStore: Block broadcast_6_piece34 stored as bytes in memory (estimated size 4.0 MB, free 256.3 MB)
17/03/23 15:12:35 INFO storage.MemoryStore: Block broadcast_6_piece15 stored as bytes in memory (estimated size 4.0 MB, free 260.3 MB)
17/03/23 15:12:35 INFO storage.MemoryStore: Block broadcast_6_piece151 stored as bytes in memory (estimated size 4.0 MB, free 264.3 MB)
17/03/23 15:12:35 INFO storage.MemoryStore: Block broadcast_6_piece19 stored as bytes in memory (estimated size 4.0 MB, free 268.3 MB)
17/03/23 15:12:36 INFO storage.MemoryStore: Block broadcast_6_piece299 stored as bytes in memory (estimated size 4.0 MB, free 272.3 MB)
17/03/23 15:12:36 INFO storage.MemoryStore: Block broadcast_6_piece325 stored as bytes in memory (estimated size 4.0 MB, free 276.3 MB)
17/03/23 15:12:36 INFO storage.MemoryStore: Block broadcast_6_piece272 stored as bytes in memory (estimated size 4.0 MB, free 280.3 MB)
17/03/23 15:12:36 INFO storage.MemoryStore: Block broadcast_6_piece144 stored as bytes in memory (estimated size 4.0 MB, free 284.3 MB)
17/03/23 15:12:36 INFO storage.MemoryStore: Block broadcast_6_piece315 stored as bytes in memory (estimated size 4.0 MB, free 288.3 MB)
17/03/23 15:12:36 INFO storage.MemoryStore: Block broadcast_6_piece108 stored as bytes in memory (estimated size 4.0 MB, free 292.3 MB)
17/03/23 15:12:36 INFO storage.MemoryStore: Block broadcast_6_piece117 stored as bytes in memory (estimated size 4.0 MB, free 296.3 MB)
17/03/23 15:12:36 INFO storage.MemoryStore: Block broadcast_6_piece112 stored as bytes in memory (estimated size 4.0 MB, free 300.3 MB)
17/03/23 15:12:36 INFO storage.MemoryStore: Block broadcast_6_piece345 stored as bytes in memory (estimated size 4.0 MB, free 304.3 MB)
17/03/23 15:12:36 INFO storage.MemoryStore: Block broadcast_6_piece127 stored as bytes in memory (estimated size 4.0 MB, free 308.3 MB)
17/03/23 15:12:36 INFO storage.MemoryStore: Block broadcast_6_piece279 stored as bytes in memory (estimated size 4.0 MB, free 312.3 MB)
17/03/23 15:12:36 INFO storage.MemoryStore: Block broadcast_6_piece248 stored as bytes in memory (estimated size 4.0 MB, free 316.3 MB)
17/03/23 15:12:36 INFO storage.MemoryStore: Block broadcast_6_piece184 stored as bytes in memory (estimated size 4.0 MB, free 320.3 MB)
17/03/23 15:12:36 INFO storage.MemoryStore: Block broadcast_6_piece84 stored as bytes in memory (estimated size 4.0 MB, free 324.3 MB)
17/03/23 15:12:36 INFO storage.MemoryStore: Block broadcast_6_piece207 stored as bytes in memory (estimated size 4.0 MB, free 328.3 MB)
17/03/23 15:12:36 INFO storage.MemoryStore: Block broadcast_6_piece319 stored as bytes in memory (estimated size 4.0 MB, free 332.3 MB)
17/03/23 15:12:36 INFO storage.MemoryStore: Block broadcast_6_piece286 stored as bytes in memory (estimated size 4.0 MB, free 336.3 MB)
17/03/23 15:12:36 INFO storage.MemoryStore: Block broadcast_6_piece61 stored as bytes in memory (estimated size 4.0 MB, free 340.3 MB)
17/03/23 15:12:36 INFO storage.MemoryStore: Block broadcast_6_piece83 stored as bytes in memory (estimated size 4.0 MB, free 344.3 MB)
17/03/23 15:12:36 INFO storage.MemoryStore: Block broadcast_6_piece189 stored as bytes in memory (estimated size 4.0 MB, free 348.3 MB)
17/03/23 15:12:36 INFO storage.MemoryStore: Block broadcast_6_piece27 stored as bytes in memory (estimated size 4.0 MB, free 352.3 MB)
17/03/23 15:12:36 INFO storage.MemoryStore: Block broadcast_6_piece63 stored as bytes in memory (estimated size 4.0 MB, free 356.3 MB)
17/03/23 15:12:36 INFO storage.MemoryStore: Block broadcast_6_piece268 stored as bytes in memory (estimated size 4.0 MB, free 360.3 MB)
17/03/23 15:12:36 INFO storage.MemoryStore: Block broadcast_6_piece280 stored as bytes in memory (estimated size 4.0 MB, free 364.3 MB)
17/03/23 15:12:36 INFO storage.MemoryStore: Block broadcast_6_piece260 stored as bytes in memory (estimated size 4.0 MB, free 368.3 MB)
17/03/23 15:12:36 INFO storage.MemoryStore: Block broadcast_6_piece107 stored as bytes in memory (estimated size 4.0 MB, free 372.3 MB)
17/03/23 15:12:36 INFO storage.MemoryStore: Block broadcast_6_piece238 stored as bytes in memory (estimated size 4.0 MB, free 376.3 MB)
17/03/23 15:12:36 INFO storage.MemoryStore: Block broadcast_6_piece128 stored as bytes in memory (estimated size 4.0 MB, free 380.3 MB)
17/03/23 15:12:36 INFO storage.MemoryStore: Block broadcast_6_piece190 stored as bytes in memory (estimated size 4.0 MB, free 384.3 MB)
17/03/23 15:12:36 INFO storage.MemoryStore: Block broadcast_6_piece292 stored as bytes in memory (estimated size 4.0 MB, free 388.3 MB)
17/03/23 15:12:36 INFO storage.MemoryStore: Block broadcast_6_piece114 stored as bytes in memory (estimated size 4.0 MB, free 392.3 MB)
17/03/23 15:12:36 INFO storage.MemoryStore: Block broadcast_6_piece81 stored as bytes in memory (estimated size 4.0 MB, free 396.3 MB)
17/03/23 15:12:36 INFO storage.MemoryStore: Block broadcast_6_piece318 stored as bytes in memory (estimated size 4.0 MB, free 400.3 MB)
17/03/23 15:12:36 INFO storage.MemoryStore: Block broadcast_6_piece73 stored as bytes in memory (estimated size 4.0 MB, free 404.3 MB)
17/03/23 15:12:36 INFO storage.MemoryStore: Block broadcast_6_piece301 stored as bytes in memory (estimated size 4.0 MB, free 408.3 MB)
17/03/23 15:12:36 INFO storage.MemoryStore: Block broadcast_6_piece304 stored as bytes in memory (estimated size 4.0 MB, free 412.3 MB)
17/03/23 15:12:36 INFO storage.MemoryStore: Block broadcast_6_piece191 stored as bytes in memory (estimated size 4.0 MB, free 416.3 MB)
17/03/23 15:12:36 INFO storage.MemoryStore: Block broadcast_6_piece232 stored as bytes in memory (estimated size 4.0 MB, free 420.3 MB)
17/03/23 15:12:36 INFO storage.MemoryStore: Block broadcast_6_piece205 stored as bytes in memory (estimated size 4.0 MB, free 424.3 MB)
17/03/23 15:12:36 INFO storage.MemoryStore: Block broadcast_6_piece274 stored as bytes in memory (estimated size 4.0 MB, free 428.3 MB)
17/03/23 15:12:36 INFO storage.MemoryStore: Block broadcast_6_piece247 stored as bytes in memory (estimated size 4.0 MB, free 432.3 MB)
17/03/23 15:12:36 INFO storage.MemoryStore: Block broadcast_6_piece166 stored as bytes in memory (estimated size 4.0 MB, free 436.3 MB)
17/03/23 15:12:36 INFO storage.MemoryStore: Block broadcast_6_piece264 stored as bytes in memory (estimated size 4.0 MB, free 440.3 MB)
17/03/23 15:12:36 INFO storage.MemoryStore: Block broadcast_6_piece105 stored as bytes in memory (estimated size 4.0 MB, free 444.3 MB)
17/03/23 15:12:36 INFO storage.MemoryStore: Block broadcast_6_piece329 stored as bytes in memory (estimated size 4.0 MB, free 448.3 MB)
17/03/23 15:12:36 INFO storage.MemoryStore: Block broadcast_6_piece275 stored as bytes in memory (estimated size 4.0 MB, free 452.3 MB)
17/03/23 15:12:36 INFO storage.MemoryStore: Block broadcast_6_piece170 stored as bytes in memory (estimated size 4.0 MB, free 456.3 MB)
17/03/23 15:12:36 INFO storage.MemoryStore: Block broadcast_6_piece43 stored as bytes in memory (estimated size 4.0 MB, free 460.3 MB)
17/03/23 15:12:36 INFO storage.MemoryStore: Block broadcast_6_piece240 stored as bytes in memory (estimated size 4.0 MB, free 464.3 MB)
17/03/23 15:12:36 INFO storage.MemoryStore: Block broadcast_6_piece182 stored as bytes in memory (estimated size 4.0 MB, free 468.3 MB)
17/03/23 15:12:36 INFO storage.MemoryStore: Block broadcast_6_piece47 stored as bytes in memory (estimated size 4.0 MB, free 472.3 MB)
17/03/23 15:12:36 INFO storage.MemoryStore: Block broadcast_6_piece60 stored as bytes in memory (estimated size 4.0 MB, free 476.3 MB)
17/03/23 15:12:36 INFO storage.MemoryStore: Block broadcast_6_piece326 stored as bytes in memory (estimated size 4.0 MB, free 480.3 MB)
17/03/23 15:12:36 INFO storage.MemoryStore: Block broadcast_6_piece350 stored as bytes in memory (estimated size 2.7 MB, free 483.0 MB)
17/03/23 15:12:36 INFO storage.MemoryStore: Block broadcast_6_piece46 stored as bytes in memory (estimated size 4.0 MB, free 487.0 MB)
17/03/23 15:12:37 INFO storage.MemoryStore: Block broadcast_6_piece8 stored as bytes in memory (estimated size 4.0 MB, free 491.0 MB)
17/03/23 15:12:37 INFO storage.MemoryStore: Block broadcast_6_piece204 stored as bytes in memory (estimated size 4.0 MB, free 495.0 MB)
17/03/23 15:12:37 INFO storage.MemoryStore: Block broadcast_6_piece262 stored as bytes in memory (estimated size 4.0 MB, free 499.0 MB)
17/03/23 15:12:37 INFO storage.MemoryStore: Block broadcast_6_piece68 stored as bytes in memory (estimated size 4.0 MB, free 503.0 MB)
17/03/23 15:12:37 INFO storage.MemoryStore: Block broadcast_6_piece7 stored as bytes in memory (estimated size 4.0 MB, free 507.0 MB)
17/03/23 15:12:37 INFO storage.MemoryStore: Block broadcast_6_piece100 stored as bytes in memory (estimated size 4.0 MB, free 511.0 MB)
17/03/23 15:12:37 INFO storage.MemoryStore: Block broadcast_6_piece302 stored as bytes in memory (estimated size 4.0 MB, free 515.0 MB)
17/03/23 15:12:37 INFO storage.MemoryStore: Block broadcast_6_piece135 stored as bytes in memory (estimated size 4.0 MB, free 519.0 MB)
17/03/23 15:12:37 INFO storage.MemoryStore: Block broadcast_6_piece303 stored as bytes in memory (estimated size 4.0 MB, free 523.0 MB)
17/03/23 15:12:37 INFO storage.MemoryStore: Block broadcast_6_piece32 stored as bytes in memory (estimated size 4.0 MB, free 527.0 MB)
17/03/23 15:12:37 INFO storage.MemoryStore: Block broadcast_6_piece181 stored as bytes in memory (estimated size 4.0 MB, free 531.0 MB)
17/03/23 15:12:37 INFO storage.MemoryStore: Block broadcast_6_piece155 stored as bytes in memory (estimated size 4.0 MB, free 535.0 MB)
17/03/23 15:12:37 INFO storage.MemoryStore: Block broadcast_6_piece16 stored as bytes in memory (estimated size 4.0 MB, free 539.0 MB)
17/03/23 15:12:37 INFO storage.MemoryStore: Block broadcast_6_piece242 stored as bytes in memory (estimated size 4.0 MB, free 543.0 MB)
17/03/23 15:12:37 INFO storage.MemoryStore: Block broadcast_6_piece71 stored as bytes in memory (estimated size 4.0 MB, free 547.0 MB)
17/03/23 15:12:37 INFO storage.MemoryStore: Block broadcast_6_piece1 stored as bytes in memory (estimated size 4.0 MB, free 551.0 MB)
17/03/23 15:12:37 INFO storage.MemoryStore: Block broadcast_6_piece349 stored as bytes in memory (estimated size 4.0 MB, free 555.0 MB)
17/03/23 15:12:37 INFO storage.MemoryStore: Block broadcast_6_piece340 stored as bytes in memory (estimated size 4.0 MB, free 559.0 MB)
17/03/23 15:12:37 INFO storage.MemoryStore: Block broadcast_6_piece266 stored as bytes in memory (estimated size 4.0 MB, free 563.0 MB)
17/03/23 15:12:37 INFO storage.MemoryStore: Block broadcast_6_piece241 stored as bytes in memory (estimated size 4.0 MB, free 567.0 MB)
17/03/23 15:12:37 INFO storage.MemoryStore: Block broadcast_6_piece134 stored as bytes in memory (estimated size 4.0 MB, free 571.0 MB)
17/03/23 15:12:37 INFO storage.MemoryStore: Block broadcast_6_piece62 stored as bytes in memory (estimated size 4.0 MB, free 575.0 MB)
17/03/23 15:12:37 INFO storage.MemoryStore: Block broadcast_6_piece165 stored as bytes in memory (estimated size 4.0 MB, free 579.0 MB)
17/03/23 15:12:37 INFO storage.MemoryStore: Block broadcast_6_piece150 stored as bytes in memory (estimated size 4.0 MB, free 583.0 MB)
17/03/23 15:12:37 INFO storage.MemoryStore: Block broadcast_6_piece294 stored as bytes in memory (estimated size 4.0 MB, free 587.0 MB)
17/03/23 15:12:37 INFO storage.MemoryStore: Block broadcast_6_piece92 stored as bytes in memory (estimated size 4.0 MB, free 591.0 MB)
17/03/23 15:12:37 INFO storage.MemoryStore: Block broadcast_6_piece113 stored as bytes in memory (estimated size 4.0 MB, free 595.0 MB)
17/03/23 15:12:37 INFO storage.MemoryStore: Block broadcast_6_piece25 stored as bytes in memory (estimated size 4.0 MB, free 599.0 MB)
17/03/23 15:12:37 INFO storage.MemoryStore: Block broadcast_6_piece120 stored as bytes in memory (estimated size 4.0 MB, free 603.0 MB)
17/03/23 15:12:37 INFO storage.MemoryStore: Block broadcast_6_piece348 stored as bytes in memory (estimated size 4.0 MB, free 607.0 MB)
17/03/23 15:12:37 INFO storage.MemoryStore: Block broadcast_6_piece276 stored as bytes in memory (estimated size 4.0 MB, free 611.0 MB)
17/03/23 15:12:37 INFO storage.MemoryStore: Block broadcast_6_piece90 stored as bytes in memory (estimated size 4.0 MB, free 615.0 MB)
17/03/23 15:12:37 INFO storage.MemoryStore: Block broadcast_6_piece222 stored as bytes in memory (estimated size 4.0 MB, free 619.0 MB)
17/03/23 15:12:37 INFO storage.MemoryStore: Block broadcast_6_piece336 stored as bytes in memory (estimated size 4.0 MB, free 623.0 MB)
17/03/23 15:12:37 INFO storage.MemoryStore: Block broadcast_6_piece219 stored as bytes in memory (estimated size 4.0 MB, free 627.0 MB)
17/03/23 15:12:37 INFO storage.MemoryStore: Block broadcast_6_piece54 stored as bytes in memory (estimated size 4.0 MB, free 631.0 MB)
17/03/23 15:12:37 INFO storage.MemoryStore: Block broadcast_6_piece282 stored as bytes in memory (estimated size 4.0 MB, free 635.0 MB)
17/03/23 15:12:37 INFO storage.MemoryStore: Block broadcast_6_piece51 stored as bytes in memory (estimated size 4.0 MB, free 639.0 MB)
17/03/23 15:12:37 INFO storage.MemoryStore: Block broadcast_6_piece137 stored as bytes in memory (estimated size 4.0 MB, free 643.0 MB)
17/03/23 15:12:37 INFO storage.MemoryStore: Block broadcast_6_piece168 stored as bytes in memory (estimated size 4.0 MB, free 647.0 MB)
17/03/23 15:12:37 INFO storage.MemoryStore: Block broadcast_6_piece176 stored as bytes in memory (estimated size 4.0 MB, free 651.0 MB)
17/03/23 15:12:37 INFO storage.MemoryStore: Block broadcast_6_piece139 stored as bytes in memory (estimated size 4.0 MB, free 655.0 MB)
17/03/23 15:12:37 INFO storage.MemoryStore: Block broadcast_6_piece31 stored as bytes in memory (estimated size 4.0 MB, free 659.0 MB)
17/03/23 15:12:37 INFO storage.MemoryStore: Block broadcast_6_piece212 stored as bytes in memory (estimated size 4.0 MB, free 663.0 MB)
17/03/23 15:12:37 INFO storage.MemoryStore: Block broadcast_6_piece178 stored as bytes in memory (estimated size 4.0 MB, free 667.0 MB)
17/03/23 15:12:37 INFO storage.MemoryStore: Block broadcast_6_piece307 stored as bytes in memory (estimated size 4.0 MB, free 671.0 MB)
17/03/23 15:12:37 INFO storage.MemoryStore: Block broadcast_6_piece335 stored as bytes in memory (estimated size 4.0 MB, free 675.0 MB)
17/03/23 15:12:37 INFO storage.MemoryStore: Block broadcast_6_piece82 stored as bytes in memory (estimated size 4.0 MB, free 679.0 MB)
17/03/23 15:12:37 INFO storage.MemoryStore: Block broadcast_6_piece13 stored as bytes in memory (estimated size 4.0 MB, free 683.0 MB)
17/03/23 15:12:37 INFO storage.MemoryStore: Block broadcast_6_piece142 stored as bytes in memory (estimated size 4.0 MB, free 687.0 MB)
17/03/23 15:12:37 INFO storage.MemoryStore: Block broadcast_6_piece50 stored as bytes in memory (estimated size 4.0 MB, free 691.0 MB)
17/03/23 15:12:37 INFO storage.MemoryStore: Block broadcast_6_piece281 stored as bytes in memory (estimated size 4.0 MB, free 695.0 MB)
17/03/23 15:12:37 INFO storage.MemoryStore: Block broadcast_6_piece313 stored as bytes in memory (estimated size 4.0 MB, free 699.0 MB)
17/03/23 15:12:37 INFO storage.MemoryStore: Block broadcast_6_piece104 stored as bytes in memory (estimated size 4.0 MB, free 703.0 MB)
17/03/23 15:12:37 INFO storage.MemoryStore: Block broadcast_6_piece145 stored as bytes in memory (estimated size 4.0 MB, free 707.0 MB)
17/03/23 15:12:37 INFO storage.MemoryStore: Block broadcast_6_piece256 stored as bytes in memory (estimated size 4.0 MB, free 711.0 MB)
17/03/23 15:12:37 INFO storage.MemoryStore: Block broadcast_6_piece216 stored as bytes in memory (estimated size 4.0 MB, free 715.0 MB)
17/03/23 15:12:37 INFO storage.MemoryStore: Block broadcast_6_piece85 stored as bytes in memory (estimated size 4.0 MB, free 719.0 MB)
17/03/23 15:12:37 INFO storage.MemoryStore: Block broadcast_6_piece86 stored as bytes in memory (estimated size 4.0 MB, free 723.0 MB)
17/03/23 15:12:37 INFO storage.MemoryStore: Block broadcast_6_piece317 stored as bytes in memory (estimated size 4.0 MB, free 727.0 MB)
17/03/23 15:12:37 INFO storage.MemoryStore: Block broadcast_6_piece183 stored as bytes in memory (estimated size 4.0 MB, free 731.0 MB)
17/03/23 15:12:37 INFO storage.MemoryStore: Block broadcast_6_piece194 stored as bytes in memory (estimated size 4.0 MB, free 735.0 MB)
17/03/23 15:12:37 INFO storage.MemoryStore: Block broadcast_6_piece180 stored as bytes in memory (estimated size 4.0 MB, free 739.0 MB)
17/03/23 15:12:37 INFO storage.MemoryStore: Block broadcast_6_piece291 stored as bytes in memory (estimated size 4.0 MB, free 743.0 MB)
17/03/23 15:12:37 INFO storage.MemoryStore: Block broadcast_6_piece28 stored as bytes in memory (estimated size 4.0 MB, free 747.0 MB)
17/03/23 15:12:38 INFO storage.MemoryStore: Block broadcast_6_piece55 stored as bytes in memory (estimated size 4.0 MB, free 751.0 MB)
17/03/23 15:12:38 INFO storage.MemoryStore: Block broadcast_6_piece0 stored as bytes in memory (estimated size 4.0 MB, free 755.0 MB)
17/03/23 15:12:38 INFO storage.MemoryStore: Block broadcast_6_piece203 stored as bytes in memory (estimated size 4.0 MB, free 759.0 MB)
17/03/23 15:12:38 INFO storage.MemoryStore: Block broadcast_6_piece169 stored as bytes in memory (estimated size 4.0 MB, free 763.0 MB)
17/03/23 15:12:38 INFO storage.MemoryStore: Block broadcast_6_piece179 stored as bytes in memory (estimated size 4.0 MB, free 767.0 MB)
17/03/23 15:12:38 INFO storage.MemoryStore: Block broadcast_6_piece80 stored as bytes in memory (estimated size 4.0 MB, free 771.0 MB)
17/03/23 15:12:38 INFO storage.MemoryStore: Block broadcast_6_piece146 stored as bytes in memory (estimated size 4.0 MB, free 775.0 MB)
17/03/23 15:12:38 INFO storage.MemoryStore: Block broadcast_6_piece78 stored as bytes in memory (estimated size 4.0 MB, free 779.0 MB)
17/03/23 15:12:38 INFO storage.MemoryStore: Block broadcast_6_piece153 stored as bytes in memory (estimated size 4.0 MB, free 783.0 MB)
17/03/23 15:12:38 INFO storage.MemoryStore: Block broadcast_6_piece171 stored as bytes in memory (estimated size 4.0 MB, free 787.0 MB)
17/03/23 15:12:38 INFO storage.MemoryStore: Block broadcast_6_piece30 stored as bytes in memory (estimated size 4.0 MB, free 791.0 MB)
17/03/23 15:12:38 INFO storage.MemoryStore: Block broadcast_6_piece40 stored as bytes in memory (estimated size 4.0 MB, free 795.0 MB)
17/03/23 15:12:38 INFO storage.MemoryStore: Block broadcast_6_piece64 stored as bytes in memory (estimated size 4.0 MB, free 799.0 MB)
17/03/23 15:12:38 INFO storage.MemoryStore: Block broadcast_6_piece24 stored as bytes in memory (estimated size 4.0 MB, free 803.0 MB)
17/03/23 15:12:38 INFO storage.MemoryStore: Block broadcast_6_piece76 stored as bytes in memory (estimated size 4.0 MB, free 807.0 MB)
17/03/23 15:12:38 INFO storage.MemoryStore: Block broadcast_6_piece118 stored as bytes in memory (estimated size 4.0 MB, free 811.0 MB)
17/03/23 15:12:38 INFO storage.MemoryStore: Block broadcast_6_piece17 stored as bytes in memory (estimated size 4.0 MB, free 815.0 MB)
17/03/23 15:12:38 INFO storage.MemoryStore: Block broadcast_6_piece87 stored as bytes in memory (estimated size 4.0 MB, free 819.0 MB)
17/03/23 15:12:38 INFO storage.MemoryStore: Block broadcast_6_piece148 stored as bytes in memory (estimated size 4.0 MB, free 823.0 MB)
17/03/23 15:12:38 INFO storage.MemoryStore: Block broadcast_6_piece208 stored as bytes in memory (estimated size 4.0 MB, free 827.0 MB)
17/03/23 15:12:38 INFO storage.MemoryStore: Block broadcast_6_piece223 stored as bytes in memory (estimated size 4.0 MB, free 831.0 MB)
17/03/23 15:12:38 INFO storage.MemoryStore: Block broadcast_6_piece4 stored as bytes in memory (estimated size 4.0 MB, free 835.0 MB)
17/03/23 15:12:38 INFO storage.MemoryStore: Block broadcast_6_piece3 stored as bytes in memory (estimated size 4.0 MB, free 839.0 MB)
17/03/23 15:12:38 INFO storage.MemoryStore: Block broadcast_6_piece94 stored as bytes in memory (estimated size 4.0 MB, free 843.0 MB)
17/03/23 15:12:38 INFO storage.MemoryStore: Block broadcast_6_piece323 stored as bytes in memory (estimated size 4.0 MB, free 847.0 MB)
17/03/23 15:12:38 INFO storage.MemoryStore: Block broadcast_6_piece235 stored as bytes in memory (estimated size 4.0 MB, free 851.0 MB)
17/03/23 15:12:38 INFO storage.MemoryStore: Block broadcast_6_piece310 stored as bytes in memory (estimated size 4.0 MB, free 855.0 MB)
17/03/23 15:12:38 INFO storage.MemoryStore: Block broadcast_6_piece26 stored as bytes in memory (estimated size 4.0 MB, free 859.0 MB)
17/03/23 15:12:38 INFO storage.MemoryStore: Block broadcast_6_piece244 stored as bytes in memory (estimated size 4.0 MB, free 863.0 MB)
17/03/23 15:12:38 INFO storage.MemoryStore: Block broadcast_6_piece97 stored as bytes in memory (estimated size 4.0 MB, free 867.0 MB)
17/03/23 15:12:38 INFO storage.MemoryStore: Block broadcast_6_piece140 stored as bytes in memory (estimated size 4.0 MB, free 871.0 MB)
17/03/23 15:12:38 INFO storage.MemoryStore: Block broadcast_6_piece59 stored as bytes in memory (estimated size 4.0 MB, free 875.0 MB)
17/03/23 15:12:38 INFO storage.MemoryStore: Block broadcast_6_piece343 stored as bytes in memory (estimated size 4.0 MB, free 879.0 MB)
17/03/23 15:12:38 INFO storage.MemoryStore: Block broadcast_6_piece202 stored as bytes in memory (estimated size 4.0 MB, free 883.0 MB)
17/03/23 15:12:38 INFO storage.MemoryStore: Block broadcast_6_piece337 stored as bytes in memory (estimated size 4.0 MB, free 887.0 MB)
17/03/23 15:12:38 INFO storage.MemoryStore: Block broadcast_6_piece152 stored as bytes in memory (estimated size 4.0 MB, free 891.0 MB)
17/03/23 15:12:38 INFO storage.MemoryStore: Block broadcast_6_piece346 stored as bytes in memory (estimated size 4.0 MB, free 895.0 MB)
17/03/23 15:12:38 INFO storage.MemoryStore: Block broadcast_6_piece44 stored as bytes in memory (estimated size 4.0 MB, free 899.0 MB)
17/03/23 15:12:38 INFO storage.MemoryStore: Block broadcast_6_piece230 stored as bytes in memory (estimated size 4.0 MB, free 903.0 MB)
17/03/23 15:12:38 INFO storage.MemoryStore: Block broadcast_6_piece293 stored as bytes in memory (estimated size 4.0 MB, free 907.0 MB)
17/03/23 15:12:38 INFO storage.MemoryStore: Block broadcast_6_piece233 stored as bytes in memory (estimated size 4.0 MB, free 911.0 MB)
17/03/23 15:12:38 INFO storage.MemoryStore: Block broadcast_6_piece215 stored as bytes in memory (estimated size 4.0 MB, free 915.0 MB)
17/03/23 15:12:38 INFO storage.MemoryStore: Block broadcast_6_piece257 stored as bytes in memory (estimated size 4.0 MB, free 919.0 MB)
17/03/23 15:12:38 INFO storage.MemoryStore: Block broadcast_6_piece6 stored as bytes in memory (estimated size 4.0 MB, free 923.0 MB)
17/03/23 15:12:38 INFO storage.MemoryStore: Block broadcast_6_piece246 stored as bytes in memory (estimated size 4.0 MB, free 927.0 MB)
17/03/23 15:12:38 INFO storage.MemoryStore: Block broadcast_6_piece327 stored as bytes in memory (estimated size 4.0 MB, free 931.0 MB)
17/03/23 15:12:38 INFO storage.MemoryStore: Block broadcast_6_piece200 stored as bytes in memory (estimated size 4.0 MB, free 935.0 MB)
17/03/23 15:12:38 INFO storage.MemoryStore: Block broadcast_6_piece198 stored as bytes in memory (estimated size 4.0 MB, free 939.0 MB)
17/03/23 15:12:38 INFO storage.MemoryStore: Block broadcast_6_piece49 stored as bytes in memory (estimated size 4.0 MB, free 943.0 MB)
17/03/23 15:12:38 INFO storage.MemoryStore: Block broadcast_6_piece106 stored as bytes in memory (estimated size 4.0 MB, free 947.0 MB)
17/03/23 15:12:38 INFO storage.MemoryStore: Block broadcast_6_piece300 stored as bytes in memory (estimated size 4.0 MB, free 951.0 MB)
17/03/23 15:12:38 INFO storage.MemoryStore: Block broadcast_6_piece273 stored as bytes in memory (estimated size 4.0 MB, free 955.0 MB)
17/03/23 15:12:38 INFO storage.MemoryStore: Block broadcast_6_piece11 stored as bytes in memory (estimated size 4.0 MB, free 959.0 MB)
17/03/23 15:12:38 INFO storage.MemoryStore: Block broadcast_6_piece258 stored as bytes in memory (estimated size 4.0 MB, free 963.0 MB)
17/03/23 15:12:38 INFO storage.MemoryStore: Block broadcast_6_piece37 stored as bytes in memory (estimated size 4.0 MB, free 967.0 MB)
17/03/23 15:12:38 INFO storage.MemoryStore: Block broadcast_6_piece131 stored as bytes in memory (estimated size 4.0 MB, free 971.0 MB)
17/03/23 15:12:38 INFO storage.MemoryStore: Block broadcast_6_piece67 stored as bytes in memory (estimated size 4.0 MB, free 975.0 MB)
17/03/23 15:12:38 INFO storage.MemoryStore: Block broadcast_6_piece255 stored as bytes in memory (estimated size 4.0 MB, free 979.0 MB)
17/03/23 15:12:38 INFO storage.MemoryStore: Block broadcast_6_piece245 stored as bytes in memory (estimated size 4.0 MB, free 983.0 MB)
17/03/23 15:12:38 INFO storage.MemoryStore: Block broadcast_6_piece38 stored as bytes in memory (estimated size 4.0 MB, free 987.0 MB)
17/03/23 15:12:38 INFO storage.MemoryStore: Block broadcast_6_piece320 stored as bytes in memory (estimated size 4.0 MB, free 991.0 MB)
17/03/23 15:12:39 INFO storage.MemoryStore: Block broadcast_6_piece234 stored as bytes in memory (estimated size 4.0 MB, free 995.0 MB)
17/03/23 15:12:39 INFO storage.MemoryStore: Block broadcast_6_piece267 stored as bytes in memory (estimated size 4.0 MB, free 999.0 MB)
17/03/23 15:12:39 INFO storage.MemoryStore: Block broadcast_6_piece116 stored as bytes in memory (estimated size 4.0 MB, free 1003.0 MB)
17/03/23 15:12:39 INFO storage.MemoryStore: Block broadcast_6_piece174 stored as bytes in memory (estimated size 4.0 MB, free 1007.0 MB)
17/03/23 15:12:39 INFO storage.MemoryStore: Block broadcast_6_piece177 stored as bytes in memory (estimated size 4.0 MB, free 1011.0 MB)
17/03/23 15:12:39 INFO storage.MemoryStore: Block broadcast_6_piece237 stored as bytes in memory (estimated size 4.0 MB, free 1015.0 MB)
17/03/23 15:12:39 INFO storage.MemoryStore: Block broadcast_6_piece209 stored as bytes in memory (estimated size 4.0 MB, free 1019.0 MB)
17/03/23 15:12:39 INFO storage.MemoryStore: Block broadcast_6_piece72 stored as bytes in memory (estimated size 4.0 MB, free 1023.0 MB)
17/03/23 15:12:39 INFO storage.MemoryStore: Block broadcast_6_piece231 stored as bytes in memory (estimated size 4.0 MB, free 1027.0 MB)
17/03/23 15:12:39 INFO storage.MemoryStore: Block broadcast_6_piece79 stored as bytes in memory (estimated size 4.0 MB, free 1031.0 MB)
17/03/23 15:12:39 INFO storage.MemoryStore: Block broadcast_6_piece243 stored as bytes in memory (estimated size 4.0 MB, free 1035.0 MB)
17/03/23 15:12:39 INFO storage.MemoryStore: Block broadcast_6_piece217 stored as bytes in memory (estimated size 4.0 MB, free 1039.0 MB)
17/03/23 15:12:39 INFO storage.MemoryStore: Block broadcast_6_piece265 stored as bytes in memory (estimated size 4.0 MB, free 1043.0 MB)
17/03/23 15:12:39 INFO storage.MemoryStore: Block broadcast_6_piece220 stored as bytes in memory (estimated size 4.0 MB, free 1047.0 MB)
17/03/23 15:12:39 INFO storage.MemoryStore: Block broadcast_6_piece109 stored as bytes in memory (estimated size 4.0 MB, free 1051.0 MB)
17/03/23 15:12:39 INFO storage.MemoryStore: Block broadcast_6_piece193 stored as bytes in memory (estimated size 4.0 MB, free 1055.0 MB)
17/03/23 15:12:39 INFO storage.MemoryStore: Block broadcast_6_piece206 stored as bytes in memory (estimated size 4.0 MB, free 1059.0 MB)
17/03/23 15:12:39 INFO storage.MemoryStore: Block broadcast_6_piece57 stored as bytes in memory (estimated size 4.0 MB, free 1063.0 MB)
17/03/23 15:12:39 INFO storage.MemoryStore: Block broadcast_6_piece98 stored as bytes in memory (estimated size 4.0 MB, free 1067.0 MB)
17/03/23 15:12:39 INFO storage.MemoryStore: Block broadcast_6_piece186 stored as bytes in memory (estimated size 4.0 MB, free 1071.0 MB)
17/03/23 15:12:39 INFO storage.MemoryStore: Block broadcast_6_piece159 stored as bytes in memory (estimated size 4.0 MB, free 1075.0 MB)
17/03/23 15:12:39 INFO storage.MemoryStore: Block broadcast_6_piece314 stored as bytes in memory (estimated size 4.0 MB, free 1079.0 MB)
17/03/23 15:12:39 INFO storage.MemoryStore: Block broadcast_6_piece224 stored as bytes in memory (estimated size 4.0 MB, free 1083.0 MB)
17/03/23 15:12:39 INFO storage.MemoryStore: Block broadcast_6_piece290 stored as bytes in memory (estimated size 4.0 MB, free 1087.0 MB)
17/03/23 15:12:39 INFO storage.MemoryStore: Block broadcast_6_piece309 stored as bytes in memory (estimated size 4.0 MB, free 1091.0 MB)
17/03/23 15:12:39 INFO storage.MemoryStore: Block broadcast_6_piece263 stored as bytes in memory (estimated size 4.0 MB, free 1095.0 MB)
17/03/23 15:12:39 INFO storage.MemoryStore: Block broadcast_6_piece125 stored as bytes in memory (estimated size 4.0 MB, free 1099.0 MB)
17/03/23 15:12:39 INFO storage.MemoryStore: Block broadcast_6_piece167 stored as bytes in memory (estimated size 4.0 MB, free 1103.0 MB)
17/03/23 15:12:39 INFO storage.MemoryStore: Block broadcast_6_piece316 stored as bytes in memory (estimated size 4.0 MB, free 1107.0 MB)
17/03/23 15:12:39 INFO storage.MemoryStore: Block broadcast_6_piece331 stored as bytes in memory (estimated size 4.0 MB, free 1111.0 MB)
17/03/23 15:12:39 INFO storage.MemoryStore: Block broadcast_6_piece249 stored as bytes in memory (estimated size 4.0 MB, free 1115.0 MB)
17/03/23 15:12:39 INFO storage.MemoryStore: Block broadcast_6_piece110 stored as bytes in memory (estimated size 4.0 MB, free 1119.0 MB)
17/03/23 15:12:39 INFO storage.MemoryStore: Block broadcast_6_piece136 stored as bytes in memory (estimated size 4.0 MB, free 1123.0 MB)
17/03/23 15:12:39 INFO storage.MemoryStore: Block broadcast_6_piece75 stored as bytes in memory (estimated size 4.0 MB, free 1127.0 MB)
17/03/23 15:12:39 INFO storage.MemoryStore: Block broadcast_6_piece261 stored as bytes in memory (estimated size 4.0 MB, free 1131.0 MB)
17/03/23 15:12:39 INFO storage.MemoryStore: Block broadcast_6_piece221 stored as bytes in memory (estimated size 4.0 MB, free 1135.0 MB)
17/03/23 15:12:39 INFO storage.MemoryStore: Block broadcast_6_piece339 stored as bytes in memory (estimated size 4.0 MB, free 1139.0 MB)
17/03/23 15:12:39 INFO storage.MemoryStore: Block broadcast_6_piece42 stored as bytes in memory (estimated size 4.0 MB, free 1143.0 MB)
17/03/23 15:12:39 INFO storage.MemoryStore: Block broadcast_6_piece91 stored as bytes in memory (estimated size 4.0 MB, free 1147.0 MB)
17/03/23 15:12:39 INFO storage.MemoryStore: Block broadcast_6_piece33 stored as bytes in memory (estimated size 4.0 MB, free 1151.0 MB)
17/03/23 15:12:39 INFO storage.MemoryStore: Block broadcast_6_piece157 stored as bytes in memory (estimated size 4.0 MB, free 1155.0 MB)
17/03/23 15:12:39 INFO storage.MemoryStore: Block broadcast_6_piece197 stored as bytes in memory (estimated size 4.0 MB, free 1159.0 MB)
17/03/23 15:12:39 INFO storage.MemoryStore: Block broadcast_6_piece141 stored as bytes in memory (estimated size 4.0 MB, free 1163.0 MB)
17/03/23 15:12:39 INFO storage.MemoryStore: Block broadcast_6_piece236 stored as bytes in memory (estimated size 4.0 MB, free 1167.0 MB)
17/03/23 15:12:39 INFO storage.MemoryStore: Block broadcast_6_piece48 stored as bytes in memory (estimated size 4.0 MB, free 1171.0 MB)
17/03/23 15:12:39 INFO storage.MemoryStore: Block broadcast_6_piece210 stored as bytes in memory (estimated size 4.0 MB, free 1175.0 MB)
17/03/23 15:12:39 INFO storage.MemoryStore: Block broadcast_6_piece132 stored as bytes in memory (estimated size 4.0 MB, free 1179.0 MB)
17/03/23 15:12:39 INFO storage.MemoryStore: Block broadcast_6_piece214 stored as bytes in memory (estimated size 4.0 MB, free 1183.0 MB)
17/03/23 15:12:39 INFO storage.MemoryStore: Block broadcast_6_piece147 stored as bytes in memory (estimated size 4.0 MB, free 1187.0 MB)
17/03/23 15:12:39 INFO storage.MemoryStore: Block broadcast_6_piece295 stored as bytes in memory (estimated size 4.0 MB, free 1191.0 MB)
17/03/23 15:12:39 INFO storage.MemoryStore: Block broadcast_6_piece58 stored as bytes in memory (estimated size 4.0 MB, free 1195.0 MB)
17/03/23 15:12:39 INFO storage.MemoryStore: Block broadcast_6_piece288 stored as bytes in memory (estimated size 4.0 MB, free 1199.0 MB)
17/03/23 15:12:39 INFO storage.MemoryStore: Block broadcast_6_piece133 stored as bytes in memory (estimated size 4.0 MB, free 1203.0 MB)
17/03/23 15:12:39 INFO storage.MemoryStore: Block broadcast_6_piece74 stored as bytes in memory (estimated size 4.0 MB, free 1207.0 MB)
17/03/23 15:12:39 INFO storage.MemoryStore: Block broadcast_6_piece259 stored as bytes in memory (estimated size 4.0 MB, free 1211.0 MB)
17/03/23 15:12:39 INFO storage.MemoryStore: Block broadcast_6_piece192 stored as bytes in memory (estimated size 4.0 MB, free 1215.0 MB)
17/03/23 15:12:39 INFO storage.MemoryStore: Block broadcast_6_piece285 stored as bytes in memory (estimated size 4.0 MB, free 1219.0 MB)
17/03/23 15:12:39 INFO storage.MemoryStore: Block broadcast_6_piece289 stored as bytes in memory (estimated size 4.0 MB, free 1223.0 MB)
17/03/23 15:12:39 INFO storage.MemoryStore: Block broadcast_6_piece156 stored as bytes in memory (estimated size 4.0 MB, free 1227.0 MB)
17/03/23 15:12:39 INFO storage.MemoryStore: Block broadcast_6_piece123 stored as bytes in memory (estimated size 4.0 MB, free 1231.0 MB)
17/03/23 15:12:39 INFO storage.MemoryStore: Block broadcast_6_piece101 stored as bytes in memory (estimated size 4.0 MB, free 1235.0 MB)
17/03/23 15:12:39 INFO storage.MemoryStore: Block broadcast_6_piece341 stored as bytes in memory (estimated size 4.0 MB, free 1239.0 MB)
17/03/23 15:12:39 INFO storage.MemoryStore: Block broadcast_6_piece229 stored as bytes in memory (estimated size 4.0 MB, free 1243.0 MB)
17/03/23 15:12:39 INFO storage.MemoryStore: Block broadcast_6_piece162 stored as bytes in memory (estimated size 4.0 MB, free 1247.0 MB)
17/03/23 15:12:39 INFO storage.MemoryStore: Block broadcast_6_piece324 stored as bytes in memory (estimated size 4.0 MB, free 1251.0 MB)
17/03/23 15:12:40 INFO storage.MemoryStore: Block broadcast_6_piece199 stored as bytes in memory (estimated size 4.0 MB, free 1255.0 MB)
17/03/23 15:12:40 INFO storage.MemoryStore: Block broadcast_6_piece88 stored as bytes in memory (estimated size 4.0 MB, free 1259.0 MB)
17/03/23 15:12:40 INFO storage.MemoryStore: Block broadcast_6_piece124 stored as bytes in memory (estimated size 4.0 MB, free 1263.0 MB)
17/03/23 15:12:40 INFO storage.MemoryStore: Block broadcast_6_piece196 stored as bytes in memory (estimated size 4.0 MB, free 1267.0 MB)
17/03/23 15:12:40 INFO storage.MemoryStore: Block broadcast_6_piece56 stored as bytes in memory (estimated size 4.0 MB, free 1271.0 MB)
17/03/23 15:12:40 INFO storage.MemoryStore: Block broadcast_6_piece225 stored as bytes in memory (estimated size 4.0 MB, free 1275.0 MB)
17/03/23 15:12:40 INFO storage.MemoryStore: Block broadcast_6_piece18 stored as bytes in memory (estimated size 4.0 MB, free 1279.0 MB)
17/03/23 15:12:40 INFO storage.MemoryStore: Block broadcast_6_piece321 stored as bytes in memory (estimated size 4.0 MB, free 1283.0 MB)
17/03/23 15:12:40 INFO storage.MemoryStore: Block broadcast_6_piece185 stored as bytes in memory (estimated size 4.0 MB, free 1287.0 MB)
17/03/23 15:12:40 INFO storage.MemoryStore: Block broadcast_6_piece5 stored as bytes in memory (estimated size 4.0 MB, free 1291.0 MB)
17/03/23 15:12:40 INFO storage.MemoryStore: Block broadcast_6_piece297 stored as bytes in memory (estimated size 4.0 MB, free 1295.0 MB)
17/03/23 15:12:40 INFO storage.MemoryStore: Block broadcast_6_piece122 stored as bytes in memory (estimated size 4.0 MB, free 1299.0 MB)
17/03/23 15:12:40 INFO storage.MemoryStore: Block broadcast_6_piece269 stored as bytes in memory (estimated size 4.0 MB, free 1303.0 MB)
17/03/23 15:12:40 INFO storage.MemoryStore: Block broadcast_6_piece130 stored as bytes in memory (estimated size 4.0 MB, free 1307.0 MB)
17/03/23 15:12:40 INFO storage.MemoryStore: Block broadcast_6_piece96 stored as bytes in memory (estimated size 4.0 MB, free 1311.0 MB)
17/03/23 15:12:40 INFO storage.MemoryStore: Block broadcast_6_piece213 stored as bytes in memory (estimated size 4.0 MB, free 1315.0 MB)
17/03/23 15:12:40 INFO storage.MemoryStore: Block broadcast_6_piece21 stored as bytes in memory (estimated size 4.0 MB, free 1319.0 MB)
17/03/23 15:12:40 INFO storage.MemoryStore: Block broadcast_6_piece29 stored as bytes in memory (estimated size 4.0 MB, free 1323.0 MB)
17/03/23 15:12:40 INFO storage.MemoryStore: Block broadcast_6_piece278 stored as bytes in memory (estimated size 4.0 MB, free 1327.0 MB)
17/03/23 15:12:40 INFO storage.MemoryStore: Block broadcast_6_piece77 stored as bytes in memory (estimated size 4.0 MB, free 1331.0 MB)
17/03/23 15:12:40 INFO storage.MemoryStore: Block broadcast_6_piece251 stored as bytes in memory (estimated size 4.0 MB, free 1335.0 MB)
17/03/23 15:12:40 INFO storage.MemoryStore: Block broadcast_6_piece172 stored as bytes in memory (estimated size 4.0 MB, free 1339.0 MB)
17/03/23 15:12:40 INFO storage.MemoryStore: Block broadcast_6_piece143 stored as bytes in memory (estimated size 4.0 MB, free 1343.0 MB)
17/03/23 15:12:40 INFO storage.MemoryStore: Block broadcast_6_piece187 stored as bytes in memory (estimated size 4.0 MB, free 1347.0 MB)
17/03/23 15:12:40 INFO storage.MemoryStore: Block broadcast_6_piece22 stored as bytes in memory (estimated size 4.0 MB, free 1351.0 MB)
17/03/23 15:12:40 INFO storage.MemoryStore: Block broadcast_6_piece173 stored as bytes in memory (estimated size 4.0 MB, free 1355.0 MB)
17/03/23 15:12:40 INFO storage.MemoryStore: Block broadcast_6_piece195 stored as bytes in memory (estimated size 4.0 MB, free 1359.0 MB)
17/03/23 15:12:40 INFO storage.MemoryStore: Block broadcast_6_piece115 stored as bytes in memory (estimated size 4.0 MB, free 1363.0 MB)
17/03/23 15:12:40 INFO storage.MemoryStore: Block broadcast_6_piece271 stored as bytes in memory (estimated size 4.0 MB, free 1367.0 MB)
17/03/23 15:12:40 INFO storage.MemoryStore: Block broadcast_6_piece344 stored as bytes in memory (estimated size 4.0 MB, free 1371.0 MB)
17/03/23 15:12:40 INFO storage.MemoryStore: Block broadcast_6_piece41 stored as bytes in memory (estimated size 4.0 MB, free 1375.0 MB)
17/03/23 15:12:40 INFO storage.MemoryStore: Block broadcast_6_piece342 stored as bytes in memory (estimated size 4.0 MB, free 1379.0 MB)
17/03/23 15:12:40 INFO storage.MemoryStore: Block broadcast_6_piece103 stored as bytes in memory (estimated size 4.0 MB, free 1383.0 MB)
17/03/23 15:12:40 INFO storage.MemoryStore: Block broadcast_6_piece45 stored as bytes in memory (estimated size 4.0 MB, free 1387.0 MB)
17/03/23 15:12:40 INFO storage.MemoryStore: Block broadcast_6_piece277 stored as bytes in memory (estimated size 4.0 MB, free 1391.0 MB)
17/03/23 15:12:40 INFO storage.MemoryStore: Block broadcast_6_piece39 stored as bytes in memory (estimated size 4.0 MB, free 1395.0 MB)
17/03/23 15:12:40 INFO storage.MemoryStore: Block broadcast_6_piece93 stored as bytes in memory (estimated size 4.0 MB, free 1399.0 MB)
17/03/23 15:12:40 INFO storage.MemoryStore: Block broadcast_6_piece121 stored as bytes in memory (estimated size 4.0 MB, free 1403.0 MB)
17/03/23 15:12:40 INFO broadcast.TorrentBroadcast: Reading broadcast variable 6 took 6109 ms
17/03/23 15:13:04 INFO storage.MemoryStore: Block broadcast_6 stored as values in memory (estimated size 384.0 B, free 1403.0 MB)
17/03/23 15:13:04 INFO broadcast.TorrentBroadcast: Started reading broadcast variable 5
17/03/23 15:13:04 INFO storage.MemoryStore: Block broadcast_5_piece45 stored as bytes in memory (estimated size 4.0 MB, free 1407.0 MB)
17/03/23 15:13:04 INFO storage.MemoryStore: Block broadcast_5_piece169 stored as bytes in memory (estimated size 4.0 MB, free 1411.0 MB)
17/03/23 15:13:04 INFO storage.MemoryStore: Block broadcast_5_piece323 stored as bytes in memory (estimated size 4.0 MB, free 1415.0 MB)
17/03/23 15:13:04 INFO storage.MemoryStore: Block broadcast_5_piece206 stored as bytes in memory (estimated size 4.0 MB, free 1419.0 MB)
17/03/23 15:13:04 INFO storage.MemoryStore: Block broadcast_5_piece248 stored as bytes in memory (estimated size 4.0 MB, free 1423.0 MB)
17/03/23 15:13:04 INFO storage.MemoryStore: Block broadcast_5_piece322 stored as bytes in memory (estimated size 4.0 MB, free 1427.0 MB)
17/03/23 15:13:04 INFO storage.MemoryStore: Block broadcast_5_piece271 stored as bytes in memory (estimated size 4.0 MB, free 1431.0 MB)
17/03/23 15:13:04 INFO storage.MemoryStore: Block broadcast_5_piece213 stored as bytes in memory (estimated size 4.0 MB, free 1435.0 MB)
17/03/23 15:13:04 INFO storage.MemoryStore: Block broadcast_5_piece347 stored as bytes in memory (estimated size 4.0 MB, free 1439.0 MB)
17/03/23 15:13:04 INFO storage.MemoryStore: Block broadcast_5_piece282 stored as bytes in memory (estimated size 4.0 MB, free 1443.0 MB)
17/03/23 15:13:04 INFO storage.MemoryStore: Block broadcast_5_piece257 stored as bytes in memory (estimated size 4.0 MB, free 1447.0 MB)
17/03/23 15:13:04 INFO storage.MemoryStore: Block broadcast_5_piece174 stored as bytes in memory (estimated size 4.0 MB, free 1451.0 MB)
17/03/23 15:13:04 INFO storage.MemoryStore: Block broadcast_5_piece207 stored as bytes in memory (estimated size 4.0 MB, free 1455.0 MB)
17/03/23 15:13:04 INFO storage.MemoryStore: Block broadcast_5_piece229 stored as bytes in memory (estimated size 4.0 MB, free 1459.0 MB)
17/03/23 15:13:04 INFO storage.MemoryStore: Block broadcast_5_piece171 stored as bytes in memory (estimated size 4.0 MB, free 1463.0 MB)
17/03/23 15:13:04 INFO storage.MemoryStore: Block broadcast_5_piece56 stored as bytes in memory (estimated size 4.0 MB, free 1467.0 MB)
17/03/23 15:13:04 INFO storage.MemoryStore: Block broadcast_5_piece209 stored as bytes in memory (estimated size 4.0 MB, free 1471.0 MB)
17/03/23 15:13:04 INFO storage.MemoryStore: Block broadcast_5_piece44 stored as bytes in memory (estimated size 4.0 MB, free 1475.0 MB)
17/03/23 15:13:04 INFO storage.MemoryStore: Block broadcast_5_piece236 stored as bytes in memory (estimated size 4.0 MB, free 1479.0 MB)
17/03/23 15:13:05 INFO storage.MemoryStore: Block broadcast_5_piece117 stored as bytes in memory (estimated size 4.0 MB, free 1483.0 MB)
17/03/23 15:13:05 INFO storage.MemoryStore: Block broadcast_5_piece223 stored as bytes in memory (estimated size 4.0 MB, free 1487.0 MB)
17/03/23 15:13:05 INFO storage.MemoryStore: Block broadcast_5_piece225 stored as bytes in memory (estimated size 4.0 MB, free 1491.0 MB)
17/03/23 15:13:05 INFO storage.MemoryStore: Block broadcast_5_piece270 stored as bytes in memory (estimated size 4.0 MB, free 1495.0 MB)
17/03/23 15:13:05 INFO storage.MemoryStore: Block broadcast_5_piece21 stored as bytes in memory (estimated size 4.0 MB, free 1499.0 MB)
17/03/23 15:13:05 INFO storage.MemoryStore: Block broadcast_5_piece246 stored as bytes in memory (estimated size 4.0 MB, free 1503.0 MB)
17/03/23 15:13:05 INFO storage.MemoryStore: Block broadcast_5_piece193 stored as bytes in memory (estimated size 4.0 MB, free 1507.0 MB)
17/03/23 15:13:05 INFO storage.MemoryStore: Block broadcast_5_piece16 stored as bytes in memory (estimated size 4.0 MB, free 1511.0 MB)
17/03/23 15:13:05 INFO storage.MemoryStore: Block broadcast_5_piece180 stored as bytes in memory (estimated size 4.0 MB, free 1515.0 MB)
17/03/23 15:13:05 INFO storage.MemoryStore: Block broadcast_5_piece0 stored as bytes in memory (estimated size 4.0 MB, free 1519.0 MB)
17/03/23 15:13:05 INFO storage.MemoryStore: Block broadcast_5_piece141 stored as bytes in memory (estimated size 4.0 MB, free 1523.0 MB)
17/03/23 15:13:05 INFO storage.MemoryStore: Block broadcast_5_piece34 stored as bytes in memory (estimated size 4.0 MB, free 1527.0 MB)
17/03/23 15:13:05 INFO storage.MemoryStore: Block broadcast_5_piece170 stored as bytes in memory (estimated size 4.0 MB, free 1531.0 MB)
17/03/23 15:13:05 INFO storage.MemoryStore: Block broadcast_5_piece2 stored as bytes in memory (estimated size 4.0 MB, free 1535.0 MB)
17/03/23 15:13:05 INFO storage.MemoryStore: Block broadcast_5_piece191 stored as bytes in memory (estimated size 4.0 MB, free 1539.0 MB)
17/03/23 15:13:05 INFO storage.MemoryStore: Block broadcast_5_piece91 stored as bytes in memory (estimated size 4.0 MB, free 1543.0 MB)
17/03/23 15:13:05 INFO storage.MemoryStore: Block broadcast_5_piece345 stored as bytes in memory (estimated size 4.0 MB, free 1547.0 MB)
17/03/23 15:13:05 INFO storage.MemoryStore: Block broadcast_5_piece92 stored as bytes in memory (estimated size 4.0 MB, free 1551.0 MB)
17/03/23 15:13:05 INFO storage.MemoryStore: Block broadcast_5_piece177 stored as bytes in memory (estimated size 4.0 MB, free 1555.0 MB)
17/03/23 15:13:05 INFO storage.MemoryStore: Block broadcast_5_piece102 stored as bytes in memory (estimated size 4.0 MB, free 1559.0 MB)
17/03/23 15:13:05 INFO storage.MemoryStore: Block broadcast_5_piece293 stored as bytes in memory (estimated size 4.0 MB, free 1563.0 MB)
17/03/23 15:13:05 INFO storage.MemoryStore: Block broadcast_5_piece232 stored as bytes in memory (estimated size 4.0 MB, free 1567.0 MB)
17/03/23 15:13:05 INFO storage.MemoryStore: Block broadcast_5_piece204 stored as bytes in memory (estimated size 4.0 MB, free 1571.0 MB)
17/03/23 15:13:05 INFO storage.MemoryStore: Block broadcast_5_piece137 stored as bytes in memory (estimated size 4.0 MB, free 1575.0 MB)
17/03/23 15:13:05 INFO storage.MemoryStore: Block broadcast_5_piece140 stored as bytes in memory (estimated size 4.0 MB, free 1579.0 MB)
17/03/23 15:13:05 INFO storage.MemoryStore: Block broadcast_5_piece33 stored as bytes in memory (estimated size 4.0 MB, free 1583.0 MB)
17/03/23 15:13:05 INFO storage.MemoryStore: Block broadcast_5_piece53 stored as bytes in memory (estimated size 4.0 MB, free 1587.0 MB)
17/03/23 15:13:05 INFO storage.MemoryStore: Block broadcast_5_piece300 stored as bytes in memory (estimated size 4.0 MB, free 1591.0 MB)
17/03/23 15:13:05 INFO storage.MemoryStore: Block broadcast_5_piece196 stored as bytes in memory (estimated size 4.0 MB, free 1595.0 MB)
17/03/23 15:13:05 INFO storage.MemoryStore: Block broadcast_5_piece131 stored as bytes in memory (estimated size 4.0 MB, free 1599.0 MB)
17/03/23 15:13:05 INFO storage.MemoryStore: Block broadcast_5_piece59 stored as bytes in memory (estimated size 4.0 MB, free 1603.0 MB)
17/03/23 15:13:05 INFO storage.MemoryStore: Block broadcast_5_piece154 stored as bytes in memory (estimated size 4.0 MB, free 1607.0 MB)
17/03/23 15:13:05 INFO storage.MemoryStore: Block broadcast_5_piece325 stored as bytes in memory (estimated size 4.0 MB, free 1611.0 MB)
17/03/23 15:13:05 INFO storage.MemoryStore: Block broadcast_5_piece90 stored as bytes in memory (estimated size 4.0 MB, free 1615.0 MB)
17/03/23 15:13:05 INFO storage.MemoryStore: Block broadcast_5_piece228 stored as bytes in memory (estimated size 4.0 MB, free 1619.0 MB)
17/03/23 15:13:05 INFO storage.MemoryStore: Block broadcast_5_piece220 stored as bytes in memory (estimated size 4.0 MB, free 1623.0 MB)
17/03/23 15:13:06 INFO storage.MemoryStore: Block broadcast_5_piece145 stored as bytes in memory (estimated size 4.0 MB, free 1627.0 MB)
17/03/23 15:13:06 INFO storage.MemoryStore: Block broadcast_5_piece71 stored as bytes in memory (estimated size 4.0 MB, free 1631.0 MB)
17/03/23 15:13:06 INFO storage.MemoryStore: Block broadcast_5_piece115 stored as bytes in memory (estimated size 4.0 MB, free 1635.0 MB)
17/03/23 15:13:06 INFO storage.MemoryStore: Block broadcast_5_piece116 stored as bytes in memory (estimated size 4.0 MB, free 1639.0 MB)
17/03/23 15:13:06 INFO storage.MemoryStore: Block broadcast_5_piece4 stored as bytes in memory (estimated size 4.0 MB, free 1643.0 MB)
17/03/23 15:13:06 INFO storage.MemoryStore: Block broadcast_5_piece100 stored as bytes in memory (estimated size 4.0 MB, free 1647.0 MB)
17/03/23 15:13:06 INFO storage.MemoryStore: Block broadcast_5_piece334 stored as bytes in memory (estimated size 4.0 MB, free 1651.0 MB)
17/03/23 15:13:06 INFO storage.MemoryStore: Block broadcast_5_piece295 stored as bytes in memory (estimated size 4.0 MB, free 1655.0 MB)
17/03/23 15:13:06 INFO storage.MemoryStore: Block broadcast_5_piece304 stored as bytes in memory (estimated size 4.0 MB, free 1659.0 MB)
17/03/23 15:13:06 INFO storage.MemoryStore: Block broadcast_5_piece241 stored as bytes in memory (estimated size 4.0 MB, free 1663.0 MB)
17/03/23 15:13:06 INFO storage.MemoryStore: Block broadcast_5_piece64 stored as bytes in memory (estimated size 4.0 MB, free 1667.0 MB)
17/03/23 15:13:06 INFO storage.MemoryStore: Block broadcast_5_piece99 stored as bytes in memory (estimated size 4.0 MB, free 1671.0 MB)
17/03/23 15:13:06 INFO storage.MemoryStore: Block broadcast_5_piece153 stored as bytes in memory (estimated size 4.0 MB, free 1675.0 MB)
17/03/23 15:13:06 INFO storage.MemoryStore: Block broadcast_5_piece68 stored as bytes in memory (estimated size 4.0 MB, free 1679.0 MB)
17/03/23 15:13:06 INFO storage.MemoryStore: Block broadcast_5_piece26 stored as bytes in memory (estimated size 4.0 MB, free 1683.0 MB)
17/03/23 15:13:06 INFO storage.MemoryStore: Block broadcast_5_piece202 stored as bytes in memory (estimated size 4.0 MB, free 1687.0 MB)
17/03/23 15:13:06 INFO storage.MemoryStore: Block broadcast_5_piece226 stored as bytes in memory (estimated size 4.0 MB, free 1691.0 MB)
17/03/23 15:13:06 INFO storage.MemoryStore: Block broadcast_5_piece136 stored as bytes in memory (estimated size 4.0 MB, free 1695.0 MB)
17/03/23 15:13:06 INFO storage.MemoryStore: Block broadcast_5_piece67 stored as bytes in memory (estimated size 4.0 MB, free 1699.0 MB)
17/03/23 15:13:06 INFO storage.MemoryStore: Block broadcast_5_piece83 stored as bytes in memory (estimated size 4.0 MB, free 1703.0 MB)
17/03/23 15:13:06 INFO storage.MemoryStore: Block broadcast_5_piece281 stored as bytes in memory (estimated size 4.0 MB, free 1707.0 MB)
17/03/23 15:13:06 INFO storage.MemoryStore: Block broadcast_5_piece320 stored as bytes in memory (estimated size 4.0 MB, free 1711.0 MB)
17/03/23 15:13:06 INFO storage.MemoryStore: Block broadcast_5_piece152 stored as bytes in memory (estimated size 4.0 MB, free 1715.0 MB)
17/03/23 15:13:06 INFO storage.MemoryStore: Block broadcast_5_piece55 stored as bytes in memory (estimated size 4.0 MB, free 1719.0 MB)
17/03/23 15:13:06 INFO storage.MemoryStore: Block broadcast_5_piece238 stored as bytes in memory (estimated size 4.0 MB, free 1723.0 MB)
17/03/23 15:13:06 INFO storage.MemoryStore: Block broadcast_5_piece31 stored as bytes in memory (estimated size 4.0 MB, free 1727.0 MB)
17/03/23 15:13:06 INFO storage.MemoryStore: Block broadcast_5_piece148 stored as bytes in memory (estimated size 4.0 MB, free 1731.0 MB)
17/03/23 15:13:06 INFO storage.MemoryStore: Block broadcast_5_piece343 stored as bytes in memory (estimated size 4.0 MB, free 1735.0 MB)
17/03/23 15:13:06 INFO storage.MemoryStore: Block broadcast_5_piece303 stored as bytes in memory (estimated size 4.0 MB, free 1739.0 MB)
17/03/23 15:13:06 INFO storage.MemoryStore: Block broadcast_5_piece138 stored as bytes in memory (estimated size 4.0 MB, free 1743.0 MB)
17/03/23 15:13:06 INFO storage.MemoryStore: Block broadcast_5_piece211 stored as bytes in memory (estimated size 4.0 MB, free 1747.0 MB)
17/03/23 15:13:06 INFO storage.MemoryStore: Block broadcast_5_piece157 stored as bytes in memory (estimated size 4.0 MB, free 1751.0 MB)
17/03/23 15:13:06 INFO storage.MemoryStore: Block broadcast_5_piece60 stored as bytes in memory (estimated size 4.0 MB, free 1755.0 MB)
17/03/23 15:13:06 INFO storage.MemoryStore: Block broadcast_5_piece346 stored as bytes in memory (estimated size 4.0 MB, free 1759.0 MB)
17/03/23 15:13:06 INFO storage.MemoryStore: Block broadcast_5_piece121 stored as bytes in memory (estimated size 4.0 MB, free 1763.0 MB)
17/03/23 15:13:06 INFO storage.MemoryStore: Block broadcast_5_piece242 stored as bytes in memory (estimated size 4.0 MB, free 1767.0 MB)
17/03/23 15:13:06 INFO storage.MemoryStore: Block broadcast_5_piece315 stored as bytes in memory (estimated size 4.0 MB, free 1771.0 MB)
17/03/23 15:13:06 INFO storage.MemoryStore: Block broadcast_5_piece139 stored as bytes in memory (estimated size 4.0 MB, free 1775.0 MB)
17/03/23 15:13:06 INFO storage.MemoryStore: Block broadcast_5_piece296 stored as bytes in memory (estimated size 4.0 MB, free 1779.0 MB)
17/03/23 15:13:06 INFO storage.MemoryStore: Block broadcast_5_piece1 stored as bytes in memory (estimated size 4.0 MB, free 1783.0 MB)
17/03/23 15:13:06 INFO storage.MemoryStore: Block broadcast_5_piece337 stored as bytes in memory (estimated size 4.0 MB, free 1787.0 MB)
17/03/23 15:13:06 INFO storage.MemoryStore: Block broadcast_5_piece276 stored as bytes in memory (estimated size 4.0 MB, free 1791.0 MB)
17/03/23 15:13:06 INFO storage.MemoryStore: Block broadcast_5_piece95 stored as bytes in memory (estimated size 4.0 MB, free 1795.0 MB)
17/03/23 15:13:06 INFO storage.MemoryStore: Block broadcast_5_piece76 stored as bytes in memory (estimated size 4.0 MB, free 1799.0 MB)
17/03/23 15:13:06 INFO storage.MemoryStore: Block broadcast_5_piece87 stored as bytes in memory (estimated size 4.0 MB, free 1803.0 MB)
17/03/23 15:13:06 INFO storage.MemoryStore: Block broadcast_5_piece301 stored as bytes in memory (estimated size 4.0 MB, free 1807.0 MB)
17/03/23 15:13:06 INFO storage.MemoryStore: Block broadcast_5_piece256 stored as bytes in memory (estimated size 4.0 MB, free 1811.0 MB)
17/03/23 15:13:06 INFO storage.MemoryStore: Block broadcast_5_piece310 stored as bytes in memory (estimated size 4.0 MB, free 1815.0 MB)
17/03/23 15:13:06 INFO storage.MemoryStore: Block broadcast_5_piece27 stored as bytes in memory (estimated size 4.0 MB, free 1819.0 MB)
17/03/23 15:13:06 INFO storage.MemoryStore: Block broadcast_5_piece187 stored as bytes in memory (estimated size 4.0 MB, free 1823.0 MB)
17/03/23 15:13:06 INFO storage.MemoryStore: Block broadcast_5_piece203 stored as bytes in memory (estimated size 4.0 MB, free 1827.0 MB)
17/03/23 15:13:06 INFO storage.MemoryStore: Block broadcast_5_piece286 stored as bytes in memory (estimated size 4.0 MB, free 1831.0 MB)
17/03/23 15:13:06 INFO storage.MemoryStore: Block broadcast_5_piece112 stored as bytes in memory (estimated size 4.0 MB, free 1835.0 MB)
17/03/23 15:13:06 INFO storage.MemoryStore: Block broadcast_5_piece20 stored as bytes in memory (estimated size 4.0 MB, free 1839.0 MB)
17/03/23 15:13:06 INFO storage.MemoryStore: Block broadcast_5_piece65 stored as bytes in memory (estimated size 4.0 MB, free 1843.0 MB)
17/03/23 15:13:06 INFO storage.MemoryStore: Block broadcast_5_piece327 stored as bytes in memory (estimated size 4.0 MB, free 1847.0 MB)
17/03/23 15:13:06 INFO storage.MemoryStore: Block broadcast_5_piece198 stored as bytes in memory (estimated size 4.0 MB, free 1851.0 MB)
17/03/23 15:13:06 INFO storage.MemoryStore: Block broadcast_5_piece264 stored as bytes in memory (estimated size 4.0 MB, free 1855.0 MB)
17/03/23 15:13:06 INFO storage.MemoryStore: Block broadcast_5_piece260 stored as bytes in memory (estimated size 4.0 MB, free 1859.0 MB)
17/03/23 15:13:06 INFO storage.MemoryStore: Block broadcast_5_piece280 stored as bytes in memory (estimated size 4.0 MB, free 1863.0 MB)
17/03/23 15:13:06 INFO storage.MemoryStore: Block broadcast_5_piece30 stored as bytes in memory (estimated size 4.0 MB, free 1867.0 MB)
17/03/23 15:13:06 INFO storage.MemoryStore: Block broadcast_5_piece104 stored as bytes in memory (estimated size 4.0 MB, free 1871.0 MB)
17/03/23 15:13:07 INFO storage.MemoryStore: Block broadcast_5_piece50 stored as bytes in memory (estimated size 4.0 MB, free 1875.0 MB)
17/03/23 15:13:07 INFO storage.MemoryStore: Block broadcast_5_piece215 stored as bytes in memory (estimated size 4.0 MB, free 1879.0 MB)
17/03/23 15:13:07 INFO storage.MemoryStore: Block broadcast_5_piece259 stored as bytes in memory (estimated size 4.0 MB, free 1883.0 MB)
17/03/23 15:13:07 INFO storage.MemoryStore: Block broadcast_5_piece224 stored as bytes in memory (estimated size 4.0 MB, free 1887.0 MB)
17/03/23 15:13:07 INFO storage.MemoryStore: Block broadcast_5_piece253 stored as bytes in memory (estimated size 4.0 MB, free 1891.0 MB)
17/03/23 15:13:07 INFO storage.MemoryStore: Block broadcast_5_piece32 stored as bytes in memory (estimated size 4.0 MB, free 1895.0 MB)
17/03/23 15:13:07 INFO storage.MemoryStore: Block broadcast_5_piece43 stored as bytes in memory (estimated size 4.0 MB, free 1899.0 MB)
17/03/23 15:13:07 INFO storage.MemoryStore: Block broadcast_5_piece186 stored as bytes in memory (estimated size 4.0 MB, free 1903.0 MB)
17/03/23 15:13:07 INFO storage.MemoryStore: Block broadcast_5_piece245 stored as bytes in memory (estimated size 4.0 MB, free 1907.0 MB)
17/03/23 15:13:07 INFO storage.MemoryStore: Block broadcast_5_piece284 stored as bytes in memory (estimated size 4.0 MB, free 1911.0 MB)
17/03/23 15:13:07 INFO storage.MemoryStore: Block broadcast_5_piece218 stored as bytes in memory (estimated size 4.0 MB, free 1915.0 MB)
17/03/23 15:13:07 INFO storage.MemoryStore: Block broadcast_5_piece36 stored as bytes in memory (estimated size 4.0 MB, free 1919.0 MB)
17/03/23 15:13:07 INFO storage.MemoryStore: Block broadcast_5_piece267 stored as bytes in memory (estimated size 4.0 MB, free 1923.0 MB)
17/03/23 15:13:07 INFO storage.MemoryStore: Block broadcast_5_piece319 stored as bytes in memory (estimated size 4.0 MB, free 1927.0 MB)
17/03/23 15:13:07 INFO storage.MemoryStore: Block broadcast_5_piece178 stored as bytes in memory (estimated size 4.0 MB, free 1931.0 MB)
17/03/23 15:13:07 INFO storage.MemoryStore: Block broadcast_5_piece79 stored as bytes in memory (estimated size 4.0 MB, free 1935.0 MB)
17/03/23 15:13:07 INFO storage.MemoryStore: Block broadcast_5_piece160 stored as bytes in memory (estimated size 4.0 MB, free 1939.0 MB)
17/03/23 15:13:07 INFO storage.MemoryStore: Block broadcast_5_piece240 stored as bytes in memory (estimated size 4.0 MB, free 1943.0 MB)
17/03/23 15:13:07 INFO storage.MemoryStore: Block broadcast_5_piece88 stored as bytes in memory (estimated size 4.0 MB, free 1947.0 MB)
17/03/23 15:13:07 INFO storage.MemoryStore: Block broadcast_5_piece182 stored as bytes in memory (estimated size 4.0 MB, free 1951.0 MB)
17/03/23 15:13:07 INFO storage.MemoryStore: Block broadcast_5_piece38 stored as bytes in memory (estimated size 4.0 MB, free 1955.0 MB)
17/03/23 15:13:07 INFO storage.MemoryStore: Block broadcast_5_piece230 stored as bytes in memory (estimated size 4.0 MB, free 1959.0 MB)
17/03/23 15:13:07 INFO storage.MemoryStore: Block broadcast_5_piece308 stored as bytes in memory (estimated size 4.0 MB, free 1963.0 MB)
17/03/23 15:13:07 INFO storage.MemoryStore: Block broadcast_5_piece84 stored as bytes in memory (estimated size 4.0 MB, free 1967.0 MB)
17/03/23 15:13:07 INFO storage.MemoryStore: Block broadcast_5_piece194 stored as bytes in memory (estimated size 4.0 MB, free 1971.0 MB)
17/03/23 15:13:07 INFO storage.MemoryStore: Block broadcast_5_piece175 stored as bytes in memory (estimated size 4.0 MB, free 1975.0 MB)
17/03/23 15:13:07 INFO storage.MemoryStore: Block broadcast_5_piece75 stored as bytes in memory (estimated size 4.0 MB, free 1979.0 MB)
17/03/23 15:13:07 INFO storage.MemoryStore: Block broadcast_5_piece297 stored as bytes in memory (estimated size 4.0 MB, free 1983.0 MB)
17/03/23 15:13:07 INFO storage.MemoryStore: Block broadcast_5_piece93 stored as bytes in memory (estimated size 4.0 MB, free 1987.0 MB)
17/03/23 15:13:07 INFO storage.MemoryStore: Block broadcast_5_piece97 stored as bytes in memory (estimated size 4.0 MB, free 1991.0 MB)
17/03/23 15:13:07 INFO storage.MemoryStore: Block broadcast_5_piece283 stored as bytes in memory (estimated size 4.0 MB, free 1995.0 MB)
17/03/23 15:13:07 INFO storage.MemoryStore: Block broadcast_5_piece173 stored as bytes in memory (estimated size 4.0 MB, free 1999.0 MB)
17/03/23 15:13:07 INFO storage.MemoryStore: Block broadcast_5_piece113 stored as bytes in memory (estimated size 4.0 MB, free 2003.0 MB)
17/03/23 15:13:07 INFO storage.MemoryStore: Block broadcast_5_piece62 stored as bytes in memory (estimated size 4.0 MB, free 2007.0 MB)
17/03/23 15:13:07 INFO storage.MemoryStore: Block broadcast_5_piece291 stored as bytes in memory (estimated size 4.0 MB, free 2011.0 MB)
17/03/23 15:13:07 INFO storage.MemoryStore: Block broadcast_5_piece47 stored as bytes in memory (estimated size 4.0 MB, free 2015.0 MB)
17/03/23 15:13:07 INFO storage.MemoryStore: Block broadcast_5_piece332 stored as bytes in memory (estimated size 4.0 MB, free 2019.0 MB)
17/03/23 15:13:07 INFO storage.MemoryStore: Block broadcast_5_piece149 stored as bytes in memory (estimated size 4.0 MB, free 2023.0 MB)
17/03/23 15:13:07 INFO storage.MemoryStore: Block broadcast_5_piece176 stored as bytes in memory (estimated size 4.0 MB, free 2027.0 MB)
17/03/23 15:13:07 INFO storage.MemoryStore: Block broadcast_5_piece255 stored as bytes in memory (estimated size 4.0 MB, free 2031.0 MB)
17/03/23 15:13:07 INFO storage.MemoryStore: Block broadcast_5_piece179 stored as bytes in memory (estimated size 4.0 MB, free 2035.0 MB)
17/03/23 15:13:07 INFO storage.MemoryStore: Block broadcast_5_piece321 stored as bytes in memory (estimated size 4.0 MB, free 2039.0 MB)
17/03/23 15:13:07 INFO storage.MemoryStore: Block broadcast_5_piece126 stored as bytes in memory (estimated size 4.0 MB, free 2043.0 MB)
17/03/23 15:13:07 INFO storage.MemoryStore: Block broadcast_5_piece133 stored as bytes in memory (estimated size 4.0 MB, free 2047.0 MB)
17/03/23 15:13:07 INFO storage.MemoryStore: Block broadcast_5_piece292 stored as bytes in memory (estimated size 4.0 MB, free 2.0 GB)
17/03/23 15:13:07 INFO storage.MemoryStore: Block broadcast_5_piece306 stored as bytes in memory (estimated size 4.0 MB, free 2.0 GB)
17/03/23 15:13:07 INFO storage.MemoryStore: Block broadcast_5_piece212 stored as bytes in memory (estimated size 4.0 MB, free 2.0 GB)
17/03/23 15:13:07 INFO storage.MemoryStore: Block broadcast_5_piece172 stored as bytes in memory (estimated size 4.0 MB, free 2.0 GB)
17/03/23 15:13:07 INFO storage.MemoryStore: Block broadcast_5_piece142 stored as bytes in memory (estimated size 4.0 MB, free 2.0 GB)
17/03/23 15:13:07 INFO storage.MemoryStore: Block broadcast_5_piece61 stored as bytes in memory (estimated size 4.0 MB, free 2.0 GB)
17/03/23 15:13:07 INFO storage.MemoryStore: Block broadcast_5_piece110 stored as bytes in memory (estimated size 4.0 MB, free 2.0 GB)
17/03/23 15:13:07 INFO storage.MemoryStore: Block broadcast_5_piece35 stored as bytes in memory (estimated size 4.0 MB, free 2.0 GB)
17/03/23 15:13:07 INFO storage.MemoryStore: Block broadcast_5_piece6 stored as bytes in memory (estimated size 4.0 MB, free 2.0 GB)
17/03/23 15:13:07 INFO storage.MemoryStore: Block broadcast_5_piece266 stored as bytes in memory (estimated size 4.0 MB, free 2.0 GB)
17/03/23 15:13:07 INFO storage.MemoryStore: Block broadcast_5_piece188 stored as bytes in memory (estimated size 4.0 MB, free 2.0 GB)
17/03/23 15:13:07 INFO storage.MemoryStore: Block broadcast_5_piece273 stored as bytes in memory (estimated size 4.0 MB, free 2.0 GB)
17/03/23 15:13:07 INFO storage.MemoryStore: Block broadcast_5_piece181 stored as bytes in memory (estimated size 4.0 MB, free 2.0 GB)
17/03/23 15:13:07 INFO storage.MemoryStore: Block broadcast_5_piece185 stored as bytes in memory (estimated size 4.0 MB, free 2.1 GB)
17/03/23 15:13:07 INFO storage.MemoryStore: Block broadcast_5_piece299 stored as bytes in memory (estimated size 4.0 MB, free 2.1 GB)
17/03/23 15:13:07 INFO storage.MemoryStore: Block broadcast_5_piece164 stored as bytes in memory (estimated size 4.0 MB, free 2.1 GB)
17/03/23 15:13:07 INFO storage.MemoryStore: Block broadcast_5_piece58 stored as bytes in memory (estimated size 4.0 MB, free 2.1 GB)
17/03/23 15:13:07 INFO storage.MemoryStore: Block broadcast_5_piece197 stored as bytes in memory (estimated size 4.0 MB, free 2.1 GB)
17/03/23 15:13:07 INFO storage.MemoryStore: Block broadcast_5_piece80 stored as bytes in memory (estimated size 4.0 MB, free 2.1 GB)
17/03/23 15:13:07 INFO storage.MemoryStore: Block broadcast_5_piece210 stored as bytes in memory (estimated size 4.0 MB, free 2.1 GB)
17/03/23 15:13:07 INFO storage.MemoryStore: Block broadcast_5_piece275 stored as bytes in memory (estimated size 4.0 MB, free 2.1 GB)
17/03/23 15:13:07 INFO storage.MemoryStore: Block broadcast_5_piece156 stored as bytes in memory (estimated size 4.0 MB, free 2.1 GB)
17/03/23 15:13:07 INFO storage.MemoryStore: Block broadcast_5_piece73 stored as bytes in memory (estimated size 4.0 MB, free 2.1 GB)
17/03/23 15:13:07 INFO storage.MemoryStore: Block broadcast_5_piece74 stored as bytes in memory (estimated size 4.0 MB, free 2.1 GB)
17/03/23 15:13:07 INFO storage.MemoryStore: Block broadcast_5_piece340 stored as bytes in memory (estimated size 4.0 MB, free 2.1 GB)
17/03/23 15:13:08 INFO storage.MemoryStore: Block broadcast_5_piece278 stored as bytes in memory (estimated size 4.0 MB, free 2.1 GB)
17/03/23 15:13:08 INFO storage.MemoryStore: Block broadcast_5_piece217 stored as bytes in memory (estimated size 4.0 MB, free 2.1 GB)
17/03/23 15:13:08 INFO storage.MemoryStore: Block broadcast_5_piece335 stored as bytes in memory (estimated size 4.0 MB, free 2.1 GB)
17/03/23 15:13:08 INFO storage.MemoryStore: Block broadcast_5_piece165 stored as bytes in memory (estimated size 4.0 MB, free 2.1 GB)
17/03/23 15:13:08 INFO storage.MemoryStore: Block broadcast_5_piece234 stored as bytes in memory (estimated size 4.0 MB, free 2.1 GB)
17/03/23 15:13:08 INFO storage.MemoryStore: Block broadcast_5_piece294 stored as bytes in memory (estimated size 4.0 MB, free 2.1 GB)
17/03/23 15:13:08 INFO storage.MemoryStore: Block broadcast_5_piece106 stored as bytes in memory (estimated size 4.0 MB, free 2.1 GB)
17/03/23 15:13:08 INFO storage.MemoryStore: Block broadcast_5_piece314 stored as bytes in memory (estimated size 4.0 MB, free 2.1 GB)
17/03/23 15:13:08 INFO storage.MemoryStore: Block broadcast_5_piece14 stored as bytes in memory (estimated size 4.0 MB, free 2.1 GB)
17/03/23 15:13:08 INFO storage.MemoryStore: Block broadcast_5_piece77 stored as bytes in memory (estimated size 4.0 MB, free 2.1 GB)
17/03/23 15:13:08 INFO storage.MemoryStore: Block broadcast_5_piece42 stored as bytes in memory (estimated size 4.0 MB, free 2.1 GB)
17/03/23 15:13:08 INFO storage.MemoryStore: Block broadcast_5_piece305 stored as bytes in memory (estimated size 4.0 MB, free 2.1 GB)
17/03/23 15:13:08 INFO storage.MemoryStore: Block broadcast_5_piece127 stored as bytes in memory (estimated size 4.0 MB, free 2.1 GB)
17/03/23 15:13:08 INFO storage.MemoryStore: Block broadcast_5_piece51 stored as bytes in memory (estimated size 4.0 MB, free 2.2 GB)
17/03/23 15:13:08 INFO storage.MemoryStore: Block broadcast_5_piece70 stored as bytes in memory (estimated size 4.0 MB, free 2.2 GB)
17/03/23 15:13:08 INFO storage.MemoryStore: Block broadcast_5_piece287 stored as bytes in memory (estimated size 4.0 MB, free 2.2 GB)
17/03/23 15:13:08 INFO storage.MemoryStore: Block broadcast_5_piece72 stored as bytes in memory (estimated size 4.0 MB, free 2.2 GB)
17/03/23 15:13:08 INFO storage.MemoryStore: Block broadcast_5_piece330 stored as bytes in memory (estimated size 4.0 MB, free 2.2 GB)
17/03/23 15:13:08 INFO storage.MemoryStore: Block broadcast_5_piece336 stored as bytes in memory (estimated size 4.0 MB, free 2.2 GB)
17/03/23 15:13:08 INFO storage.MemoryStore: Block broadcast_5_piece243 stored as bytes in memory (estimated size 4.0 MB, free 2.2 GB)
17/03/23 15:13:08 INFO storage.MemoryStore: Block broadcast_5_piece341 stored as bytes in memory (estimated size 4.0 MB, free 2.2 GB)
17/03/23 15:13:08 INFO storage.MemoryStore: Block broadcast_5_piece161 stored as bytes in memory (estimated size 4.0 MB, free 2.2 GB)
17/03/23 15:13:08 INFO storage.MemoryStore: Block broadcast_5_piece235 stored as bytes in memory (estimated size 4.0 MB, free 2.2 GB)
17/03/23 15:13:08 INFO storage.MemoryStore: Block broadcast_5_piece118 stored as bytes in memory (estimated size 4.0 MB, free 2.2 GB)
17/03/23 15:13:08 INFO storage.MemoryStore: Block broadcast_5_piece69 stored as bytes in memory (estimated size 4.0 MB, free 2.2 GB)
17/03/23 15:13:08 INFO storage.MemoryStore: Block broadcast_5_piece349 stored as bytes in memory (estimated size 4.0 MB, free 2.2 GB)
17/03/23 15:13:08 INFO storage.MemoryStore: Block broadcast_5_piece150 stored as bytes in memory (estimated size 4.0 MB, free 2.2 GB)
17/03/23 15:13:08 INFO storage.MemoryStore: Block broadcast_5_piece216 stored as bytes in memory (estimated size 4.0 MB, free 2.2 GB)
17/03/23 15:13:08 INFO storage.MemoryStore: Block broadcast_5_piece135 stored as bytes in memory (estimated size 4.0 MB, free 2.2 GB)
17/03/23 15:13:08 INFO storage.MemoryStore: Block broadcast_5_piece29 stored as bytes in memory (estimated size 4.0 MB, free 2.2 GB)
17/03/23 15:13:08 INFO storage.MemoryStore: Block broadcast_5_piece109 stored as bytes in memory (estimated size 4.0 MB, free 2.2 GB)
17/03/23 15:13:08 INFO storage.MemoryStore: Block broadcast_5_piece146 stored as bytes in memory (estimated size 4.0 MB, free 2.2 GB)
17/03/23 15:13:08 INFO storage.MemoryStore: Block broadcast_5_piece40 stored as bytes in memory (estimated size 4.0 MB, free 2.2 GB)
17/03/23 15:13:08 INFO storage.MemoryStore: Block broadcast_5_piece66 stored as bytes in memory (estimated size 4.0 MB, free 2.2 GB)
17/03/23 15:13:08 INFO storage.MemoryStore: Block broadcast_5_piece158 stored as bytes in memory (estimated size 4.0 MB, free 2.2 GB)
17/03/23 15:13:08 INFO storage.MemoryStore: Block broadcast_5_piece96 stored as bytes in memory (estimated size 4.0 MB, free 2.2 GB)
17/03/23 15:13:08 INFO storage.MemoryStore: Block broadcast_5_piece274 stored as bytes in memory (estimated size 4.0 MB, free 2.2 GB)
17/03/23 15:13:08 INFO storage.MemoryStore: Block broadcast_5_piece208 stored as bytes in memory (estimated size 4.0 MB, free 2.2 GB)
17/03/23 15:13:08 INFO storage.MemoryStore: Block broadcast_5_piece9 stored as bytes in memory (estimated size 4.0 MB, free 2.2 GB)
17/03/23 15:13:08 INFO storage.MemoryStore: Block broadcast_5_piece17 stored as bytes in memory (estimated size 4.0 MB, free 2.3 GB)
17/03/23 15:13:08 INFO storage.MemoryStore: Block broadcast_5_piece329 stored as bytes in memory (estimated size 4.0 MB, free 2.3 GB)
17/03/23 15:13:08 INFO storage.MemoryStore: Block broadcast_5_piece307 stored as bytes in memory (estimated size 4.0 MB, free 2.3 GB)
17/03/23 15:13:08 INFO storage.MemoryStore: Block broadcast_5_piece192 stored as bytes in memory (estimated size 4.0 MB, free 2.3 GB)
17/03/23 15:13:08 INFO storage.MemoryStore: Block broadcast_5_piece254 stored as bytes in memory (estimated size 4.0 MB, free 2.3 GB)
17/03/23 15:13:08 INFO storage.MemoryStore: Block broadcast_5_piece244 stored as bytes in memory (estimated size 4.0 MB, free 2.3 GB)
17/03/23 15:13:08 INFO storage.MemoryStore: Block broadcast_5_piece201 stored as bytes in memory (estimated size 4.0 MB, free 2.3 GB)
17/03/23 15:13:08 INFO storage.MemoryStore: Block broadcast_5_piece128 stored as bytes in memory (estimated size 4.0 MB, free 2.3 GB)
17/03/23 15:13:08 INFO storage.MemoryStore: Block broadcast_5_piece269 stored as bytes in memory (estimated size 4.0 MB, free 2.3 GB)
17/03/23 15:13:08 INFO storage.MemoryStore: Block broadcast_5_piece233 stored as bytes in memory (estimated size 4.0 MB, free 2.3 GB)
17/03/23 15:13:08 INFO storage.MemoryStore: Block broadcast_5_piece132 stored as bytes in memory (estimated size 4.0 MB, free 2.3 GB)
17/03/23 15:13:08 INFO storage.MemoryStore: Block broadcast_5_piece285 stored as bytes in memory (estimated size 4.0 MB, free 2.3 GB)
17/03/23 15:13:08 INFO storage.MemoryStore: Block broadcast_5_piece298 stored as bytes in memory (estimated size 4.0 MB, free 2.3 GB)
17/03/23 15:13:08 INFO storage.MemoryStore: Block broadcast_5_piece7 stored as bytes in memory (estimated size 4.0 MB, free 2.3 GB)
17/03/23 15:13:08 INFO storage.MemoryStore: Block broadcast_5_piece251 stored as bytes in memory (estimated size 4.0 MB, free 2.3 GB)
17/03/23 15:13:08 INFO storage.MemoryStore: Block broadcast_5_piece249 stored as bytes in memory (estimated size 4.0 MB, free 2.3 GB)
17/03/23 15:13:08 INFO storage.MemoryStore: Block broadcast_5_piece111 stored as bytes in memory (estimated size 4.0 MB, free 2.3 GB)
17/03/23 15:13:09 INFO storage.MemoryStore: Block broadcast_5_piece151 stored as bytes in memory (estimated size 4.0 MB, free 2.3 GB)
17/03/23 15:13:09 INFO storage.MemoryStore: Block broadcast_5_piece78 stored as bytes in memory (estimated size 4.0 MB, free 2.3 GB)
17/03/23 15:13:09 INFO storage.MemoryStore: Block broadcast_5_piece342 stored as bytes in memory (estimated size 4.0 MB, free 2.3 GB)
17/03/23 15:13:09 INFO storage.MemoryStore: Block broadcast_5_piece318 stored as bytes in memory (estimated size 4.0 MB, free 2.3 GB)
17/03/23 15:13:09 INFO storage.MemoryStore: Block broadcast_5_piece124 stored as bytes in memory (estimated size 4.0 MB, free 2.3 GB)
17/03/23 15:13:09 INFO storage.MemoryStore: Block broadcast_5_piece48 stored as bytes in memory (estimated size 4.0 MB, free 2.3 GB)
17/03/23 15:13:09 INFO storage.MemoryStore: Block broadcast_5_piece167 stored as bytes in memory (estimated size 4.0 MB, free 2.3 GB)
17/03/23 15:13:09 INFO storage.MemoryStore: Block broadcast_5_piece119 stored as bytes in memory (estimated size 4.0 MB, free 2.3 GB)
17/03/23 15:13:09 INFO storage.MemoryStore: Block broadcast_5_piece261 stored as bytes in memory (estimated size 4.0 MB, free 2.4 GB)
17/03/23 15:13:09 INFO storage.MemoryStore: Block broadcast_5_piece222 stored as bytes in memory (estimated size 4.0 MB, free 2.4 GB)
17/03/23 15:13:09 INFO storage.MemoryStore: Block broadcast_5_piece19 stored as bytes in memory (estimated size 4.0 MB, free 2.4 GB)
17/03/23 15:13:09 INFO storage.MemoryStore: Block broadcast_5_piece163 stored as bytes in memory (estimated size 4.0 MB, free 2.4 GB)
17/03/23 15:13:09 INFO storage.MemoryStore: Block broadcast_5_piece85 stored as bytes in memory (estimated size 4.0 MB, free 2.4 GB)
17/03/23 15:13:09 INFO storage.MemoryStore: Block broadcast_5_piece221 stored as bytes in memory (estimated size 4.0 MB, free 2.4 GB)
17/03/23 15:13:09 INFO storage.MemoryStore: Block broadcast_5_piece289 stored as bytes in memory (estimated size 4.0 MB, free 2.4 GB)
17/03/23 15:13:09 INFO storage.MemoryStore: Block broadcast_5_piece239 stored as bytes in memory (estimated size 4.0 MB, free 2.4 GB)
17/03/23 15:13:09 INFO storage.MemoryStore: Block broadcast_5_piece250 stored as bytes in memory (estimated size 4.0 MB, free 2.4 GB)
17/03/23 15:13:09 INFO storage.MemoryStore: Block broadcast_5_piece25 stored as bytes in memory (estimated size 4.0 MB, free 2.4 GB)
17/03/23 15:13:09 INFO storage.MemoryStore: Block broadcast_5_piece227 stored as bytes in memory (estimated size 4.0 MB, free 2.4 GB)
17/03/23 15:13:09 INFO storage.MemoryStore: Block broadcast_5_piece168 stored as bytes in memory (estimated size 4.0 MB, free 2.4 GB)
17/03/23 15:13:09 INFO storage.MemoryStore: Block broadcast_5_piece57 stored as bytes in memory (estimated size 4.0 MB, free 2.4 GB)
17/03/23 15:13:09 INFO storage.MemoryStore: Block broadcast_5_piece205 stored as bytes in memory (estimated size 4.0 MB, free 2.4 GB)
17/03/23 15:13:09 INFO storage.MemoryStore: Block broadcast_5_piece189 stored as bytes in memory (estimated size 4.0 MB, free 2.4 GB)
17/03/23 15:13:09 INFO storage.MemoryStore: Block broadcast_5_piece247 stored as bytes in memory (estimated size 4.0 MB, free 2.4 GB)
17/03/23 15:13:09 INFO storage.MemoryStore: Block broadcast_5_piece302 stored as bytes in memory (estimated size 4.0 MB, free 2.4 GB)
17/03/23 15:13:09 INFO storage.MemoryStore: Block broadcast_5_piece316 stored as bytes in memory (estimated size 4.0 MB, free 2.4 GB)
17/03/23 15:13:09 INFO storage.MemoryStore: Block broadcast_5_piece288 stored as bytes in memory (estimated size 4.0 MB, free 2.4 GB)
17/03/23 15:13:09 INFO storage.MemoryStore: Block broadcast_5_piece81 stored as bytes in memory (estimated size 4.0 MB, free 2.4 GB)
17/03/23 15:13:09 INFO storage.MemoryStore: Block broadcast_5_piece262 stored as bytes in memory (estimated size 4.0 MB, free 2.4 GB)
17/03/23 15:13:09 INFO storage.MemoryStore: Block broadcast_5_piece123 stored as bytes in memory (estimated size 4.0 MB, free 2.4 GB)
17/03/23 15:13:09 INFO storage.MemoryStore: Block broadcast_5_piece252 stored as bytes in memory (estimated size 4.0 MB, free 2.4 GB)
17/03/23 15:13:09 INFO storage.MemoryStore: Block broadcast_5_piece12 stored as bytes in memory (estimated size 4.0 MB, free 2.4 GB)
17/03/23 15:13:09 INFO storage.MemoryStore: Block broadcast_5_piece162 stored as bytes in memory (estimated size 4.0 MB, free 2.4 GB)
17/03/23 15:13:09 INFO storage.MemoryStore: Block broadcast_5_piece277 stored as bytes in memory (estimated size 4.0 MB, free 2.4 GB)
17/03/23 15:13:09 INFO storage.MemoryStore: Block broadcast_5_piece11 stored as bytes in memory (estimated size 4.0 MB, free 2.5 GB)
17/03/23 15:13:09 INFO storage.MemoryStore: Block broadcast_5_piece114 stored as bytes in memory (estimated size 4.0 MB, free 2.5 GB)
17/03/23 15:13:09 INFO storage.MemoryStore: Block broadcast_5_piece348 stored as bytes in memory (estimated size 4.0 MB, free 2.5 GB)
17/03/23 15:13:09 INFO storage.MemoryStore: Block broadcast_5_piece199 stored as bytes in memory (estimated size 4.0 MB, free 2.5 GB)
17/03/23 15:13:09 INFO storage.MemoryStore: Block broadcast_5_piece339 stored as bytes in memory (estimated size 4.0 MB, free 2.5 GB)
17/03/23 15:13:09 INFO storage.MemoryStore: Block broadcast_5_piece82 stored as bytes in memory (estimated size 4.0 MB, free 2.5 GB)
17/03/23 15:13:09 INFO storage.MemoryStore: Block broadcast_5_piece258 stored as bytes in memory (estimated size 4.0 MB, free 2.5 GB)
17/03/23 15:13:09 INFO storage.MemoryStore: Block broadcast_5_piece184 stored as bytes in memory (estimated size 4.0 MB, free 2.5 GB)
17/03/23 15:13:09 INFO storage.MemoryStore: Block broadcast_5_piece22 stored as bytes in memory (estimated size 4.0 MB, free 2.5 GB)
17/03/23 15:13:09 INFO storage.MemoryStore: Block broadcast_5_piece214 stored as bytes in memory (estimated size 4.0 MB, free 2.5 GB)
17/03/23 15:13:09 INFO storage.MemoryStore: Block broadcast_5_piece324 stored as bytes in memory (estimated size 4.0 MB, free 2.5 GB)
17/03/23 15:13:09 INFO storage.MemoryStore: Block broadcast_5_piece237 stored as bytes in memory (estimated size 4.0 MB, free 2.5 GB)
17/03/23 15:13:09 INFO storage.MemoryStore: Block broadcast_5_piece41 stored as bytes in memory (estimated size 4.0 MB, free 2.5 GB)
17/03/23 15:13:09 INFO storage.MemoryStore: Block broadcast_5_piece101 stored as bytes in memory (estimated size 4.0 MB, free 2.5 GB)
17/03/23 15:13:09 INFO storage.MemoryStore: Block broadcast_5_piece108 stored as bytes in memory (estimated size 4.0 MB, free 2.5 GB)
17/03/23 15:13:09 INFO storage.MemoryStore: Block broadcast_5_piece129 stored as bytes in memory (estimated size 4.0 MB, free 2.5 GB)
17/03/23 15:13:09 INFO storage.MemoryStore: Block broadcast_5_piece28 stored as bytes in memory (estimated size 4.0 MB, free 2.5 GB)
17/03/23 15:13:09 INFO storage.MemoryStore: Block broadcast_5_piece219 stored as bytes in memory (estimated size 4.0 MB, free 2.5 GB)
17/03/23 15:13:09 INFO storage.MemoryStore: Block broadcast_5_piece265 stored as bytes in memory (estimated size 4.0 MB, free 2.5 GB)
17/03/23 15:13:09 INFO storage.MemoryStore: Block broadcast_5_piece18 stored as bytes in memory (estimated size 4.0 MB, free 2.5 GB)
17/03/23 15:13:09 INFO storage.MemoryStore: Block broadcast_5_piece15 stored as bytes in memory (estimated size 4.0 MB, free 2.5 GB)
17/03/23 15:13:09 INFO storage.MemoryStore: Block broadcast_5_piece49 stored as bytes in memory (estimated size 4.0 MB, free 2.5 GB)
17/03/23 15:13:09 INFO storage.MemoryStore: Block broadcast_5_piece10 stored as bytes in memory (estimated size 4.0 MB, free 2.5 GB)
17/03/23 15:13:09 INFO storage.MemoryStore: Block broadcast_5_piece122 stored as bytes in memory (estimated size 4.0 MB, free 2.5 GB)
17/03/23 15:13:09 INFO storage.MemoryStore: Block broadcast_5_piece5 stored as bytes in memory (estimated size 4.0 MB, free 2.5 GB)
17/03/23 15:13:09 INFO storage.MemoryStore: Block broadcast_5_piece313 stored as bytes in memory (estimated size 4.0 MB, free 2.5 GB)
17/03/23 15:13:09 INFO storage.MemoryStore: Block broadcast_5_piece8 stored as bytes in memory (estimated size 4.0 MB, free 2.6 GB)
17/03/23 15:13:09 INFO storage.MemoryStore: Block broadcast_5_piece52 stored as bytes in memory (estimated size 4.0 MB, free 2.6 GB)
17/03/23 15:13:09 INFO storage.MemoryStore: Block broadcast_5_piece147 stored as bytes in memory (estimated size 4.0 MB, free 2.6 GB)
17/03/23 15:13:09 INFO storage.MemoryStore: Block broadcast_5_piece54 stored as bytes in memory (estimated size 4.0 MB, free 2.6 GB)
17/03/23 15:13:09 INFO storage.MemoryStore: Block broadcast_5_piece183 stored as bytes in memory (estimated size 4.0 MB, free 2.6 GB)
17/03/23 15:13:09 INFO storage.MemoryStore: Block broadcast_5_piece328 stored as bytes in memory (estimated size 4.0 MB, free 2.6 GB)
17/03/23 15:13:09 INFO storage.MemoryStore: Block broadcast_5_piece103 stored as bytes in memory (estimated size 4.0 MB, free 2.6 GB)
17/03/23 15:13:09 INFO storage.MemoryStore: Block broadcast_5_piece338 stored as bytes in memory (estimated size 4.0 MB, free 2.6 GB)
17/03/23 15:13:09 INFO storage.MemoryStore: Block broadcast_5_piece333 stored as bytes in memory (estimated size 4.0 MB, free 2.6 GB)
17/03/23 15:13:09 INFO storage.MemoryStore: Block broadcast_5_piece166 stored as bytes in memory (estimated size 4.0 MB, free 2.6 GB)
17/03/23 15:13:09 INFO storage.MemoryStore: Block broadcast_5_piece125 stored as bytes in memory (estimated size 4.0 MB, free 2.6 GB)
17/03/23 15:13:09 INFO storage.MemoryStore: Block broadcast_5_piece268 stored as bytes in memory (estimated size 4.0 MB, free 2.6 GB)
17/03/23 15:13:09 INFO storage.MemoryStore: Block broadcast_5_piece134 stored as bytes in memory (estimated size 4.0 MB, free 2.6 GB)
17/03/23 15:13:09 INFO storage.MemoryStore: Block broadcast_5_piece39 stored as bytes in memory (estimated size 4.0 MB, free 2.6 GB)
17/03/23 15:13:09 INFO storage.MemoryStore: Block broadcast_5_piece195 stored as bytes in memory (estimated size 4.0 MB, free 2.6 GB)
17/03/23 15:13:09 INFO storage.MemoryStore: Block broadcast_5_piece350 stored as bytes in memory (estimated size 2.7 MB, free 2.6 GB)
17/03/23 15:13:09 INFO storage.MemoryStore: Block broadcast_5_piece46 stored as bytes in memory (estimated size 4.0 MB, free 2.6 GB)
17/03/23 15:13:09 INFO storage.MemoryStore: Block broadcast_5_piece130 stored as bytes in memory (estimated size 4.0 MB, free 2.6 GB)
17/03/23 15:13:09 INFO storage.MemoryStore: Block broadcast_5_piece63 stored as bytes in memory (estimated size 4.0 MB, free 2.6 GB)
17/03/23 15:13:09 INFO storage.MemoryStore: Block broadcast_5_piece311 stored as bytes in memory (estimated size 4.0 MB, free 2.6 GB)
17/03/23 15:13:10 INFO storage.MemoryStore: Block broadcast_5_piece98 stored as bytes in memory (estimated size 4.0 MB, free 2.6 GB)
17/03/23 15:13:10 INFO storage.MemoryStore: Block broadcast_5_piece89 stored as bytes in memory (estimated size 4.0 MB, free 2.6 GB)
17/03/23 15:13:10 INFO storage.MemoryStore: Block broadcast_5_piece290 stored as bytes in memory (estimated size 4.0 MB, free 2.6 GB)
17/03/23 15:13:10 INFO storage.MemoryStore: Block broadcast_5_piece94 stored as bytes in memory (estimated size 4.0 MB, free 2.6 GB)
17/03/23 15:13:10 INFO storage.MemoryStore: Block broadcast_5_piece86 stored as bytes in memory (estimated size 4.0 MB, free 2.6 GB)
17/03/23 15:13:10 INFO storage.MemoryStore: Block broadcast_5_piece317 stored as bytes in memory (estimated size 4.0 MB, free 2.7 GB)
17/03/23 15:13:10 INFO storage.MemoryStore: Block broadcast_5_piece105 stored as bytes in memory (estimated size 4.0 MB, free 2.7 GB)
17/03/23 15:13:10 INFO storage.MemoryStore: Block broadcast_5_piece344 stored as bytes in memory (estimated size 4.0 MB, free 2.7 GB)
17/03/23 15:13:10 INFO storage.MemoryStore: Block broadcast_5_piece331 stored as bytes in memory (estimated size 4.0 MB, free 2.7 GB)
17/03/23 15:13:10 INFO storage.MemoryStore: Block broadcast_5_piece272 stored as bytes in memory (estimated size 4.0 MB, free 2.7 GB)
17/03/23 15:13:10 INFO storage.MemoryStore: Block broadcast_5_piece143 stored as bytes in memory (estimated size 4.0 MB, free 2.7 GB)
17/03/23 15:13:10 INFO storage.MemoryStore: Block broadcast_5_piece190 stored as bytes in memory (estimated size 4.0 MB, free 2.7 GB)
17/03/23 15:13:10 INFO storage.MemoryStore: Block broadcast_5_piece23 stored as bytes in memory (estimated size 4.0 MB, free 2.7 GB)
17/03/23 15:13:10 INFO storage.MemoryStore: Block broadcast_5_piece263 stored as bytes in memory (estimated size 4.0 MB, free 2.7 GB)
17/03/23 15:13:10 INFO storage.MemoryStore: Block broadcast_5_piece13 stored as bytes in memory (estimated size 4.0 MB, free 2.7 GB)
17/03/23 15:13:10 INFO storage.MemoryStore: Block broadcast_5_piece159 stored as bytes in memory (estimated size 4.0 MB, free 2.7 GB)
17/03/23 15:13:10 INFO storage.MemoryStore: Block broadcast_5_piece309 stored as bytes in memory (estimated size 4.0 MB, free 2.7 GB)
17/03/23 15:13:10 INFO storage.MemoryStore: Block broadcast_5_piece326 stored as bytes in memory (estimated size 4.0 MB, free 2.7 GB)
17/03/23 15:13:10 INFO storage.MemoryStore: Block broadcast_5_piece231 stored as bytes in memory (estimated size 4.0 MB, free 2.7 GB)
17/03/23 15:13:10 INFO storage.MemoryStore: Block broadcast_5_piece37 stored as bytes in memory (estimated size 4.0 MB, free 2.7 GB)
17/03/23 15:13:10 INFO storage.MemoryStore: Block broadcast_5_piece200 stored as bytes in memory (estimated size 4.0 MB, free 2.7 GB)
17/03/23 15:13:10 INFO storage.MemoryStore: Block broadcast_5_piece24 stored as bytes in memory (estimated size 4.0 MB, free 2.7 GB)
17/03/23 15:13:10 INFO storage.MemoryStore: Block broadcast_5_piece3 stored as bytes in memory (estimated size 4.0 MB, free 2.7 GB)
17/03/23 15:13:10 INFO storage.MemoryStore: Block broadcast_5_piece279 stored as bytes in memory (estimated size 4.0 MB, free 2.7 GB)
17/03/23 15:13:10 INFO storage.MemoryStore: Block broadcast_5_piece120 stored as bytes in memory (estimated size 4.0 MB, free 2.7 GB)
17/03/23 15:13:10 INFO storage.MemoryStore: Block broadcast_5_piece155 stored as bytes in memory (estimated size 4.0 MB, free 2.7 GB)
17/03/23 15:13:10 INFO storage.MemoryStore: Block broadcast_5_piece312 stored as bytes in memory (estimated size 4.0 MB, free 2.7 GB)
17/03/23 15:13:10 INFO storage.MemoryStore: Block broadcast_5_piece144 stored as bytes in memory (estimated size 4.0 MB, free 2.7 GB)
17/03/23 15:13:10 INFO storage.MemoryStore: Block broadcast_5_piece107 stored as bytes in memory (estimated size 4.0 MB, free 2.7 GB)
17/03/23 15:13:10 INFO broadcast.TorrentBroadcast: Reading broadcast variable 5 took 5736 ms
17/03/23 15:13:28 INFO storage.MemoryStore: Block broadcast_5 stored as values in memory (estimated size 384.0 B, free 2.7 GB)
17/03/23 15:13:29 INFO broadcast.TorrentBroadcast: Started reading broadcast variable 2
17/03/23 15:13:29 INFO storage.MemoryStore: Block broadcast_2_piece0 stored as bytes in memory (estimated size 92.0 B, free 2.7 GB)
17/03/23 15:13:29 INFO broadcast.TorrentBroadcast: Reading broadcast variable 2 took 7 ms
17/03/23 15:13:29 INFO storage.MemoryStore: Block broadcast_2 stored as values in memory (estimated size 384.0 B, free 2.7 GB)
17/03/23 15:13:29 INFO broadcast.TorrentBroadcast: Started reading broadcast variable 4
17/03/23 15:13:29 INFO storage.MemoryStore: Block broadcast_4_piece315 stored as bytes in memory (estimated size 4.0 MB, free 2.7 GB)
17/03/23 15:13:29 INFO storage.MemoryStore: Block broadcast_4_piece329 stored as bytes in memory (estimated size 4.0 MB, free 2.7 GB)
17/03/23 15:13:29 INFO storage.MemoryStore: Block broadcast_4_piece325 stored as bytes in memory (estimated size 4.0 MB, free 2.8 GB)
17/03/23 15:13:29 INFO storage.MemoryStore: Block broadcast_4_piece55 stored as bytes in memory (estimated size 4.0 MB, free 2.8 GB)
17/03/23 15:13:29 INFO storage.MemoryStore: Block broadcast_4_piece66 stored as bytes in memory (estimated size 4.0 MB, free 2.8 GB)
17/03/23 15:13:30 INFO storage.MemoryStore: Block broadcast_4_piece56 stored as bytes in memory (estimated size 4.0 MB, free 2.8 GB)
17/03/23 15:13:30 INFO storage.MemoryStore: Block broadcast_4_piece194 stored as bytes in memory (estimated size 4.0 MB, free 2.8 GB)
17/03/23 15:13:30 INFO storage.MemoryStore: Block broadcast_4_piece171 stored as bytes in memory (estimated size 4.0 MB, free 2.8 GB)
17/03/23 15:13:30 INFO storage.MemoryStore: Block broadcast_4_piece296 stored as bytes in memory (estimated size 4.0 MB, free 2.8 GB)
17/03/23 15:13:30 INFO storage.MemoryStore: Block broadcast_4_piece283 stored as bytes in memory (estimated size 4.0 MB, free 2.8 GB)
17/03/23 15:13:30 INFO storage.MemoryStore: Block broadcast_4_piece152 stored as bytes in memory (estimated size 4.0 MB, free 2.8 GB)
17/03/23 15:13:30 INFO storage.MemoryStore: Block broadcast_4_piece305 stored as bytes in memory (estimated size 4.0 MB, free 2.8 GB)
17/03/23 15:13:30 INFO storage.MemoryStore: Block broadcast_4_piece14 stored as bytes in memory (estimated size 4.0 MB, free 2.8 GB)
17/03/23 15:13:30 INFO storage.MemoryStore: Block broadcast_4_piece277 stored as bytes in memory (estimated size 4.0 MB, free 2.8 GB)
17/03/23 15:13:30 INFO storage.MemoryStore: Block broadcast_4_piece39 stored as bytes in memory (estimated size 4.0 MB, free 2.8 GB)
17/03/23 15:13:30 INFO storage.MemoryStore: Block broadcast_4_piece264 stored as bytes in memory (estimated size 4.0 MB, free 2.8 GB)
17/03/23 15:13:30 INFO storage.MemoryStore: Block broadcast_4_piece292 stored as bytes in memory (estimated size 4.0 MB, free 2.8 GB)
17/03/23 15:13:30 INFO storage.MemoryStore: Block broadcast_4_piece132 stored as bytes in memory (estimated size 4.0 MB, free 2.8 GB)
17/03/23 15:13:30 INFO storage.MemoryStore: Block broadcast_4_piece279 stored as bytes in memory (estimated size 4.0 MB, free 2.8 GB)
17/03/23 15:13:30 INFO storage.MemoryStore: Block broadcast_4_piece235 stored as bytes in memory (estimated size 4.0 MB, free 2.8 GB)
17/03/23 15:13:30 INFO storage.MemoryStore: Block broadcast_4_piece306 stored as bytes in memory (estimated size 4.0 MB, free 2.8 GB)
17/03/23 15:13:30 INFO storage.MemoryStore: Block broadcast_4_piece149 stored as bytes in memory (estimated size 4.0 MB, free 2.8 GB)
17/03/23 15:13:30 INFO storage.MemoryStore: Block broadcast_4_piece191 stored as bytes in memory (estimated size 4.0 MB, free 2.8 GB)
17/03/23 15:13:30 INFO storage.MemoryStore: Block broadcast_4_piece120 stored as bytes in memory (estimated size 4.0 MB, free 2.8 GB)
17/03/23 15:13:30 INFO storage.MemoryStore: Block broadcast_4_piece266 stored as bytes in memory (estimated size 4.0 MB, free 2.8 GB)
17/03/23 15:13:30 INFO storage.MemoryStore: Block broadcast_4_piece128 stored as bytes in memory (estimated size 4.0 MB, free 2.8 GB)
17/03/23 15:13:30 INFO storage.MemoryStore: Block broadcast_4_piece317 stored as bytes in memory (estimated size 4.0 MB, free 2.8 GB)
17/03/23 15:13:30 INFO storage.MemoryStore: Block broadcast_4_piece163 stored as bytes in memory (estimated size 4.0 MB, free 2.8 GB)
17/03/23 15:13:30 INFO storage.MemoryStore: Block broadcast_4_piece0 stored as bytes in memory (estimated size 4.0 MB, free 2.9 GB)
17/03/23 15:13:30 INFO storage.MemoryStore: Block broadcast_4_piece78 stored as bytes in memory (estimated size 4.0 MB, free 2.9 GB)
17/03/23 15:13:30 INFO storage.MemoryStore: Block broadcast_4_piece75 stored as bytes in memory (estimated size 4.0 MB, free 2.9 GB)
17/03/23 15:13:30 INFO storage.MemoryStore: Block broadcast_4_piece185 stored as bytes in memory (estimated size 4.0 MB, free 2.9 GB)
17/03/23 15:13:30 INFO storage.MemoryStore: Block broadcast_4_piece129 stored as bytes in memory (estimated size 4.0 MB, free 2.9 GB)
17/03/23 15:13:30 INFO storage.MemoryStore: Block broadcast_4_piece297 stored as bytes in memory (estimated size 4.0 MB, free 2.9 GB)
17/03/23 15:13:30 INFO storage.MemoryStore: Block broadcast_4_piece234 stored as bytes in memory (estimated size 4.0 MB, free 2.9 GB)
17/03/23 15:13:30 INFO storage.MemoryStore: Block broadcast_4_piece161 stored as bytes in memory (estimated size 4.0 MB, free 2.9 GB)
17/03/23 15:13:30 INFO storage.MemoryStore: Block broadcast_4_piece225 stored as bytes in memory (estimated size 4.0 MB, free 2.9 GB)
17/03/23 15:13:30 INFO storage.MemoryStore: Block broadcast_4_piece141 stored as bytes in memory (estimated size 4.0 MB, free 2.9 GB)
17/03/23 15:13:30 INFO storage.MemoryStore: Block broadcast_4_piece318 stored as bytes in memory (estimated size 4.0 MB, free 2.9 GB)
17/03/23 15:13:30 INFO storage.MemoryStore: Block broadcast_4_piece62 stored as bytes in memory (estimated size 4.0 MB, free 2.9 GB)
17/03/23 15:13:30 INFO storage.MemoryStore: Block broadcast_4_piece70 stored as bytes in memory (estimated size 4.0 MB, free 2.9 GB)
17/03/23 15:13:30 INFO storage.MemoryStore: Block broadcast_4_piece202 stored as bytes in memory (estimated size 4.0 MB, free 2.9 GB)
17/03/23 15:13:30 INFO storage.MemoryStore: Block broadcast_4_piece303 stored as bytes in memory (estimated size 4.0 MB, free 2.9 GB)
17/03/23 15:13:30 INFO storage.MemoryStore: Block broadcast_4_piece154 stored as bytes in memory (estimated size 4.0 MB, free 2.9 GB)
17/03/23 15:13:30 INFO storage.MemoryStore: Block broadcast_4_piece241 stored as bytes in memory (estimated size 4.0 MB, free 2.9 GB)
17/03/23 15:13:30 INFO storage.MemoryStore: Block broadcast_4_piece321 stored as bytes in memory (estimated size 4.0 MB, free 2.9 GB)
17/03/23 15:13:31 INFO storage.MemoryStore: Block broadcast_4_piece238 stored as bytes in memory (estimated size 4.0 MB, free 2.9 GB)
17/03/23 15:13:31 INFO storage.MemoryStore: Block broadcast_4_piece123 stored as bytes in memory (estimated size 4.0 MB, free 2.9 GB)
17/03/23 15:13:31 INFO storage.MemoryStore: Block broadcast_4_piece257 stored as bytes in memory (estimated size 4.0 MB, free 2.9 GB)
17/03/23 15:13:31 INFO storage.MemoryStore: Block broadcast_4_piece240 stored as bytes in memory (estimated size 4.0 MB, free 2.9 GB)
17/03/23 15:13:31 INFO storage.MemoryStore: Block broadcast_4_piece43 stored as bytes in memory (estimated size 4.0 MB, free 2.9 GB)
17/03/23 15:13:31 INFO storage.MemoryStore: Block broadcast_4_piece8 stored as bytes in memory (estimated size 4.0 MB, free 2.9 GB)
17/03/23 15:13:31 INFO storage.MemoryStore: Block broadcast_4_piece91 stored as bytes in memory (estimated size 4.0 MB, free 2.9 GB)
17/03/23 15:13:31 INFO storage.MemoryStore: Block broadcast_4_piece100 stored as bytes in memory (estimated size 4.0 MB, free 3.0 GB)
17/03/23 15:13:31 INFO storage.MemoryStore: Block broadcast_4_piece29 stored as bytes in memory (estimated size 4.0 MB, free 3.0 GB)
17/03/23 15:13:31 INFO storage.MemoryStore: Block broadcast_4_piece247 stored as bytes in memory (estimated size 4.0 MB, free 3.0 GB)
17/03/23 15:13:31 INFO storage.MemoryStore: Block broadcast_4_piece307 stored as bytes in memory (estimated size 4.0 MB, free 3.0 GB)
17/03/23 15:13:31 INFO storage.MemoryStore: Block broadcast_4_piece267 stored as bytes in memory (estimated size 4.0 MB, free 3.0 GB)
17/03/23 15:13:31 INFO storage.MemoryStore: Block broadcast_4_piece184 stored as bytes in memory (estimated size 4.0 MB, free 3.0 GB)
17/03/23 15:13:31 INFO storage.MemoryStore: Block broadcast_4_piece250 stored as bytes in memory (estimated size 4.0 MB, free 3.0 GB)
17/03/23 15:13:31 INFO storage.MemoryStore: Block broadcast_4_piece182 stored as bytes in memory (estimated size 4.0 MB, free 3.0 GB)
17/03/23 15:13:31 INFO storage.MemoryStore: Block broadcast_4_piece86 stored as bytes in memory (estimated size 4.0 MB, free 3.0 GB)
17/03/23 15:13:31 INFO storage.MemoryStore: Block broadcast_4_piece159 stored as bytes in memory (estimated size 4.0 MB, free 3.0 GB)
17/03/23 15:13:31 INFO storage.MemoryStore: Block broadcast_4_piece265 stored as bytes in memory (estimated size 4.0 MB, free 3.0 GB)
17/03/23 15:13:31 INFO storage.MemoryStore: Block broadcast_4_piece220 stored as bytes in memory (estimated size 4.0 MB, free 3.0 GB)
17/03/23 15:13:31 INFO storage.MemoryStore: Block broadcast_4_piece206 stored as bytes in memory (estimated size 4.0 MB, free 3.0 GB)
17/03/23 15:13:31 INFO storage.MemoryStore: Block broadcast_4_piece38 stored as bytes in memory (estimated size 4.0 MB, free 3.0 GB)
17/03/23 15:13:31 INFO storage.MemoryStore: Block broadcast_4_piece138 stored as bytes in memory (estimated size 4.0 MB, free 3.0 GB)
17/03/23 15:13:31 INFO storage.MemoryStore: Block broadcast_4_piece83 stored as bytes in memory (estimated size 4.0 MB, free 3.0 GB)
17/03/23 15:13:31 INFO storage.MemoryStore: Block broadcast_4_piece302 stored as bytes in memory (estimated size 4.0 MB, free 3.0 GB)
17/03/23 15:13:31 INFO storage.MemoryStore: Block broadcast_4_piece285 stored as bytes in memory (estimated size 4.0 MB, free 3.0 GB)
17/03/23 15:13:31 INFO storage.MemoryStore: Block broadcast_4_piece96 stored as bytes in memory (estimated size 4.0 MB, free 3.0 GB)
17/03/23 15:13:31 INFO storage.MemoryStore: Block broadcast_4_piece271 stored as bytes in memory (estimated size 4.0 MB, free 3.0 GB)
17/03/23 15:13:31 INFO storage.MemoryStore: Block broadcast_4_piece200 stored as bytes in memory (estimated size 4.0 MB, free 3.0 GB)
17/03/23 15:13:31 INFO storage.MemoryStore: Block broadcast_4_piece15 stored as bytes in memory (estimated size 4.0 MB, free 3.0 GB)
17/03/23 15:13:31 INFO storage.MemoryStore: Block broadcast_4_piece54 stored as bytes in memory (estimated size 4.0 MB, free 3.0 GB)
17/03/23 15:13:31 INFO storage.MemoryStore: Block broadcast_4_piece290 stored as bytes in memory (estimated size 4.0 MB, free 3.0 GB)
17/03/23 15:13:31 INFO storage.MemoryStore: Block broadcast_4_piece162 stored as bytes in memory (estimated size 4.0 MB, free 3.0 GB)
17/03/23 15:13:31 INFO storage.MemoryStore: Block broadcast_4_piece214 stored as bytes in memory (estimated size 4.0 MB, free 3.0 GB)
17/03/23 15:13:31 INFO storage.MemoryStore: Block broadcast_4_piece36 stored as bytes in memory (estimated size 4.0 MB, free 3.1 GB)
17/03/23 15:13:31 INFO storage.MemoryStore: Block broadcast_4_piece278 stored as bytes in memory (estimated size 4.0 MB, free 3.1 GB)
17/03/23 15:13:31 INFO storage.MemoryStore: Block broadcast_4_piece57 stored as bytes in memory (estimated size 4.0 MB, free 3.1 GB)
17/03/23 15:13:31 INFO storage.MemoryStore: Block broadcast_4_piece37 stored as bytes in memory (estimated size 4.0 MB, free 3.1 GB)
17/03/23 15:13:31 INFO storage.MemoryStore: Block broadcast_4_piece122 stored as bytes in memory (estimated size 4.0 MB, free 3.1 GB)
17/03/23 15:13:31 INFO storage.MemoryStore: Block broadcast_4_piece76 stored as bytes in memory (estimated size 4.0 MB, free 3.1 GB)
17/03/23 15:13:31 INFO storage.MemoryStore: Block broadcast_4_piece6 stored as bytes in memory (estimated size 4.0 MB, free 3.1 GB)
17/03/23 15:13:31 INFO storage.MemoryStore: Block broadcast_4_piece269 stored as bytes in memory (estimated size 4.0 MB, free 3.1 GB)
17/03/23 15:13:31 INFO storage.MemoryStore: Block broadcast_4_piece84 stored as bytes in memory (estimated size 4.0 MB, free 3.1 GB)
17/03/23 15:13:31 INFO storage.MemoryStore: Block broadcast_4_piece164 stored as bytes in memory (estimated size 4.0 MB, free 3.1 GB)
17/03/23 15:13:31 INFO storage.MemoryStore: Block broadcast_4_piece244 stored as bytes in memory (estimated size 4.0 MB, free 3.1 GB)
17/03/23 15:13:31 INFO storage.MemoryStore: Block broadcast_4_piece67 stored as bytes in memory (estimated size 4.0 MB, free 3.1 GB)
17/03/23 15:13:31 INFO storage.MemoryStore: Block broadcast_4_piece260 stored as bytes in memory (estimated size 4.0 MB, free 3.1 GB)
17/03/23 15:13:31 INFO storage.MemoryStore: Block broadcast_4_piece101 stored as bytes in memory (estimated size 4.0 MB, free 3.1 GB)
17/03/23 15:13:31 INFO storage.MemoryStore: Block broadcast_4_piece143 stored as bytes in memory (estimated size 4.0 MB, free 3.1 GB)
17/03/23 15:13:31 INFO storage.MemoryStore: Block broadcast_4_piece103 stored as bytes in memory (estimated size 4.0 MB, free 3.1 GB)
17/03/23 15:13:31 INFO storage.MemoryStore: Block broadcast_4_piece110 stored as bytes in memory (estimated size 4.0 MB, free 3.1 GB)
17/03/23 15:13:31 INFO storage.MemoryStore: Block broadcast_4_piece73 stored as bytes in memory (estimated size 4.0 MB, free 3.1 GB)
17/03/23 15:13:31 INFO storage.MemoryStore: Block broadcast_4_piece300 stored as bytes in memory (estimated size 4.0 MB, free 3.1 GB)
17/03/23 15:13:31 INFO storage.MemoryStore: Block broadcast_4_piece24 stored as bytes in memory (estimated size 4.0 MB, free 3.1 GB)
17/03/23 15:13:31 INFO storage.MemoryStore: Block broadcast_4_piece130 stored as bytes in memory (estimated size 4.0 MB, free 3.1 GB)
17/03/23 15:13:31 INFO storage.MemoryStore: Block broadcast_4_piece99 stored as bytes in memory (estimated size 4.0 MB, free 3.1 GB)
17/03/23 15:13:31 INFO storage.MemoryStore: Block broadcast_4_piece175 stored as bytes in memory (estimated size 4.0 MB, free 3.1 GB)
17/03/23 15:13:31 INFO storage.MemoryStore: Block broadcast_4_piece153 stored as bytes in memory (estimated size 4.0 MB, free 3.1 GB)
17/03/23 15:13:31 INFO storage.MemoryStore: Block broadcast_4_piece26 stored as bytes in memory (estimated size 4.0 MB, free 3.1 GB)
17/03/23 15:13:31 INFO storage.MemoryStore: Block broadcast_4_piece308 stored as bytes in memory (estimated size 4.0 MB, free 3.2 GB)
17/03/23 15:13:31 INFO storage.MemoryStore: Block broadcast_4_piece42 stored as bytes in memory (estimated size 4.0 MB, free 3.2 GB)
17/03/23 15:13:31 INFO storage.MemoryStore: Block broadcast_4_piece69 stored as bytes in memory (estimated size 4.0 MB, free 3.2 GB)
17/03/23 15:13:31 INFO storage.MemoryStore: Block broadcast_4_piece48 stored as bytes in memory (estimated size 4.0 MB, free 3.2 GB)
17/03/23 15:13:31 INFO storage.MemoryStore: Block broadcast_4_piece298 stored as bytes in memory (estimated size 4.0 MB, free 3.2 GB)
17/03/23 15:13:31 INFO storage.MemoryStore: Block broadcast_4_piece115 stored as bytes in memory (estimated size 4.0 MB, free 3.2 GB)
17/03/23 15:13:31 INFO storage.MemoryStore: Block broadcast_4_piece313 stored as bytes in memory (estimated size 4.0 MB, free 3.2 GB)
17/03/23 15:13:31 INFO storage.MemoryStore: Block broadcast_4_piece167 stored as bytes in memory (estimated size 4.0 MB, free 3.2 GB)
17/03/23 15:13:31 INFO storage.MemoryStore: Block broadcast_4_piece286 stored as bytes in memory (estimated size 4.0 MB, free 3.2 GB)
17/03/23 15:13:31 INFO storage.MemoryStore: Block broadcast_4_piece89 stored as bytes in memory (estimated size 4.0 MB, free 3.2 GB)
17/03/23 15:13:31 INFO storage.MemoryStore: Block broadcast_4_piece190 stored as bytes in memory (estimated size 4.0 MB, free 3.2 GB)
17/03/23 15:13:31 INFO storage.MemoryStore: Block broadcast_4_piece90 stored as bytes in memory (estimated size 4.0 MB, free 3.2 GB)
17/03/23 15:13:31 INFO storage.MemoryStore: Block broadcast_4_piece213 stored as bytes in memory (estimated size 4.0 MB, free 3.2 GB)
17/03/23 15:13:31 INFO storage.MemoryStore: Block broadcast_4_piece30 stored as bytes in memory (estimated size 4.0 MB, free 3.2 GB)
17/03/23 15:13:31 INFO storage.MemoryStore: Block broadcast_4_piece28 stored as bytes in memory (estimated size 4.0 MB, free 3.2 GB)
17/03/23 15:13:31 INFO storage.MemoryStore: Block broadcast_4_piece328 stored as bytes in memory (estimated size 4.0 MB, free 3.2 GB)
17/03/23 15:13:32 INFO storage.MemoryStore: Block broadcast_4_piece127 stored as bytes in memory (estimated size 4.0 MB, free 3.2 GB)
17/03/23 15:13:32 INFO storage.MemoryStore: Block broadcast_4_piece289 stored as bytes in memory (estimated size 4.0 MB, free 3.2 GB)
17/03/23 15:13:32 INFO storage.MemoryStore: Block broadcast_4_piece7 stored as bytes in memory (estimated size 4.0 MB, free 3.2 GB)
17/03/23 15:13:32 INFO storage.MemoryStore: Block broadcast_4_piece176 stored as bytes in memory (estimated size 4.0 MB, free 3.2 GB)
17/03/23 15:13:32 INFO storage.MemoryStore: Block broadcast_4_piece293 stored as bytes in memory (estimated size 4.0 MB, free 3.2 GB)
17/03/23 15:13:32 INFO storage.MemoryStore: Block broadcast_4_piece334 stored as bytes in memory (estimated size 4.0 MB, free 3.2 GB)
17/03/23 15:13:32 INFO storage.MemoryStore: Block broadcast_4_piece195 stored as bytes in memory (estimated size 4.0 MB, free 3.2 GB)
17/03/23 15:13:32 INFO storage.MemoryStore: Block broadcast_4_piece288 stored as bytes in memory (estimated size 4.0 MB, free 3.2 GB)
17/03/23 15:13:32 INFO storage.MemoryStore: Block broadcast_4_piece227 stored as bytes in memory (estimated size 4.0 MB, free 3.2 GB)
17/03/23 15:13:32 INFO storage.MemoryStore: Block broadcast_4_piece148 stored as bytes in memory (estimated size 4.0 MB, free 3.2 GB)
17/03/23 15:13:32 INFO storage.MemoryStore: Block broadcast_4_piece345 stored as bytes in memory (estimated size 4.0 MB, free 3.3 GB)
17/03/23 15:13:32 INFO storage.MemoryStore: Block broadcast_4_piece45 stored as bytes in memory (estimated size 4.0 MB, free 3.3 GB)
17/03/23 15:13:32 INFO storage.MemoryStore: Block broadcast_4_piece218 stored as bytes in memory (estimated size 4.0 MB, free 3.3 GB)
17/03/23 15:13:32 INFO storage.MemoryStore: Block broadcast_4_piece125 stored as bytes in memory (estimated size 4.0 MB, free 3.3 GB)
17/03/23 15:13:32 INFO storage.MemoryStore: Block broadcast_4_piece339 stored as bytes in memory (estimated size 4.0 MB, free 3.3 GB)
17/03/23 15:13:32 INFO storage.MemoryStore: Block broadcast_4_piece172 stored as bytes in memory (estimated size 4.0 MB, free 3.3 GB)
17/03/23 15:13:32 INFO storage.MemoryStore: Block broadcast_4_piece134 stored as bytes in memory (estimated size 4.0 MB, free 3.3 GB)
17/03/23 15:13:32 INFO storage.MemoryStore: Block broadcast_4_piece181 stored as bytes in memory (estimated size 4.0 MB, free 3.3 GB)
17/03/23 15:13:32 INFO storage.MemoryStore: Block broadcast_4_piece196 stored as bytes in memory (estimated size 4.0 MB, free 3.3 GB)
17/03/23 15:13:32 INFO storage.MemoryStore: Block broadcast_4_piece61 stored as bytes in memory (estimated size 4.0 MB, free 3.3 GB)
17/03/23 15:13:32 INFO storage.MemoryStore: Block broadcast_4_piece332 stored as bytes in memory (estimated size 4.0 MB, free 3.3 GB)
17/03/23 15:13:32 INFO storage.MemoryStore: Block broadcast_4_piece180 stored as bytes in memory (estimated size 4.0 MB, free 3.3 GB)
17/03/23 15:13:32 INFO storage.MemoryStore: Block broadcast_4_piece117 stored as bytes in memory (estimated size 4.0 MB, free 3.3 GB)
17/03/23 15:13:32 INFO storage.MemoryStore: Block broadcast_4_piece310 stored as bytes in memory (estimated size 4.0 MB, free 3.3 GB)
17/03/23 15:13:32 INFO storage.MemoryStore: Block broadcast_4_piece166 stored as bytes in memory (estimated size 4.0 MB, free 3.3 GB)
17/03/23 15:13:32 INFO storage.MemoryStore: Block broadcast_4_piece168 stored as bytes in memory (estimated size 4.0 MB, free 3.3 GB)
17/03/23 15:13:32 INFO storage.MemoryStore: Block broadcast_4_piece224 stored as bytes in memory (estimated size 4.0 MB, free 3.3 GB)
17/03/23 15:13:32 INFO storage.MemoryStore: Block broadcast_4_piece188 stored as bytes in memory (estimated size 4.0 MB, free 3.3 GB)
17/03/23 15:13:32 INFO storage.MemoryStore: Block broadcast_4_piece173 stored as bytes in memory (estimated size 4.0 MB, free 3.3 GB)
17/03/23 15:13:32 INFO storage.MemoryStore: Block broadcast_4_piece81 stored as bytes in memory (estimated size 4.0 MB, free 3.3 GB)
17/03/23 15:13:32 INFO storage.MemoryStore: Block broadcast_4_piece287 stored as bytes in memory (estimated size 4.0 MB, free 3.3 GB)
17/03/23 15:13:32 INFO storage.MemoryStore: Block broadcast_4_piece340 stored as bytes in memory (estimated size 4.0 MB, free 3.3 GB)
17/03/23 15:13:32 INFO storage.MemoryStore: Block broadcast_4_piece80 stored as bytes in memory (estimated size 4.0 MB, free 3.3 GB)
17/03/23 15:13:32 INFO storage.MemoryStore: Block broadcast_4_piece124 stored as bytes in memory (estimated size 4.0 MB, free 3.3 GB)
17/03/23 15:13:32 INFO storage.MemoryStore: Block broadcast_4_piece170 stored as bytes in memory (estimated size 4.0 MB, free 3.3 GB)
17/03/23 15:13:32 INFO storage.MemoryStore: Block broadcast_4_piece258 stored as bytes in memory (estimated size 4.0 MB, free 3.3 GB)
17/03/23 15:13:32 INFO storage.MemoryStore: Block broadcast_4_piece193 stored as bytes in memory (estimated size 4.0 MB, free 3.4 GB)
17/03/23 15:13:33 INFO storage.MemoryStore: Block broadcast_4_piece252 stored as bytes in memory (estimated size 4.0 MB, free 3.4 GB)
17/03/23 15:13:33 INFO storage.MemoryStore: Block broadcast_4_piece236 stored as bytes in memory (estimated size 4.0 MB, free 3.4 GB)
17/03/23 15:13:33 INFO storage.MemoryStore: Block broadcast_4_piece221 stored as bytes in memory (estimated size 4.0 MB, free 3.4 GB)
17/03/23 15:13:33 INFO storage.MemoryStore: Block broadcast_4_piece25 stored as bytes in memory (estimated size 4.0 MB, free 3.4 GB)
17/03/23 15:13:33 INFO storage.MemoryStore: Block broadcast_4_piece114 stored as bytes in memory (estimated size 4.0 MB, free 3.4 GB)
17/03/23 15:13:33 INFO storage.MemoryStore: Block broadcast_4_piece155 stored as bytes in memory (estimated size 4.0 MB, free 3.4 GB)
17/03/23 15:13:33 INFO storage.MemoryStore: Block broadcast_4_piece274 stored as bytes in memory (estimated size 4.0 MB, free 3.4 GB)
17/03/23 15:13:33 INFO storage.MemoryStore: Block broadcast_4_piece16 stored as bytes in memory (estimated size 4.0 MB, free 3.4 GB)
17/03/23 15:13:33 INFO storage.MemoryStore: Block broadcast_4_piece229 stored as bytes in memory (estimated size 4.0 MB, free 3.4 GB)
17/03/23 15:13:33 INFO storage.MemoryStore: Block broadcast_4_piece189 stored as bytes in memory (estimated size 4.0 MB, free 3.4 GB)
17/03/23 15:13:33 INFO storage.MemoryStore: Block broadcast_4_piece178 stored as bytes in memory (estimated size 4.0 MB, free 3.4 GB)
17/03/23 15:13:33 INFO storage.MemoryStore: Block broadcast_4_piece294 stored as bytes in memory (estimated size 4.0 MB, free 3.4 GB)
17/03/23 15:13:33 INFO storage.MemoryStore: Block broadcast_4_piece2 stored as bytes in memory (estimated size 4.0 MB, free 3.4 GB)
17/03/23 15:13:33 INFO storage.MemoryStore: Block broadcast_4_piece253 stored as bytes in memory (estimated size 4.0 MB, free 3.4 GB)
17/03/23 15:13:33 INFO storage.MemoryStore: Block broadcast_4_piece71 stored as bytes in memory (estimated size 4.0 MB, free 3.4 GB)
17/03/23 15:13:33 INFO storage.MemoryStore: Block broadcast_4_piece33 stored as bytes in memory (estimated size 4.0 MB, free 3.4 GB)
17/03/23 15:13:33 INFO storage.MemoryStore: Block broadcast_4_piece17 stored as bytes in memory (estimated size 4.0 MB, free 3.4 GB)
17/03/23 15:13:33 INFO storage.MemoryStore: Block broadcast_4_piece228 stored as bytes in memory (estimated size 4.0 MB, free 3.4 GB)
17/03/23 15:13:33 INFO storage.MemoryStore: Block broadcast_4_piece304 stored as bytes in memory (estimated size 4.0 MB, free 3.4 GB)
17/03/23 15:13:33 INFO storage.MemoryStore: Block broadcast_4_piece136 stored as bytes in memory (estimated size 4.0 MB, free 3.4 GB)
17/03/23 15:13:33 INFO storage.MemoryStore: Block broadcast_4_piece9 stored as bytes in memory (estimated size 4.0 MB, free 3.4 GB)
17/03/23 15:13:33 INFO storage.MemoryStore: Block broadcast_4_piece186 stored as bytes in memory (estimated size 4.0 MB, free 3.4 GB)
17/03/23 15:13:33 INFO storage.MemoryStore: Block broadcast_4_piece209 stored as bytes in memory (estimated size 4.0 MB, free 3.4 GB)
17/03/23 15:13:33 INFO storage.MemoryStore: Block broadcast_4_piece65 stored as bytes in memory (estimated size 4.0 MB, free 3.4 GB)
17/03/23 15:13:33 INFO storage.MemoryStore: Block broadcast_4_piece97 stored as bytes in memory (estimated size 4.0 MB, free 3.5 GB)
17/03/23 15:13:33 INFO storage.MemoryStore: Block broadcast_4_piece52 stored as bytes in memory (estimated size 4.0 MB, free 3.5 GB)
17/03/23 15:13:33 INFO storage.MemoryStore: Block broadcast_4_piece273 stored as bytes in memory (estimated size 4.0 MB, free 3.5 GB)
17/03/23 15:13:33 INFO storage.MemoryStore: Block broadcast_4_piece243 stored as bytes in memory (estimated size 4.0 MB, free 3.5 GB)
17/03/23 15:13:33 INFO storage.MemoryStore: Block broadcast_4_piece327 stored as bytes in memory (estimated size 4.0 MB, free 3.5 GB)
17/03/23 15:13:33 INFO storage.MemoryStore: Block broadcast_4_piece5 stored as bytes in memory (estimated size 4.0 MB, free 3.5 GB)
17/03/23 15:13:33 INFO storage.MemoryStore: Block broadcast_4_piece95 stored as bytes in memory (estimated size 4.0 MB, free 3.5 GB)
17/03/23 15:13:33 INFO storage.MemoryStore: Block broadcast_4_piece147 stored as bytes in memory (estimated size 4.0 MB, free 3.5 GB)
17/03/23 15:13:33 INFO storage.MemoryStore: Block broadcast_4_piece119 stored as bytes in memory (estimated size 4.0 MB, free 3.5 GB)
17/03/23 15:13:33 INFO storage.MemoryStore: Block broadcast_4_piece223 stored as bytes in memory (estimated size 4.0 MB, free 3.5 GB)
17/03/23 15:13:33 INFO storage.MemoryStore: Block broadcast_4_piece144 stored as bytes in memory (estimated size 4.0 MB, free 3.5 GB)
17/03/23 15:13:33 INFO storage.MemoryStore: Block broadcast_4_piece64 stored as bytes in memory (estimated size 4.0 MB, free 3.5 GB)
17/03/23 15:13:33 INFO storage.MemoryStore: Block broadcast_4_piece211 stored as bytes in memory (estimated size 4.0 MB, free 3.5 GB)
17/03/23 15:13:33 INFO storage.MemoryStore: Block broadcast_4_piece82 stored as bytes in memory (estimated size 4.0 MB, free 3.5 GB)
17/03/23 15:13:33 INFO storage.MemoryStore: Block broadcast_4_piece3 stored as bytes in memory (estimated size 4.0 MB, free 3.5 GB)
17/03/23 15:13:33 INFO storage.MemoryStore: Block broadcast_4_piece121 stored as bytes in memory (estimated size 4.0 MB, free 3.5 GB)
17/03/23 15:13:33 INFO storage.MemoryStore: Block broadcast_4_piece169 stored as bytes in memory (estimated size 4.0 MB, free 3.5 GB)
17/03/23 15:13:33 INFO storage.MemoryStore: Block broadcast_4_piece51 stored as bytes in memory (estimated size 4.0 MB, free 3.5 GB)
17/03/23 15:13:33 INFO storage.MemoryStore: Block broadcast_4_piece204 stored as bytes in memory (estimated size 4.0 MB, free 3.5 GB)
17/03/23 15:13:33 INFO storage.MemoryStore: Block broadcast_4_piece276 stored as bytes in memory (estimated size 4.0 MB, free 3.5 GB)
17/03/23 15:13:33 INFO storage.MemoryStore: Block broadcast_4_piece248 stored as bytes in memory (estimated size 4.0 MB, free 3.5 GB)
17/03/23 15:13:33 INFO storage.MemoryStore: Block broadcast_4_piece146 stored as bytes in memory (estimated size 4.0 MB, free 3.5 GB)
17/03/23 15:13:33 INFO storage.MemoryStore: Block broadcast_4_piece291 stored as bytes in memory (estimated size 4.0 MB, free 3.5 GB)
17/03/23 15:13:33 INFO storage.MemoryStore: Block broadcast_4_piece275 stored as bytes in memory (estimated size 4.0 MB, free 3.5 GB)
17/03/23 15:13:33 INFO storage.MemoryStore: Block broadcast_4_piece343 stored as bytes in memory (estimated size 4.0 MB, free 3.5 GB)
17/03/23 15:13:33 INFO storage.MemoryStore: Block broadcast_4_piece251 stored as bytes in memory (estimated size 4.0 MB, free 3.5 GB)
17/03/23 15:13:33 INFO storage.MemoryStore: Block broadcast_4_piece102 stored as bytes in memory (estimated size 4.0 MB, free 3.6 GB)
17/03/23 15:13:33 INFO storage.MemoryStore: Block broadcast_4_piece116 stored as bytes in memory (estimated size 4.0 MB, free 3.6 GB)
17/03/23 15:13:33 INFO storage.MemoryStore: Block broadcast_4_piece53 stored as bytes in memory (estimated size 4.0 MB, free 3.6 GB)
17/03/23 15:13:33 INFO storage.MemoryStore: Block broadcast_4_piece23 stored as bytes in memory (estimated size 4.0 MB, free 3.6 GB)
17/03/23 15:13:33 INFO storage.MemoryStore: Block broadcast_4_piece205 stored as bytes in memory (estimated size 4.0 MB, free 3.6 GB)
17/03/23 15:13:33 INFO storage.MemoryStore: Block broadcast_4_piece282 stored as bytes in memory (estimated size 4.0 MB, free 3.6 GB)
17/03/23 15:13:33 INFO storage.MemoryStore: Block broadcast_4_piece256 stored as bytes in memory (estimated size 4.0 MB, free 3.6 GB)
17/03/23 15:13:33 INFO storage.MemoryStore: Block broadcast_4_piece151 stored as bytes in memory (estimated size 4.0 MB, free 3.6 GB)
17/03/23 15:13:33 INFO storage.MemoryStore: Block broadcast_4_piece330 stored as bytes in memory (estimated size 4.0 MB, free 3.6 GB)
17/03/23 15:13:33 INFO storage.MemoryStore: Block broadcast_4_piece210 stored as bytes in memory (estimated size 4.0 MB, free 3.6 GB)
17/03/23 15:13:33 INFO storage.MemoryStore: Block broadcast_4_piece32 stored as bytes in memory (estimated size 4.0 MB, free 3.6 GB)
17/03/23 15:13:33 INFO storage.MemoryStore: Block broadcast_4_piece207 stored as bytes in memory (estimated size 4.0 MB, free 3.6 GB)
17/03/23 15:13:33 INFO storage.MemoryStore: Block broadcast_4_piece58 stored as bytes in memory (estimated size 4.0 MB, free 3.6 GB)
17/03/23 15:13:33 INFO storage.MemoryStore: Block broadcast_4_piece112 stored as bytes in memory (estimated size 4.0 MB, free 3.6 GB)
17/03/23 15:13:33 INFO storage.MemoryStore: Block broadcast_4_piece19 stored as bytes in memory (estimated size 4.0 MB, free 3.6 GB)
17/03/23 15:13:34 INFO storage.MemoryStore: Block broadcast_4_piece346 stored as bytes in memory (estimated size 4.0 MB, free 3.6 GB)
17/03/23 15:13:34 INFO storage.MemoryStore: Block broadcast_4_piece347 stored as bytes in memory (estimated size 4.0 MB, free 3.6 GB)
17/03/23 15:13:34 INFO storage.MemoryStore: Block broadcast_4_piece198 stored as bytes in memory (estimated size 4.0 MB, free 3.6 GB)
17/03/23 15:13:34 INFO storage.MemoryStore: Block broadcast_4_piece284 stored as bytes in memory (estimated size 4.0 MB, free 3.6 GB)
17/03/23 15:13:34 INFO storage.MemoryStore: Block broadcast_4_piece319 stored as bytes in memory (estimated size 4.0 MB, free 3.6 GB)
17/03/23 15:13:34 INFO storage.MemoryStore: Block broadcast_4_piece331 stored as bytes in memory (estimated size 4.0 MB, free 3.6 GB)
17/03/23 15:13:34 INFO storage.MemoryStore: Block broadcast_4_piece158 stored as bytes in memory (estimated size 4.0 MB, free 3.6 GB)
17/03/23 15:13:34 INFO storage.MemoryStore: Block broadcast_4_piece27 stored as bytes in memory (estimated size 4.0 MB, free 3.6 GB)
17/03/23 15:13:34 INFO storage.MemoryStore: Block broadcast_4_piece338 stored as bytes in memory (estimated size 4.0 MB, free 3.6 GB)
17/03/23 15:13:34 INFO storage.MemoryStore: Block broadcast_4_piece187 stored as bytes in memory (estimated size 4.0 MB, free 3.6 GB)
17/03/23 15:13:34 INFO storage.MemoryStore: Block broadcast_4_piece177 stored as bytes in memory (estimated size 4.0 MB, free 3.7 GB)
17/03/23 15:13:34 INFO storage.MemoryStore: Block broadcast_4_piece150 stored as bytes in memory (estimated size 4.0 MB, free 3.7 GB)
17/03/23 15:13:34 INFO storage.MemoryStore: Block broadcast_4_piece203 stored as bytes in memory (estimated size 4.0 MB, free 3.7 GB)
17/03/23 15:13:34 INFO storage.MemoryStore: Block broadcast_4_piece31 stored as bytes in memory (estimated size 4.0 MB, free 3.7 GB)
17/03/23 15:13:34 INFO storage.MemoryStore: Block broadcast_4_piece77 stored as bytes in memory (estimated size 4.0 MB, free 3.7 GB)
17/03/23 15:13:34 INFO storage.MemoryStore: Block broadcast_4_piece174 stored as bytes in memory (estimated size 4.0 MB, free 3.7 GB)
17/03/23 15:13:34 INFO storage.MemoryStore: Block broadcast_4_piece183 stored as bytes in memory (estimated size 4.0 MB, free 3.7 GB)
17/03/23 15:13:34 INFO storage.MemoryStore: Block broadcast_4_piece222 stored as bytes in memory (estimated size 4.0 MB, free 3.7 GB)
17/03/23 15:13:34 INFO storage.MemoryStore: Block broadcast_4_piece245 stored as bytes in memory (estimated size 4.0 MB, free 3.7 GB)
17/03/23 15:13:34 INFO storage.MemoryStore: Block broadcast_4_piece98 stored as bytes in memory (estimated size 4.0 MB, free 3.7 GB)
17/03/23 15:13:34 INFO storage.MemoryStore: Block broadcast_4_piece342 stored as bytes in memory (estimated size 4.0 MB, free 3.7 GB)
17/03/23 15:13:34 INFO storage.MemoryStore: Block broadcast_4_piece201 stored as bytes in memory (estimated size 4.0 MB, free 3.7 GB)
17/03/23 15:13:34 INFO storage.MemoryStore: Block broadcast_4_piece326 stored as bytes in memory (estimated size 4.0 MB, free 3.7 GB)
17/03/23 15:13:34 INFO storage.MemoryStore: Block broadcast_4_piece88 stored as bytes in memory (estimated size 4.0 MB, free 3.7 GB)
17/03/23 15:13:34 INFO storage.MemoryStore: Block broadcast_4_piece63 stored as bytes in memory (estimated size 4.0 MB, free 3.7 GB)
17/03/23 15:13:34 INFO storage.MemoryStore: Block broadcast_4_piece350 stored as bytes in memory (estimated size 2.7 MB, free 3.7 GB)
17/03/23 15:13:34 INFO storage.MemoryStore: Block broadcast_4_piece44 stored as bytes in memory (estimated size 4.0 MB, free 3.7 GB)
17/03/23 15:13:34 INFO storage.MemoryStore: Block broadcast_4_piece320 stored as bytes in memory (estimated size 4.0 MB, free 3.7 GB)
17/03/23 15:13:34 INFO storage.MemoryStore: Block broadcast_4_piece217 stored as bytes in memory (estimated size 4.0 MB, free 3.7 GB)
17/03/23 15:13:34 INFO storage.MemoryStore: Block broadcast_4_piece135 stored as bytes in memory (estimated size 4.0 MB, free 3.7 GB)
17/03/23 15:13:34 INFO storage.MemoryStore: Block broadcast_4_piece208 stored as bytes in memory (estimated size 4.0 MB, free 3.7 GB)
17/03/23 15:13:34 INFO storage.MemoryStore: Block broadcast_4_piece18 stored as bytes in memory (estimated size 4.0 MB, free 3.7 GB)
17/03/23 15:13:34 INFO storage.MemoryStore: Block broadcast_4_piece336 stored as bytes in memory (estimated size 4.0 MB, free 3.7 GB)
17/03/23 15:13:34 INFO storage.MemoryStore: Block broadcast_4_piece312 stored as bytes in memory (estimated size 4.0 MB, free 3.7 GB)
17/03/23 15:13:34 INFO storage.MemoryStore: Block broadcast_4_piece199 stored as bytes in memory (estimated size 4.0 MB, free 3.7 GB)
17/03/23 15:13:34 INFO storage.MemoryStore: Block broadcast_4_piece145 stored as bytes in memory (estimated size 4.0 MB, free 3.7 GB)
17/03/23 15:13:34 INFO storage.MemoryStore: Block broadcast_4_piece272 stored as bytes in memory (estimated size 4.0 MB, free 3.8 GB)
17/03/23 15:13:34 INFO storage.MemoryStore: Block broadcast_4_piece93 stored as bytes in memory (estimated size 4.0 MB, free 3.8 GB)
17/03/23 15:13:34 INFO storage.MemoryStore: Block broadcast_4_piece301 stored as bytes in memory (estimated size 4.0 MB, free 3.8 GB)
17/03/23 15:13:34 INFO storage.MemoryStore: Block broadcast_4_piece139 stored as bytes in memory (estimated size 4.0 MB, free 3.8 GB)
17/03/23 15:13:34 INFO storage.MemoryStore: Block broadcast_4_piece105 stored as bytes in memory (estimated size 4.0 MB, free 3.8 GB)
17/03/23 15:13:34 INFO storage.MemoryStore: Block broadcast_4_piece197 stored as bytes in memory (estimated size 4.0 MB, free 3.8 GB)
17/03/23 15:13:34 INFO storage.MemoryStore: Block broadcast_4_piece254 stored as bytes in memory (estimated size 4.0 MB, free 3.8 GB)
17/03/23 15:13:34 INFO storage.MemoryStore: Block broadcast_4_piece280 stored as bytes in memory (estimated size 4.0 MB, free 3.8 GB)
17/03/23 15:13:34 INFO storage.MemoryStore: Block broadcast_4_piece226 stored as bytes in memory (estimated size 4.0 MB, free 3.8 GB)
17/03/23 15:13:34 INFO storage.MemoryStore: Block broadcast_4_piece249 stored as bytes in memory (estimated size 4.0 MB, free 3.8 GB)
17/03/23 15:13:34 INFO storage.MemoryStore: Block broadcast_4_piece316 stored as bytes in memory (estimated size 4.0 MB, free 3.8 GB)
17/03/23 15:13:34 INFO storage.MemoryStore: Block broadcast_4_piece344 stored as bytes in memory (estimated size 4.0 MB, free 3.8 GB)
17/03/23 15:13:34 INFO storage.MemoryStore: Block broadcast_4_piece85 stored as bytes in memory (estimated size 4.0 MB, free 3.8 GB)
17/03/23 15:13:34 INFO storage.MemoryStore: Block broadcast_4_piece270 stored as bytes in memory (estimated size 4.0 MB, free 3.8 GB)
17/03/23 15:13:34 INFO storage.MemoryStore: Block broadcast_4_piece349 stored as bytes in memory (estimated size 4.0 MB, free 3.8 GB)
17/03/23 15:13:35 INFO storage.MemoryStore: Block broadcast_4_piece22 stored as bytes in memory (estimated size 4.0 MB, free 3.8 GB)
17/03/23 15:13:35 INFO storage.MemoryStore: Block broadcast_4_piece111 stored as bytes in memory (estimated size 4.0 MB, free 3.8 GB)
17/03/23 15:13:35 INFO storage.MemoryStore: Block broadcast_4_piece219 stored as bytes in memory (estimated size 4.0 MB, free 3.8 GB)
17/03/23 15:13:35 INFO storage.MemoryStore: Block broadcast_4_piece311 stored as bytes in memory (estimated size 4.0 MB, free 3.8 GB)
17/03/23 15:13:35 INFO storage.MemoryStore: Block broadcast_4_piece299 stored as bytes in memory (estimated size 4.0 MB, free 3.8 GB)
17/03/23 15:13:35 INFO storage.MemoryStore: Block broadcast_4_piece1 stored as bytes in memory (estimated size 4.0 MB, free 3.8 GB)
17/03/23 15:13:35 INFO storage.MemoryStore: Block broadcast_4_piece21 stored as bytes in memory (estimated size 4.0 MB, free 3.8 GB)
17/03/23 15:13:35 INFO storage.MemoryStore: Block broadcast_4_piece133 stored as bytes in memory (estimated size 4.0 MB, free 3.8 GB)
17/03/23 15:13:35 INFO storage.MemoryStore: Block broadcast_4_piece107 stored as bytes in memory (estimated size 4.0 MB, free 3.8 GB)
17/03/23 15:13:35 INFO storage.MemoryStore: Block broadcast_4_piece50 stored as bytes in memory (estimated size 4.0 MB, free 3.8 GB)
17/03/23 15:13:35 INFO storage.MemoryStore: Block broadcast_4_piece46 stored as bytes in memory (estimated size 4.0 MB, free 3.8 GB)
17/03/23 15:13:35 INFO storage.MemoryStore: Block broadcast_4_piece109 stored as bytes in memory (estimated size 4.0 MB, free 3.9 GB)
17/03/23 15:13:35 INFO storage.MemoryStore: Block broadcast_4_piece262 stored as bytes in memory (estimated size 4.0 MB, free 3.9 GB)
17/03/23 15:13:35 INFO storage.MemoryStore: Block broadcast_4_piece142 stored as bytes in memory (estimated size 4.0 MB, free 3.9 GB)
17/03/23 15:13:35 INFO storage.MemoryStore: Block broadcast_4_piece137 stored as bytes in memory (estimated size 4.0 MB, free 3.9 GB)
17/03/23 15:13:35 INFO storage.MemoryStore: Block broadcast_4_piece263 stored as bytes in memory (estimated size 4.0 MB, free 3.9 GB)
17/03/23 15:13:35 INFO storage.MemoryStore: Block broadcast_4_piece232 stored as bytes in memory (estimated size 4.0 MB, free 3.9 GB)
17/03/23 15:13:35 INFO storage.MemoryStore: Block broadcast_4_piece322 stored as bytes in memory (estimated size 4.0 MB, free 3.9 GB)
17/03/23 15:13:35 INFO storage.MemoryStore: Block broadcast_4_piece295 stored as bytes in memory (estimated size 4.0 MB, free 3.9 GB)
17/03/23 15:13:35 INFO storage.MemoryStore: Block broadcast_4_piece323 stored as bytes in memory (estimated size 4.0 MB, free 3.9 GB)
17/03/23 15:13:35 INFO storage.MemoryStore: Block broadcast_4_piece92 stored as bytes in memory (estimated size 4.0 MB, free 3.9 GB)
17/03/23 15:13:35 INFO storage.MemoryStore: Block broadcast_4_piece156 stored as bytes in memory (estimated size 4.0 MB, free 3.9 GB)
17/03/23 15:13:35 INFO storage.MemoryStore: Block broadcast_4_piece309 stored as bytes in memory (estimated size 4.0 MB, free 3.9 GB)
17/03/23 15:13:35 INFO storage.MemoryStore: Block broadcast_4_piece246 stored as bytes in memory (estimated size 4.0 MB, free 3.9 GB)
17/03/23 15:13:35 INFO storage.MemoryStore: Block broadcast_4_piece10 stored as bytes in memory (estimated size 4.0 MB, free 3.9 GB)
17/03/23 15:13:35 INFO storage.MemoryStore: Block broadcast_4_piece314 stored as bytes in memory (estimated size 4.0 MB, free 3.9 GB)
17/03/23 15:13:35 INFO storage.MemoryStore: Block broadcast_4_piece104 stored as bytes in memory (estimated size 4.0 MB, free 3.9 GB)
17/03/23 15:13:35 INFO storage.MemoryStore: Block broadcast_4_piece47 stored as bytes in memory (estimated size 4.0 MB, free 3.9 GB)
17/03/23 15:13:35 INFO storage.MemoryStore: Block broadcast_4_piece215 stored as bytes in memory (estimated size 4.0 MB, free 3.9 GB)
17/03/23 15:13:35 INFO storage.MemoryStore: Block broadcast_4_piece49 stored as bytes in memory (estimated size 4.0 MB, free 3.9 GB)
17/03/23 15:13:35 INFO storage.MemoryStore: Block broadcast_4_piece113 stored as bytes in memory (estimated size 4.0 MB, free 3.9 GB)
17/03/23 15:13:35 INFO storage.MemoryStore: Block broadcast_4_piece324 stored as bytes in memory (estimated size 4.0 MB, free 3.9 GB)
17/03/23 15:13:35 INFO storage.MemoryStore: Block broadcast_4_piece131 stored as bytes in memory (estimated size 4.0 MB, free 3.9 GB)
17/03/23 15:13:35 INFO storage.MemoryStore: Block broadcast_4_piece337 stored as bytes in memory (estimated size 4.0 MB, free 3.9 GB)
17/03/23 15:13:35 INFO storage.MemoryStore: Block broadcast_4_piece94 stored as bytes in memory (estimated size 4.0 MB, free 3.9 GB)
17/03/23 15:13:35 INFO storage.MemoryStore: Block broadcast_4_piece341 stored as bytes in memory (estimated size 4.0 MB, free 3.9 GB)
17/03/23 15:13:35 INFO storage.MemoryStore: Block broadcast_4_piece4 stored as bytes in memory (estimated size 4.0 MB, free 3.9 GB)
17/03/23 15:13:35 INFO storage.MemoryStore: Block broadcast_4_piece242 stored as bytes in memory (estimated size 4.0 MB, free 4.0 GB)
17/03/23 15:13:35 INFO storage.MemoryStore: Block broadcast_4_piece12 stored as bytes in memory (estimated size 4.0 MB, free 4.0 GB)
17/03/23 15:13:35 INFO storage.MemoryStore: Block broadcast_4_piece216 stored as bytes in memory (estimated size 4.0 MB, free 4.0 GB)
17/03/23 15:13:35 INFO storage.MemoryStore: Block broadcast_4_piece126 stored as bytes in memory (estimated size 4.0 MB, free 4.0 GB)
17/03/23 15:13:35 INFO storage.MemoryStore: Block broadcast_4_piece212 stored as bytes in memory (estimated size 4.0 MB, free 4.0 GB)
17/03/23 15:13:35 INFO storage.MemoryStore: Block broadcast_4_piece255 stored as bytes in memory (estimated size 4.0 MB, free 4.0 GB)
17/03/23 15:13:35 INFO storage.MemoryStore: Block broadcast_4_piece333 stored as bytes in memory (estimated size 4.0 MB, free 4.0 GB)
17/03/23 15:13:35 INFO storage.MemoryStore: Block broadcast_4_piece35 stored as bytes in memory (estimated size 4.0 MB, free 4.0 GB)
17/03/23 15:13:35 INFO storage.MemoryStore: Block broadcast_4_piece34 stored as bytes in memory (estimated size 4.0 MB, free 4.0 GB)
17/03/23 15:13:35 INFO storage.MemoryStore: Block broadcast_4_piece261 stored as bytes in memory (estimated size 4.0 MB, free 4.0 GB)
17/03/23 15:13:35 INFO storage.MemoryStore: Block broadcast_4_piece165 stored as bytes in memory (estimated size 4.0 MB, free 4.0 GB)
17/03/23 15:13:35 INFO storage.MemoryStore: Block broadcast_4_piece108 stored as bytes in memory (estimated size 4.0 MB, free 4.0 GB)
17/03/23 15:13:35 INFO storage.MemoryStore: Block broadcast_4_piece192 stored as bytes in memory (estimated size 4.0 MB, free 4.0 GB)
17/03/23 15:13:35 INFO storage.MemoryStore: Block broadcast_4_piece140 stored as bytes in memory (estimated size 4.0 MB, free 4.0 GB)
17/03/23 15:13:35 INFO storage.MemoryStore: Block broadcast_4_piece106 stored as bytes in memory (estimated size 4.0 MB, free 4.0 GB)
17/03/23 15:13:35 INFO storage.MemoryStore: Block broadcast_4_piece74 stored as bytes in memory (estimated size 4.0 MB, free 4.0 GB)
17/03/23 15:13:35 INFO storage.MemoryStore: Block broadcast_4_piece60 stored as bytes in memory (estimated size 4.0 MB, free 4.0 GB)
17/03/23 15:13:35 INFO storage.MemoryStore: Block broadcast_4_piece20 stored as bytes in memory (estimated size 4.0 MB, free 4.0 GB)
17/03/23 15:13:35 INFO storage.MemoryStore: Block broadcast_4_piece87 stored as bytes in memory (estimated size 4.0 MB, free 4.0 GB)
17/03/23 15:13:35 INFO storage.MemoryStore: Block broadcast_4_piece157 stored as bytes in memory (estimated size 4.0 MB, free 4.0 GB)
17/03/23 15:13:35 INFO storage.MemoryStore: Block broadcast_4_piece41 stored as bytes in memory (estimated size 4.0 MB, free 4.0 GB)
17/03/23 15:13:35 INFO storage.MemoryStore: Block broadcast_4_piece59 stored as bytes in memory (estimated size 4.0 MB, free 4.0 GB)
17/03/23 15:13:35 INFO storage.MemoryStore: Block broadcast_4_piece231 stored as bytes in memory (estimated size 4.0 MB, free 4.0 GB)
17/03/23 15:13:35 INFO storage.MemoryStore: Block broadcast_4_piece118 stored as bytes in memory (estimated size 4.0 MB, free 4.0 GB)
17/03/23 15:13:36 INFO storage.MemoryStore: Block broadcast_4_piece72 stored as bytes in memory (estimated size 4.0 MB, free 4.0 GB)
17/03/23 15:13:36 INFO storage.MemoryStore: Block broadcast_4_piece68 stored as bytes in memory (estimated size 4.0 MB, free 4.1 GB)
17/03/23 15:13:36 INFO storage.MemoryStore: Block broadcast_4_piece40 stored as bytes in memory (estimated size 4.0 MB, free 4.1 GB)
17/03/23 15:13:36 INFO storage.MemoryStore: Block broadcast_4_piece268 stored as bytes in memory (estimated size 4.0 MB, free 4.1 GB)
17/03/23 15:13:36 INFO storage.MemoryStore: Block broadcast_4_piece230 stored as bytes in memory (estimated size 4.0 MB, free 4.1 GB)
17/03/23 15:13:36 INFO storage.MemoryStore: Block broadcast_4_piece239 stored as bytes in memory (estimated size 4.0 MB, free 4.1 GB)
17/03/23 15:13:36 INFO storage.MemoryStore: Block broadcast_4_piece160 stored as bytes in memory (estimated size 4.0 MB, free 4.1 GB)
17/03/23 15:13:36 INFO storage.MemoryStore: Block broadcast_4_piece335 stored as bytes in memory (estimated size 4.0 MB, free 4.1 GB)
17/03/23 15:13:36 INFO storage.MemoryStore: Block broadcast_4_piece237 stored as bytes in memory (estimated size 4.0 MB, free 4.1 GB)
17/03/23 15:13:36 INFO storage.MemoryStore: Block broadcast_4_piece259 stored as bytes in memory (estimated size 4.0 MB, free 4.1 GB)
17/03/23 15:13:36 INFO storage.MemoryStore: Block broadcast_4_piece13 stored as bytes in memory (estimated size 4.0 MB, free 4.1 GB)
17/03/23 15:13:36 INFO storage.MemoryStore: Block broadcast_4_piece179 stored as bytes in memory (estimated size 4.0 MB, free 4.1 GB)
17/03/23 15:13:36 INFO storage.MemoryStore: Block broadcast_4_piece233 stored as bytes in memory (estimated size 4.0 MB, free 4.1 GB)
17/03/23 15:13:36 INFO storage.MemoryStore: Block broadcast_4_piece348 stored as bytes in memory (estimated size 4.0 MB, free 4.1 GB)
17/03/23 15:13:36 INFO storage.MemoryStore: Block broadcast_4_piece11 stored as bytes in memory (estimated size 4.0 MB, free 4.1 GB)
17/03/23 15:13:36 INFO storage.MemoryStore: Block broadcast_4_piece281 stored as bytes in memory (estimated size 4.0 MB, free 4.1 GB)
17/03/23 15:13:36 INFO storage.MemoryStore: Block broadcast_4_piece79 stored as bytes in memory (estimated size 4.0 MB, free 4.1 GB)
17/03/23 15:13:36 INFO broadcast.TorrentBroadcast: Reading broadcast variable 4 took 6284 ms
17/03/23 15:13:50 INFO storage.MemoryStore: Block broadcast_4 stored as values in memory (estimated size 384.0 B, free 4.1 GB)
17/03/23 15:13:54 ERROR executor.CoarseGrainedExecutorBackend: RECEIVED SIGNAL 15: SIGTERM
17/03/23 15:13:54 INFO storage.DiskBlockManager: Shutdown hook called
17/03/23 15:13:54 INFO util.ShutdownHookManager: Shutdown hook called
17/03/23 15:13:54 INFO util.ShutdownHookManager: Deleting directory /opt/hdfs/nodemanager/usercache/curi/appcache/application_1485248649253_0039/spark-01d09f34-9051-4496-9bff-f37ee5e7a687
